ID,Shift_ID,Type,Realization,Status,Direction,Source_Concept,Source_Concept_ID,Target_Concept,Target_Concept_ID,Source_Language,Source_Language_ID,Target_Language,Target_Language_ID,Source_Meaning,Target_Meaning,Source_Word,Target_Word
13,shift5175,Polysemy,1,ACCEPTED,→,to lead,2834,to drive (the car),2559,German,169,German,169,to lead,to drive (the car),führen,führen
18,shift7427,Polysemy,2,ACCEPTED,→,sour,4175,"gloomy, depressed",796,English,153,English,153,sour (taste),gloomy,sour,sour
50,shift6006,Polysemy,1,NEW,→,splinter (wood fragment),4212,splinter (group of people),4211,English,153,English,153,"a long, sharp fragment of material, often wood.",a group that formed by splitting off from a larger membership.,splinter,splinter
90,shift4373,Polysemy,2,ACCEPTED,—,letter (character),199,letter (text),200,English,153,English,153,a character representing one or more of the sounds used in speech; any of the symbols of an alphabet,"a written, typed, or printed communication, sent in an envelope by post or messenger",letter,letter
98,shift4373,Polysemy,10,ACCEPTED,—,letter (character),199,letter (text),200,Dutch,255,Dutch,255,letter (character),(obsolete) letter (written message),letter,letter
135,shift0047,Polysemy,14,ACCEPTED,→,abdomen,1918,location of emotions,239,English,153,English,153,stomach,"determination, inclination, position",stomach,stomach
154,shift1400,Polysemy,5,ACCEPTED,→,to break (tr.),2370,to ache,2214,English,153,English,153,to crush,to ache,crush,crush
156,shift5305,Polysemy,1,NEW,→,cabbage,870,&lt;money&gt;,559,English,153,English,153,cabbage,<money>,cabbage,cabbage
163,shift2871,Polysemy,1,ACCEPTED,→,thick,2167,"thick (of a growth, hair)",2168,English,153,English,153,thick,"thick (of a growth, hair)",thick,thick
203,shift8374,Polysemy,2,ACCEPTED,→,donkey,4463,supporting device,4343,Dutch,255,Dutch,255,donkey,easel,ezel,ezel
209,shift8108,Motivation,3,ACCEPTED,→,butterfly,3734,butterfly stroke,3736,English,153,English,153,"flying insect of the order Lepidoptera, distinguished from moths by their diurnal activity and generally brighter colouring","swimming stroke in which the body is prone, the arms are moved in simultaneous circles, and the feet are kicked up and down",butterfly,butterfly stroke
211,shift8108,Motivation,5,ACCEPTED,→,butterfly,3734,butterfly stroke,3736,Dutch,255,Dutch,255,butterfly,butterfly stroke,vlinder,vlinderslag
214,shift8108,Polysemy,8,ACCEPTED,→,butterfly,3734,butterfly stroke,3736,German,169,German,169,butterfly,butterfly stroke,Schmetterling,Schmetterling
224,shift8108,Motivation,18,ACCEPTED,→,butterfly,3734,butterfly stroke,3736,Swedish,135,Swedish,135,butterfly,butterfly stroke,fjäril,fjärilsim
250,shift1365,Derivation,8,ACCEPTED,→,strong,4304,very,3761,Danish,173,Danish,173,strong,very,stærk,stærkt
257,shift5311,Polysemy,1,NEW,→,tank (closed container for liquids),2126,tank (armour),2125,English,153,English,153,tank (closed container for liquids),tank (armour),tank,tank
279,shift0037,Derivation,11,ACCEPTED,→,to see/to look at,3121,to wait,3347,English,153,English,153,to look,to look forward,look,look forward
294,shift4986,Polysemy,2,ACCEPTED,—,sheath,4026,vagina,3745,Danish,173,Danish,173,sheath,vagina,skede,skede
296,shift4986,Polysemy,4,ACCEPTED,—,sheath,4026,vagina,3745,German,169,German,169,sheath,vagina,Scheide,Scheide
297,shift4986,Polysemy,5,ACCEPTED,—,sheath,4026,vagina,3745,Icelandic,252,Icelandic,252,sheath,vagina,skeið,skeið
298,shift4986,Polysemy,6,ACCEPTED,—,sheath,4026,vagina,3745,Norwegian,24,Norwegian,24,sheath,vagina,skjede,skjede
307,shift4986,Polysemy,15,ACCEPTED,—,sheath,4026,vagina,3745,Swedish,135,Swedish,135,scabbard for knives,vagina,slida,slida
311,shift4986,Polysemy,19,ACCEPTED,—,sheath,4026,vagina,3745,Dutch,255,Dutch,255,sheath,(formal) vagina,schede,schede
318,shift7503,Derivation,1,NEW,→,hen,1607,chickenpox,956,English,153,English,153,hen,chickenpox,chicken,chicken pox
337,shift0975,Polysemy,10,ACCEPTED,?,to fall down,2605,to die,2517,English,153,English,153,to fall,to die,fall,fall
346,shift0975,Polysemy,19,ACCEPTED,→,to fall down,2605,to die,2517,Norwegian,24,Norwegian,24,to fall down,to be killed,falle,falle
347,shift0975,Polysemy,20,ACCEPTED,→,to fall down,2605,to die,2517,Danish,173,Danish,173,to fall down,to be killed,falde,falde
348,shift0975,Polysemy,21,ACCEPTED,→,to fall down,2605,to die,2517,Swedish,135,Swedish,135,to fall down,to be killed,falla,falla
349,shift0975,Polysemy,22,ACCEPTED,→,to fall down,2605,to die,2517,Icelandic,252,Icelandic,252,to fall down,to be killed,falla,falla
362,shift1970,Polysemy,1,NEW,?,crown (n.),1149,top/crown (of a tree),3408,German,169,German,169,crown,tree head,Krone,Krone
367,shift5304,Polysemy,1,ACCEPTED,→,dough,4470,money,700,English,153,English,153,dough,"(slang, dated) money",dough,dough
368,shift5304,Polysemy,2,ACCEPTED,→,dough,4470,money,700,Swedish,135,Swedish,135,dough,(slang) money,deg,deg
378,shift8131,Derivation,1,ACCEPTED,→,fallow,1220,June,1200,Luxembourgish,840,Luxembourgish,840,fallow,(archaic) June,Brooch,Broochmount
379,shift8131,Internal cognates,2,ACCEPTED,→,fallow,1220,June,1200,German,169,German,169,fallow,(archaic) June,Brache,Brachet
401,shift4163,Derivation,1,ACCEPTED,→,glass (material),791,spectacles,4192,English,153,English,153,glass (material),"a pair of lenses set in a frame resting on the nose and ears, used to correct or assist defective eyesight",glass,glasses
402,shift4163,Derivation,2,ACCEPTED,→,glass (material),791,spectacles,4192,German,169,German,169,glass (material),spectacles,Glas,Gläser
419,shift8474,Derivation,1,ACCEPTED,→,mother,720,"afterbirth, placenta",1953,German,169,German,169,mother,placenta,Mutter,Mutterkuchen
420,shift8474,Derivation,2,ACCEPTED,→,mother,720,"afterbirth, placenta",1953,Danish,173,Danish,173,mother,placenta,moder,moderkage
421,shift8474,Derivation,3,ACCEPTED,→,mother,720,"afterbirth, placenta",1953,Dutch,255,Dutch,255,mother,placenta,moeder,moederkoek
422,shift8474,Derivation,4,ACCEPTED,→,mother,720,"afterbirth, placenta",1953,Norwegian,24,Norwegian,24,mother,placenta,mor,morkake
494,shift7646,Derivation,1,NEW,→,wound (n.),125,yarrow,2076,English,153,English,153,"injury, such as a cut, stab, or tear, to a (usually external) part of the body",yarrow,wound,soldier&#39;s woundwort
510,shift7893,Polysemy,1,NEW,→,raven,1433,pickaxe,366,Swedish,135,Swedish,135,raven,pickaxe,korp,korp
512,shift3765,Polysemy,1,NEW,—,straight,4292,undiluted,517,English,153,English,153,rectilinear,undiluted,straight,straight
517,shift2205,Polysemy,4,ACCEPTED,→,child (son or daughter),958,sprout,4227,English,153,English,153,sucker,"branch, offshoot",sucker,sucker
540,shift2509,Polysemy,2,ACCEPTED,—,end,3837,completion,1070,English,153,English,153,end (in space),end (temporal),end,end
545,shift0360,Polysemy,1,ACCEPTED,—,to touch,3307,to evoke (a feeling),2588,Icelandic,252,Icelandic,252,to touch,"to touch, to move",snerta,snerta
548,shift0360,Polysemy,4,ACCEPTED,?,to touch,3307,to evoke (a feeling),2588,German,169,German,169,to touch,"to move, to excite",anrühren,anrühren
551,shift0360,Polysemy,7,ACCEPTED,→,to touch,3307,to evoke (a feeling),2588,English,153,English,153,to touch,to evoke (a feeling),touch,touch
579,shift2355,Polysemy,2,ACCEPTED,→,enemy,3840,evil spirit,3877,Old English,114,Old English,114,enemy,devil,feond,feond
628,shift6212,Derivation,1,ACCEPTED,→,lyre,274,Trimorphodon biscutatus,3441,English,153,English,153,lyre,Trimorphodon biscutatus,lyre,western lyre snake
629,shift6212,Derivation,2,ACCEPTED,→,lyre,274,Trimorphodon biscutatus,3441,German,169,German,169,lyre,Trimorphodon biscutatus,Lyra,Küsten-Lyraschlange
636,shift3423,Polysemy,2,ACCEPTED,→,white,62,good,814,English,153,English,153,white,morally good,white,white
652,shift0892,Polysemy,1,ACCEPTED,←,deep,4404,"high (size), tall",1624,German,169,German,169,deep,high,hoch,hoch
667,shift0650,Polysemy,2,ACCEPTED,→,hand/arm,1550,kind (n.),1710,Old Sweden,94,Old Sweden,94,hand,"(XVI-XVIII c.) kind, sort; way",hand,hand
718,shift6631,Derivation,2,NEW,→,thousand,2181,yarrow,2076,English,153,English,153,thousand,yarrow,thousand,thousand-leaf
729,shift0502,Polysemy,5,ACCEPTED,?,ear,3792,"opening, hole",4551,English,153,English,153,ear,"tug, handle",ear,ear
785,shift5541,Derivation,1,NEW,→,meadow,611,corn crake,1098,Danish,173,Danish,173,meadow,corn crake,eng,engsnarre
786,shift5541,Derivation,2,NEW,→,meadow,611,corn crake,1098,Icelandic,252,Icelandic,252,meadow,corn crake,engi,engirella
793,shift4709,Polysemy,1,ACCEPTED,→,&lt;name of person&gt;,1811,police officer,430,English,153,English,153,diminutive of Robert,(Britain) police officer,Bobby,Bobby
841,shift4308,Derivation,1,ACCEPTED,→,to taste (tr.),3283,"to fit, try on",2631,German,169,German,169,to taste,"to fit, try on",probieren,anprobieren
922,shift2186,Derivation,11,ACCEPTED,→,to see/to look at,3121,"to beware, be careful",2343,English,153,English,153,NA,to beware of smth,watch,watch out
999,shift2081,Polysemy,6,ACCEPTED,—,bread,3677,food,1335,Old High German,147,Old High German,147,bread,food,brōt,brōt
1013,shift1271,Polysemy,2,ACCEPTED,→,rooster,1497,penis,343,English,153,English,153,an adult male chicken,taboo a penis,cock,cock
1033,shift5404,Polysemy,2,ACCEPTED,→,bathroom,3531,toilet,3395,English,153,English,153,"a room containing a shower and/or bathtub, and (typically but not necessarily) a toilet","(chiefly US, South Africa, Canada, euphemistic) a lavatory: a room containing a toilet and (typically but not necessarily) a bathtub.",bathroom,bathroom
1034,shift5404,Polysemy,3,ACCEPTED,→,bathroom,3531,toilet,3395,English,153,English,153,(dated) A washroom: a room used for washing the face and hands,(euphemistic) a room containing a toilet,lavatory,lavatory
1046,shift7274,Derivation,1,NEW,→,bath,3530,Saturday,3945,Icelandic,252,Icelandic,252,"bath, pool",Saturday,laug,Laugardagur
1047,shift7274,Derivation,2,NEW,→,bath,3530,Saturday,3945,Old Norse,236,Old Norse,236,"bath, pool",Saturday,laug,laugardagr
1049,shift1437,Polysemy,1,ACCEPTED,—,to see/to look at,3121,to act according to,2218,English,153,English,153,to watch (someone or something) carefully and attentively,"to fulfil or comply with (a social, legal, ethical, or religious obligation)",observe,observe
1065,shift0464,Derivation,5,ACCEPTED,→,eye,3890,peephole,334,English,153,English,153,organ through which animals see,hole to which the viewer places his or her eye in a device such as a telescope,eye,eyehole
1066,shift4868,Polysemy,1,ACCEPTED,→,diamond,4428,diamonds (in cards),4429,English,153,English,153,a precious stone consisting of a clear and colourless crystalline form of pure carbon,"one of the four suits in a conventional pack of playing cards, denoted by a red diamond",diamond,diamonds
1097,shift2647,Polysemy,3,ACCEPTED,→,&lt;vessel&gt;,3742,"ship, vessel",4039,Icelandic,252,Icelandic,252,trough,"big and heavy boat,",trog,trog
1143,shift0130,Derivation,9,NEW,→,Jupiter,1203,Thursday,2191,German,169,German,169,Jupiter,Thursday,Donar,Donnerstag
1144,shift0130,Derivation,10,NEW,→,Jupiter,1203,Thursday,2191,English,153,English,153,Jupiter,Thursday,Thor,Thursday
1145,shift0130,Derivation,11,NEW,→,Jupiter,1203,Thursday,2191,English,153,English,153,Jupiter,Thursday,Thor,Thursday
1149,shift0130,Derivation,15,NEW,→,Jupiter,1203,Thursday,2191,Old Norse,236,Old Norse,236,Jupiter,Thursday,þórsdagr,Torsdag
1150,shift0130,Derivation,16,NEW,→,Jupiter,1203,Thursday,2191,Old Norse,236,Old Norse,236,Jupiter,Thursday,Þórr,Þórrdagr
1220,shift3410,Derivation,1,ACCEPTED,→,pine-tree,382,"horsetail, equisetum",1669,English,153,English,153,pine tree,horsetail (Equisetum arvense),pine,meadow pine
1227,shift2501,Polysemy,2,ACCEPTED,—,to burn (tr.),2385,frost,1391,Icelandic,252,Icelandic,252,fire,"nip, keen draught",bál,bál
1235,shift0265,Polysemy,5,ACCEPTED,→,to fall down,2605,to happen,2735,English,153,English,153,to fall down,"to happen, occur",to fall,to fall
1244,shift2244,Derivation,1,ACCEPTED,—,"to follow, go after smb.",2649,next,1860,English,153,English,153,to follow,next,to follow,following
1247,shift2244,Polysemy,4,ACCEPTED,→,"to follow, go after smb.",2649,next,1860,Norwegian,24,Norwegian,24,to follow,next,følge,følge
1252,shift2244,Derivation,9,ACCEPTED,→,"to follow, go after smb.",2649,next,1860,German,169,German,169,to follow,next,folgen,folgend
1261,shift3451,Polysemy,3,ACCEPTED,→,"naked, bare",1819,"only, just",4547,German,169,German,169,naked,"only, just",bloß,bloß
1268,shift1942,Polysemy,2,NEW,?,"to cackle, to cluck",2392,to speak,3193,English,153,English,153,"cackle, gaggle",chatter; chatterbox (fem.),cackle,cackle
1272,shift0944,Polysemy,3,ACCEPTED,?,button (on a dress),3738,push button,499,English,153,English,153,button,button,button,button
1274,shift0944,Polysemy,5,ACCEPTED,?,button (on a dress),3738,push button,499,German,169,German,169,button,button,Knopf,Knopf
1276,shift0944,Polysemy,7,ACCEPTED,→,button (on a dress),3738,push button,499,Norwegian,24,Norwegian,24,button (on a dress),push button,knapp,knapp
1277,shift0944,Polysemy,8,ACCEPTED,→,button (on a dress),3738,push button,499,Danish,173,Danish,173,button (on a dress),push button,knap,knap
1278,shift0944,Polysemy,9,ACCEPTED,→,button (on a dress),3738,push button,499,Swedish,135,Swedish,135,button (on a dress),push button,knapp,knapp
1279,shift0944,Polysemy,10,ACCEPTED,→,button (on a dress),3738,push button,499,Icelandic,252,Icelandic,252,button (on a dress),push button,hnappur,hnappur
1285,shift8176,Derivation,1,ACCEPTED,→,tobacco pipe,3392,mock-orange,687,English,153,English,153,tobacco pipe,(obsolete) mock-orange,pipe,white pipe tree
1287,shift8176,Motivation,3,ACCEPTED,→,tobacco pipe,3392,mock-orange,687,German,169,German,169,tobacco pipe,mock-orange,Pfeife,Pfeifenstrauch
1288,shift8176,Motivation,4,ACCEPTED,→,tobacco pipe,3392,mock-orange,687,Danish,173,Danish,173,pipe for smocking,mock-orange,pibe,pibeved
1294,shift7705,Derivation,3,NEW,→,copper,1093,Anguis fragilis,1998,Swedish,135,Swedish,135,copper,Anguis fragilis,koppar,kopparorm
1295,shift7461,Polysemy,1,ACCEPTED,→,after,1952,consequently,1084,English,153,English,153,after,consequently,then,then
1317,shift0354,Polysemy,18,ACCEPTED,←,to strew,3233,to pour,2993,English,153,English,153,to strew,to pour,to pour,to pour
1331,shift8120,Motivation,5,ACCEPTED,→,sea,3970,guinea pig (Cavia porcellus),860,German,169,German,169,sea,guinea pig (Cavia porcellus),Meer,Meerschwein
1336,shift8120,Motivation,10,ACCEPTED,→,sea,3970,guinea pig (Cavia porcellus),860,Luxembourgish,840,Luxembourgish,840,sea,guinea pig (Cavia porcellus),Mier,Mierschwéngchen
1339,shift8120,Motivation,13,ACCEPTED,→,sea,3970,guinea pig (Cavia porcellus),860,Dutch,255,Dutch,255,sea,guinea pig (Cavia porcellus),zee,zeerat
1374,shift2665,Derivation,4,ACCEPTED,—,pig (Sus scrofa),369,badger (Meles),3501,Low German,1230,Low German,1230,pig (Sus scrofa),badger (Meles),Schwien,Ieedschwien
1384,shift8397,Derivation,2,ACCEPTED,→,pearl,329,pearl barley,330,English,153,English,153,pearl,barley that has had the husk and bran removed,pearl,pearl barley
1393,shift4760,Polysemy,1,NEW,→,"plough, ard",412,unit of area,527,German,169,German,169,"plough, ard",unit of area,Haken,Haken
1409,shift0851,Polysemy,1,ACCEPTED,—,heavy (of weight),1594,pregnant,456,Middle High German,10,Middle High German,10,heavy,pregnant,swœre,swœre
1418,shift0851,Polysemy,10,ACCEPTED,→,heavy (of weight),1594,pregnant,456,English,153,English,153,heavy,pregnant,heavy,heavy
1422,shift0851,Derivation,14,ACCEPTED,→,heavy (of weight),1594,pregnant,456,Old Norse,236,Old Norse,236,heavy,pregnant,þungr,þunguδ
1423,shift0851,Polysemy,15,ACCEPTED,→,heavy (of weight),1594,pregnant,456,Old Norse,236,Old Norse,236,not-light,pregnant,ūlētt,ūlētt
1442,shift5516,Derivation,1,NEW,→,"grain, seed",823,rook,1494,German,169,German,169,seed (n.),rook,Saat,Saatkrähe
1460,shift6355,Derivation,1,NEW,→,"nut, hazel",1898,hazel grouse (Tetrastes bonasia),1575,English,153,English,153,nut,Tetrastes bonasia,hazel,hazel grouse
1461,shift6355,Derivation,2,NEW,→,"nut, hazel",1898,hazel grouse (Tetrastes bonasia),1575,German,169,German,169,"nut, hazel",hazel grouse (Tetrastes bonasia),Hasel,Haselhuhn
1464,shift7716,Polysemy,3,NEW,→,first,1297,best,3583,English,153,English,153,preceding all others of a series or kind; the ordinal of one; earliest,best,first,first
1469,shift7408,Polysemy,1,NEW,→,"spine, backbone",4205,back (body part),3485,Middle English,6,Middle English,6,spine,back (body part),chyne,chyne
1476,shift3739,Polysemy,2,ACCEPTED,—,to perceive smell,2969,to detect,2515,English,153,English,153,"to smell, scent",to detect dislikeable characteristics,smell,smell
1478,shift3739,Derivation,4,ACCEPTED,→,to perceive smell,2969,to detect,2515,German,169,German,169,to perceive smell,to detect,schnüffeln,ausschnüffeln
1483,shift0888,Polysemy,2,ACCEPTED,—,back (body part),3485,"mountain ridge, edge",731,German,169,German,169,back,"mountain range, mountain spine",Rücken,Rücken
1499,shift0888,Polysemy,18,ACCEPTED,→,back (body part),3485,"mountain ridge, edge",731,English,153,English,153,back,mountain crest,back,back
1525,shift2724,Polysemy,2,ACCEPTED,→,to cut,2484,to dilute,2521,English,153,English,153,to cut,"to dilute, to water",cut,cut
1527,shift2724,Polysemy,4,ACCEPTED,→,to cut,2484,to dilute,2521,German,169,German,169,"to cut, to trim, to crop (tail and ears in dogs and horses)","to dilute, to water (wine), to dissolve (paint)",kupieren,kupieren
1532,shift0938,Derivation,5,ACCEPTED,?,"fearful, dreadful",1247,very,3761,English,153,English,153,"scary, horrible",NA,terrible,terribly
1536,shift0938,Polysemy,9,ACCEPTED,→,"fearful, dreadful",1247,very,3761,Norwegian,24,Norwegian,24,"fearful, dreadful",very,fryktelig,fryktelig
1537,shift0938,Polysemy,10,ACCEPTED,→,"fearful, dreadful",1247,very,3761,Danish,173,Danish,173,"fearful, dreadful",very,frygtelig,frygtelig
1538,shift0938,Polysemy,11,ACCEPTED,→,"fearful, dreadful",1247,very,3761,Swedish,135,Swedish,135,"dreadful, very unpleasant",very,förskräcklig,förskräcklig
1539,shift0938,Polysemy,12,ACCEPTED,→,"fearful, dreadful",1247,very,3761,Swedish,135,Swedish,135,"dreadful, very unpleasant",very,förfärlig,förfärlig
1540,shift0938,Polysemy,13,ACCEPTED,→,"fearful, dreadful",1247,very,3761,Icelandic,252,Icelandic,252,"fearful, dreadful",very,óskaplegur,óskaplegur
1560,shift5458,Derivation,3,ACCEPTED,—,grasshopper (Tettigonioidea),835,mantis,582,Dutch,255,Dutch,255,"grasshopper, locust",mantis,sprinkhaan,bidsprinkhaan
1563,shift5458,Derivation,6,ACCEPTED,—,grasshopper (Tettigonioidea),835,mantis,582,Swedish,135,Swedish,135,cricket,mantis,syrsa,bönsyrsa
1572,shift5619,Derivation,1,ACCEPTED,→,lock (n.),240,keystone,1706,German,169,German,169,lock (n.),keystone,Schluss,Schlussstein
1580,shift6828,Polysemy,1,NEW,→,"drug, medicine",4486,narcotic drugs,1825,English,153,English,153,"drug, medicine","something and often an illegal substance that causes addiction, habituation or a marked change in consciousness",drug,drugs (usually in plural)
1584,shift6858,Derivation,2,ACCEPTED,→,&lt;foreign country&gt;,1209,turkey,3465,English,153,English,153,Turkey,turkey,Turkey,turkey
1585,shift6858,Derivation,3,ACCEPTED,→,&lt;foreign country&gt;,1209,turkey,3465,English,153,English,153,Guinea,turkey (Numida meleagris),Guinea,guinea fowl
1593,shift4247,Derivation,1,ACCEPTED,→,pear,328,potato,445,German,169,German,169,pear,potato,Birne,Grundbirne
1618,shift7665,Derivation,1,ACCEPTED,→,horsehair,1664,horsehair worm,1665,English,153,English,153,horsehair,horsehair worm,horsehair,horsehair worm
1640,shift1299,Derivation,3,ACCEPTED,?,to love,2874,any,2012,German,169,German,169,to love,any,lieben,beliebig
1653,shift0692,Polysemy,2,ACCEPTED,—,"to strike, hit",3234,to kill,2820,Icelandic,252,Icelandic,252,"to beat, to hit",to kill,slá,slá
1673,shift0692,Polysemy,22,NEW,→,"to strike, hit",3234,to kill,2820,Old English,114,Old English,114,"to strike, hit",to kill,slēan,slēan
1681,shift7911,Polysemy,1,NEW,→,"rag, duster",1418,sail (n.),3920,English,153,English,153,"piece of old cloth, especially one used for cleaning, patching, etc.; a tattered piece of cloth; a shred or tatter","(nautical, slang) a sail, or any piece of canvas",rag,rag
1697,shift6497,Polysemy,1,NEW,→,"to get, obtain",2691,to become,2312,English,153,English,153,"to get, obtain",to become,get,get
1743,shift2086,Polysemy,40,NEW,→,owner,4576,husband,1694,Icelandic,252,Icelandic,252,owner,husband,bóndi,bóndi
1744,shift2086,Polysemy,41,NEW,→,owner,4576,husband,1694,Norwegian,24,Norwegian,24,"(land)owner, farmer",husband,bonde,bonde
1745,shift2086,Polysemy,42,NEW,→,owner,4576,husband,1694,Norwegian,24,Norwegian,24,"(land)owner, farmer",husband,bonde,bonde
1774,shift1618,Derivation,1,NEW,—,book (n.),3647,note book,1885,English,153,English,153,book (n.),"writing-book, note-pad",book,"writing-book, copy-book"
1795,shift2136,Derivation,1,ACCEPTED,?,to speak,3193,to foresee,2651,Icelandic,252,Icelandic,252,"to say, to tell, to infrom",to predict,segja,segja fyrir
1796,shift2136,Derivation,2,ACCEPTED,?,to speak,3193,to foresee,2651,English,153,English,153,NA,NA,tell,foretell
1945,shift0980,Polysemy,5,ACCEPTED,?,to move quickly,2930,to flow,2639,English,153,English,153,to run,to flow,run,run
1954,shift4068,Polysemy,7,ACCEPTED,→,"albumen, white of an egg",1966,protein,485,Dutch,255,Dutch,255,"albumen, white of an egg",protein,eiwit,eiwit
1955,shift4068,Polysemy,8,ACCEPTED,→,"albumen, white of an egg",1966,protein,485,German,169,German,169,"albumen, white of an egg",protein,Eiweiß,Eiweiß
1956,shift4068,Derivation,9,ACCEPTED,→,"albumen, white of an egg",1966,protein,485,Swedish,135,Swedish,135,"albumen, white of an egg",protein,äggvita,äggviteämne
1962,shift2533,Polysemy,1,ACCEPTED,→,to break (tr.),2370,to subjugate,3239,English,153,English,153,to break,"to make obey, to tame",to break,to break
1974,shift7065,Polysemy,2,ACCEPTED,→,to stop moving,3229,to stop (intr.),3225,English,153,English,153,to stop moving,to stop (intr.),stop,stop
1981,shift5552,Derivation,5,ACCEPTED,→,squirrel (Sciurus),4237,Siberian flying squirrel,4064,German,169,German,169,squirrel (Sciurus),Siberian flying squirrel,Hörnchen,Flughörnchen
2027,shift0096,Polysemy,8,ACCEPTED,→,inflated,1774,proud,487,Norwegian,24,Norwegian,24,inflated,proud,oppblåst,oppblåst
2028,shift0096,Derivation,9,ACCEPTED,→,inflated,1774,proud,487,Danish,173,Danish,173,inflated,proud,blæse op,opblæst
2029,shift0096,Derivation,10,ACCEPTED,→,inflated,1774,proud,487,Swedish,135,Swedish,135,inflated,arrogant,blåsa upp,uppblåst
2038,shift1316,Polysemy,3,ACCEPTED,?,to go out,2708,to run out (of smth),3103,English,153,English,153,to run out,to be finished,run out,run out
2057,shift0341,Derivation,2,ACCEPTED,→,to stand up,3216,to happen,2735,English,153,English,153,to stand up,to happen,rise,arise
2058,shift0472,Polysemy,1,NEW,—,eye,3890,opinion,4552,English,153,English,153,eye,opinion,eye,eye
2077,shift5019,Polysemy,5,NEW,—,"this way, like this",2177,yes,2081,Gothic,228,Gothic,228,"thus, so",yes,ja,ja
2084,shift0728,Polysemy,4,ACCEPTED,—,bottom,3654,buttock,3737,English,153,English,153,"lowest part of anything; bed of a body of water, as of a river, lake, or sea",(euphemistic) the buttocks,bottom,bottom
2099,shift2541,Polysemy,11,ACCEPTED,—,big,3588,great,839,German,169,German,169,"big, large",great,gross,gross
2114,shift5308,Polysemy,4,ACCEPTED,→,grass,833,cannabis,886,German,169,German,169,grass,cannabis,Gras,Gras
2133,shift2708,Polysemy,6,ACCEPTED,→,&lt;furniture&gt;,1212,&lt;office&gt;,4508,English,153,English,153,bench,institution,bench,bench
2148,shift2873,Polysemy,9,ACCEPTED,—,low (location),263,low (size),264,Danish,173,Danish,173,low (location),low (size),lav,lav
2151,shift2873,Polysemy,12,ACCEPTED,—,low (location),263,low (size),264,German,169,German,169,low (location),low (size),niedrig,niedrig
2152,shift2873,Polysemy,13,ACCEPTED,—,low (location),263,low (size),264,English,153,English,153,located at or near the bottom of something,of less than average height from top to bottom or to the top from the ground,low,low
2193,shift3508,Polysemy,5,ACCEPTED,→,to want,3353,necessary,1836,English,153,English,153,"to want, desire",to be necessary,to want,to want
2205,shift1808,Derivation,9,NEW,→,moon,708,insane,1784,English,153,English,153,moon,(figuratively) absent-minded,moon,moony
2244,shift3241,Derivation,1,ACCEPTED,→,&lt;foreigner&gt;,1210,syphilis,4372,English,153,English,153,French,syphilis,Gall,gallican
2250,shift3241,Derivation,7,ACCEPTED,→,&lt;foreigner&gt;,1210,syphilis,4372,German,169,German,169,French,syphilis,Franzose,Franzosenkrankheit
2254,shift0673,Polysemy,4,ACCEPTED,→,green,845,plant (biol.),398,English,153,English,153,green,"green vegetation, vegetables",green,"green, greens"
2304,shift0755,Polysemy,2,ACCEPTED,?,"spot, stain",4220,place,392,English,153,English,153,spot (НБАРС 331),"place, region, district",spot,spot
2305,shift0755,Polysemy,3,ACCEPTED,?,"spot, stain",4220,place,392,German,169,German,169,spot [НЕМ 321],place (colloq.) [НЕМ 321],Fleck,Fleck
2307,shift5515,Derivation,1,NEW,→,birch,3592,fieldfare,1274,Swedish,135,Swedish,135,birch,fieldfare,björk,björktrast
2322,shift1300,Polysemy,3,ACCEPTED,—,to touch,3307,"to concern, be related to",2448,Icelandic,252,Icelandic,252,to touch,to touch,snerta,snerta
2324,shift1300,Polysemy,5,NEW,—,to touch,3307,"to concern, be related to",2448,English,153,English,153,to touch,to deal with,touch,touch
2330,shift2191,Semantic evolution,1,NEW,→,calm,877,cheerful,950,Swedish,135,Swedish,135,calm,funny,rolig,rolig
2333,shift2664,Derivation,1,ACCEPTED,→,pig (Sus scrofa),369,hedgehog (Еrinaceus),1595,English,153,English,153,hog,hedgehog,hog,hegdehog
2335,shift2664,Derivation,3,ACCEPTED,—,pig (Sus scrofa),369,hedgehog (Еrinaceus),1595,Afrikaans,835,Afrikaans,835,pig (Sus scrofa),hedgehog (Еrinaceus),vark,krimpvark
2337,shift2664,Derivation,5,ACCEPTED,—,pig (Sus scrofa),369,hedgehog (Еrinaceus),1595,Danish,173,Danish,173,pig (Sus scrofa),hedgehog,svin,pindsvin
2340,shift2664,Derivation,8,ACCEPTED,→,pig (Sus scrofa),369,hedgehog (Еrinaceus),1595,Icelandic,252,Icelandic,252,pig (Sus scrofa),hedgehog (Еrinaceus),göltur,broddgöltur
2341,shift2664,Derivation,9,ACCEPTED,→,pig (Sus scrofa),369,hedgehog (Еrinaceus),1595,Low German,1230,Low German,1230,pig (Sus scrofa),hedgehog (Еrinaceus),Schwien,Schwienhunt
2342,shift2664,Derivation,10,ACCEPTED,→,pig (Sus scrofa),369,hedgehog (Еrinaceus),1595,Norwegian,24,Norwegian,24,pig,hedgehog (Еrinaceus),svin,piggsvin
2343,shift2664,Derivation,11,ACCEPTED,→,pig (Sus scrofa),369,hedgehog (Еrinaceus),1595,Faroese,92,Faroese,92,hog,hedgehog (Еrinaceus),svín,tindasvín
2344,shift2664,Polysemy,12,ACCEPTED,→,pig (Sus scrofa),369,hedgehog (Еrinaceus),1595,Middle English,6,Middle English,6,pig,hedgehog (Еrinaceus),"hoge, hogge",heyghoge
2345,shift2664,Derivation,13,ACCEPTED,→,pig (Sus scrofa),369,hedgehog (Еrinaceus),1595,English,153,English,153,pig (Sus scrofa),(West Country) hedgehog,pig,furze-pig
2356,shift0595,Polysemy,2,ACCEPTED,?,hook,1651,fang,1232,English,153,English,153,"fang, tush","hook; grip, jaw (techn.)",fang,fang
2364,shift7571,Polysemy,1,ACCEPTED,→,nurse,1896,nurse (junior medical staff),1897,English,153,English,153,person (usually a woman) who takes care of other people’s young,person trained to provide care for the sick,nurse,nurse
2371,shift0986,Polysemy,3,ACCEPTED,?,"sack, bag",3908,scrotum,3968,German,169,German,169,sack,ball sack,Sack,Sack
2374,shift0986,Polysemy,6,ACCEPTED,→,"sack, bag",3908,scrotum,3968,Norwegian,24,Norwegian,24,"sack, bag",scrotum,pung,pung
2375,shift0986,Polysemy,7,ACCEPTED,→,"sack, bag",3908,scrotum,3968,Danish,173,Danish,173,"sack, bag",scrotum,pung,pung
2376,shift0986,Polysemy,8,ACCEPTED,→,"sack, bag",3908,scrotum,3968,Swedish,135,Swedish,135,"sack, bag",scrotum,pung,pung
2377,shift0986,Polysemy,9,ACCEPTED,→,"sack, bag",3908,scrotum,3968,Icelandic,252,Icelandic,252,"sack, bag",scrotum,pungur,pungur
2418,shift1605,Polysemy,1,ACCEPTED,→,Romani,1492,to deceive,2494,English,153,English,153,gypsy (male and female),"(obsolete) a person who acts in a disreputable, unscrupulous, or deceptive manner",Gipsy,Gipsy
2422,shift8084,Derivation,1,ACCEPTED,→,disc,4441,knee-cap,1719,German,169,German,169,disc,knee-cap,Scheibe,Kniescheibe
2423,shift8084,Derivation,2,ACCEPTED,→,disc,4441,knee-cap,1719,Luxembourgish,840,Luxembourgish,840,disc,knee-cap,Scheif,Knéischeif
2424,shift8084,Derivation,3,ACCEPTED,→,disc,4441,knee-cap,1719,Dutch,255,Dutch,255,disc,knee-cap,schijf,knieschijf
2459,shift0127,Derivation,4,ACCEPTED,→,sun,4333,Sunday,4335,English,153,English,153,sun,Sunday,Sun,Sunday
2465,shift0127,Derivation,10,NEW,→,sun,4333,Sunday,4335,Icelandic,252,Icelandic,252,sun,Sunday,sun,sunnudagur
2466,shift0127,Derivation,11,NEW,→,sun,4333,Sunday,4335,German,169,German,169,sun,Sunday,Sonnengott,Sonntag
2467,shift0127,Derivation,12,NEW,→,sun,4333,Sunday,4335,Old Norse,236,Old Norse,236,sun,Sunday,sunnudagr,søndag
2479,shift2857,Polysemy,1,ACCEPTED,→,"to raise, lift (tr.)",3037,to bring up (children),2381,English,153,English,153,NA,NA,to raise,to raise
2481,shift2857,Polysemy,3,ACCEPTED,→,"to raise, lift (tr.)",3037,to bring up (children),2381,English,153,English,153,to bring from a lower position to a higher position,to raise (children),bring up,bring up
2496,shift2042,Polysemy,1,ACCEPTED,→,lean,178,infertile (soil),1772,German,169,German,169,"lean, meagre","barren, infertile",mager,mager
2498,shift2042,Polysemy,3,ACCEPTED,—,lean,178,infertile (soil),1772,German,169,German,169,lean,lean (soil),dürr,dürr
2509,shift0110,Polysemy,5,ACCEPTED,→,dry,4491,emotionless,3834,Norwegian,24,Norwegian,24,dry,emotionless,tørr,tørr
2510,shift0110,Polysemy,6,ACCEPTED,→,dry,4491,emotionless,3834,Swedish,135,Swedish,135,dry,emotionless,torr,torr
2511,shift0110,Polysemy,7,ACCEPTED,→,dry,4491,emotionless,3834,Icelandic,252,Icelandic,252,dry,emotionless,þurr,þurr
2516,shift1358,Polysemy,2,ACCEPTED,→,"joint, articulation",1193,generation,776,German,169,German,169,"joint, articulation",generation,Glied,Glied
2522,shift2260,Polysemy,2,ACCEPTED,→,to fall down,2605,to coincide,2437,German,169,German,169,to fall,to coincide,fallen,fallen
2527,shift2260,Polysemy,7,ACCEPTED,→,to fall down,2605,to coincide,2437,Norwegian,24,Norwegian,24,to fall down,to coincide,falle,falle
2528,shift2260,Polysemy,8,ACCEPTED,→,to fall down,2605,to coincide,2437,Danish,173,Danish,173,to fall down,to coincide,falde,falde
2538,shift4939,Polysemy,7,ACCEPTED,→,evening,3871,"party, soiree",309,English,153,English,153,time of day between dusk and night,party or gathering held in the evening,evening,evening
2539,shift4939,Polysemy,8,SUSPENDED,→,evening,3871,"party, soiree",309,English,153,English,153,evening,an evening or night spent at a particular activity,night,night
2557,shift4337,Polysemy,1,NEW,—,to approach suddenly,2233,to attack,2243,English,153,English,153,to approach suddenly,to attack,rush,rush
2571,shift0738,Derivation,2,ACCEPTED,?,to lead,2834,to behave,2333,English,153,English,153,"to lead, to conduct",to behave,conduct,conduct oneself
2573,shift0738,Derivation,4,ACCEPTED,→,to lead,2834,to behave,2333,Norwegian,24,Norwegian,24,to lead,to behave,føre,oppføre seg
2574,shift0738,Derivation,5,ACCEPTED,→,to lead,2834,to behave,2333,Danish,173,Danish,173,to lead,to behave,føre,opføre sig
2575,shift0738,Derivation,6,ACCEPTED,→,to lead,2834,to behave,2333,Swedish,135,Swedish,135,to lead,to behave,föra,uppföra sig
2595,shift0462,Polysemy,7,ACCEPTED,→,eye,3890,loop,253,English,153,English,153,eye,stitch,eye,eye
2604,shift1677,Polysemy,4,ACCEPTED,?,deep,4404,saturated (of colour),3943,English,153,English,153,deep,"deep, dark",deep,deep
2606,shift1677,Polysemy,6,ACCEPTED,→,deep,4404,saturated (of colour),3943,Norwegian,24,Norwegian,24,deep,saturated (of colour),dyp,dyp
2607,shift1677,Polysemy,7,ACCEPTED,→,deep,4404,saturated (of colour),3943,Danish,173,Danish,173,deep,saturated (of colour),dyb,dyb
2608,shift1677,Polysemy,8,ACCEPTED,→,deep,4404,saturated (of colour),3943,Swedish,135,Swedish,135,deep,saturated (of colour),djup,djup
2609,shift1677,Polysemy,9,ACCEPTED,→,deep,4404,saturated (of colour),3943,Icelandic,252,Icelandic,252,deep,saturated (of colour),djúpur,djúpur
2614,shift5434,Polysemy,2,NEW,→,to break (tr.),2370,split (gymnastics),4213,English,153,English,153,crack or longitudinal fissure,"A maneuver of spreading or sliding the feet apart until the legs are flat on the floor 180 degrees apart, either sideways to the body or with one leg in front and one behind, thus lowering the body completely to the floor in an upright position",split,split
2622,shift4214,Derivation,1,NEW,→,grass,833,"to pasture, shepherd",2962,Danish,173,Danish,173,grass,"to pasture, shepherd",græs,græsse
2623,shift4214,Polysemy,2,NEW,→,grass,833,"to pasture, shepherd",2962,Old English,114,Old English,114,grass,"to pasture, shepherd",græs,grasian
2679,shift2848,Polysemy,3,ACCEPTED,→,big,3588,"high (size), tall",1624,German,169,German,169,"big, large",tall (person),gross,gross
2687,shift1252,Polysemy,2,ACCEPTED,→,to pinch,2976,to steal,3220,English,153,English,153,to pinch,"informal to steal something, especially something small or not very valuable",pinch,pinch
2707,shift5007,Derivation,1,ACCEPTED,→,garden,766,kindergarten,1712,German,169,German,169,garden,kindergarten,Garten,Kindergarten
2711,shift5007,Derivation,5,ACCEPTED,→,garden,766,kindergarten,1712,Danish,173,Danish,173,garden,kindergarten,have,børnehave
2714,shift5007,Derivation,8,ACCEPTED,→,garden,766,kindergarten,1712,Norwegian,24,Norwegian,24,garden,kindergarten,hage,barnehage
2724,shift1066,Polysemy,2,ACCEPTED,—,to reach,3040,"to suffice, be enough",3247,German,169,German,169,"to reach, to attain; to extend",to be enough,reichen,reichen
2728,shift1066,Polysemy,6,ACCEPTED,→,to reach,3040,"to suffice, be enough",3247,Norwegian,24,Norwegian,24,to reach,to be enough,rekke,rekke
2729,shift1066,Polysemy,7,ACCEPTED,→,to reach,3040,"to suffice, be enough",3247,Swedish,135,Swedish,135,to reach,to be enough,räcka,räcka
2733,shift7905,Derivation,1,ACCEPTED,→,"textile, cloth",2162,clothes,1005,English,153,English,153,"textile, cloth",clothes,cloth,clothes
2735,shift7905,Polysemy,3,NEW,→,"textile, cloth",2162,clothes,1005,Icelandic,252,Icelandic,252,"textile, cloth",(in the plural) clothes,klæði,klæði
2736,shift2850,Polysemy,1,ACCEPTED,→,to become visible,2327,to seem,3122,German,169,German,169,to appear,to seem,erscheinen,erscheinen
2742,shift0826,Derivation,2,ACCEPTED,—,to tan (hides),3282,suntanned,4340,English,153,English,153,to tan,"sun tan, brown colour",to tan,tan
2745,shift5529,Derivation,1,NEW,→,field,1271,fieldfare,1274,English,153,English,153,field,"large thrush, Turdus pilaris",field,fieldfare
2748,shift6328,Derivation,1,ACCEPTED,—,evil spirit,3877,cobalt (metal),1021,English,153,English,153,"spirit of the mine, undegroud spirit",cobalt (metal),Kobold,cobalt
2750,shift6328,Derivation,3,ACCEPTED,—,evil spirit,3877,cobalt (metal),1021,German,169,German,169,evil spirit,cobalt (metal),Kobold,Kobalt
2764,shift0188,Polysemy,1,ACCEPTED,→,flexible,1319,"compliant, pliable",1073,English,153,English,153,"flexible, easily bent, formed, shaped, or molded",yielding to influence,pliable,pliable
2769,shift0188,Polysemy,6,ACCEPTED,—,flexible,1319,"compliant, pliable",1073,Danish,173,Danish,173,flexible,"compliant, pliable",bøjelig,bøjelig
2770,shift0188,Polysemy,7,ACCEPTED,—,flexible,1319,"compliant, pliable",1073,Swedish,135,Swedish,135,flexible,"compliant, pliable",böjlig,böjlig
2773,shift0188,Polysemy,10,ACCEPTED,—,flexible,1319,"compliant, pliable",1073,English,153,English,153,capable of being flexed or bent without breaking; able to be turned or twisted without breaking,willing or prone to give way to the influence of others; not invincibly rigid or obstinate,flexible,flexible
2794,shift2588,Polysemy,1,ACCEPTED,→,to chew,2425,to think,3293,English,153,English,153,to ruminate,"to think, to reflect",ruminate,ruminate
2806,shift4390,Polysemy,5,ACCEPTED,—,"spawn, roe",4189,calf of a leg,875,Dutch,255,Dutch,255,"calf, fleshy part of the lower leg","spawn, roe (fish eggs)",kuit,kuit
2836,shift0463,Polysemy,1,ACCEPTED,—,eye,3890,bud (on a twig),3712,German,169,German,169,eye,Aphantopus,Auge,Auge
2932,shift1368,Polysemy,3,ACCEPTED,→,foot,1338,unit of length,528,English,153,English,153,foot,foot (length unit),foot,foot
2940,shift0057,Polysemy,4,ACCEPTED,—,boy,3666,servant,3997,Old English,114,Old English,114,boy,"young servant, servant",cnafa,cnafa
2941,shift0057,Polysemy,5,ACCEPTED,—,boy,3666,servant,3997,Old English,114,Old English,114,boy,"servant, (young) soldier",cniht,cniht
2942,shift0057,Polysemy,6,ACCEPTED,→,boy,3666,servant,3997,English,153,English,153,boy,"boy (errand boy, boy servant in the East)",boy,boy
2957,shift0057,Polysemy,21,ACCEPTED,—,boy,3666,servant,3997,Icelandic,252,Icelandic,252,"young man, youth; boy","worker, labourer",piltur,piltur
2976,shift0057,Polysemy,40,NEW,→,boy,3666,servant,3997,Dutch,255,Dutch,255,boy,"male servant, especially but not exclusively a younger one (using it for older men may be dated and offensive)",jongen,jongen
2981,shift5878,Polysemy,2,NEW,—,"to differ, to make distinction",2518,"to discriminate, to treat improperly",2529,English,153,English,153,"to differ, to make distinction","to discriminate, to treat improperly",to discriminate,to discriminate
3002,shift6007,Polysemy,2,NEW,→,beard,3541,awn,2069,English,153,English,153,"facial hair on the chin, cheeks, jaw and neck",awn,beard,beard
3009,shift0677,Polysemy,3,ACCEPTED,—,tailor&#39;s thimble,2116,foxglove (Digitalis L.),1361,German,169,German,169,thimble,finger flower,Fingerhut,Fingerhut
3011,shift0677,Polysemy,5,ACCEPTED,→,tailor&#39;s thimble,2116,foxglove (Digitalis L.),1361,Danish,173,Danish,173,tailor's thimble,foxglove (Digitalis L.),fingerbøl,fingerbøl
3016,shift0677,Derivation,10,ACCEPTED,→,tailor&#39;s thimble,2116,foxglove (Digitalis L.),1361,Icelandic,252,Icelandic,252,tailor's thimble,common foxglove (Digitalis purpurea),fingurbjörg,fingurbjargarblóm
3021,shift0677,Derivation,15,ACCEPTED,→,tailor&#39;s thimble,2116,foxglove (Digitalis L.),1361,Swedish,135,Swedish,135,tailor's thimble,foxglove (Digitalis L.),fingerborg,fingerborgsblomma
3039,shift8556,Polysemy,2,ACCEPTED,→,surprising,4350,beautiful,3545,English,153,English,153,"surprising, shocking",beautiful,stunning,stunning
3044,shift0536,Polysemy,3,ACCEPTED,—,horn,1657,peak of mountain,326,German,169,German,169,horn,"mountain peak, sharp mountain top",Horn,Horn
3067,shift2118,Semantic evolution,1,NEW,—,to love,2874,to let,2842,Icelandic,252,Icelandic,252,to love,"to permit, to provide, to let",unna,unna
3087,shift5223,Polysemy,2,ACCEPTED,—,still (adv.),4269,nevertheless,1851,English,153,English,153,up to and including the present or the time mentioned; even now (or then) as formerly,nevertheless; all the same,still,still
3116,shift8637,Derivation,1,NEW,→,seven,3999,Pleiades,410,Old High German,147,Old High German,147,seven,Pleiades,sibun,sibunstirni
3118,shift8637,Derivation,3,NEW,→,seven,3999,Pleiades,410,Old Norse,236,Old Norse,236,seven,Pleiades,sjau,sjaustirni
3126,shift0003,Polysemy,4,ACCEPTED,?,to find,2627,to have opinion,2752,German,169,German,169,to find,"to find, to count",finden,finden
3127,shift0003,Polysemy,5,ACCEPTED,?,to find,2627,to have opinion,2752,English,153,English,153,to find,"to find, to count",find,find
3130,shift0003,Polysemy,8,ACCEPTED,→,to find,2627,to have opinion,2752,Norwegian,24,Norwegian,24,to find,to have opinion,finne,finne
3131,shift0003,Polysemy,9,ACCEPTED,→,to find,2627,to have opinion,2752,Danish,173,Danish,173,to find,to have opinion,finde,finde
3132,shift0003,Polysemy,10,ACCEPTED,→,to find,2627,to have opinion,2752,Swedish,135,Swedish,135,to find,to consider as,finna,finna
3187,shift1138,Polysemy,7,ACCEPTED,→,to bridle,2376,to subjugate,3239,English,153,English,153,to bridle,"to bridle, to restrain, to subdue, to tame",to bridle,to bridle
3189,shift1138,Polysemy,9,ACCEPTED,→,to bridle,2376,to subjugate,3239,Norwegian,24,Norwegian,24,to bridle,to subjugate,bisle,bisle
3190,shift1138,Derivation,10,ACCEPTED,→,to bridle,2376,to subjugate,3239,Norwegian,24,Norwegian,24,bridle (n),"to subjugate, have control over",tøyle (n),tøyle
3191,shift1138,Derivation,11,ACCEPTED,→,to bridle,2376,to subjugate,3239,Danish,173,Danish,173,bridle (n),to subjugate,tøjle (n),tøjle
3192,shift1138,Polysemy,12,ACCEPTED,→,to bridle,2376,to subjugate,3239,Swedish,135,Swedish,135,to bridle,"to subjugate, control",tygla,tygla
3193,shift6706,Derivation,1,ACCEPTED,→,tail,2113,side of a coin,4072,English,153,English,153,tail,side of a coin,tail,tails
3198,shift2101,Polysemy,1,NEW,→,flat (adj),1312,stupid,4312,English,153,English,153,"flat, even (not downward)","stupid, silly",flat,flat
3231,shift3596,Polysemy,2,ACCEPTED,→,tongue (body part),3400,cape,889,English,153,English,153,"the principal organ of taste, an aid in chewing and swallowing, and, in humans, an important organ of speech.",a narrow strip of land that juts out into the sea,tongue,tongue
3243,shift0007,Polysemy,1,ACCEPTED,—,"to turn, rotate (intr.)",3327,to become,2312,Icelandic,252,Icelandic,252,to turn,to transform,umsnúa,umsnúa
3246,shift0007,Polysemy,4,ACCEPTED,→,"to turn, rotate (intr.)",3327,to become,2312,Old English,114,Old English,114,"to turn away/off, avert, remove, turn upside down",to turn into,awendan,awendan
3256,shift0007,Polysemy,14,ACCEPTED,?,"to turn, rotate (intr.)",3327,to become,2312,English,153,English,153,NA,NA,turn,turn
3291,shift1930,Polysemy,8,NEW,→,"spring, fountain",4226,origin,4562,Norwegian,24,Norwegian,24,"spring, fountain",origin (n.),kilde,kilde
3292,shift1930,Polysemy,9,NEW,→,"spring, fountain",4226,origin,4562,Danish,173,Danish,173,"spring, fountain",origin (n.),kilde,kilde
3293,shift1930,Polysemy,10,NEW,→,"spring, fountain",4226,origin,4562,Swedish,135,Swedish,135,"spring, fountain",origin (n.),källa,källa
3351,shift6172,Derivation,3,NEW,→,bear (Ursus),3539,anteater,2006,German,169,German,169,bear (Ursus),anteater,Bär,Ameisenbär
3387,shift3709,Polysemy,6,ACCEPTED,→,hare (Lepus),1562,cunning person,1157,Dutch,255,Dutch,255,hare (Lepus),cunning person,haas,haas
3405,shift8623,Polysemy,3,NEW,→,crawfish,1131,cancer (disease),884,Swedish,135,Swedish,135,crawfish,(obsolete) cancer (disease),kräfta,kräfta
3407,shift8623,Polysemy,5,NEW,→,crawfish,1131,cancer (disease),884,Luxembourgish,840,Luxembourgish,840,crawfish,cancer (disease),Kriibs,Kriibs
3414,shift8416,Derivation,1,ACCEPTED,→,wind,88,October,4521,West Frisian,1192,West Frisian,1192,wind,October,wyn,wynmoanne
3451,shift2044,Polysemy,5,ACCEPTED,—,thick,2167,"dense, thick (liquid)",4414,English,153,English,153,'not thin','relatively dense in consistency',thick,thick
3455,shift2044,Polysemy,9,ACCEPTED,→,thick,2167,"dense, thick (liquid)",4414,Norwegian,24,Norwegian,24,thick,"dense, thick (liquid)",tykk,tykk
3456,shift2044,Polysemy,10,ACCEPTED,→,thick,2167,"dense, thick (liquid)",4414,Danish,173,Danish,173,thick,"dense, thick (liquid)",tyk,tyk
3457,shift2044,Polysemy,11,ACCEPTED,→,thick,2167,"dense, thick (liquid)",4414,Swedish,135,Swedish,135,thick,"dense, thick (liquid)",tjock,tjock
3458,shift2044,Polysemy,12,ACCEPTED,→,thick,2167,"dense, thick (liquid)",4414,Icelandic,252,Icelandic,252,thick,"dense, thick (liquid)",þykkur,þykkur
3482,shift1186,Polysemy,19,ACCEPTED,—,long (size),246,long (period of time),245,Norwegian,24,Norwegian,24,long (size),long (period of time),lang,lang
3483,shift1186,Polysemy,20,ACCEPTED,—,long (size),246,long (period of time),245,Danish,173,Danish,173,long (size),long (period of time),lang,lang
3484,shift1186,Polysemy,21,ACCEPTED,—,long (size),246,long (period of time),245,Swedish,135,Swedish,135,long (size),long (period of time),lång,lång
3485,shift1186,Polysemy,22,ACCEPTED,—,long (size),246,long (period of time),245,Icelandic,252,Icelandic,252,long (size),long (period of time),langur,langur
3495,shift1011,Polysemy,2,ACCEPTED,?,to press,3002,to print,3006,German,169,German,169,to press,to print,drücken,drücken
3498,shift1011,Polysemy,5,ACCEPTED,→,to press,3002,to print,3006,Norwegian,24,Norwegian,24,to press down,to print,trykke,trykke
3499,shift1011,Polysemy,6,ACCEPTED,→,to press,3002,to print,3006,Danish,173,Danish,173,to press down,to print,trykke,trykke
3500,shift1011,Polysemy,7,ACCEPTED,→,to press,3002,to print,3006,Swedish,135,Swedish,135,to press down,to print,trycka,trycka
3502,shift7579,Derivation,1,NEW,→,radish,1414,horseradish,1667,English,153,English,153,"Raphanus raphanistrum, an edible root vegetable of the family Brassicaceae","Armoracia rusticana, syn. Cochlearia armoracia, a perennial plant of the family Brassicaceae. It is a root vegetable, cultivated and used worldwide as a spice and as a condiment",radish,horseradish
3509,shift7865,Derivation,3,ACCEPTED,→,sickle,4070,crescent,1134,Dutch,255,Dutch,255,sickle,crescent,sikkel,maansikkel
3510,shift7865,Derivation,4,ACCEPTED,→,sickle,4070,crescent,1134,English,153,English,153,"an implement having a semicircular blade and short handle, used for cutting long grass and cereal crops",crescent,sickle,moonsickle
3520,shift2130,Derivation,2,ACCEPTED,?,to burn (intr.),2384,sword,4369,Old Norse,236,Old Norse,236,"to burn, light",sword,brenna,brandur
3522,shift6298,Polysemy,1,ACCEPTED,→,China,967,porcelain,442,Scots,837,Scots,837,China,porcelain,Cheenae,cheenae
3524,shift6298,Polysemy,3,ACCEPTED,→,China,967,porcelain,442,English,153,English,153,China,porcelain,China,china
3529,shift2033,Polysemy,2,ACCEPTED,?,"fine, powder-like",1283,thin (of an object),2172,English,153,English,153,"fine, fine grained",thin,fine,fine
3553,shift7241,Derivation,4,ACCEPTED,→,"sacred, holy",3909,holiday,1636,English,153,English,153,sacred,holiday,holy,holiday
3555,shift7241,Derivation,6,ACCEPTED,→,"sacred, holy",3909,holiday,1636,Old Norse,236,Old Norse,236,sacred,holiday,heilagr,helgr
3570,shift0925,Polysemy,8,ACCEPTED,?,cheek,948,face,1214,Icelandic,252,Icelandic,252,face,cheek,skjanni,skjanni
3585,shift5173,Polysemy,4,ACCEPTED,→,dust,4503,(gun)powder,758,English,153,English,153,dust,(gun)powder,powder,powder
3600,shift2295,Polysemy,2,NEW,←,buttock,3737,"edge, border",3810,English,153,English,153,(informal) buttocks,The larger or thicker end of an object,butt,butt
3621,shift0035,Polysemy,9,ACCEPTED,—,to see/to look at,3121,to have opinion,2752,English,153,English,153,to see,"to consider, regard as",see,see
3628,shift0035,Polysemy,16,ACCEPTED,→,to see/to look at,3121,to have opinion,2752,Norwegian,24,Norwegian,24,to to look at,to consider as,betrakte,betrakte
3629,shift0035,Polysemy,17,ACCEPTED,→,to see/to look at,3121,to have opinion,2752,Danish,173,Danish,173,to look attentively at,to consider as,betragte,betragte
3630,shift0035,Polysemy,18,ACCEPTED,→,to see/to look at,3121,to have opinion,2752,Swedish,135,Swedish,135,to look attentively at,to consider as,betrakta,betrakta
3631,shift0035,Polysemy,19,ACCEPTED,→,to see/to look at,3121,to have opinion,2752,Swedish,135,Swedish,135,to look attentively at,to consider as,betrakta,betrakta
3632,shift0035,Polysemy,20,ACCEPTED,→,to see/to look at,3121,to have opinion,2752,Icelandic,252,Icelandic,252,to look at,to consider as,líta,líta
3657,shift2185,Polysemy,9,ACCEPTED,—,to cut,2484,pain,284,German,169,German,169,to cut (tr.),to feel pain,schneiden,schneiden
3664,shift6859,Derivation,1,ACCEPTED,→,&lt;foreign country&gt;,1209,guinea pig (Cavia porcellus),860,English,153,English,153,Guinea,guinea pig (Cavia porcellus),Guinea,guinea pig
3675,shift6859,Motivation,12,ACCEPTED,→,&lt;foreign country&gt;,1209,guinea pig (Cavia porcellus),860,Dutch,255,Dutch,255,Guinea (a country in West Africa),guinea pig (Cavia porcellus),Guinee,Guinees biggetje
3676,shift6859,Motivation,13,ACCEPTED,→,&lt;foreign country&gt;,1209,guinea pig (Cavia porcellus),860,Dutch,255,Dutch,255,female Spanish person,guinea pig (Cavia porcellus),Spaanse,Spaanse rat
3677,shift6859,Motivation,14,ACCEPTED,→,&lt;foreign country&gt;,1209,guinea pig (Cavia porcellus),860,Dutch,255,Dutch,255,Native American,guinea pig (Cavia porcellus),Indiaan,Indiaans konijn
3693,shift0930,Polysemy,3,ACCEPTED,?,to fall down,2605,case (grammar),900,English,153,English,153,chance,case,case,case
3694,shift0930,Polysemy,4,ACCEPTED,—,to fall down,2605,case (grammar),900,Danish,173,Danish,173,"case, event",case (grammar),fald,fald
3695,shift0930,Polysemy,5,ACCEPTED,—,to fall down,2605,case (grammar),900,Icelandic,252,Icelandic,252,"case, event",case (grammar),fall,fall
3715,shift6216,Derivation,2,ACCEPTED,→,pig (Sus scrofa),369,Heterodon nasicus,1620,English,153,English,153,pig (Sus scrofa),Heterodon nasicus,hog,western hognose snake
3739,shift5309,Semantic evolution,1,ACCEPTED,→,carriage,896,automobile,2062,English,153,English,153,"(dated) a wheeled vehicle, drawn by a horse or other animal; a chariot.","wheeled vehicle that moves independently, with at least three wheels, powered mechanically, steered by a driver",car,car
3741,shift5309,Polysemy,3,ACCEPTED,→,carriage,896,automobile,2062,German,169,German,169,"cart (drawn by a person, by horses, by oxen, etc)",automobile,Wagen,Wagen
3750,shift1990,Derivation,3,ACCEPTED,?,patch,316,"spot, stain",4220,English,153,English,153,patch,"spotty, brindle",patch,patched
3766,shift0796,Derivation,2,ACCEPTED,→,to carry,2401,pregnant,456,German,169,German,169,to carry,pregnant (animal),tragen,trächtig
3777,shift3975,Polysemy,2,ACCEPTED,—,to divide into several parts,2541,to share,3138,Norwegian,24,Norwegian,24,to divide into several parts,to share,dele,dele
3778,shift3975,Polysemy,3,ACCEPTED,—,to divide into several parts,2541,to share,3138,Danish,173,Danish,173,to divide into several parts,to share,dele,dele
3779,shift3975,Polysemy,4,ACCEPTED,—,to divide into several parts,2541,to share,3138,Swedish,135,Swedish,135,to divide into several parts,to share,dela,dela
3780,shift3975,Polysemy,5,ACCEPTED,—,to divide into several parts,2541,to share,3138,Icelandic,252,Icelandic,252,to divide into several parts,to share,deila,deila
3790,shift2868,Derivation,3,ACCEPTED,→,to blow,2355,"to strike, hit",3234,English,153,English,153,to blow,"hard stroke with fist, hammer etc.",to blow,blow
3796,shift0069,Polysemy,4,ACCEPTED,?,hot,1673,recent,1442,English,153,English,153,NA,NA,hot,NA
3801,shift8462,Derivation,1,NEW,→,willow,85,willow ptarmigan,86,English,153,English,153,willow,species of small grouse in the genus Lagopus found in subarctic tundra areas of North America and Eurasia,willow,"willow grouse, willow ptarmigan"
3814,shift3152,Derivation,1,ACCEPTED,→,grey,846,hare (Lepus),1562,Old High German,147,Old High German,147,shimmering gray,hare,hasan,haso
3817,shift2524,Polysemy,1,ACCEPTED,→,"to inhabit, live",2793,to plough,2986,Old English,114,Old English,114,"dwell, inhabit",cultivate,būan,būan
3821,shift3211,Derivation,2,NEW,→,foot/leg,1340,plantain (Plantago),400,German,169,German,169,foot,rib grass,Fuß,Krähenfuß
3862,shift0045,Polysemy,4,ACCEPTED,—,to see/to look at,3121,to seem,3122,Danish,173,Danish,173,to see,to seem,se,se
3863,shift0045,Polysemy,5,ACCEPTED,—,to see/to look at,3121,to seem,3122,Swedish,135,Swedish,135,to see,to seem,se,se
3864,shift0045,Polysemy,6,ACCEPTED,—,to see/to look at,3121,to seem,3122,English,153,English,153,to look at,to seem,look,look
3868,shift5159,Polysemy,2,ACCEPTED,→,mistress of a house,684,"mistress, paramour",685,English,153,English,153,mistress of a house,"mistress, paramour",mistress,mistress
3902,shift3770,Polysemy,1,NEW,—,"gloomy, depressed",796,boring,3650,English,153,English,153,"dull, gloomy",boring,dull,dull
3914,shift1838,Polysemy,6,ACCEPTED,→,free of charge,1372,"vain, in vain",3746,German,169,German,169,"for free, for nothing",in vain,umsonst,umsonst
3936,shift3084,Derivation,2,ACCEPTED,→,weather,34,bad weather,3499,German,169,German,169,weather,(thunder)storm,Wetter,Gewitter
3956,shift6182,Derivation,3,NEW,→,fox (Vulpes vulpes),1360,red panda,1445,English,153,English,153,fox (Vulpes vulpes),red panda,fox,firefox
3959,shift8180,Derivation,2,ACCEPTED,→,to press,3002,"gloomy, depressed",796,English,153,English,153,to press,to depress (psychologically),to press,depression
4004,shift1183,Polysemy,1,ACCEPTED,→,to dissolve in liquid (tr.),2535,to solve (a problem),3188,English,153,English,153,to dissolve,to solve (problem),solve,solve
4005,shift1183,Polysemy,2,ACCEPTED,—,to dissolve in liquid (tr.),2535,to solve (a problem),3188,German,169,German,169,to dissolve,to decide,lösen,lösen
4027,shift1350,Polysemy,8,ACCEPTED,?,to go away,2700,to die,2517,English,153,English,153,to leave,to die,depart,depart
4052,shift5232,Polysemy,2,ACCEPTED,→,"idler, loafer",1736,track idler wheel,3421,English,153,English,153,habitually lazy person,a pulley that transmits no power but guides or tensions a belt or rope,idler,idler
4069,shift5561,Polysemy,3,ACCEPTED,→,&lt;tree&gt;,2104,&lt;fish&gt;,1207,Danish,173,Danish,173,aspen,asp (Leuciscus aspius),asp,asp
4070,shift5561,Polysemy,4,ACCEPTED,→,&lt;tree&gt;,2104,&lt;fish&gt;,1207,Swedish,135,Swedish,135,aspen,asp (Leuciscus aspius),asp,asp
4085,shift2670,Polysemy,1,ACCEPTED,→,&lt;animal&gt;,1916,white caps (on sea waves),64,German,169,German,169,ewe lamb,foamy waves,Schäfchen,Schäfchen
4088,shift2670,Derivation,4,ACCEPTED,→,&lt;animal&gt;,1916,white caps (on sea waves),64,English,153,English,153,horses,white horses (on the waves),horses,white horses
4089,shift2670,Polysemy,5,ACCEPTED,→,&lt;animal&gt;,1916,white caps (on sea waves),64,Swedish,135,Swedish,135,goose,white horses (on the waves),gås,gås
4096,shift2670,Derivation,12,NEW,—,&lt;animal&gt;,1916,white caps (on sea waves),64,Swedish,135,Swedish,135,mare,(white foamy) waves on the Bay of Biscay,märr,spanska märrarna
4115,shift6603,Polysemy,1,ACCEPTED,—,sweet (taste),4358,pleasant,408,Icelandic,252,Icelandic,252,sweet,pleasant,sætur,sætur
4117,shift6603,Polysemy,3,ACCEPTED,—,sweet (taste),4358,pleasant,408,English,153,English,153,sweet,nice,sweet,sweet
4122,shift6603,Polysemy,8,ACCEPTED,→,sweet (taste),4358,pleasant,408,Norwegian,24,Norwegian,24,sweet (taste),neat,søt,søt
4123,shift6603,Polysemy,9,ACCEPTED,→,sweet (taste),4358,pleasant,408,Swedish,135,Swedish,135,sweet (taste),lovely,söt,söt
4124,shift6603,Polysemy,10,ACCEPTED,→,sweet (taste),4358,pleasant,408,Danish,173,Danish,173,sweet (taste),lovely,sød,sød
4156,shift2772,Polysemy,1,ACCEPTED,→,"ship, vessel",4039,shuttle (weaving instrument),4061,German,169,German,169,"a small ship, a small boat",shuttle (loom),Schiffchen,Schiffchen
4181,shift2711,Derivation,1,ACCEPTED,→,to blow (about wind),2356,to winnow,3377,English,153,English,153,wind,"to blow (wind), to fan (corn)",wind,winnow
4199,shift0967,Polysemy,7,ACCEPTED,?,to stand,3211,to cost,2466,Icelandic,252,Icelandic,252,to stand,to quote,standa,standa
4200,shift0967,Polysemy,8,ACCEPTED,→,to stand,3211,to cost,2466,Danish,173,Danish,173,to stand,to cost,stå,stå
4204,shift0748,Polysemy,2,ACCEPTED,→,road,1486,"manner, way",581,English,153,English,153,NA,NA,path,path
4211,shift0748,Polysemy,9,ACCEPTED,→,road,1486,"manner, way",581,English,153,English,153,road,"manner, method",way,way
4222,shift0748,Polysemy,20,ACCEPTED,→,road,1486,"manner, way",581,English,153,English,153,"road, way",means,road,road
4224,shift0748,Polysemy,22,ACCEPTED,→,road,1486,"manner, way",581,Norwegian,24,Norwegian,24,road,"manner, style",vei,vei
4233,shift2542,Polysemy,2,ACCEPTED,→,"little, small",232,"detailed, thorough",4420,English,153,English,153,NA,NA,minute,minute
4242,shift5182,Polysemy,1,ACCEPTED,→,"to pull, to draw",3018,to make a move (in a game),2880,German,169,German,169,"to pull, to draw",to make a move (chess),ziehen,ziehen
4243,shift5182,Polysemy,2,ACCEPTED,→,"to pull, to draw",3018,to make a move (in a game),2880,Danish,173,Danish,173,"to pull, to draw",to make a move (chess),trække,trække
4244,shift5182,Derivation,3,ACCEPTED,→,"to pull, to draw",3018,to make a move (in a game),2880,Norwegian,24,Norwegian,24,"to pull, to draw",move (in a game),trekke,trekk
4314,shift1191,Polysemy,1,ACCEPTED,?,circle,983,finger-ring,1284,English,153,English,153,ring,ring,ring,ring
4350,shift3390,Polysemy,1,ACCEPTED,→,weak,28,not strong (of liquid or smell),1882,English,153,English,153,weak,NA,weak,weak
4354,shift5538,Derivation,1,ACCEPTED,→,common quail,1058,corn crake,1098,Dutch,255,Dutch,255,common quail,corn crake,kwartel,kwartelkoning
4355,shift5538,Derivation,2,ACCEPTED,→,common quail,1058,corn crake,1098,Danish,173,Danish,173,common quail,corn crake,vagtel,vagtelkonge
4357,shift5538,Derivation,4,ACCEPTED,→,common quail,1058,corn crake,1098,German,169,German,169,common quail,corn crake,Wachtel,Wachtelkönig
4367,shift0805,Polysemy,3,ACCEPTED,?,dry,4491,"hard, solid",1558,Icelandic,252,Icelandic,252,dry,stale (bread),þurr,þurr
4395,shift0220,Polysemy,1,ACCEPTED,→,strong,4304,strong (of liquid or smell),4305,English,153,English,153,strong,strong (drinks),strong,strong
4397,shift0220,Polysemy,3,ACCEPTED,→,strong,4304,strong (of liquid or smell),4305,Norwegian,24,Norwegian,24,strong,strong (of liquid or smell),sterk,sterk
4398,shift0220,Polysemy,4,ACCEPTED,→,strong,4304,strong (of liquid or smell),4305,Danish,173,Danish,173,strong,strong (of liquid or smell),stærk,stærk
4399,shift0220,Polysemy,5,ACCEPTED,→,strong,4304,strong (of liquid or smell),4305,Swedish,135,Swedish,135,strong,strong (of liquid or smell),stark,stark
4400,shift0220,Polysemy,6,ACCEPTED,→,strong,4304,strong (of liquid or smell),4305,Icelandic,252,Icelandic,252,strong,strong (of liquid or smell),sterkur,sterkur
4470,shift6897,Derivation,3,ACCEPTED,→,tears,2139,lily-of-the-valley (Convallaria majalis),216,English,153,English,153,tears,lily-of-the-valley (Convallaria majalis),tear,Our Lady&#39;s tears
4507,shift2954,Polysemy,1,ACCEPTED,→,sweat,4357,blood,3630,German,169,German,169,"sweat, perspiration","blood (hunt., game, dog)",Schweiß,Schweiß
4509,shift0795,Polysemy,2,ACCEPTED,?,time,2200,time (instance),2201,English,153,English,153,time,once,time,time
4519,shift0654,Polysemy,3,ACCEPTED,?,to shout,3150,"to cry, weep",2482,English,153,English,153,to shout,to cry,cry,cry
4521,shift0654,Polysemy,5,ACCEPTED,—,to shout,3150,"to cry, weep",2482,Icelandic,252,Icelandic,252,"to shout, to scream, to cry","to howl, to cry",æpa,æpa
4524,shift1046,Polysemy,2,ACCEPTED,?,side (n.),4071,page,283,German,169,German,169,side,page,Seite,Seite
4529,shift1046,Polysemy,7,ACCEPTED,→,side (n.),4071,page,283,Norwegian,24,Norwegian,24,side (n.),page,side,side
4530,shift1046,Polysemy,8,ACCEPTED,→,side (n.),4071,page,283,Danish,173,Danish,173,side (n.),page,side,side
4531,shift1046,Polysemy,9,ACCEPTED,→,side (n.),4071,page,283,Swedish,135,Swedish,135,side (n.),page,sida,sida
4532,shift1046,Polysemy,10,ACCEPTED,→,side (n.),4071,page,283,Icelandic,252,Icelandic,252,side (n.),page,síða,síða
4554,shift2396,Polysemy,1,NEW,→,noise,1872,war,9,Old Norse,236,Old Norse,236,tumult,"battle, war",styrr,styrr
4585,shift0141,Derivation,10,ACCEPTED,→,to drag,2548,"to charm, to delight",2421,Norwegian,24,Norwegian,24,to drag,"charming, attractive",trekke,tiltrekkende
4586,shift0141,Derivation,11,ACCEPTED,→,to drag,2548,"to charm, to delight",2421,Danish,173,Danish,173,to drag,to cause interest or sympathy,trække,tiltrække
4640,shift3610,Derivation,5,ACCEPTED,→,to forget,2653,forget-me-not (flower),1352,English,153,English,153,NA,NA,to forget,forget-me-not
4646,shift3610,Derivation,11,ACCEPTED,→,to forget,2653,forget-me-not (flower),1352,Icelandic,252,Icelandic,252,to forget,forget-me-not (flower),gleyma,gleym-mér-ei
4652,shift4155,Derivation,2,ACCEPTED,→,apple,2018,globus cruciger,795,Dutch,255,Dutch,255,apple,globus cruciger,appel,rijksappel
4653,shift4155,Derivation,3,ACCEPTED,→,apple,2018,globus cruciger,795,Swedish,135,Swedish,135,apple,globus cruciger,äpple,riksäpple
4664,shift1163,Polysemy,3,ACCEPTED,→,to work,3380,to plough,2986,Old Norse,236,Old Norse,236,work,cultivate,yrkya,yrkya
4665,shift1163,Polysemy,4,ACCEPTED,→,to work,3380,to plough,2986,Old Norse,236,Old Norse,236,"work, ;labour","till, cultivate",vinna,vinna
4670,shift1163,Polysemy,9,ACCEPTED,—,to work,3380,to plough,2986,German,169,German,169,to work,to cultivate land,arbeiten,arbeiten
4678,shift1163,Polysemy,17,ACCEPTED,—,to work,3380,to plough,2986,Old English,114,Old English,114,"labor, strive, attend to","till, cultivate",tilian,tilian
4689,shift0234,Polysemy,1,ACCEPTED,—,to cover,2470,to copulate,2462,English,153,English,153,to cover,to cover (mare),to cover,to cover
4745,shift2040,Polysemy,5,ACCEPTED,→,thin (of an object),2172,"delicate, subtle (person, question etc.)",4411,English,153,English,153,'thin in thickness or diameter','characterized by elegance or refinement or accomplishment',fine,fine
4755,shift0412,Polysemy,5,ACCEPTED,?,to emit smoke,2572,to smoke (tobacco),3180,German,169,German,169,"to smoke, to reek",to smoke,rauchen,rauchen
4757,shift0412,Polysemy,7,ACCEPTED,→,to emit smoke,2572,to smoke (tobacco),3180,Icelandic,252,Icelandic,252,"to make suffocate with smoke, to besmoke",to smoke (colloq.),svæla,svæla
4759,shift0412,Polysemy,9,ACCEPTED,→,to emit smoke,2572,to smoke (tobacco),3180,English,153,English,153,to smoke,to smoke,smoke,smoke
4763,shift0412,Polysemy,13,ACCEPTED,→,to emit smoke,2572,to smoke (tobacco),3180,Danish,173,Danish,173,to emit smoke,to smoke,ryge,ryge
4807,shift6200,Derivation,1,NEW,→,slow (adj.),4120,Anguis fragilis,1998,English,153,English,153,slow (adj.),Anguis fragilis,slow,slow worm
4808,shift2861,Polysemy,1,ACCEPTED,→,thick,2167,stupid,4312,English,153,English,153,"thick, fat","of low intelligence, stupid",thick,thick
4829,shift4003,Polysemy,2,ACCEPTED,→,blue,3634,drunk,4488,Dutch,255,Dutch,255,blue,(slang) drunk,blauw,blauw
4830,shift4003,Polysemy,3,ACCEPTED,→,blue,3634,drunk,4488,German,169,German,169,blue,(colloquially) drunk,blau,blau
4836,shift2669,Polysemy,5,ACCEPTED,→,&lt;animal&gt;,1916,cloud,1007,German,169,German,169,ewe lamb,fleece,Schäfchen,Schäfchen
4840,shift2669,Derivation,9,ACCEPTED,→,&lt;animal&gt;,1916,cloud,1007,Swedish,135,Swedish,135,mackerel,lit. Mackerel clouds,makrill,makrillmoln
4841,shift2669,Derivation,10,ACCEPTED,→,&lt;animal&gt;,1916,cloud,1007,German,169,German,169,lamb,fleece,Lamm,Lämmerwolken
4849,shift3059,Polysemy,1,ACCEPTED,—,to let,2842,to praise,2995,Old Norse,236,Old Norse,236,"to permit, allow",to praise,leyfa,leyfa
4860,shift2030,Polysemy,2,ACCEPTED,→,cold,1032,pleasant,408,English,153,English,153,cool,"cute, awsome (slang)",cool,cool
4868,shift4232,Polysemy,1,NEW,→,sated with food,3939,drunk,4488,Dutch,255,Dutch,255,sated by food,(colloquial) drunk,zat,zat
4887,shift1064,Polysemy,5,ACCEPTED,→,rooster,1497,cock (of a gun),1023,English,153,English,153,rooster,hammer of a firearm trigger mechanism,cock,cock
4889,shift1064,Polysemy,7,ACCEPTED,→,rooster,1497,cock (of a gun),1023,German,169,German,169,rooster,cock (of a gun),Hahn,Hahn
4894,shift1064,Polysemy,12,ACCEPTED,→,rooster,1497,cock (of a gun),1023,Norwegian,24,Norwegian,24,rooster,cock (of a gun),hane,hane
4895,shift1064,Polysemy,13,ACCEPTED,→,rooster,1497,cock (of a gun),1023,Danish,173,Danish,173,rooster,cock (of a gun),hane,hane
4896,shift1064,Semantic evolution,14,ACCEPTED,→,rooster,1497,cock (of a gun),1023,Swedish,135,Swedish,135,rooster,cock (of a gun),hane,hane
4897,shift1064,Polysemy,15,ACCEPTED,→,rooster,1497,cock (of a gun),1023,Icelandic,252,Icelandic,252,rooster,cock (of a gun),hani,hani
4900,shift1064,Polysemy,18,NEW,→,rooster,1497,cock (of a gun),1023,Dutch,255,Dutch,255,rooster,cock (of a gun),haan,haan
4901,shift1064,Polysemy,19,NEW,→,rooster,1497,cock (of a gun),1023,Afrikaans,835,Afrikaans,835,rooster,cock (of a gun),haan,haan
4933,shift3319,Polysemy,2,NEW,←,"brilliant, glaring",3692,loud,259,English,153,English,153,loud,loud,loud,loud
4944,shift8567,Polysemy,1,NEW,→,cruel,1151,January,1176,Low German,1230,Low German,1230,"hard, fierce",January,harde,hardemond
4973,shift1894,Polysemy,5,ACCEPTED,→,weakness,30,inclination to smth,1759,English,153,English,153,weakness,inclination to smth,weakness,weakness
4977,shift1894,Polysemy,9,ACCEPTED,→,weakness,30,inclination to smth,1759,German,169,German,169,weakness,inclination to smth,Schwäche,Schwäche
4978,shift1894,Polysemy,10,ACCEPTED,→,weakness,30,inclination to smth,1759,Norwegian,24,Norwegian,24,weakness,inclination to smth,svakhet,svakhet
4979,shift1894,Polysemy,11,ACCEPTED,→,weakness,30,inclination to smth,1759,Danish,173,Danish,173,weakness,inclination to smth,svaghed,svaghed
4980,shift1894,Polysemy,12,ACCEPTED,→,weakness,30,inclination to smth,1759,Swedish,135,Swedish,135,weakness,inclination to smth,svaghed,svaghed
5035,shift0001,Polysemy,6,ACCEPTED,?,"to calculate, count",2393,to take into account,3272,English,153,English,153,NA,NA,count,count
5037,shift0001,Polysemy,8,ACCEPTED,→,"to calculate, count",2393,to take into account,3272,Norwegian,24,Norwegian,24,"to calculate, count",to take into account,regne,regne
5038,shift0001,Polysemy,9,ACCEPTED,→,"to calculate, count",2393,to take into account,3272,Danish,173,Danish,173,"to calculate, count",to take into account,regne,regne
5047,shift2608,Polysemy,1,ACCEPTED,→,to play (intr.),2981,to speak,3193,German,169,German,169,to amuse oneself,to converse,sich unterhalten,sich unterhalten
5085,shift3677,Derivation,3,ACCEPTED,—,good,814,"property, possessions",478,English,153,English,153,good,goods,good,goods
5165,shift0134,Derivation,4,ACCEPTED,—,shine (n.),4037,fame,1224,English,153,English,153,glitter,famous,lustre,illustrious
5172,shift5260,Polysemy,1,ACCEPTED,→,"rope, cord",1504,split (gymnastics),4213,German,169,German,169,"cord, packthread, string",splits (move in dance or gymnastics in which the legs are extended straight out and perpendicular to the body),Spagat,Spagat
5181,shift2109,Polysemy,5,ACCEPTED,→,to flow,2639,electricity,3826,English,153,English,153,current,current,current,current
5182,shift2109,Polysemy,6,ACCEPTED,→,to flow,2639,electricity,3826,German,169,German,169,current,current,Strom,Strom
5183,shift2109,Derivation,7,ACCEPTED,→,to flow,2639,electricity,3826,Norwegian,24,Norwegian,24,to flow,electricity,strømme,strøm
5184,shift2109,Derivation,8,ACCEPTED,→,to flow,2639,electricity,3826,Danish,173,Danish,173,to flow,electricity,strømme,strøm
5185,shift2109,Derivation,9,ACCEPTED,→,to flow,2639,electricity,3826,Swedish,135,Swedish,135,to flow,electricity,strömma,ström
5186,shift2109,Derivation,10,ACCEPTED,→,to flow,2639,electricity,3826,Icelandic,252,Icelandic,252,to flow,electricity,streyma,straumur
5197,shift8390,Derivation,1,ACCEPTED,→,Romani,1492,to steal,3220,English,153,English,153,Gipsy,"(obsolete, rare) to steal; to pilfer or filch",Gipsy,gipsy away
5198,shift6390,Derivation,1,ACCEPTED,→,straw,4298,strawberry (Fragaria moschata),4299,Old English,114,Old English,114,straw,strawberry,strēaw,strēawberġe
5199,shift6390,Derivation,2,ACCEPTED,→,straw,4298,strawberry (Fragaria moschata),4299,English,153,English,153,straw,strawberry,straw,strawberry
5200,shift6390,Derivation,3,ACCEPTED,→,straw,4298,strawberry (Fragaria moschata),4299,Scots,837,Scots,837,straw,strawberry,"stra, stray, straw","strabery, strayberrie,"
5217,shift5540,Polysemy,2,NEW,—,corn crake,1098,water rail,20,English,153,English,153,corn crake,water rail,rail,rail
5240,shift6338,Derivation,1,NEW,→,stone (piece of rock),4281,Boletus edulis,3644,German,169,German,169,stone (piece of rock),Boletus edulis,Stein,Steinpilz
5241,shift6338,Derivation,2,NEW,→,stone (piece of rock),4281,Boletus edulis,3644,Norwegian,24,Norwegian,24,stone (piece of rock),Boletus edulis,stein,steinsopp
5242,shift6338,Derivation,3,NEW,→,stone (piece of rock),4281,Boletus edulis,3644,Swedish,135,Swedish,135,stone (piece of rock),Boletus edulis,sten,stensopp
5262,shift1446,Derivation,1,ACCEPTED,→,time,2200,"journal, magazine",1195,German,169,German,169,NA,"newspaper, journal",Zeit,"Zeitung, Zeitschrift"
5269,shift2135,Polysemy,5,ACCEPTED,→,to break (tr.),2370,to change money,2420,German,169,German,169,to break,to change money,zerschlagen,zerschlagen
5291,shift0342,Polysemy,7,ACCEPTED,→,to fall down,2605,to decrease drastically,2500,English,153,English,153,to fall,to descend dramatically,to fall,to fall
5293,shift0342,Polysemy,9,ACCEPTED,→,to fall down,2605,to decrease drastically,2500,Norwegian,24,Norwegian,24,to fall down,to decrease,falle,falle
5294,shift0342,Polysemy,10,ACCEPTED,→,to fall down,2605,to decrease drastically,2500,Danish,173,Danish,173,to fall down,to decrease,falde,falde
5295,shift0342,Polysemy,11,ACCEPTED,→,to fall down,2605,to decrease drastically,2500,Swedish,135,Swedish,135,to fall down,to decrease,falla,falla
5296,shift0342,Polysemy,12,ACCEPTED,→,to fall down,2605,to decrease drastically,2500,Icelandic,252,Icelandic,252,to fall down,to decrease,falla,falla
5304,shift5147,Polysemy,1,ACCEPTED,→,stem (of a plant),4254,strain (microbiology),4293,German,169,German,169,stem (of a plant),strain (microbiology),Stamm,Stamm
5361,shift7924,Derivation,1,ACCEPTED,→,flower,1323,May,609,Dutch,255,Dutch,255,flower,(archaic) May,bloei,bloeimaand
5362,shift7924,Derivation,2,ACCEPTED,→,flower,1323,May,609,West Frisian,1192,West Frisian,1192,flower,May,blom,blommemoanne
5367,shift2540,Polysemy,1,ACCEPTED,→,"common, shared by several people",1065,vulgar,3783,English,153,English,153,common,"rude, vulgar",common,common
5384,shift5546,Derivation,1,NEW,→,field,1271,corn crake,1098,Norwegian,24,Norwegian,24,field,corn crake,åker,åkerrikse
5397,shift7892,Derivation,2,ACCEPTED,→,raven,1433,brown meagre,3704,German,169,German,169,raven,brown meagre,Rabe,Meerrabe
5399,shift7892,Derivation,4,ACCEPTED,→,raven,1433,brown meagre,3704,Dutch,255,Dutch,255,raven,brown meagre,raaf,zeeraaf
5400,shift7892,Derivation,5,ACCEPTED,→,raven,1433,brown meagre,3704,Swedish,135,Swedish,135,raven,brown meagre,korp,korpfisk
5404,shift1070,Polysemy,3,ACCEPTED,?,cat,905,catkin,912,German,169,German,169,kitten; pussy cat,aglet,Kätzchen,Kätzchen
5406,shift2869,Polysemy,1,ACCEPTED,→,short (size),4048,"missing, failing",682,English,153,English,153,NA,NA,short,short
5416,shift2391,Polysemy,2,ACCEPTED,—,thorn,2178,arrow,2033,Icelandic,252,Icelandic,252,thorn,arrow,píla,píla
5475,shift5059,Polysemy,2,ACCEPTED,→,dry,4491,abstinent (from alcohol),1928,Icelandic,252,Icelandic,252,dry,abstinent (from alcohol),þurr,þurr
5476,shift5059,Polysemy,3,ACCEPTED,→,dry,4491,abstinent (from alcohol),1928,English,153,English,153,dry,free from or lacking alcohol or alcoholic beverages; (law) describing an area where sales of alcoholic or strong alcoholic beverages are banned,dry,dry
5498,shift7464,Polysemy,3,NEW,→,in this way,1755,consequently,1084,English,153,English,153,in this way,consequently,so,so
5503,shift0511,Polysemy,2,ACCEPTED,?,comb (of a bird),1041,"mountain ridge, edge",731,English,153,English,153,"crest, tuft, cap (birds)","peak, crest (mountain, wave, fortress wall etc.)",crest,crest
5512,shift2403,Polysemy,1,ACCEPTED,—,summer,4330,harvest,1565,Gothic,228,Gothic,228,summer,harvest,asans,asans
5518,shift2507,Polysemy,4,ACCEPTED,→,&lt;bird&gt;,3478,talkative person,2120,English,153,English,153,jay,chatterbox,jay,jay
5521,shift2507,Polysemy,7,ACCEPTED,→,&lt;bird&gt;,3478,talkative person,2120,Icelandic,252,Icelandic,252,skua gull,chatterbox,skúmur,skúmur
5529,shift2507,Polysemy,15,ACCEPTED,→,&lt;bird&gt;,3478,talkative person,2120,English,153,English,153,jackdaw,chatterbox,jackdaw,jackdaw
5570,shift8106,Motivation,1,ACCEPTED,→,pig (Sus scrofa),369,guinea pig (Cavia porcellus),860,English,153,English,153,Sus scrofa,Cavia porcellus,pig,guinea pig
5575,shift8106,Motivation,6,ACCEPTED,→,pig (Sus scrofa),369,guinea pig (Cavia porcellus),860,German,169,German,169,pig (Sus scrofa),guinea pig (Cavia porcellus),Schwein,Meerschwein
5576,shift8106,Motivation,7,ACCEPTED,→,pig (Sus scrofa),369,guinea pig (Cavia porcellus),860,Danish,173,Danish,173,pig (Sus scrofa),guinea pig (Cavia porcellus),svin,marsvin
5577,shift8106,Motivation,8,ACCEPTED,→,pig (Sus scrofa),369,guinea pig (Cavia porcellus),860,Norwegian,24,Norwegian,24,pig (Sus scrofa),guinea pig (Cavia porcellus),svin,marsvin
5580,shift8106,Motivation,11,ACCEPTED,→,pig (Sus scrofa),369,guinea pig (Cavia porcellus),860,Swedish,135,Swedish,135,pig (Sus scrofa),guinea pig (Cavia porcellus),svin,marsvin
5585,shift8106,Motivation,16,ACCEPTED,→,pig (Sus scrofa),369,guinea pig (Cavia porcellus),860,Luxembourgish,840,Luxembourgish,840,diminutive of Schwäin 'pig',guinea pig (Cavia porcellus),Schwéngchen,Mierschwéngchen
5587,shift8106,Motivation,18,ACCEPTED,→,pig (Sus scrofa),369,guinea pig (Cavia porcellus),860,Icelandic,252,Icelandic,252,piglet,guinea pig (Cavia porcellus),grís,naggrís
5590,shift8106,Motivation,21,ACCEPTED,→,pig (Sus scrofa),369,guinea pig (Cavia porcellus),860,Faroese,92,Faroese,92,pig (Sus scrofa),guinea pig (Cavia porcellus),svín,marsvín
5593,shift8106,Motivation,24,ACCEPTED,→,pig (Sus scrofa),369,guinea pig (Cavia porcellus),860,Dutch,255,Dutch,255,diminutive of big 'piglet',guinea pig (Cavia porcellus),biggetje,Guinees biggetje
5610,shift4869,Derivation,1,NEW,→,"biscuit, cookie",3600,diamonds (in cards),4429,Dutch,255,Dutch,255,"cookie, cake, biscuit, wafer",(Belgium) diamonds (in cards),koek,koeken
5612,shift0148,Polysemy,1,ACCEPTED,→,"nut, hazel",1898,testicle,2161,English,153,English,153,nut,"(vulgar, slang) a man's testicles",nut,nuts
5626,shift8507,Derivation,1,ACCEPTED,→,sacrifice,3910,November,1888,Old English,114,Old English,114,"sacrifice, especially a blood sacrifice by heathens",November,blōt,blōtmōnaþ
5629,shift3056,Polysemy,1,NEW,—,slow (adj.),4120,late,163,Danish,173,Danish,173,"slow, sluggish",late,sen,sen
5646,shift4012,Polysemy,1,ACCEPTED,—,glass (material),791,drinking vessel,4481,Yiddish,341,Yiddish,341,glass (material),cup,gloz,gloz
5649,shift4012,Polysemy,4,ACCEPTED,—,glass (material),791,drinking vessel,4481,English,153,English,153,glass (material),a drinking container made from glass,glass,glass
5651,shift4012,Polysemy,6,ACCEPTED,—,glass (material),791,drinking vessel,4481,German,169,German,169,glass (material),a drinking vessel,Glas,Glas
5660,shift2502,Polysemy,2,ACCEPTED,→,milk,657,milt (of fish),666,Icelandic,252,Icelandic,252,milk,(rare) milt,mjólk,mjólk
5669,shift2502,Polysemy,11,ACCEPTED,→,milk,657,milt (of fish),666,German,169,German,169,milk,milt (of fish),Milch,Milch
5671,shift2502,Derivation,13,ACCEPTED,→,milk,657,milt (of fish),666,Swedish,135,Swedish,135,milk,milt (of fish),mjölk,mjölke
5676,shift2502,Derivation,18,NEW,→,milk,657,milt (of fish),666,Norwegian,24,Norwegian,24,milk,milt (of fish),mjølk,mjølke
5688,shift1703,Polysemy,2,NEW,?,goat,803,sabrefish,3907,German,169,German,169,she goat,sabre fish,Ziege,Ziege
5689,shift7815,Motivation,1,ACCEPTED,→,gold,807,biotite,3591,German,169,German,169,gold,mica,Gold,Katzengold
5690,shift7815,Motivation,2,ACCEPTED,→,gold,807,biotite,3591,German,169,German,169,gold,biotite,Gold,Katzengold
5691,shift7815,Motivation,3,ACCEPTED,→,gold,807,biotite,3591,Swedish,135,Swedish,135,gold,yellow (golden) variety of mica,guld,kattguld
5708,shift4864,Polysemy,1,ACCEPTED,→,heart,1588,hearts (in cards),1589,English,153,English,153,heart,hearts (in cards),heart,hearts
5716,shift4864,Derivation,9,ACCEPTED,→,heart,1588,hearts (in cards),1589,Danish,173,Danish,173,heart,hearts (in cards),hjerte,hjerter
5717,shift4864,Derivation,10,ACCEPTED,→,heart,1588,hearts (in cards),1589,Dutch,255,Dutch,255,heart,hearts (in cards),hart,harten
5720,shift4864,Polysemy,13,ACCEPTED,→,heart,1588,hearts (in cards),1589,German,169,German,169,heart,hearts (in cards),Herz,Herz
5723,shift4864,Derivation,16,ACCEPTED,→,heart,1588,hearts (in cards),1589,Luxembourgish,840,Luxembourgish,840,heart,hearts (in cards),Häerz,Häerzer
5725,shift4864,Derivation,18,ACCEPTED,→,heart,1588,hearts (in cards),1589,Norwegian,24,Norwegian,24,heart,hearts (in cards),hjerte,hjerter
5727,shift4864,Derivation,20,ACCEPTED,→,heart,1588,hearts (in cards),1589,Swedish,135,Swedish,135,heart,hearts (in cards),hjärta,hjärter
5774,shift1960,Polysemy,22,ACCEPTED,→,soldier,4154,pawn (in chess),320,German,169,German,169,soldier,pawn (in chess),Soldat,Soldat
5815,shift4873,Polysemy,1,NEW,→,diamond,4428,rhombus,1471,English,153,English,153,a precious stone consisting of a clear and colourless crystalline form of pure carbon,a figure with four straight sides of equal length forming two opposite acute angles and two opposite obtuse angles; a rhombus,diamond,diamond
5823,shift0782,Polysemy,3,ACCEPTED,→,"brilliant, glaring",3692,clever,999,English,153,English,153,"shining, glittering",smart,bright,bright
5825,shift0782,Polysemy,5,ACCEPTED,→,"brilliant, glaring",3692,clever,999,English,153,English,153,"brilliant, glaring",intelligent,brilliant,brilliant
5861,shift8430,Polysemy,4,ACCEPTED,→,hot,1673,sexually attractive,4005,Swedish,135,Swedish,135,hot,(slang) physically very attractive,het,het
5873,shift0960,Polysemy,7,ACCEPTED,?,to ask (for),2238,"to ask, inquire",2240,English,153,English,153,to ask,to ask,ask,ask
5884,shift6724,Polysemy,1,ACCEPTED,→,bridge,3689,bridge (of musical imstrument),3690,English,153,English,153,"construction spanning a waterway, ravine, or valley from an elevated height, allowing for the passage of vehicles, pedestrians, trains, etc.","piece, on string instruments, that supports the strings from the sounding board.",bridge,bridge
5890,shift6724,Polysemy,7,ACCEPTED,→,bridge,3689,bridge (of musical imstrument),3690,German,169,German,169,"narrow path, mostly made of boards, path on which one can cross water, depths; small bridge over water; walkway leading, especially from a ship, to solid ground",bridge (of musical imstrument),Steg,Steg
5907,shift8421,Polysemy,3,ACCEPTED,→,goat,803,bagpipes,3502,German,169,German,169,goat,bagpipes,Bock,Bock
5916,shift2870,Derivation,5,ACCEPTED,→,long (size),246,far away,1233,Norwegian,24,Norwegian,24,long (size),far away,lang,langt
5917,shift2870,Derivation,6,ACCEPTED,→,long (size),246,far away,1233,Danish,173,Danish,173,long (size),far away,lang,langt
5918,shift2870,Derivation,7,ACCEPTED,→,long (size),246,far away,1233,Swedish,135,Swedish,135,long (size),far away,lång,långt
5919,shift2870,Derivation,8,ACCEPTED,→,long (size),246,far away,1233,Icelandic,252,Icelandic,252,long (size),far away,langur,langt
5921,shift2368,Polysemy,2,NEW,—,to bite,2347,to hew,2763,Old Norse,236,Old Norse,236,to bite,"to slash (weapon, sabre)",bíta,bíta
5934,shift4008,Derivation,2,ACCEPTED,→,black,3610,rye bread,1533,German,169,German,169,black,rye bread,schwarz,Schwarzbrot
5948,shift0649,Polysemy,3,ACCEPTED,?,hand/arm,1550,side (n.),4071,English,153,English,153,"arm, hand","side, direction",hand,hand
5982,shift7572,Polysemy,12,ACCEPTED,→,sister,4091,nurse (junior medical staff),1897,German,169,German,169,sister,(colloquial) nurse (junior medical staff),Schwester,Schwester
5991,shift1825,Polysemy,4,ACCEPTED,—,to fall down,2605,to attack,2243,German,169,German,169,to fall,to attack,fallen,fallen
5992,shift1825,Derivation,5,ACCEPTED,→,to fall down,2605,to attack,2243,Norwegian,24,Norwegian,24,to fall down,to attack,falle,anfalle
5993,shift1825,Derivation,6,ACCEPTED,→,to fall down,2605,to attack,2243,Danish,173,Danish,173,to fall down,to attack,falde,anfalde
5994,shift1825,Derivation,7,ACCEPTED,→,to fall down,2605,to attack,2243,Swedish,135,Swedish,135,to fall down,to attack,falla,anfalla
5995,shift1825,Derivation,8,ACCEPTED,→,to fall down,2605,to attack,2243,Norwegian,24,Norwegian,24,to fall down,to attack suddenly,falle,overfalle
5996,shift1825,Derivation,9,ACCEPTED,→,to fall down,2605,to attack,2243,Danish,173,Danish,173,to fall down,to attack,falde,overfalde
5997,shift1825,Derivation,10,ACCEPTED,→,to fall down,2605,to attack,2243,Swedish,135,Swedish,135,to fall down,to attack,falla,överfalla
6000,shift8170,Motivation,1,NEW,→,fire (accident),1287,willowherb,87,English,153,English,153,fire (accident),(North America) willowherb,fire,fireweed
6017,shift8622,Polysemy,9,NEW,→,crab,1125,cancer (disease),884,Faroese,92,Faroese,92,crab,cancer (disease),krabbi,krabbi
6018,shift8622,Polysemy,10,NEW,→,crab,1125,cancer (disease),884,Icelandic,252,Icelandic,252,crab,(colloquial) cancer (disease),krabbi,krabbi
6023,shift0525,Polysemy,4,ACCEPTED,→,tongue (body part),3400,elongated object,3830,English,153,English,153,tongue (body part),"long, narrow strip of land, projecting from the mainland into a sea or lake; in a shoe, the flap of material that goes between the laces and the foot",tongue,flexible muscular organ in the mouth
6041,shift6456,Derivation,4,ACCEPTED,→,crawfish,1131,mole cricket (Gryllotalpa),695,Swedish,135,Swedish,135,crawfish,mole cricket (Gryllotalpa),kräfta,jordkräfta
6047,shift2133,Polysemy,1,NEW,—,flower,1323,yolk,2087,Icelandic,252,Icelandic,252,flower,yolk,blóm,blóm
6069,shift8553,Polysemy,1,NEW,—,to be surprised,2305,to admire,2222,English,153,English,153,to be surprised,to admire,to marvel,to marvel
6104,shift2792,Polysemy,3,NEW,→,"heap, pile",1586,"many, much",584,Danish,173,Danish,173,"heap, pile","many, much",bunke,bunke
6106,shift2978,Polysemy,1,ACCEPTED,→,poppy (Papaver somniferum),441,red,1444,English,153,English,153,poppy,red,poppy,poppy
6112,shift2727,Polysemy,6,ACCEPTED,→,&lt;fruit&gt;,1211,head,1578,German,169,German,169,pear,head (colloq.),Birne,Birne
6114,shift2727,Polysemy,8,ACCEPTED,→,&lt;fruit&gt;,1211,head,1578,German,169,German,169,nut,"head, noddle (colloq.)",Nuß,Nuß
6121,shift2727,Polysemy,15,ACCEPTED,→,&lt;fruit&gt;,1211,head,1578,English,153,English,153,nut,(informal) a person's head,nut,nut
6127,shift3678,Derivation,1,ACCEPTED,→,to eat,2569,to corrode,2465,English,153,English,153,to eat,NA,eat,eat away (at)
6134,shift7527,Derivation,2,ACCEPTED,→,thousand,2181,myriapod,757,Dutch,255,Dutch,255,thousand,myriapod,duizend,duizendpoot
6135,shift7527,Derivation,3,ACCEPTED,→,thousand,2181,myriapod,757,German,169,German,169,thousand,myriapod,tausend,Tausendfüßler
6144,shift7527,Derivation,12,ACCEPTED,→,thousand,2181,myriapod,757,Norwegian,24,Norwegian,24,thousand,myriapod,tusen,tusenbein
6148,shift1175,Polysemy,1,ACCEPTED,?,to cut,2484,"to calculate, count",2393,Old Norse,236,Old Norse,236,to cut,to count,skora,skora
6160,shift2137,Polysemy,1,NEW,?,sad,3912,weak,28,Icelandic,252,Icelandic,252,"sad, unhappy",weak,dapur,dapur
6175,shift0426,Polysemy,2,ACCEPTED,→,early,3795,morning,712,German,169,German,169,early,this morning,früh,heute früh
6215,shift0242,Polysemy,10,ACCEPTED,—,"to grasp, seize",2717,to understand,3331,English,153,English,153,to grasp,to understand,grasp,grasp
6222,shift0242,Polysemy,17,ACCEPTED,→,"to grasp, seize",2717,to understand,3331,English,153,English,153,to grasp,to understand,catch,catch
6225,shift0242,Derivation,20,ACCEPTED,→,"to grasp, seize",2717,to understand,3331,German,169,German,169,to grasp,to understand,greifen,begreifen
6229,shift0242,Polysemy,24,ACCEPTED,→,"to grasp, seize",2717,to understand,3331,English,153,English,153,to get,to understand,get,get
6245,shift0242,Polysemy,40,ACCEPTED,→,"to grasp, seize",2717,to understand,3331,Norwegian,24,Norwegian,24,"to grasp, seize",to understand,fatte,fatte
6246,shift0242,Polysemy,41,ACCEPTED,→,"to grasp, seize",2717,to understand,3331,Danish,173,Danish,173,"to grasp, seize",to understand,fatte,fatte
6247,shift0242,Polysemy,42,ACCEPTED,→,"to grasp, seize",2717,to understand,3331,Swedish,135,Swedish,135,"to grasp, seize",to understand,fatta,fatta
6249,shift0242,Derivation,44,ACCEPTED,→,"to grasp, seize",2717,to understand,3331,German,169,German,169,to take,to understand,fassen,erfassen
6264,shift4106,Polysemy,1,ACCEPTED,→,hare (Lepus),1562,pacemaker (running),281,English,153,English,153,"mammal of the family Leporidae, with long ears, long hind legs and a short, fluffy tail",a runner who acts as pacesetter in the first laps of a race,rabbit,rabbit
6270,shift4106,Polysemy,7,ACCEPTED,→,hare (Lepus),1562,pacemaker (running),281,Dutch,255,Dutch,255,hare (Lepus),pacemaker (running),haas,haas
6271,shift4106,Polysemy,8,ACCEPTED,→,hare (Lepus),1562,pacemaker (running),281,Swedish,135,Swedish,135,hare (Lepus),pacemaker (running),hare,hare
6274,shift4106,Polysemy,11,ACCEPTED,→,hare (Lepus),1562,pacemaker (running),281,Norwegian,24,Norwegian,24,hare (Lepus),pacemaker (running),hare,hare
6287,shift3692,Polysemy,2,NEW,—,chain (n.),936,warp,11,German,169,German,169,chain (n.),warp,Kette,Kette
6727,shift4725,Derivation,1,ACCEPTED,→,falcon,1218,cannon (weapon),887,English,153,English,153,falcon,small cannon developed in the late 15th century,falcon,falcon
6733,shift2793,Polysemy,1,ACCEPTED,→,to fall down,2605,autumn,2063,English,153,English,153,to fall,autumn,fall,fall
6754,shift6605,Polysemy,1,NEW,→,to move,2925,"to move, change residence",2932,English,153,English,153,"to change place or posture; to go, in any manner, from one place or position to another","to change residence, for example from one house, town, or state, to another; to go and live at another place",move,move
6755,shift6605,Polysemy,2,NEW,→,to move,2925,"to move, change residence",2932,Norwegian,24,Norwegian,24,to move,"to move, change residence",flytte,flytte
6756,shift6605,Polysemy,3,NEW,→,to move,2925,"to move, change residence",2932,Danish,173,Danish,173,to move,"to move, change residence",flytte,flytte
6757,shift6605,Polysemy,4,NEW,→,to move,2925,"to move, change residence",2932,Swedish,135,Swedish,135,to move,"to move, change residence",flytta,flytta
6758,shift6605,Polysemy,5,NEW,→,to move,2925,"to move, change residence",2932,Icelandic,252,Icelandic,252,"to move, take to a different place","to move, change residence",flytja,flytja
6784,shift1819,Polysemy,4,ACCEPTED,→,to harness,2739,to force to work,2650,German,169,German,169,to harness,to force to work,einspannen,einspannen
6814,shift5676,Polysemy,3,ACCEPTED,—,room,1496,cell (in biology),924,German,169,German,169,"room (of prison, monastery)",cell (in biology),Zelle,Zelle
6823,shift5676,Polysemy,12,ACCEPTED,—,room,1496,cell (in biology),924,Swedish,135,Swedish,135,"room (of prison, monastery)",cell (in biology),cell,cell
6838,shift1122,Polysemy,9,ACCEPTED,→,near,1835,close (of relations),1002,Norwegian,24,Norwegian,24,near,close (of relations),nær,nær
6839,shift1122,Polysemy,10,ACCEPTED,→,near,1835,close (of relations),1002,Danish,173,Danish,173,near,close (of relations),nær,nær
6840,shift1122,Polysemy,11,ACCEPTED,→,near,1835,close (of relations),1002,Swedish,135,Swedish,135,near,close (of relations),nära,nära
6845,shift4103,Polysemy,2,ACCEPTED,—,page,283,website,36,English,153,English,153,page,website,page,page
6860,shift0487,Polysemy,2,ACCEPTED,?,mouth,735,eater,3805,English,153,English,153,mouth,eater,mouth,mouth
6869,shift0487,Polysemy,11,ACCEPTED,→,mouth,735,eater,3805,Norwegian,24,Norwegian,24,mouth,eater,munn,munn
6870,shift0487,Polysemy,12,ACCEPTED,→,mouth,735,eater,3805,Danish,173,Danish,173,mouth,eater,mund,mund
6871,shift0487,Polysemy,13,ACCEPTED,→,mouth,735,eater,3805,Swedish,135,Swedish,135,mouth,eater,mun,mun
6878,shift2643,Polysemy,6,ACCEPTED,—,&lt;animal&gt;,1916,coward,1123,Icelandic,252,Icelandic,252,cat (female),coward,bleyða,bleyða
6882,shift2643,Polysemy,10,ACCEPTED,→,&lt;animal&gt;,1916,coward,1123,English,153,English,153,chick,coward,chiсken,chiсken
6884,shift2643,Polysemy,12,ACCEPTED,→,&lt;animal&gt;,1916,coward,1123,Icelandic,252,Icelandic,252,she goat,coward,geit,geit
6886,shift2643,Polysemy,14,ACCEPTED,→,&lt;animal&gt;,1916,coward,1123,Danish,173,Danish,173,chicken,coward,kylling,kylling
6907,shift0006,Polysemy,2,ACCEPTED,→,to think,3293,"to recall, recollect",3045,English,153,English,153,"to have in the mind; to reflect, to ponder","to recall, recollect",think,think
6908,shift0006,Derivation,3,ACCEPTED,→,to think,3293,"to recall, recollect",3045,German,169,German,169,think,recollection,denken,Andenken
6924,shift2271,Polysemy,8,ACCEPTED,→,"air, atmosphere",1962,"ambience, vibe",1985,English,153,English,153,"air, atmosphere","conditions (such as music, illumination etc.) that can influence the mood felt in an environment, ambiance;  (figuratively) the apparent mood felt in an environment",atmosphere,atmosphere
6933,shift0746,Polysemy,2,ACCEPTED,—,to see/to look at,3121,to understand,3331,English,153,English,153,to see,"to understand, to be aware",see,see
6938,shift0746,Polysemy,7,ACCEPTED,→,to see/to look at,3121,to understand,3331,Norwegian,24,Norwegian,24,to see,to understand,se,se
6939,shift0746,Polysemy,8,ACCEPTED,→,to see/to look at,3121,to understand,3331,Danish,173,Danish,173,to see,to understand,se,se
6940,shift0746,Polysemy,9,ACCEPTED,→,to see/to look at,3121,to understand,3331,Swedish,135,Swedish,135,to see,to understand,se,se
6941,shift0746,Polysemy,10,ACCEPTED,→,to see/to look at,3121,to understand,3331,Icelandic,252,Icelandic,252,to see,to understand,sjá,sjá
6946,shift0746,Polysemy,15,ACCEPTED,→,to see/to look at,3121,to understand,3331,English,153,English,153,to catch sight of,to mentally realize,discern,discern
6969,shift8470,Derivation,2,ACCEPTED,→,flat cake,1313,"afterbirth, placenta",1953,German,169,German,169,"pie, cake, tart",placenta,Kuchen,Mutterkuchen
6970,shift8470,Derivation,3,ACCEPTED,→,flat cake,1313,"afterbirth, placenta",1953,Danish,173,Danish,173,cake,placenta,kage,moderkage
6971,shift8470,Derivation,4,ACCEPTED,→,flat cake,1313,"afterbirth, placenta",1953,Dutch,255,Dutch,255,flat cake,placenta,koek,moederkoek
6973,shift8470,Derivation,6,ACCEPTED,→,flat cake,1313,"afterbirth, placenta",1953,Icelandic,252,Icelandic,252,cake,placenta,kaka,legkaka
6974,shift8470,Derivation,7,ACCEPTED,→,flat cake,1313,"afterbirth, placenta",1953,Norwegian,24,Norwegian,24,cake,placenta,kake,morkake
6984,shift4618,Polysemy,1,ACCEPTED,—,sooner,4168,rather (preference),1432,English,153,English,153,more quickly,better,sooner,sooner
6985,shift4618,Polysemy,2,ACCEPTED,→,sooner,4168,rather (preference),1432,German,169,German,169,sooner,better,eher,eher
6987,shift5674,Polysemy,2,ACCEPTED,→,room,1496,cell (of honeycomb),926,English,153,English,153,small room in a monastery or nunnery accommodating one person; room in a prison,cell (of honeycomb),cell,cell
6988,shift5674,Polysemy,3,ACCEPTED,—,room,1496,cell (of honeycomb),926,Dutch,255,Dutch,255,"small room, such as a prison or cloister cell",cell (of honeycomb),cel,cel
7027,shift4718,Polysemy,4,ACCEPTED,→,root (of a plant),1499,root (arithmetic),1498,Dutch,255,Dutch,255,root (of a plant),root (arithmetic),wortel,wortel
7028,shift4718,Polysemy,5,ACCEPTED,—,root (of a plant),1499,root (arithmetic),1498,Afrikaans,835,Afrikaans,835,carrot,root (arithmetic),wortel,wortel
7029,shift4718,Polysemy,6,ACCEPTED,→,root (of a plant),1499,root (arithmetic),1498,German,169,German,169,root (of a plant),root (arithmetic),Wurzel,Wurzel
7037,shift4718,Polysemy,14,ACCEPTED,→,root (of a plant),1499,root (arithmetic),1498,Icelandic,252,Icelandic,252,root (of a plant),root (arithmetic),rót,rót
7046,shift4718,Polysemy,23,ACCEPTED,→,root (of a plant),1499,root (arithmetic),1498,Swedish,135,Swedish,135,root (of a plant),root (arithmetic),rot,rot
7049,shift4718,Polysemy,26,ACCEPTED,→,root (of a plant),1499,root (arithmetic),1498,Danish,173,Danish,173,root (of a plant),root (arithmetic),rod,rod
7061,shift8367,Derivation,1,NEW,→,egg,3813,dandelion,4378,Old English,114,Old English,114,egg,dandelion,ǣġ,ǣġwyrt
7071,shift0140,Polysemy,3,ACCEPTED,?,to take prisoner,3277,"to charm, to delight",2421,English,153,English,153,"to capture, to take prisoners","to delight, to charm",captivate,captivate
7082,shift8453,Polysemy,6,ACCEPTED,→,whip,57,flagellum,1309,German,169,German,169,whip,flagellum,Geißel,Geißel
7094,shift8453,Polysemy,18,ACCEPTED,→,whip,57,flagellum,1309,Icelandic,252,Icelandic,252,"riding crop, whip",flagellum,svipa,svipa
7100,shift8453,Derivation,24,ACCEPTED,→,whip,57,flagellum,1309,Dutch,255,Dutch,255,whip,flagellum,zweep,"zweepstaartje, zweephaar"
7106,shift4565,Polysemy,4,ACCEPTED,—,"tube, pipe",3455,trumpet,3450,English,153,English,153,"rigid tube that transports water, steam or other fluid, as used in plumbing and numerous other applications","wind instrument consisting of a tube, often lined with holes to allow for adjustment in pitch, sounded by blowing into the tube",pipe,pipe
7112,shift7906,Polysemy,2,ACCEPTED,→,clothes,1005,dress (feminine),4480,English,153,English,153,clothes,dress (feminine),dress,dress
7114,shift7906,Derivation,4,ACCEPTED,←,clothes,1005,dress (feminine),4480,German,169,German,169,clothes,dress (feminine),Kleider,Kleid
7119,shift6198,Derivation,3,ACCEPTED,→,rainbow,1421,Xenopeltis unicolor,554,Dutch,255,Dutch,255,rainbow,Xenopeltis unicolor,regenboog,regenboogslang
7120,shift6198,Derivation,4,ACCEPTED,→,rainbow,1421,Xenopeltis unicolor,554,Dutch,255,Dutch,255,rainbow,Xenopeltis unicolor,regenboog,regenboogslang
7121,shift6198,Derivation,5,ACCEPTED,→,rainbow,1421,Xenopeltis unicolor,554,Dutch,255,Dutch,255,rainbow,Xenopeltis unicolor,regenboog,regenboogslang
7122,shift6198,Derivation,6,ACCEPTED,→,rainbow,1421,Xenopeltis unicolor,554,Dutch,255,Dutch,255,rainbow,Xenopeltis unicolor,regenboog,regenboogslang
7145,shift0733,Polysemy,4,ACCEPTED,?,curved,1167,wrong,127,English,153,English,153,"crooked, curved",dishonest,crooked,crooked
7146,shift0733,Polysemy,5,ACCEPTED,?,curved,1167,wrong,127,English,153,English,153,"crooked, lop-sided","wrong,contradictory, distorted",wry,wry
7153,shift0733,Polysemy,12,ACCEPTED,—,curved,1167,wrong,127,Norwegian,24,Norwegian,24,curved,wrong,skjev,skjev
7154,shift0733,Polysemy,13,ACCEPTED,—,curved,1167,wrong,127,Danish,173,Danish,173,curved,wrong,skæv,skæv
7155,shift0733,Polysemy,14,ACCEPTED,—,curved,1167,wrong,127,Icelandic,252,Icelandic,252,curved,wrong,skakkur,skakkur
7180,shift3150,Polysemy,2,ACCEPTED,→,to fall down,2605,to suit (of clothes),3248,Norwegian,24,Norwegian,24,to fall down,to suit (of clothes),falle,falle
7229,shift6519,Derivation,3,ACCEPTED,→,horse,1661,hippopotamus,1630,Danish,173,Danish,173,horse (Equus caballus),hippopotamus,hest,flodhest
7230,shift6519,Derivation,4,ACCEPTED,→,horse,1661,hippopotamus,1630,Norwegian,24,Norwegian,24,horse (Equus caballus),hippopotamus,hest,flodhest
7231,shift6519,Derivation,5,ACCEPTED,→,horse,1661,hippopotamus,1630,German,169,German,169,horse (Equus caballus),hippopotamus,Pferd,Flusspferd
7232,shift6519,Derivation,6,ACCEPTED,→,horse,1661,hippopotamus,1630,English,153,English,153,horse (Equus caballus),(dated) hippopotamus,horse,river horse
7233,shift6519,Derivation,7,ACCEPTED,→,horse,1661,hippopotamus,1630,Middle English,6,Middle English,6,horse (Equus caballus),hippopotamus,hors,water hors
7235,shift6519,Derivation,9,ACCEPTED,→,horse,1661,hippopotamus,1630,Dutch,255,Dutch,255,horse (Equus caballus),hippopotamus,paard,nijlpaard
7242,shift6519,Derivation,16,ACCEPTED,→,horse,1661,hippopotamus,1630,Icelandic,252,Icelandic,252,horse (Equus caballus),hippopotamus,hestur,flóðhestur
7245,shift6519,Derivation,19,ACCEPTED,→,horse,1661,hippopotamus,1630,Swedish,135,Swedish,135,horse (Equus caballus),hippopotamus,häst,flodhäst
7253,shift6519,Derivation,27,ACCEPTED,→,horse,1661,hippopotamus,1630,Luxembourgish,840,Luxembourgish,840,horse (Equus caballus),hippopotamus,Päerd,Nilpäerd
7262,shift2158,Derivation,3,ACCEPTED,→,dew,4424,sundew (Drosera),4336,English,153,English,153,dew,sundew,dew,sundew
7274,shift0403,Polysemy,3,ACCEPTED,?,goal frame (sport),802,goal (sport result),801,English,153,English,153,goal (sport.),goal,goal,goal
7275,shift0403,Polysemy,4,ACCEPTED,?,goal frame (sport),802,goal (sport result),801,German,169,German,169,gates,goal,Tor,Tor
7278,shift0701,Polysemy,2,ACCEPTED,→,paper,297,document (n.),4457,English,153,English,153,NA,an official document,paper,paper
7281,shift0701,Polysemy,5,ACCEPTED,→,paper,297,document (n.),4457,Norwegian,24,Norwegian,24,paper,document (n.),papir,papir
7282,shift0701,Polysemy,6,ACCEPTED,→,paper,297,document (n.),4457,Danish,173,Danish,173,paper,document (n.),papir,papir
7283,shift0701,Polysemy,7,ACCEPTED,→,paper,297,document (n.),4457,Swedish,135,Swedish,135,paper,document (n.),papper,papper
7284,shift0701,Polysemy,8,ACCEPTED,→,paper,297,document (n.),4457,Icelandic,252,Icelandic,252,paper,document (n.),pappír,pappír
7306,shift5635,Derivation,2,NEW,→,hen,1607,ladybird,145,Danish,173,Danish,173,hen,ladybird,høne,mariehøne
7307,shift5635,Derivation,3,NEW,→,hen,1607,ladybird,145,Icelandic,252,Icelandic,252,hen,ladybird,hæna,maríuhæna
7309,shift1736,Polysemy,2,ACCEPTED,—,to smell bad,3177,bad,3493,English,153,English,153,to stink,to be dislikeable,stink,stink
7352,shift2010,Polysemy,6,ACCEPTED,→,awake,2065,attentive,2052,English,153,English,153,"awake, vigilant","awake, on guard",awake,awake
7354,shift2010,Polysemy,8,ACCEPTED,—,awake,2065,attentive,2052,Norwegian,24,Norwegian,24,awake,attentive,våken,våken
7355,shift2010,Polysemy,9,ACCEPTED,—,awake,2065,attentive,2052,Danish,173,Danish,173,awake,attentive,vågen,vågen
7356,shift2010,Polysemy,10,ACCEPTED,—,awake,2065,attentive,2052,Swedish,135,Swedish,135,awake,attentive,vaken,vaken
7370,shift3303,Derivation,1,ACCEPTED,→,"lead, plumbum",173,pencil,341,German,169,German,169,lead,pencil,Blei,Bleistift
7374,shift3303,Polysemy,5,ACCEPTED,→,"lead, plumbum",173,pencil,341,Dutch,255,Dutch,255,"lead, plumbum",pencil,lood,potlood
7378,shift3303,Derivation,9,ACCEPTED,→,"lead, plumbum",173,pencil,341,Afrikaans,835,Afrikaans,835,"lead, plumbum",pencil,lood,potlood
7386,shift2389,Polysemy,1,NEW,→,arrow,2033,lightning,215,Old High German,147,Old High German,147,arrow,lightning,strāl(a),strāl(a)
7389,shift2078,Polysemy,1,SUSPENDED,→,to cut,2484,to cut off relationships,2485,English,153,English,153,to cut,"fail to recognize smn in public, to pretend not to know a person",to cut,to cut
7397,shift3676,Polysemy,3,ACCEPTED,→,transparent,3427,comprehensible,1074,German,169,German,169,"clear, transparent",clear,klar,klar
7398,shift3676,Polysemy,4,ACCEPTED,→,transparent,3427,comprehensible,1074,English,153,English,153,"light, clear (sky)",clear,clear,clear
7404,shift3676,Polysemy,10,ACCEPTED,→,transparent,3427,comprehensible,1074,English,153,English,153,transparent,comprehensible,transparent,transparent
7410,shift1980,Derivation,5,ACCEPTED,→,"ship, vessel",4039,to sail,3107,Dutch,255,Dutch,255,canoe,to canoe,kanoë (?),kanoën
7416,shift0451,Derivation,6,ACCEPTED,→,eye,3890,window,89,Old High German,147,Old High German,147,eye,"window, lit. eye door",auga,augatora
7417,shift0451,Derivation,7,NEW,→,eye,3890,window,89,Old English,114,Old English,114,eye,window,ēage,ēagþȳrel
7418,shift0451,Derivation,8,NEW,→,eye,3890,window,89,Old English,114,Old English,114,eye,window,ēage,ēagduru
7419,shift0451,Derivation,9,NEW,→,eye,3890,window,89,Gothic,228,Gothic,228,eye,window,augō,augadaurō
7420,shift0451,Derivation,10,NEW,→,eye,3890,window,89,Old Norse,236,Old Norse,236,eye,window,auga,vindauga
7421,shift0451,Derivation,11,NEW,→,eye,3890,window,89,Norwegian,24,Norwegian,24,eye,window,auga,vindauga
7426,shift4208,Polysemy,2,ACCEPTED,→,"yard, courtyard",2075,court (of a sovereign),1114,German,169,German,169,courtyard,court (of a sovereign),Hof,Hof
7429,shift4208,Polysemy,5,ACCEPTED,→,"yard, courtyard",2075,court (of a sovereign),1114,English,153,English,153,courtyard,court (of a sovereign),court,court
7471,shift0259,Cognates,1,ACCEPTED,→,to crawl,2473,snake,4136,Old High German,147,Old High German,147,"to turn, to coil",snake,slingan,slango
7490,shift0561,Derivation,2,ACCEPTED,—,hand/arm,1550,handful,1551,English,153,English,153,hand,handful,hand,handful
7491,shift0561,Derivation,3,ACCEPTED,—,hand/arm,1550,handful,1551,Scots,837,Scots,837,hand,handful,haund,haundfu
7495,shift0561,Derivation,7,ACCEPTED,→,hand/arm,1550,handful,1551,German,169,German,169,hand,handful,Hand,Handvoll
7500,shift0561,Derivation,12,ACCEPTED,—,hand/arm,1550,handful,1551,Norwegian,24,Norwegian,24,hand,handful,hand,handfull
7501,shift0561,Derivation,13,ACCEPTED,—,hand/arm,1550,handful,1551,Norwegian,24,Norwegian,24,hand,handful,hånd,håndfull
7502,shift0561,Derivation,14,ACCEPTED,→,hand/arm,1550,handful,1551,Swedish,135,Swedish,135,hand,handful,hand,handfull
7505,shift8179,Polysemy,1,ACCEPTED,→,noble,1870,good (ethically),816,English,153,English,153,noble,good (ethically),noble,noble
7520,shift5479,Polysemy,1,ACCEPTED,→,to drink,2557,to drink alcohol,2558,English,153,English,153,to consume (a liquid) through the mouth,to consume alcoholic beverages,drink,drink
7545,shift0550,Polysemy,5,ACCEPTED,→,heavy (of weight),1594,"stuffy, close",4310,Norwegian,24,Norwegian,24,heavy (of weight),"stuffy, close",tung,tung
7546,shift0550,Polysemy,6,ACCEPTED,→,heavy (of weight),1594,"stuffy, close",4310,Danish,173,Danish,173,heavy (of weight),"stuffy, close",tung,tung
7547,shift0550,Polysemy,7,ACCEPTED,→,heavy (of weight),1594,"stuffy, close",4310,Swedish,135,Swedish,135,heavy (of weight),"stuffy, close",tung,tung
7551,shift8564,Derivation,1,ACCEPTED,→,winter solstice,95,December,4401,German,169,German,169,"ancient Germanic festival of the winter solstice, which was celebrated from December 12th to 20th","(archaic, poetic) December",Jul,Julmond
7553,shift0028,Polysemy,1,ACCEPTED,?,"to get, obtain",2691,to receive visitors,3046,English,153,English,153,NA,NA,receive,receive
7559,shift4450,Polysemy,1,ACCEPTED,→,farmer,1235,pawn (in chess),320,German,169,German,169,"farmer, peasant",pawn (in chess),Bauer,Bauer
7560,shift4450,Polysemy,2,ACCEPTED,→,farmer,1235,pawn (in chess),320,Danish,173,Danish,173,"farmer, peasant, countryman",pawn (in chess),bonde,bonde
7562,shift4450,Polysemy,4,ACCEPTED,→,farmer,1235,pawn (in chess),320,Swedish,135,Swedish,135,farmer,pawn (in chess),bonde,bonde
7563,shift4450,Polysemy,5,ACCEPTED,→,farmer,1235,pawn (in chess),320,Norwegian,24,Norwegian,24,farmer,pawn (in chess),bonde,bonde
7622,shift0008,Polysemy,11,ACCEPTED,→,to know,2826,to know how,2827,Norwegian,24,Norwegian,24,to know,"to know how, to be able",kunne,kunne
7623,shift0008,Polysemy,12,ACCEPTED,→,to know,2826,to know how,2827,Swedish,135,Swedish,135,to have knowledge about,"to know how, to be able",kunna,kunna
7624,shift0008,Polysemy,13,ACCEPTED,→,to know,2826,to know how,2827,Icelandic,252,Icelandic,252,to know,"to know how, to be able",kunna,kunna
7631,shift5809,Derivation,2,NEW,→,tail,2113,"coccyx, tailbone",1022,English,153,English,153,tail,"coccyx, tailbone",tail,tailbone
7645,shift5013,Polysemy,2,NEW,→,with exception of,102,in addition to,1752,German,169,German,169,with exception of,in addition to,außer,außer
7656,shift0384,Derivation,10,ACCEPTED,→,to see/to look at,3121,"to care for, look after",2399,English,153,English,153,to see,to look after,see,see (to smth.)
7662,shift0384,Derivation,16,ACCEPTED,→,to see/to look at,3121,"to care for, look after",2399,English,153,English,153,to look,to look after,look,look after
7729,shift1129,Polysemy,6,ACCEPTED,?,coal,1018,smut (plant disease),4134,German,169,German,169,fire; blast,smut,Brand,Brand
7732,shift3242,Polysemy,1,ACCEPTED,→,neck,1837,neck (of bottle etc.),1839,German,169,German,169,"neck, throat",neck (bottle),Hals,Hals
7735,shift3242,Polysemy,4,ACCEPTED,→,neck,1837,neck (of bottle etc.),1839,English,153,English,153,neck,neck (bottle),neck,neck
7739,shift3242,Polysemy,8,ACCEPTED,→,neck,1837,neck (of bottle etc.),1839,Norwegian,24,Norwegian,24,neck,neck (of bottle etc.),hals,hals
7740,shift3242,Polysemy,9,ACCEPTED,→,neck,1837,neck (of bottle etc.),1839,Danish,173,Danish,173,neck,neck (of bottle etc.),hals,hals
7741,shift3242,Polysemy,10,ACCEPTED,→,neck,1837,neck (of bottle etc.),1839,Swedish,135,Swedish,135,neck,neck (of bottle etc.),hals,hals
7742,shift3242,Polysemy,11,ACCEPTED,→,neck,1837,neck (of bottle etc.),1839,Icelandic,252,Icelandic,252,neck,neck (of bottle etc.),háls,háls
7744,shift7086,Polysemy,2,ACCEPTED,→,to move down (tr.),2928,"to defeat, win",2501,English,153,English,153,to move down (tr.),"to defeat, win",to take down,to take down
7745,shift0054,Derivation,1,ACCEPTED,→,wind,88,window,89,English,153,English,153,wind,window,wind,window
7750,shift0054,Derivation,6,NEW,→,wind,88,window,89,Old Norse,236,Old Norse,236,wind,window,vindr,vindauga
7751,shift0054,Polysemy,7,NEW,→,wind,88,window,89,Norwegian,24,Norwegian,24,wind,window,vind,vindauga
7788,shift7937,Polysemy,1,ACCEPTED,—,fire,1286,fire (accident),1287,English,153,English,153,"(usually self-sustaining) chemical reaction involving the bonding of oxygen with carbon or other fuel, with the production of heat and the presence of flame or smouldering","occurrence, often accidental, of fire in a certain place, causing damage and danger",fire,fire
7799,shift0817,Polysemy,4,ACCEPTED,→,taste (n.),2132,aesthetic perception,1951,English,153,English,153,NA,NA,taste,taste
7800,shift0817,Polysemy,5,ACCEPTED,→,taste (n.),2132,aesthetic perception,1951,Norwegian,24,Norwegian,24,taste,aesthetic perception,smak,smak
7801,shift0817,Polysemy,6,ACCEPTED,→,taste (n.),2132,aesthetic perception,1951,Danish,173,Danish,173,taste,aesthetic perception,smag,smag
7802,shift0817,Polysemy,7,ACCEPTED,→,taste (n.),2132,aesthetic perception,1951,Swedish,135,Swedish,135,taste,aesthetic perception,smak,smak
7803,shift0817,Polysemy,8,ACCEPTED,→,taste (n.),2132,aesthetic perception,1951,German,169,German,169,taste (n.),aesthetic perception,Geschmack,Geschmack
7812,shift1699,Polysemy,6,ACCEPTED,→,black,3610,illegal,1739,German,169,German,169,NA,illegal,schwarz,schwarz
7813,shift1699,Polysemy,7,ACCEPTED,→,black,3610,illegal,1739,English,153,English,153,NA,NA,black,black
7815,shift1699,Polysemy,9,ACCEPTED,→,black,3610,illegal,1739,Norwegian,24,Norwegian,24,black,illegal,svart,svart
7816,shift1699,Polysemy,10,ACCEPTED,→,black,3610,illegal,1739,Danish,173,Danish,173,black,illegal,sort,sort
7817,shift1699,Polysemy,11,ACCEPTED,→,black,3610,illegal,1739,Swedish,135,Swedish,135,black,illegal,svart,svart
7818,shift1699,Polysemy,12,ACCEPTED,→,black,3610,illegal,1739,Icelandic,252,Icelandic,252,black,illegal,svartur,svartur
7836,shift1342,Polysemy,3,ACCEPTED,→,feather,1250,fin,1281,Faroese,92,Faroese,92,feather,fin,fjøður,fjøður
7908,shift6197,Derivation,2,ACCEPTED,→,sunbeam,4334,Xenopeltis unicolor,554,English,153,English,153,sunbeam,Xenopeltis unicolor,sunbeam,sunbeam snake
7928,shift0762,Polysemy,3,ACCEPTED,?,to taste (tr.),3283,to feel (an emotion),2613,English,153,English,153,to taste,"to experience, to taste",taste,taste
7966,shift5012,Derivation,9,ACCEPTED,→,place,392,instead of,1790,Dutch,255,Dutch,255,place,instead of,plaats,in plaats van
7967,shift5012,Derivation,10,ACCEPTED,→,place,392,instead of,1790,Danish,173,Danish,173,place,instead of,sted,i stedet for
7975,shift2393,Derivation,2,ACCEPTED,→,"to strike, hit",3234,to fight (war),2624,Swedish,135,Swedish,135,strike,to fight,slå,slåss
7980,shift2393,Derivation,7,ACCEPTED,→,"to strike, hit",3234,to fight (war),2624,Old Norse,236,Old Norse,236,to hit,to fight,berja,berjask
7983,shift2393,Derivation,10,ACCEPTED,→,"to strike, hit",3234,to fight (war),2624,Danish,173,Danish,173,"to beat, hit",to be at war,slå,slås
8010,shift2532,Polysemy,3,ACCEPTED,→,to break (tr.),2370,to divide into several parts,2541,English,153,English,153,to break,to share,to break,to break
8028,shift3934,Polysemy,5,ACCEPTED,—,clean (adj.),998,pure,496,Norwegian,24,Norwegian,24,clean (adj.),pure,ren,ren
8029,shift3934,Polysemy,6,ACCEPTED,—,clean (adj.),998,pure,496,Danish,173,Danish,173,clean (adj.),pure,ren,ren
8030,shift3934,Polysemy,7,ACCEPTED,—,clean (adj.),998,pure,496,Swedish,135,Swedish,135,clean (adj.),pure,ren,ren
8031,shift3934,Polysemy,8,ACCEPTED,—,clean (adj.),998,pure,496,Icelandic,252,Icelandic,252,clean (adj.),pure,hreinn,hreinn
8056,shift0163,Polysemy,5,ACCEPTED,→,to return (tr.),3081,to answer,2228,English,153,English,153,NA,NA,to return,to return
8064,shift5547,Derivation,2,ACCEPTED,→,to struggle,3235,ruff (bird),1519,Dutch,255,Dutch,255,"to struggle, to contend",ruff (bird),kampen,kemphaan
8065,shift5547,Derivation,3,ACCEPTED,→,to struggle,3235,ruff (bird),1519,German,169,German,169,fight,ruff (bird),Kampf,Kampfläufer
8090,shift1347,Polysemy,5,ACCEPTED,?,to fall asleep,2604,to grow numb,2725,German,169,German,169,to fall aspleep,get numb,einschlafen,einschlafen
8112,shift1062,Polysemy,4,ACCEPTED,?,dog,4458,whore,67,English,153,English,153,bitch,whore,bitch,bitch
8145,shift1094,Polysemy,2,ACCEPTED,?,to speak,3193,rumour,1522,English,153,English,153,to speak,rumour,talk,talk
8146,shift2767,Polysemy,1,ACCEPTED,→,to pull up (a plant),3017,"to destroy, annihilate",2514,English,153,English,153,to pull weeds,"to eradicate, to destroy",weed,weed
8160,shift6206,Derivation,1,NEW,→,"nut, hazel",1898,Anguis fragilis,1998,Dutch,255,Dutch,255,"nut, hazel",Anguis fragilis,hazel,hazelworm
8181,shift1114,Derivation,3,ACCEPTED,→,to put into,3026,to bribe,2375,Norwegian,24,Norwegian,24,to put into,to bribe,stikke,bestikke
8182,shift1114,Derivation,4,ACCEPTED,→,to put into,3026,to bribe,2375,Danish,173,Danish,173,to put into,to bribe,stikke,bestikke
8183,shift1114,Derivation,5,ACCEPTED,→,to put into,3026,to bribe,2375,Swedish,135,Swedish,135,to put into,to bribe,sticka,besticka
8244,shift6640,Polysemy,1,ACCEPTED,→,catapult,908,slingshot,4116,English,153,English,153,a device or weapon for throwing or launching large objects,(UK) slingshot,catapult,catapult
8246,shift6640,Polysemy,3,ACCEPTED,→,catapult,908,slingshot,4116,Dutch,255,Dutch,255,catapult,slingshot,katapult,katapult
8254,shift6034,Polysemy,1,NEW,→,claw,995,claw (of a crustacean),996,English,153,English,153,"curved, pointed horny nail on each digit of the foot of a mammal, reptile, or bird",pincer (chela) of a crustacean or other arthropod,claw,claw
8259,shift1082,Polysemy,3,ACCEPTED,?,servant,3997,jack (playing card),1171,German,169,German,169,"servant, labourer","knave, jack",Bube,Bube
8262,shift1082,Polysemy,6,ACCEPTED,?,servant,3997,jack (playing card),1171,English,153,English,153,"servant, butler","knave, jack",knave,knave
8293,shift0598,Polysemy,3,ACCEPTED,—,tree,3432,firewood,1294,Danish,173,Danish,173,tree,"wood, timber",træ,træ
8302,shift0878,Polysemy,6,ACCEPTED,—,cattle,914,"property, possessions",478,English,153,English,153,NA,"fund, property",stock,stock
8316,shift0878,Polysemy,20,ACCEPTED,—,cattle,914,"property, possessions",478,Icelandic,252,Icelandic,252,"livestock; cattle, chiefly sheep",money,fé,fé
8333,shift0957,Polysemy,2,ACCEPTED,→,"matter, affair",607,battle,3534,Old English,114,Old English,114,"toil, labor","struggle, contest; war",gewin,gewin
8334,shift0957,Polysemy,3,ACCEPTED,?,"matter, affair",607,battle,3534,English,153,English,153,"business, affair, thing","fight, battle",affair,affair
8345,shift5681,Derivation,2,NEW,→,"sack, bag",3908,"to discharge, dismiss",2527,English,153,English,153,"bag; especially a large bag of strong, coarse material for storage and handling of various commodities, such as potatoes, coal, coffee",(informal) to discharge from a job or position,sack,sack
8356,shift1330,Derivation,4,ACCEPTED,→,to burn (tr.),2385,nettle (Urtica),1849,Icelandic,252,Icelandic,252,"to burn, to scorch",nettle (Utrica),brenna,brennigras
8361,shift2114,Polysemy,1,ACCEPTED,?,sand,3934,coast,1019,Icelandic,252,Icelandic,252,sand,shore,sandur,sandur
8413,shift1423,Derivation,3,ACCEPTED,→,"to strike, hit",3234,woodpecker,118,German,169,German,169,to beat,woodpecker,hauen,Baumhauer
8415,shift1423,Derivation,5,ACCEPTED,→,"to strike, hit",3234,woodpecker,118,English,153,English,153,to peck,woodpecker,peck,woodpecker
8436,shift0628,Polysemy,5,ACCEPTED,?,cattle,914,bad person,3496,English,153,English,153,cattle,rabble (disdainf.),cattle,cattle
8437,shift0628,Polysemy,6,ACCEPTED,?,cattle,914,bad person,3496,English,153,English,153,beast,"stubborn, unpleasant person (playful)",beast,beast
8453,shift2367,Derivation,8,ACCEPTED,→,&lt;animal&gt;,1916,spot of reflected light,4218,Swedish,135,Swedish,135,cat,small solar reflex often consciously accomplished,katt,solkatt
8462,shift6917,Derivation,3,ACCEPTED,→,pearl,329,guinea fowl,859,Dutch,255,Dutch,255,pearl,guinea fowl,parel,parelhoen
8463,shift6917,Derivation,4,ACCEPTED,→,pearl,329,guinea fowl,859,Danish,173,Danish,173,pearl,guinea fowl,perle,perlehøne
8465,shift6917,Derivation,6,ACCEPTED,→,pearl,329,guinea fowl,859,Faroese,92,Faroese,92,pearl,guinea fowl,perla,perluhøna
8467,shift6917,Derivation,8,ACCEPTED,→,pearl,329,guinea fowl,859,German,169,German,169,pearl,guinea fowl,Perl,Perlhuhn
8469,shift6917,Derivation,10,ACCEPTED,→,pearl,329,guinea fowl,859,Icelandic,252,Icelandic,252,pearl,guinea fowl,perla,perluhænsn
8470,shift6917,Derivation,11,ACCEPTED,→,pearl,329,guinea fowl,859,Norwegian,24,Norwegian,24,pearl,guinea fowl,perle,perlehøne
8472,shift6917,Derivation,13,ACCEPTED,→,pearl,329,guinea fowl,859,Romansh,35,Romansh,35,pearl,guinea fowl,perla,giaglina perlada
8486,shift1157,Derivation,6,ACCEPTED,→,horse,1661,&lt;orthopteran&gt;,4509,German,169,German,169,horse,locust,Pferd,Heupferd
8508,shift3058,Polysemy,1,NEW,—,"to be glad, happy",2275,to forget,2653,Old Norse,236,Old Norse,236,"to make a merry noise, to be merry",to forget,gleyma,gleyma
8533,shift0459,Polysemy,3,ACCEPTED,→,eye,3890,"spot, pip (on playing cards or dice)",4219,German,169,German,169,NA,pip,Auge,Auge
8537,shift0459,Polysemy,7,ACCEPTED,→,eye,3890,"spot, pip (on playing cards or dice)",4219,Norwegian,24,Norwegian,24,eye,"spot, pip (on playing cards or dice)",øye,øye
8538,shift0459,Polysemy,8,ACCEPTED,→,eye,3890,"spot, pip (on playing cards or dice)",4219,Swedish,135,Swedish,135,eye,"spot, pip (on playing cards or dice)",öga,öga
8542,shift1332,Derivation,3,ACCEPTED,?,bald,3504,bald-coot (Fulica atra),3506,English,153,English,153,bald,bald-coot,bald,bald-coot
8545,shift2065,Polysemy,3,ACCEPTED,→,"branch, twig",3672,part,306,English,153,English,153,NA,NA,branch,branch
8549,shift2065,Polysemy,7,ACCEPTED,—,"branch, twig",3672,part,306,Norwegian,24,Norwegian,24,branch,part,gren,gren
8550,shift2065,Polysemy,8,ACCEPTED,—,"branch, twig",3672,part,306,Danish,173,Danish,173,branch,part,gren,gren
8551,shift2065,Polysemy,9,ACCEPTED,—,"branch, twig",3672,part,306,Swedish,135,Swedish,135,branch,subdivision,gren,gren
8552,shift2065,Polysemy,10,ACCEPTED,—,"branch, twig",3672,part,306,Icelandic,252,Icelandic,252,branch,part,grein,grein
8573,shift0157,Polysemy,1,ACCEPTED,→,tasteless,2133,boring,3650,German,169,German,169,"tasteless, insipid","dull, uninteresting (colloq.)",fade,fade
8582,shift2778,Polysemy,8,ACCEPTED,→,hand/arm,1550,"power, authority",450,English,153,English,153,each of the two upper limbs of the human body from the shoulder to the hand,used to refer to something powerful or protective,arm,arm
8601,shift3872,Polysemy,4,ACCEPTED,→,father,1242,&lt;priest&gt;,279,English,153,English,153,father,(often as a title or form of address) a priest,father,father
8608,shift3872,Polysemy,11,ACCEPTED,→,father,1242,&lt;priest&gt;,279,Norwegian,24,Norwegian,24,father,priest,far,far
8619,shift4542,Derivation,2,ACCEPTED,→,finger-ring,1284,ring finger,1483,English,153,English,153,round piece of (precious) metal worn around the finger,finger between the middle finger and little finger,ring,ring finger
8626,shift4542,Derivation,9,ACCEPTED,→,finger-ring,1284,ring finger,1483,German,169,German,169,finger-ring,ring finger,Ring,Ringfinger
8631,shift4542,Derivation,14,ACCEPTED,→,finger-ring,1284,ring finger,1483,Swedish,135,Swedish,135,finger-ring,ring finger,ring,ringfinger
8632,shift4542,Derivation,15,ACCEPTED,→,finger-ring,1284,ring finger,1483,Danish,173,Danish,173,finger-ring,ring finger,ring,ringfinger
8633,shift4542,Derivation,16,ACCEPTED,→,finger-ring,1284,ring finger,1483,Norwegian,24,Norwegian,24,finger-ring,ring finger,ring,ringfinger
8634,shift4542,Derivation,17,ACCEPTED,→,finger-ring,1284,ring finger,1483,Dutch,255,Dutch,255,finger-ring,ring finger,ring,ringvinger
8635,shift4542,Derivation,18,ACCEPTED,→,finger-ring,1284,ring finger,1483,West Frisian,1192,West Frisian,1192,finger-ring,ring finger,ring,ringfinger
8642,shift4542,Derivation,25,ACCEPTED,→,finger-ring,1284,ring finger,1483,Icelandic,252,Icelandic,252,finger-ring,ring finger,baugur,baugfingur
8676,shift6352,Derivation,1,NEW,→,common quail,1058,buttonquail,3739,English,153,English,153,common quail,buttonquail,quail,buttonquail
8677,shift6352,Derivation,2,NEW,→,common quail,1058,buttonquail,3739,Dutch,255,Dutch,255,common quail,buttonquail,kwartel,vechtkwartel
8679,shift4014,Polysemy,1,ACCEPTED,—,father,1242,founder,1358,English,153,English,153,father,an important male figure in the origin and early history of something,father,father
8689,shift4014,Polysemy,11,ACCEPTED,→,father,1242,founder,1358,Danish,173,Danish,173,father,founder,fader,fader
8690,shift4014,Polysemy,12,ACCEPTED,→,father,1242,founder,1358,German,169,German,169,father,founder,Vater,Vater
8691,shift4014,Polysemy,13,ACCEPTED,→,father,1242,founder,1358,Norwegian,24,Norwegian,24,father,founder,far,far
8734,shift0224,Polysemy,1,ACCEPTED,—,strength,4301,army,2030,German,169,German,169,force,army,Macht,Macht
8741,shift0356,Polysemy,2,ACCEPTED,—,soon,4167,almost,1974,German,169,German,169,soon,almost,bald,bald
8742,shift0356,Polysemy,3,ACCEPTED,→,soon,4167,almost,1974,Danish,173,Danish,173,soon,almost,snart,snart
8781,shift3055,Polysemy,1,ACCEPTED,—,slow (adj.),4120,lazy,171,Old Norse,236,Old Norse,236,slow,lazy,latr,latr
8799,shift8618,Derivation,1,NEW,→,in front of,1753,January,1176,West Frisian,1192,West Frisian,1192,"before, in front of",January,foar,foarmoanne
8801,shift6981,Derivation,2,ACCEPTED,→,dog,4458,dog-rose,4459,English,153,English,153,dog,dog-rose,dog,dog-rose
8804,shift6981,Derivation,5,ACCEPTED,→,dog,4458,dog-rose,4459,Swedish,135,Swedish,135,dog,dog-rose,hund,hundros
8811,shift0919,Polysemy,2,ACCEPTED,—,"to raise, lift (tr.)",3037,to build,2383,Icelandic,252,Icelandic,252,to lift,"to build, to erect",reisa,reisa
8880,shift7087,Derivation,1,ACCEPTED,→,"to gather, collect",2667,"to recall, recollect",3045,English,153,English,153,"to gather, collect","to recall, recollect",to collect,to recollect
8891,shift2528,Polysemy,4,ACCEPTED,—,"to get, obtain",2691,"to defeat, win",2501,German,169,German,169,to get,to win,gewinnen,gewinnen
8912,shift8373,Polysemy,3,ACCEPTED,→,goat,803,supporting device,4343,English,153,English,153,"male deer, antelope, sheep, goat; (US) an uncastrated sheep, a ram",frame on which firewood is sawed; a sawhorse; a sawbuck,buck,buck
8916,shift8373,Polysemy,7,ACCEPTED,→,goat,803,supporting device,4343,German,169,German,169,"buck, ram; the male of certain animals, especially goat, sheep, and roedeer",supporting device,Bock,Bock
8917,shift8373,Polysemy,8,ACCEPTED,→,goat,803,supporting device,4343,Luxembourgish,840,Luxembourgish,840,"buck, ram; the male of certain animals, especially goat, sheep, and roedeer",supporting device,Bock,Bock
8918,shift8373,Polysemy,9,ACCEPTED,→,goat,803,supporting device,4343,Swedish,135,Swedish,135,goat,"sawhorse; trestle, supporting device",bock,bock
8944,shift3195,Derivation,6,ACCEPTED,→,&lt;foot-wear&gt;,1208,lady&#39;s slipper (Cypripedium),144,English,153,English,153,slipper,lady's slipper (Cypripediun),slipper,lady&#39;s slipper
8945,shift3195,Derivation,7,ACCEPTED,→,&lt;foot-wear&gt;,1208,lady&#39;s slipper (Cypripedium),144,German,169,German,169,"boot, shoe",Cypripedium calceolus,Schuh,Frauenschuh
8976,shift0973,Polysemy,10,ACCEPTED,—,to stand up,3216,"to revolt, rebel",3085,English,153,English,153,"to rise, to stand up",to revolt; to rise in arms,rise,rise
8988,shift8509,Derivation,1,ACCEPTED,→,All Saints&#39; Day,1971,November,1888,Mòcheno,1550,Mòcheno,1550,All Saints,November,òlder haileng,òlderhaileng
9002,shift0845,Polysemy,12,ACCEPTED,?,war,9,quarrel,1901,Icelandic,252,Icelandic,252,"battle, fight",argument,rimma,rimma
9007,shift0393,Derivation,1,ACCEPTED,→,arc,2024,rainbow,1421,German,169,German,169,arc,rainbow,Bogen,Regenbogen
9014,shift5253,Polysemy,2,ACCEPTED,→,hell,1601,experience of great suffering,3886,English,153,English,153,"in various religions, a place of torment where some or all evil spirits are believed to go after death",place or situation of great suffering in life,hell,hell
9033,shift8078,Derivation,3,ACCEPTED,→,drinking vessel,4481,knee-cap,1719,Swedish,135,Swedish,135,bowl,knee-cap,skål,knäskål
9046,shift2747,Polysemy,5,ACCEPTED,→,to see/to look at,3121,to investigate/examine,2802,German,169,German,169,to see/to look at,to investigate/examine,betrachten,betrachten
9056,shift1079,Polysemy,1,NEW,?,nail (body part),1816,nail (metal spike),1817,German,169,German,169,nail,nail,Nagel,Nagel
9057,shift1079,Polysemy,2,NEW,?,nail (body part),1816,nail (metal spike),1817,English,153,English,153,nail,nail,nail,nail
9090,shift1309,Polysemy,3,ACCEPTED,?,monarch,696,queen (bee),1903,English,153,English,153,queen,queen bee,queen,queen
9094,shift1309,Polysemy,7,ACCEPTED,→,monarch,696,queen (bee),1903,Norwegian,24,Norwegian,24,queen,queen (bee),dronning,dronning
9095,shift1309,Polysemy,8,ACCEPTED,→,monarch,696,queen (bee),1903,Danish,173,Danish,173,queen,queen (bee),dronning,dronning
9096,shift1309,Polysemy,9,ACCEPTED,→,monarch,696,queen (bee),1903,Swedish,135,Swedish,135,queen,queen (bee),drottning,drottning
9097,shift1309,Polysemy,10,ACCEPTED,→,monarch,696,queen (bee),1903,Icelandic,252,Icelandic,252,queen,queen (bee),drottning,drottning
9104,shift8448,Polysemy,3,ACCEPTED,→,root (of a plant),1499,root (of a word),1500,English,153,English,153,"part of a plant, generally underground, that anchors and supports the plant body, absorbs and stores water and nutrients, and in some plants is able to perform vegetative reproduction","primary lexical unit of a word, which carries the most significant aspects of semantic content and cannot be reduced into smaller constituents",root,root
9124,shift7564,Derivation,1,NEW,→,swamp,4354,bog-rosemary,3643,English,153,English,153,an area of decayed vegetation (particularly sphagnum moss) which forms a wet spongy ground too soft for walking; a marsh or swamp,bog-rosemary,bog,bog-rosemary
9125,shift7564,Derivation,2,NEW,→,swamp,4354,bog-rosemary,3643,German,169,German,169,"heath, heathland",bog-rosemary,Heide,Rosmarinheide
9127,shift5770,Polysemy,1,ACCEPTED,→,to have smell,2754,to indicate something bad,2788,English,153,English,153,"to have or give off a strong, unpleasant smell",to be evidently associated with something unpleasant,reek,reek
9130,shift5770,Polysemy,4,ACCEPTED,→,to have smell,2754,to indicate something bad,2788,Swedish,135,Swedish,135,"to smell bad; to stink, reek",to give impression of foul play or dishonesty,stinka,stinka
9132,shift5770,Polysemy,6,ACCEPTED,→,to have smell,2754,to indicate something bad,2788,English,153,English,153,to have a strong bad smell,"to give an impression of dishonesty, untruth, or sin",to stink,to stink
9184,shift7045,Derivation,2,ACCEPTED,→,whip,57,flagellate,1308,German,169,German,169,whip,flagellate,Geißel,Geißeltierchen
9201,shift5390,Polysemy,2,ACCEPTED,→,lifting machine,208,"tap, faucet",2128,Dutch,255,Dutch,255,lifting machine,"tap, faucet",kraan,kraan
9202,shift5390,Polysemy,3,ACCEPTED,→,lifting machine,208,"tap, faucet",2128,Norwegian,24,Norwegian,24,lifting machine,"tap, faucet",kran,kran
9203,shift5390,Polysemy,4,ACCEPTED,→,lifting machine,208,"tap, faucet",2128,Swedish,135,Swedish,135,lifting machine,"tap, faucet",kran,kran
9204,shift5390,Polysemy,5,ACCEPTED,→,lifting machine,208,"tap, faucet",2128,Icelandic,252,Icelandic,252,lifting machine,"tap, faucet",krani,krani
9205,shift5390,Polysemy,6,ACCEPTED,→,lifting machine,208,"tap, faucet",2128,German,169,German,169,lifting machine,"(regional, western Germany) tap, faucet",Kran,Kran
9219,shift1263,Polysemy,3,ACCEPTED,→,cave,919,stove,4291,German,169,German,169,stove,rock with a cleft,Ofen,Ofen
9241,shift1903,Derivation,3,ACCEPTED,→,"to do, act",2545,verb,3758,Dutch,255,Dutch,255,"to work, to labour, to function, be in working order",verb,werken,werkwoord
9242,shift1903,Derivation,4,ACCEPTED,→,"to do, act",2545,verb,3758,Afrikaans,835,Afrikaans,835,work,verb,werk,werkwoord
9252,shift1903,Derivation,14,ACCEPTED,→,"to do, act",2545,verb,3758,German,169,German,169,"activity, job",verb,Tätigkeit,Tätigkeitswort
9254,shift1903,Derivation,16,ACCEPTED,→,"to do, act",2545,verb,3758,Limburgish,1461,Limburgish,1461,work,verb,wèrk,wèrkwaord
9259,shift7317,Polysemy,4,ACCEPTED,—,to play (intr.),2981,to play (a musical instrument),2980,English,153,English,153,to act in a manner such that one has fun; to engage in activities expressly for the purpose of recreation or entertainment,to produce music using a specified musical instrument.,play,play
9269,shift2216,Polysemy,4,ACCEPTED,→,bastard,3528,&lt;curse&gt;,869,English,153,English,153,bastard,bad person,bastard,bastard
9272,shift2216,Polysemy,7,ACCEPTED,→,bastard,3528,&lt;curse&gt;,869,Swedish,135,Swedish,135,bastard; an illegitimate or misbegotten child born of unwed parents,term of abuse,horunge,horunge
9278,shift6906,Derivation,1,ACCEPTED,→,May,609,lily-of-the-valley (Convallaria majalis),216,Dutch,255,Dutch,255,May,lily-of-the-valley (Convallaria majalis),mei,meiklokje
9279,shift6906,Derivation,2,ACCEPTED,→,May,609,lily-of-the-valley (Convallaria majalis),216,German,169,German,169,May,lily-of-the-valley (Convallaria majalis),Mai,Maiglöckchen
9280,shift6906,Derivation,3,ACCEPTED,→,May,609,lily-of-the-valley (Convallaria majalis),216,English,153,English,153,May,lily-of-the-valley (Convallaria majalis),May,May bells
9290,shift5819,Polysemy,2,ACCEPTED,→,"human, person",1683,person (grammar),357,Old English,114,Old English,114,"person, individual",person (grammar),hād,hād
9322,shift1405,Polysemy,3,ACCEPTED,—,to practice witchcraft,2994,"to charm, to delight",2421,Icelandic,252,Icelandic,252,to bewitch,"to charm, to captivate",töfra,töfra
9324,shift1405,Polysemy,5,ACCEPTED,—,to practice witchcraft,2994,"to charm, to delight",2421,English,153,English,153,enchantment; magic,an attractive or exciting quality that makes certain people or things seem appealing,glamour,glamour
9325,shift1405,Polysemy,6,ACCEPTED,→,to practice witchcraft,2994,"to charm, to delight",2421,German,169,German,169,"to put a spell, to bewitch","to charm, to captivate",bezaubern,bezaubern
9331,shift1405,Polysemy,12,ACCEPTED,→,to practice witchcraft,2994,"to charm, to delight",2421,English,153,English,153,to put (someone or something) under a spell,to fill (someone) with great delight; charmfill (someone) with great delight; charm,enchant,enchant
9335,shift1405,Semantic evolution,16,ACCEPTED,→,to practice witchcraft,2994,"to charm, to delight",2421,Norwegian,24,Norwegian,24,to practise witchcraft,to fascinate,fortrylle,fortrylle
9336,shift1405,Polysemy,17,ACCEPTED,→,to practice witchcraft,2994,"to charm, to delight",2421,Danish,173,Danish,173,to practise witchcraft,"to charm, to delight",fortrylle,fortrylle
9339,shift1405,Derivation,20,ACCEPTED,→,to practice witchcraft,2994,"to charm, to delight",2421,English,153,English,153,to practice witchcraft,"deligthful, charming",to charm,charming
9344,shift2134,Polysemy,1,ACCEPTED,—,to break (tr.),2370,to infringe,2792,English,153,English,153,to break (into pieces),to break (law etc.),break,break
9350,shift2134,Polysemy,7,ACCEPTED,→,to break (tr.),2370,to infringe,2792,Icelandic,252,Icelandic,252,"to break, to destroy",to break (a law etc.),brjóta,brjóta
9352,shift2134,Polysemy,9,ACCEPTED,—,to break (tr.),2370,to infringe,2792,Norwegian,24,Norwegian,24,to break (tr.),to infringe,bryte,bryte
9353,shift2134,Polysemy,10,ACCEPTED,—,to break (tr.),2370,to infringe,2792,Danish,173,Danish,173,to break (tr.),to infringe,bryde,bryde
9354,shift2134,Polysemy,11,ACCEPTED,—,to break (tr.),2370,to infringe,2792,Swedish,135,Swedish,135,to break (tr.),to infringe,bryta,bryta
9355,shift2134,Polysemy,12,ACCEPTED,—,to break (tr.),2370,to infringe,2792,Icelandic,252,Icelandic,252,to break (tr.),to infringe,brjóta,brjóta
9374,shift2789,Polysemy,5,ACCEPTED,→,&lt;animal&gt;,1916,fat (adj.)(of a person),1239,German,169,German,169,fattened ox,fatso,Mastochse,Mastochse
9408,shift2696,Polysemy,3,ACCEPTED,→,shapeless,4019,"ugly, unpleasant",502,English,153,English,153,"shapeless, amorphous",ugly,shapeless,shapeless
9422,shift0806,Polysemy,4,ACCEPTED,→,dry,4491,having no milk,1568,English,153,English,153,NA,having no milk (a cow etc.),dry,dry
9470,shift1250,Polysemy,9,ACCEPTED,→,pit,389,tomb,3397,Norwegian,24,Norwegian,24,pit,tomb,grav,grav
9471,shift1250,Polysemy,10,ACCEPTED,→,pit,389,tomb,3397,Danish,173,Danish,173,pit,tomb,grav,grav
9472,shift1250,Polysemy,11,ACCEPTED,→,pit,389,tomb,3397,Swedish,135,Swedish,135,pit,tomb,grav,grav
9473,shift1250,Polysemy,12,ACCEPTED,→,pit,389,tomb,3397,Icelandic,252,Icelandic,252,pit,tomb,gröf,gröf
9503,shift8230,Motivation,6,ACCEPTED,→,mallow,573,hollyhock,1638,German,169,German,169,mallow,hollyhock,Malve,Stockmalve
9514,shift0086,Derivation,2,ACCEPTED,→,to call,2396,to cause,2410,German,169,German,169,to call,to cause,rufen,hervorrufen
9526,shift3112,Polysemy,6,ACCEPTED,→,fruit,1393,"result, outcome",1464,Norwegian,24,Norwegian,24,fruit,good result,frukt,frukt
9527,shift3112,Polysemy,7,ACCEPTED,→,fruit,1393,"result, outcome",1464,Danish,173,Danish,173,fruit,good result,frugt,frugt
9528,shift3112,Polysemy,8,ACCEPTED,→,fruit,1393,"result, outcome",1464,Swedish,135,Swedish,135,fruit,good result,frukt,frukt
9529,shift3112,Polysemy,9,ACCEPTED,→,fruit,1393,"result, outcome",1464,Icelandic,252,Icelandic,252,fruit,result,ávöxtur,ávöxtur
9536,shift8234,Motivation,1,ACCEPTED,→,mallow,573,hibiscus,1622,English,153,English,153,Malva,hibiscus,mallow,rosemallow
9539,shift1655,Polysemy,2,ACCEPTED,→,to touch,3307,to reach,3040,English,153,English,153,to touch,to reach,touch,touch
9550,shift8504,Derivation,1,ACCEPTED,→,"mist, fog",683,November,1888,German,169,German,169,"mist, fog",(archaic) November,Nebel,Nebelung
9553,shift1340,Polysemy,2,ACCEPTED,?,hair,1541,hair (of animals),1542,English,153,English,153,hair,"fur, hair (animal)",hair,hair
9560,shift1340,Polysemy,9,ACCEPTED,→,hair,1541,hair (of animals),1542,German,169,German,169,hair,hair (of animals),Haar,Haar
9568,shift1038,Polysemy,3,ACCEPTED,?,"mute, dumb",755,stupid,4312,English,153,English,153,dumb,"stupid, dim",dumb,dumb
9581,shift3262,Polysemy,7,ACCEPTED,→,star,4247,celebrity,922,English,153,English,153,star,celebrity,star,star
9582,shift3262,Polysemy,8,ACCEPTED,→,star,4247,celebrity,922,Norwegian,24,Norwegian,24,star,celebrity,stjerne,stjerne
9583,shift3262,Polysemy,9,ACCEPTED,→,star,4247,celebrity,922,Danish,173,Danish,173,star,celebrity,stjerne,stjerne
9584,shift3262,Polysemy,10,ACCEPTED,→,star,4247,celebrity,922,Swedish,135,Swedish,135,star,celebrity,stjärna,stjärna
9585,shift3262,Polysemy,11,ACCEPTED,→,star,4247,celebrity,922,Icelandic,252,Icelandic,252,star,celebrity,stjarna,stjarna
9593,shift3262,Polysemy,19,NEW,→,star,4247,celebrity,922,German,169,German,169,star,person enjoying great popularity,Stern,Stern
9610,shift5480,Polysemy,8,ACCEPTED,→,to gnaw,2696,to cause moral suffering,2411,English,153,English,153,to bite at or nibble something persistently,to cause persistent distress or anxiety,to gnaw,to gnaw
9611,shift5480,Polysemy,9,ACCEPTED,→,to gnaw,2696,to cause moral suffering,2411,German,169,German,169,to gnaw,to cause moral suffering,nagen,nagen
9640,shift7027,Derivation,1,NEW,→,snot,4138,turkey,3465,Luxembourgish,840,Luxembourgish,840,snot,turkey,Schnuddel,Schnuddelhong
9660,shift3487,Polysemy,2,ACCEPTED,→,"to raise, lift (tr.)",3037,to bring into discussion,2379,English,153,English,153,NA,NA,to raise,to raise
9678,shift8025,Derivation,2,ACCEPTED,→,silver,4081,mercury,640,English,153,English,153,silver,mercury,silver,quicksilver
9691,shift8025,Derivation,15,ACCEPTED,→,silver,4081,mercury,640,German,169,German,169,silver,mercury,Silber,Quecksilber
9695,shift0239,Polysemy,3,ACCEPTED,→,to make scratches,2896,to write,3387,Middle English,6,Middle English,6,"to engrave, carve, or scratch",to write,writen,writen
9707,shift0865,Polysemy,6,ACCEPTED,—,blunt,3637,stupid,4312,Icelandic,252,Icelandic,252,blunt,"stupid, slow witted",sljór,sljór
9711,shift0865,Derivation,10,ACCEPTED,—,blunt,3637,stupid,4312,German,169,German,169,blunt,"unintelligent, narrow (person, colloq.)",stumpf,stümpfsinnig
9713,shift0865,Polysemy,12,ACCEPTED,?,blunt,3637,stupid,4312,English,153,English,153,blunt,dim,blunt,blunt
9719,shift0865,Polysemy,18,ACCEPTED,→,blunt,3637,stupid,4312,English,153,English,153,blunt (blade),"stupid, dim",dull,dull
9728,shift4530,Polysemy,1,NEW,→,pimple,379,nipple (part of the breast),1868,German,169,German,169,pimple,nipple (part of the breast),Warze,Warze
9739,shift7817,Motivation,1,ACCEPTED,→,cat,905,biotite,3591,German,169,German,169,cat,mica,Katze,Katzengold
9742,shift7817,Motivation,4,ACCEPTED,→,cat,905,biotite,3591,Swedish,135,Swedish,135,cat,yellow (golden) variety of mica,katt,kattguld
9745,shift1673,Derivation,2,ACCEPTED,→,bitter,3607,bitterling,3608,English,153,English,153,bitter,bitterling,bitter,bitterling
9748,shift6763,Derivation,1,NEW,→,frog,1384,diver,4453,English,153,English,153,frog,"a person equipped (as with face mask, flippers, and air supply) for extended periods of underwater swimming especially : a person so equipped for military reconnaissance and demolition (Merriam-Webster)",frog,frogman
9755,shift5556,Derivation,6,ACCEPTED,→,squirrel (Sciurus),4237,common chipmunk,1051,German,169,German,169,"squirrel (in the broad sense, member of the family Sciuridae)",common chipmunk,Hörnchen,Streifenhörnchen
9760,shift5556,Derivation,11,ACCEPTED,→,squirrel (Sciurus),4237,common chipmunk,1051,Dutch,255,Dutch,255,squirrel (Sciurus),common chipmunk,eekhoorn,grondeekhoorn
9762,shift5556,Derivation,13,ACCEPTED,→,squirrel (Sciurus),4237,common chipmunk,1051,Swedish,135,Swedish,135,squirrel (Sciurus),common chipmunk,ekorre,jordekorre
9769,shift0344,Polysemy,6,ACCEPTED,?,to wound (tr.),3384,to offend (tr.),2948,English,153,English,153,to hurt,to hurt,hurt,hurt
9770,shift0344,Polysemy,7,ACCEPTED,—,to wound (tr.),3384,to offend (tr.),2948,Icelandic,252,Icelandic,252,"to wound, to hurt",to offend,særa,særa
9771,shift0344,Polysemy,8,ACCEPTED,→,to wound (tr.),3384,to offend (tr.),2948,Norwegian,24,Norwegian,24,to wound (tr.),to offend (tr.),såre,såre
9772,shift0344,Polysemy,9,ACCEPTED,→,to wound (tr.),3384,to offend (tr.),2948,Swedish,135,Swedish,135,to wound (tr.),to offend (tr.),såra,såra
9773,shift0344,Polysemy,10,ACCEPTED,→,to wound (tr.),3384,to offend (tr.),2948,Danish,173,Danish,173,to wound (tr.),to offend (tr.),såre,såre
9775,shift0344,Polysemy,12,ACCEPTED,→,to wound (tr.),3384,to offend (tr.),2948,English,153,English,153,to wound (tr.),to offend (tr.),wound,wound
9779,shift7797,Polysemy,2,NEW,→,anemic,1992,weak,28,English,153,English,153,suffering from anemia,"weak; listless; lacking power, vigor, vitality, or colorfulness",animic,animic
9785,shift6215,Derivation,2,ACCEPTED,→,"spade, shovel",4182,Chionactis occipitalis,968,English,153,English,153,"spade, shovel",Chionactis occipitalis,shovel,western shovelnose snake
9786,shift6215,Derivation,3,ACCEPTED,→,"spade, shovel",4182,Chionactis occipitalis,968,German,169,German,169,"spade, shovel",Chionactis occipitalis,Schaufel,Westliche Schaufelnasen-Wühlnatter
9806,shift2154,Semantic evolution,7,ACCEPTED,→,apple,2018,potato,445,Faroese,92,Faroese,92,apple,potato,epli,epli
9807,shift2154,Derivation,8,ACCEPTED,→,apple,2018,potato,445,Norwegian,24,Norwegian,24,apple,potato,eple,jordeple
9808,shift2154,Derivation,9,ACCEPTED,→,apple,2018,potato,445,Romansh,35,Romansh,35,apple,potato,mail,mailinterra
9809,shift2154,Derivation,10,ACCEPTED,→,apple,2018,potato,445,Icelandic,252,Icelandic,252,apple,potato,epli,jarðepli
9810,shift2154,Derivation,11,ACCEPTED,→,apple,2018,potato,445,German,169,German,169,apple,potato,Apfel,Erdapfel
9817,shift2154,Derivation,18,ACCEPTED,→,apple,2018,potato,445,Dutch,255,Dutch,255,apple,potato,appel,aardappel
9827,shift2043,Polysemy,4,ACCEPTED,←,thick,2167,fat (adj.)(of a person),1239,English,153,English,153,thick (object),"fat, obese (person)",fat,fat
9834,shift2043,Polysemy,11,ACCEPTED,→,thick,2167,fat (adj.)(of a person),1239,Norwegian,24,Norwegian,24,thick,fat (adj.)(of a person),tykk,tykk
9835,shift2043,Polysemy,12,ACCEPTED,→,thick,2167,fat (adj.)(of a person),1239,Danish,173,Danish,173,thick,fat (adj.)(of a person),tyk,tyk
9836,shift2043,Polysemy,13,ACCEPTED,→,thick,2167,fat (adj.)(of a person),1239,Swedish,135,Swedish,135,thick,fat (adj.)(of a person),tjock,tjock
9837,shift2043,Polysemy,14,ACCEPTED,→,thick,2167,fat (adj.)(of a person),1239,Icelandic,252,Icelandic,252,thick,fat (adj.)(of a person),þykkur,þykkur
9845,shift8216,Polysemy,2,ACCEPTED,→,"as, like",2038,when,56,English,153,English,153,"as, like",when,as,as
9846,shift8216,Polysemy,3,ACCEPTED,→,"as, like",2038,when,56,Norwegian,24,Norwegian,24,"as, like",when,som,som
9847,shift8216,Polysemy,4,ACCEPTED,→,"as, like",2038,when,56,Danish,173,Danish,173,"as, like",when,som,som
9848,shift8216,Polysemy,5,ACCEPTED,→,"as, like",2038,when,56,Swedish,135,Swedish,135,"as, like",when,som,som
9856,shift6823,Polysemy,2,ACCEPTED,→,cow,1122,woman,109,English,153,English,153,"adult female of the species Bos taurus, especially one that has calved","(derogatory, UK, Australia, informal) a woman considered unpleasant in some way, particularly one considered nasty, stupid, fat, lazy, or difficult.",cow,cow
9857,shift6823,Polysemy,3,ACCEPTED,→,cow,1122,woman,109,Danish,173,Danish,173,cow,"(derogatory) clumsy, big or stupid person especially about woman",ko,ko
9859,shift6823,Polysemy,5,ACCEPTED,→,cow,1122,woman,109,German,169,German,169,cow,"(swear word) stupid, clumsy, slow-witted female person",Kuh,Kuh
9869,shift4467,Polysemy,1,ACCEPTED,→,navy,1834,dark blue,4383,English,153,English,153,navy,dark blue,navy,navy
9897,shift3868,Polysemy,22,ACCEPTED,→,father,1242,term of address to a man,2154,Norwegian,24,Norwegian,24,father,term of address to a man,far,far
9920,shift5695,Polysemy,4,ACCEPTED,→,dragon,4475,kite (lightweight toy),1717,Danish,173,Danish,173,dragon,kite (lightweight toy),drage,drage
9922,shift5695,Derivation,6,ACCEPTED,→,dragon,4475,kite (lightweight toy),1717,German,169,German,169,dragon,kite (lightweight toy),Drache,Drachen
9924,shift5695,Derivation,8,ACCEPTED,→,dragon,4475,kite (lightweight toy),1717,Icelandic,252,Icelandic,252,dragon,kite (lightweight toy),dreki,flugdreki
9936,shift5695,Polysemy,20,ACCEPTED,→,dragon,4475,kite (lightweight toy),1717,Norwegian,24,Norwegian,24,dragon,kite (lightweight toy),drage,drage
9937,shift5695,Polysemy,21,ACCEPTED,→,dragon,4475,kite (lightweight toy),1717,Danish,173,Danish,173,dragon,kite (lightweight toy),drage,drage
9938,shift5695,Polysemy,22,ACCEPTED,→,dragon,4475,kite (lightweight toy),1717,Swedish,135,Swedish,135,dragon,kite (lightweight toy),drake,drake
9970,shift1679,Polysemy,4,ACCEPTED,→,&lt;fish&gt;,1207,cigarette butt,980,English,153,English,153,roach (Rutilus rutilus),the butt of a marijuana cigarette,roach,roach
10000,shift0477,Polysemy,7,ACCEPTED,—,mouth,735,mouth (of a river),736,English,153,English,153,"the opening and cavity in the lower part of the human face, surrounded by the lips, through which food is taken in and vocal sounds are emitted",the place where a river enters the sea,mouth,mouth
10009,shift1093,Derivation,2,ACCEPTED,?,mouse,733,bat,3529,English,153,English,153,NA,bat,mouse,flitter-mouse
10033,shift2807,Polysemy,2,ACCEPTED,→,blue,3634,sad,3912,English,153,English,153,blue,low-spirited,blue,blue
10045,shift3418,Polysemy,1,ACCEPTED,→,to break (tr.),2370,to make a pause,2881,English,153,English,153,to break,"to make a pause, to stop temporarily",break,break
10055,shift1676,Derivation,1,ACCEPTED,→,to blink (by eyes),2352,"instant, moment",1789,English,153,English,153,"to blink, to wink",instant,wink,wink
10057,shift1676,Derivation,3,ACCEPTED,→,to blink (by eyes),2352,"instant, moment",1789,English,153,English,153,to blink,instant,blink,blink
10060,shift7811,Motivation,1,ACCEPTED,→,gold,807,pyrite,500,English,153,English,153,gold,pyrite,gold,fool&#39;s gold
10061,shift7811,Motivation,2,ACCEPTED,→,gold,807,pyrite,500,German,169,German,169,gold,pyrite,Gold,Katzengold
10072,shift1905,Polysemy,3,ACCEPTED,—,bed,3549,river-bed,1485,German,169,German,169,bed,river bed,Bett,Bett
10080,shift1905,Derivation,11,NEW,→,bed,3549,river-bed,1485,Dutch,255,Dutch,255,bed,river-bed,bed,rivierbed
10096,shift8053,Polysemy,3,ACCEPTED,→,&lt;ethnic group&gt;,3786,Romani,1492,English,153,English,153,person from Egypt or of Egyptian descent,(obsolete) Gipsy,Egyptian,Egyptian
10100,shift8053,Polysemy,7,NEW,→,&lt;ethnic group&gt;,3786,Romani,1492,Dutch,255,Dutch,255,Egyptian,Romani person,Egyptenaar,Egyptenaar
10113,shift6019,Derivation,2,ACCEPTED,→,rain,1420,earthworm,3801,Danish,173,Danish,173,rain,earthworm,regn,regnorm
10114,shift6019,Derivation,3,ACCEPTED,→,rain,1420,earthworm,3801,Dutch,255,Dutch,255,rain,earthworm,regen,regenworm
10115,shift6019,Derivation,4,ACCEPTED,→,rain,1420,earthworm,3801,Old High German,147,Old High German,147,rain,earthworm,regan,reganwurm
10116,shift6019,Derivation,5,ACCEPTED,→,rain,1420,earthworm,3801,Old English,114,Old English,114,rain,earthworm,reġn,reġnwyrm
10117,shift6019,Derivation,6,ACCEPTED,→,rain,1420,earthworm,3801,English,153,English,153,condensed water falling from a cloud.,earthworm,rain,rainworm
10118,shift6019,Derivation,7,ACCEPTED,→,rain,1420,earthworm,3801,German,169,German,169,rain,earthworm,Regen,Regenwurm
10119,shift6019,Derivation,8,ACCEPTED,→,rain,1420,earthworm,3801,Luxembourgish,840,Luxembourgish,840,rain,earthworm,Reen,Reewuerm
10147,shift2384,Polysemy,3,ACCEPTED,→,morning,712,East,3803,German,169,German,169,morning,east,Morgen,Morgen
10153,shift0671,Polysemy,5,ACCEPTED,?,pumpkin,490,head,1578,English,153,English,153,"(тыква-)горлянка, бутылочная тыква",head (playful),calabash,calabash
10155,shift0671,Polysemy,7,ACCEPTED,→,pumpkin,490,head,1578,German,169,German,169,pumpkin,head (colloq.),Kürbis,Kürbis
10213,shift0146,Polysemy,10,ACCEPTED,→,shame,4017,genitalia,777,German,169,German,169,shame,"shame, pudental parts",Scham,Scham
10243,shift6186,Derivation,3,ACCEPTED,→,bear (Ursus),3539,giant panda,782,Dutch,255,Dutch,255,bear (Ursus),giant panda,beer,pandabeer
10244,shift6186,Derivation,4,ACCEPTED,→,bear (Ursus),3539,giant panda,782,German,169,German,169,bear (Ursus),giant panda,Bär,Pandabär
10252,shift5733,Polysemy,2,ACCEPTED,→,high (location),1623,high-pitched,1625,German,169,German,169,high,high-pitched,hoch,hoch
10253,shift5733,Polysemy,3,ACCEPTED,→,high (location),1623,high-pitched,1625,Swedish,135,Swedish,135,high,high-pitched,hög,hög
10310,shift0437,Polysemy,5,ACCEPTED,—,horn,1657,corner,1100,Old Norse,236,Old Norse,236,horn (of an animal); horn (to drink from); horn (musical instrument),"corner, angle; nook, corner (in a house)",horn,horn
10311,shift0437,Cognates,6,ACCEPTED,—,horn,1657,corner,1100,Swedish,135,Swedish,135,horn,corner,horn,hörn
10312,shift0437,Polysemy,7,ACCEPTED,—,horn,1657,corner,1100,Old English,114,Old English,114,horn,"corner, angle",hyrne,hyrne
10319,shift0437,Polysemy,14,ACCEPTED,—,horn,1657,corner,1100,Icelandic,252,Icelandic,252,horn,corner,horn,horn
10322,shift0223,Polysemy,2,ACCEPTED,→,"power, authority",450,"country, land",1109,English,153,English,153,power,state,power,power
10323,shift0223,Polysemy,3,ACCEPTED,→,"power, authority",450,"country, land",1109,German,169,German,169,power,"country, state",Macht,Macht
10330,shift3057,Polysemy,1,NEW,—,wet,49,soft (adj.),4151,Norwegian,24,Norwegian,24,"wet, damp",soft,bløt,bløt
10355,shift2004,Polysemy,6,ACCEPTED,→,sharp,4022,pungent (odour),491,Norwegian,24,Norwegian,24,sharp,pungent (odour),skarp,skarp
10356,shift2004,Polysemy,7,ACCEPTED,→,sharp,4022,pungent (odour),491,Danish,173,Danish,173,sharp,pungent (odour),skarp,skarp
10357,shift2004,Polysemy,8,ACCEPTED,→,sharp,4022,pungent (odour),491,Swedish,135,Swedish,135,sharp,pungent (odour),skarp,skarp
10368,shift3956,Polysemy,2,ACCEPTED,—,"to care for, look after",2399,"to spare, to economize",3191,English,153,English,153,"to care for, look after","to spare, to be frugal, to economize",to spare,to spare
10388,shift7285,Motivation,1,ACCEPTED,→,winter,94,December,4401,West Frisian,1192,West Frisian,1192,winter,December,winter,wintermoanne
10408,shift6815,Polysemy,3,ACCEPTED,→,girl,786,whore,67,German,169,German,169,(archaic or dialectal) girl; lass,"(derogatory, dated, also biblical) whore (prostitute or sexually unreserved woman)",Dirne,Dirne
10411,shift6035,Polysemy,1,ACCEPTED,→,scissors,3961,claw (of a crustacean),996,Dutch,255,Dutch,255,scissors,claw (e.g. of a crab),schaar,schaar
10412,shift6035,Polysemy,2,ACCEPTED,→,scissors,3961,claw (of a crustacean),996,German,169,German,169,"pair of scissors, shears",pair of pincers (on a crab),Schere,Schere
10413,shift6035,Polysemy,3,ACCEPTED,→,scissors,3961,claw (of a crustacean),996,Luxembourgish,840,Luxembourgish,840,scissors,claw (of a crustacean),Schéier,Schéier
10416,shift6035,Derivation,6,ACCEPTED,→,scissors,3961,claw (of a crustacean),996,Danish,173,Danish,173,scissors,claw (of a crustacean),saks,klosaks
10424,shift2112,Polysemy,3,ACCEPTED,?,drone,4484,"idler, loafer",1736,English,153,English,153,drone,sponger,drone,drone
10436,shift2259,Polysemy,1,NEW,?,to fall down,2605,to be born,2259,German,169,German,169,to fall,to be born (animals),fellen,fellen
10443,shift2359,Derivation,5,ACCEPTED,→,to give birth,2693,parents,302,Gothic,228,Gothic,228,bear,parents,bairan,bērusjōs
10476,shift6506,Derivation,1,ACCEPTED,→,fruit,1393,cockchafer,1024,Icelandic,252,Icelandic,252,fruit,cockchafer,aldin,aldinbori
10477,shift6506,Derivation,2,ACCEPTED,→,fruit,1393,cockchafer,1024,Faroese,92,Faroese,92,fruit,cockchafer,aldin,aldinbori
10479,shift6506,Derivation,4,ACCEPTED,→,fruit,1393,cockchafer,1024,Swedish,135,Swedish,135,"acorn, beechnut",cockchafer,ollon,ollonborre
10480,shift6506,Derivation,5,ACCEPTED,→,fruit,1393,cockchafer,1024,Norwegian,24,Norwegian,24,"mast (acorn, beechnut, chestnut)",cockchafer,olden,oldenborre
10500,shift8134,Derivation,1,ACCEPTED,→,summer,4330,June,1200,North Frisian,1265,North Frisian,1265,summer,June,samer,samermoune
10503,shift8134,Motivation,4,ACCEPTED,→,summer,4330,June,1200,West Frisian,1192,West Frisian,1192,summer,June,simmer,simmermoanne
10518,shift2551,Polysemy,1,ACCEPTED,→,"to do, act",2545,to copulate,2462,English,153,English,153,NA,"to seduce, to make a person of the opposite sex go to make love",make,make
10519,shift2551,Polysemy,2,ACCEPTED,→,"to do, act",2545,to copulate,2462,English,153,English,153,NA,to have sexual intercourse (euphemism),do,do
10527,shift2151,Polysemy,4,ACCEPTED,→,deep,4404,profound,473,English,153,English,153,deep,"earnest, serious",deep,deep
10554,shift0936,Polysemy,4,ACCEPTED,→,low (size),264,quiet (vs. loud),1909,English,153,English,153,low (size),quiet (vs. loud),low,low
10555,shift0936,Polysemy,5,ACCEPTED,→,low (size),264,quiet (vs. loud),1909,Norwegian,24,Norwegian,24,low (size),quiet (vs. loud),lav,lav
10556,shift0936,Polysemy,6,ACCEPTED,→,low (size),264,quiet (vs. loud),1909,Danish,173,Danish,173,low (size),quiet (vs. loud),lav,lav
10557,shift0936,Polysemy,7,ACCEPTED,→,low (size),264,quiet (vs. loud),1909,Swedish,135,Swedish,135,low (size),quiet (vs. loud),låg,låg
10558,shift0936,Polysemy,8,ACCEPTED,→,low (size),264,quiet (vs. loud),1909,Icelandic,252,Icelandic,252,low (size),quiet (vs. loud),lágur,lágur
10574,shift7454,Polysemy,7,ACCEPTED,→,white,62,"white of an eye, sclera",65,English,153,English,153,white,"sclera, white of an eye",white,white
10587,shift7454,Derivation,20,NEW,→,white,62,"white of an eye, sclera",65,German,169,German,169,white,white of an eye,weiss,Augenweiss
10589,shift2477,Derivation,1,ACCEPTED,→,"country, land",1109,farmer,1235,Dutch,255,Dutch,255,country,farmer,land,landman
10600,shift5230,Polysemy,1,NEW,→,will,83,will (legal document),84,English,153,English,153,one's independent faculty of choice; the ability to be able to exercise one's choice or intention,formal declaration of one's intent concerning the disposal of one's property and holdings after death; the legal document stating such wishes,will,will
10602,shift6518,Derivation,2,ACCEPTED,→,cow,1122,hippopotamus,1630,Afrikaans,835,Afrikaans,835,cow,hippopotamus,koei,seekoei
10609,shift6905,Derivation,2,ACCEPTED,→,bell,3568,lily-of-the-valley (Convallaria majalis),216,Dutch,255,Dutch,255,dim. from klok 'bell',lily-of-the-valley (Convallaria majalis),klokje,meiklokje
10610,shift6905,Derivation,3,ACCEPTED,→,bell,3568,lily-of-the-valley (Convallaria majalis),216,German,169,German,169,little bell,lily-of-the-valley (Convallaria majalis),Glöckchen,Maiglöckchen
10612,shift6905,Derivation,5,ACCEPTED,→,bell,3568,lily-of-the-valley (Convallaria majalis),216,English,153,English,153,bell,lily-of-the-valley (Convallaria majalis),bell,May bells
10616,shift3053,Polysemy,1,NEW,→,deaf,4396,to grow numb,2725,German,169,German,169,deaf,"numb, unfeeling",taub,taub
10617,shift8115,Polysemy,1,NEW,→,marmot,594,guinea pig (Cavia porcellus),860,Afrikaans,835,Afrikaans,835,marmot,guinea pig (Cavia porcellus),marmotjie,marmotjie
10637,shift2497,Polysemy,2,NEW,←,"firm, solid",1296,strong,4304,Icelandic,252,Icelandic,252,"solid, strong",strong,sterkur,sterkur
10642,shift2108,Derivation,3,ACCEPTED,→,amber,1984,electricity,3826,Icelandic,252,Icelandic,252,amber,electricity,raf,rafmagn
10663,shift4874,Derivation,3,ACCEPTED,→,clover,1012,clubs (in cards),1015,Dutch,255,Dutch,255,clover,clubs (in cards),klaver,klaveren
10664,shift4874,Polysemy,4,ACCEPTED,→,clover,1012,clubs (in cards),1015,Danish,173,Danish,173,clover,clubs (in cards),kløver,kløver
10667,shift4874,Polysemy,7,ACCEPTED,→,clover,1012,clubs (in cards),1015,Swedish,135,Swedish,135,clover,clubs (in cards),klöver,klöver
10685,shift1040,Polysemy,6,ACCEPTED,→,"to spring, jump",3201,to dance,2489,Old Norse,236,Old Norse,236,"to hop, jump about",to dance,hoppa,hoppa
10686,shift1040,Polysemy,7,ACCEPTED,→,"to spring, jump",3201,to dance,2489,Old English,114,Old English,114,"to spring, jump (also 'to run')",to dance,hlēapan,hlēapan
10710,shift8510,Derivation,1,ACCEPTED,→,winter,94,November,1888,Luxembourgish,840,Luxembourgish,840,winter,(archaic) November,Wanter,Wantermount
10713,shift8362,Derivation,1,ACCEPTED,→,bride,3687,bridegroom,3688,Old English,114,Old English,114,bride,bridegroom,brȳd,brȳdguma
10718,shift8362,Derivation,6,NEW,→,bride,3687,bridegroom,3688,Gothic,228,Gothic,228,bride,bridegroom,brūþs,brūþfaþs
10719,shift8362,Derivation,7,NEW,→,bride,3687,bridegroom,3688,Norwegian,24,Norwegian,24,bride,bridegroom,brud,brudgom
10720,shift8362,Derivation,8,NEW,→,bride,3687,bridegroom,3688,Icelandic,252,Icelandic,252,bride,bridegroom,brúður,brúðgumi
10721,shift8362,Polysemy,9,NEW,→,bride,3687,bridegroom,3688,Faroese,92,Faroese,92,bride,bridegroom,brúður,brúðgómur
10722,shift8362,Derivation,10,NEW,→,bride,3687,bridegroom,3688,German,169,German,169,bride,bridegroom,Braut,Bräutigam
10723,shift8362,Derivation,11,NEW,→,bride,3687,bridegroom,3688,Old High German,147,Old High German,147,bride,bridegroom,brūt,brūtigomo
10724,shift8362,Polysemy,12,NEW,→,bride,3687,bridegroom,3688,Dutch,255,Dutch,255,bride,bridegroom,bruid,bruidegom
10725,shift8362,Derivation,13,NEW,→,bride,3687,bridegroom,3688,Danish,173,Danish,173,bride,bridegroom,brud,brudgom
10726,shift8362,Derivation,14,NEW,→,bride,3687,bridegroom,3688,Old Saxon,1597,Old Saxon,1597,bride,bridegroom,brūd,"brūdigomo, brūdigumo"
10743,shift2063,Polysemy,7,ACCEPTED,→,to think,3293,to intend,2798,English,153,English,153,to think,to intend,think,think
10745,shift2063,Polysemy,9,ACCEPTED,→,to think,3293,to intend,2798,Norwegian,24,Norwegian,24,to think,to intend,tenke,tenke
10746,shift2063,Polysemy,10,ACCEPTED,→,to think,3293,to intend,2798,Danish,173,Danish,173,to think,"to intend, plan",tænke,tænke
10747,shift2063,Polysemy,11,ACCEPTED,→,to think,3293,to intend,2798,Swedish,135,Swedish,135,to think,to intend,tänka,tänka
10748,shift2063,Polysemy,12,ACCEPTED,→,to think,3293,to intend,2798,Icelandic,252,Icelandic,252,to think,to intend,hugsa,hugsa
10788,shift8162,Polysemy,3,NEW,→,land (vs. sea),153,countryside,1110,Swedish,135,Swedish,135,"land, ground, earth (vs. seaa or air)","countryside, ground suitable for farming (vs. towns and cities)",land,land
10794,shift5539,Derivation,1,ACCEPTED,→,monarch,696,corn crake,1098,Dutch,255,Dutch,255,monarch,corn crake,koning,kwartelkoning
10795,shift5539,Derivation,2,ACCEPTED,→,monarch,696,corn crake,1098,Danish,173,Danish,173,monarch,corn crake,konge,vagtelkonge
10797,shift5539,Derivation,4,ACCEPTED,→,monarch,696,corn crake,1098,German,169,German,169,monarch,corn crake,König,Wachtelkönig
10803,shift1964,Derivation,1,ACCEPTED,→,"to spring, jump",3201,grasshopper (Tettigonioidea),835,English,153,English,153,"to jump, to hop",grasshopper,to hop,grasshopper
10807,shift5553,Polysemy,1,ACCEPTED,→,wing,92,"leaf (of door, window)",175,German,169,German,169,wing,"leaf (of door, window)",Flügel,Flügel
10827,shift2404,Polysemy,3,ACCEPTED,—,autumn,2063,harvest,1565,Old English,114,Old English,114,"autumn, harvest",harvest,hœrfest,hœrfest
10831,shift7858,Derivation,2,ACCEPTED,→,pig (Sus scrofa),369,capybara,893,German,169,German,169,pig (Sus scrofa),capybara,Schwein,Wasserschwein
10833,shift7858,Derivation,4,ACCEPTED,→,pig (Sus scrofa),369,capybara,893,English,153,English,153,pig (Sus scrofa),capybara,hog,water hog
10834,shift7858,Derivation,5,ACCEPTED,→,pig (Sus scrofa),369,capybara,893,English,153,English,153,pig (Sus scrofa),capybara,pig,water pig
10840,shift7426,Polysemy,1,ACCEPTED,→,lock (n.),240,fortress,1353,Middle High German,10,Middle High German,10,lock (n.),fortress,"sloʒ, slōʒ","sloʒ, slōʒ"
10841,shift7426,Polysemy,2,ACCEPTED,→,lock (n.),240,fortress,1353,German,169,German,169,lock (n.),"castle, palace",Schloss,Schloss
10869,shift0589,Polysemy,3,ACCEPTED,→,&lt;wooden object&gt;,3,fool,1336,German,169,German,169,"block, chunk; fetters","yokelish, rude person",Klotz,Klotz
10873,shift0589,Derivation,7,ACCEPTED,→,&lt;wooden object&gt;,3,fool,1336,English,153,English,153,"block, chunk",blockhead,block,blockhead
10874,shift0589,Polysemy,8,ACCEPTED,→,&lt;wooden object&gt;,3,fool,1336,English,153,English,153,stump,"blockhead, idiot",stump,stump
10878,shift0589,Polysemy,12,ACCEPTED,→,&lt;wooden object&gt;,3,fool,1336,Icelandic,252,Icelandic,252,trunk (tree),"rude, yokelish",svoli,svoli
10882,shift0589,Polysemy,16,ACCEPTED,→,&lt;wooden object&gt;,3,fool,1336,English,153,English,153,"block, chunk","blockhead, fool",chump,chump
10885,shift0589,Polysemy,19,ACCEPTED,→,&lt;wooden object&gt;,3,fool,1336,German,169,German,169,"club, thick stick","blockhead, yokelish",Knüppel,Knüppel
10894,shift5178,Polysemy,1,ACCEPTED,→,to move,2925,to make a move (in a game),2880,English,153,English,153,to move,to make a move (in a game),move,move
10913,shift2475,Derivation,2,ACCEPTED,→,to lie (posture),2848,ambush,1986,Old High German,147,Old High German,147,to lie,ambush,ligan,lāga
10941,shift1928,Polysemy,6,ACCEPTED,→,tribe,3435,kind (n.),1710,Old English,114,Old English,114,"tribe, race, species",kind,"tribe, race, species",cynn
10978,shift6470,Derivation,1,NEW,→,evil spirit,3877,mole cricket (Gryllotalpa),695,German,169,German,169,devil,mole cricket (Gryllotalpa),Teufel,Halbteufel
10979,shift6470,Derivation,2,NEW,→,evil spirit,3877,mole cricket (Gryllotalpa),695,German,169,German,169,dwarf,mole cricket (Gryllotalpa),Zwerg,Zwergel
11035,shift3656,Polysemy,2,NEW,→,"to pull, to draw",3018,to draw (an official paper),2549,English,153,English,153,"to pull, to draw","to sign a cheque, note, bill etc",to draw,to draw
11043,shift1455,Polysemy,8,ACCEPTED,—,to call,2396,to name,2937,English,153,English,153,"send for, command to come","name, give a name",call,call
11050,shift1455,Polysemy,15,ACCEPTED,→,to call,2396,to name,2937,Norwegian,24,Norwegian,24,"to call (somebody), to make respond",to name,kalle,kalle
11051,shift1455,Polysemy,16,ACCEPTED,→,to call,2396,to name,2937,Danish,173,Danish,173,"to call (somebody), to make respond",to name,kalde,kalde
11052,shift1455,Polysemy,17,ACCEPTED,→,to call,2396,to name,2937,Swedish,135,Swedish,135,"to call (somebody), to make respond",to name,kalla,kalla
11053,shift1455,Polysemy,18,ACCEPTED,→,to call,2396,to name,2937,Icelandic,252,Icelandic,252,"to call (somebody), to make respond",to name,kalla,kalla
11064,shift3563,Polysemy,1,ACCEPTED,→,"bowels, intestine",3664,brave,3675,English,153,English,153,"the alimentary canal or a portion thereof, especially the intestine or stomach",fortitude and determination,guts,guts
11077,shift6996,Derivation,1,ACCEPTED,→,&lt;vessel&gt;,3742,flower cup,1324,English,153,English,153,cup,flower cup,cup,flower cup
11114,shift1313,Polysemy,8,ACCEPTED,?,pig (Sus scrofa),369,bad person,3496,German,169,German,169,pig,"mean, base (person)",Schwein,Schwein
11138,shift1212,Polysemy,3,ACCEPTED,→,to feel pity,2617,to regret,3055,English,153,English,153,to feel pity,to regret,pity,pity
11141,shift5796,Polysemy,1,NEW,→,star,4247,cataract (of the eye),909,Dutch,255,Dutch,255,star,cataract (of the eye),staar,staar
11142,shift5796,Derivation,2,SUSPENDED,→,star,4247,cataract (of the eye),909,German,169,German,169,star,eye-illness,Star,Star
11189,shift0389,Polysemy,42,NEW,—,beard,3541,chin,966,Yiddish,341,Yiddish,341,beard,chin,bord,bord
11223,shift7492,Derivation,1,ACCEPTED,→,badger (Meles),3501,honey badger,1643,English,153,English,153,badger (Meles),honey badger,badger,honey badger
11224,shift7492,Polysemy,2,ACCEPTED,←,badger (Meles),3501,honey badger,1643,Afrikaans,835,Afrikaans,835,badger (Meles),honey badger,ratel,ratel
11225,shift7492,Derivation,3,ACCEPTED,→,badger (Meles),3501,honey badger,1643,Dutch,255,Dutch,255,badger (Meles),honey badger,das,honingdas
11226,shift7492,Derivation,4,ACCEPTED,→,badger (Meles),3501,honey badger,1643,German,169,German,169,badger (Meles),honey badger,Dachs,Honigdachs
11232,shift7492,Derivation,10,ACCEPTED,→,badger (Meles),3501,honey badger,1643,Swedish,135,Swedish,135,badger (Meles),honey badger,grävling,honungsgrävling
11241,shift0678,Polysemy,1,ACCEPTED,→,strength,4301,"power, authority",450,German,169,German,169,"power, strength",power,Macht,Macht
11249,shift0678,Polysemy,9,ACCEPTED,→,strength,4301,"power, authority",450,English,153,English,153,"force, might, power",power,power,power
11278,shift0753,Polysemy,1,NEW,?,"to raise, lift (tr.)",3037,"to end, finish",2577,German,169,German,169,to lift [НЕМ 93],"to stop, to finish",aufheben,aufheben
11310,shift8621,Derivation,2,NEW,→,crawfish,1131,Cancer (constellation),883,Swedish,135,Swedish,135,crawfish,Cancer (constellation),kräfta,Kräftan
11311,shift8621,Derivation,3,NEW,→,crawfish,1131,Cancer (constellation),883,Norwegian,24,Norwegian,24,crawfish,Cancer (constellation),kreps,Krepsen
11315,shift8621,Polysemy,7,NEW,→,crawfish,1131,Cancer (constellation),883,Luxembourgish,840,Luxembourgish,840,crawfish,Cancer (constellation),Kriibs,Kriibs
11324,shift1836,Derivation,3,ACCEPTED,—,friend,1380,beloved,3574,English,153,English,153,friend,beloved,friend,boy-friend
11339,shift2631,Polysemy,9,ACCEPTED,→,to thrust (into),3299,to ache,2214,Danish,173,Danish,173,to thrust (into),to ache,stikke,stikke
11340,shift2631,Polysemy,10,ACCEPTED,→,to thrust (into),3299,to ache,2214,English,153,English,153,sting (n.),sensation of pain,sting,sting
11349,shift7992,Derivation,3,ACCEPTED,→,shell (of mollusc),4030,auricle,2060,Dutch,255,Dutch,255,"shell (of mollusc), conch",auricle,schelp,oorschelp
11350,shift7992,Derivation,4,ACCEPTED,→,shell (of mollusc),4030,auricle,2060,German,169,German,169,bivalve; seashell,auricle,Muschel,Ohrmuschel
11355,shift0387,Polysemy,1,ACCEPTED,?,mud,739,faeces,1215,Icelandic,252,Icelandic,252,"dirt, mud",faeces,saur,saur
11358,shift0387,Polysemy,4,ACCEPTED,?,mud,739,faeces,1215,English,153,English,153,"Excrement, faeces","dirt, waste",dirt,dirt
11365,shift0387,Polysemy,11,ACCEPTED,—,mud,739,faeces,1215,Icelandic,252,Icelandic,252,"dirt, mud",faeces,skítur,skítur
11367,shift0387,Polysemy,13,ACCEPTED,→,mud,739,faeces,1215,Norwegian,24,Norwegian,24,mud,faeces,skitt,skitt
11368,shift0387,Polysemy,14,ACCEPTED,→,mud,739,faeces,1215,Danish,173,Danish,173,mud,faeces,skidt,skidt
11376,shift1015,Polysemy,4,ACCEPTED,?,backwards,3492,again,1955,Old Norse,236,Old Norse,236,back,again,aptr,aptr
11380,shift7774,Derivation,1,NEW,→,Easter,3804,April,2021,Old English,114,Old English,114,Easter,April,ēastre,eastermonaþ
11381,shift7774,Derivation,2,NEW,→,Easter,3804,April,2021,Luxembourgish,840,Luxembourgish,840,Easter,April,Ouschteren,Ouschtermount
11382,shift7774,Derivation,3,NEW,→,Easter,3804,April,2021,German,169,German,169,Easter,April,Ostern,Ostermond
11426,shift1372,Polysemy,6,ACCEPTED,→,stick (n.),4267,unit of length,528,English,153,English,153,perch,"length unit (= 5,03 m)",perch,perch
11427,shift1372,Polysemy,7,ACCEPTED,→,stick (n.),4267,unit of length,528,English,153,English,153,rod,length unit (= 5 m),rod,rod
11428,shift1372,Polysemy,8,ACCEPTED,→,stick (n.),4267,unit of length,528,English,153,English,153,"pole, perch,","length unit (= 5,029 m)",pole,pole
11431,shift1372,Polysemy,11,ACCEPTED,→,stick (n.),4267,unit of length,528,German,169,German,169,"cane, whip",ancient German length unit = 3-5 m and square unit = 14 m2,Rute,Rute
11459,shift2798,Polysemy,9,ACCEPTED,→,&lt;profession&gt;,280,talkative person,2120,English,153,English,153,sharper,"chatterbox, babbler",spieler,spieler
11460,shift2798,Polysemy,10,ACCEPTED,→,&lt;profession&gt;,280,talkative person,2120,English,153,English,153,"merchant, shop keeper","chatterbox, news monger",retailer,retailer
11471,shift0752,Polysemy,2,ACCEPTED,?,to carry,2401,to endure,2578,English,153,English,153,"to transfer, to transport [НБАРС 205]","to stand, to bear [НБАРС 183]",bear,bear
11472,shift0752,Polysemy,3,ACCEPTED,?,to carry,2401,to endure,2578,German,169,German,169,to carry [НЕМ 847],"to stand, to bear [НЕМ 847]",tragen,tragen
11488,shift1370,Polysemy,5,ACCEPTED,→,forearm,1346,unit of length,528,Old English,114,Old English,114,elbow,length unit,eln,ell
11490,shift1370,Polysemy,7,ACCEPTED,→,forearm,1346,unit of length,528,English,153,English,153,elbow bone,length unit,cubit,cubit
11494,shift1370,Polysemy,11,ACCEPTED,→,forearm,1346,unit of length,528,German,169,German,169,forearm,cubit (=length unit),Brazze,Brazze
11497,shift1370,Polysemy,14,ACCEPTED,→,forearm,1346,unit of length,528,German,169,German,169,elbow bone,cubit (=historical length unit),Elle,Elle
11517,shift3047,Polysemy,1,NEW,→,green,845,fresh,1376,German,169,German,169,green,fresh,grün,grün
11527,shift6508,Derivation,4,ACCEPTED,→,gold,807,rose chafer,1507,Danish,173,Danish,173,gold,rose chafer,guld,guldbasse
11533,shift6508,Derivation,10,ACCEPTED,→,gold,807,rose chafer,1507,Low German,1230,Low German,1230,gold,rose chafer,Gold,Goldkäver
11534,shift6508,Derivation,11,ACCEPTED,→,gold,807,rose chafer,1507,Dutch,255,Dutch,255,gold,rose chafer,gouden,gouden tor
11535,shift6508,Derivation,12,ACCEPTED,→,gold,807,rose chafer,1507,Norwegian,24,Norwegian,24,gold,rose chafer,gull,hårgullbasse
11538,shift6508,Derivation,15,ACCEPTED,→,gold,807,rose chafer,1507,Swedish,135,Swedish,135,gold,rose chafer,guld,guldbagge
11541,shift6171,Derivation,2,ACCEPTED,→,bear (Ursus),3539,kinkajou,1714,English,153,English,153,bear (Ursus),kinkajou,bear,honey bear
11544,shift6171,Derivation,5,ACCEPTED,→,bear (Ursus),3539,kinkajou,1714,German,169,German,169,bear (Ursus),kinkajou,Bär,Wickelbär
11545,shift6171,Derivation,6,ACCEPTED,→,bear (Ursus),3539,kinkajou,1714,German,169,German,169,bear (Ursus),kinkajou,Bär,Honigbär
11552,shift2036,Polysemy,3,ACCEPTED,—,thin (of an object),2172,lean,178,English,153,English,153,thin,"thin, lean",thin,thin
11555,shift2036,Polysemy,6,ACCEPTED,—,thin (of an object),2172,lean,178,Norwegian,24,Norwegian,24,thin (of an object),lean,tynn,tynn
11556,shift2036,Polysemy,7,ACCEPTED,—,thin (of an object),2172,lean,178,Danish,173,Danish,173,thin (of an object),lean,tynd,tynd
11557,shift2036,Polysemy,8,ACCEPTED,—,thin (of an object),2172,lean,178,Swedish,135,Swedish,135,thin (of an object),lean,tunn,tunn
11558,shift2036,Polysemy,9,ACCEPTED,—,thin (of an object),2172,lean,178,Icelandic,252,Icelandic,252,thin (of an object),lean,þunnur,þunnur
11565,shift2116,Polysemy,1,ACCEPTED,?,"stopper, plug",4285,baby,3483,Icelandic,252,Icelandic,252,"cork, plug","mite, baby",tappi,tappi
11566,shift2116,Polysemy,2,ACCEPTED,?,"stopper, plug",4285,baby,3483,German,169,German,169,cork,"tiny tot, humpty dumpty",Stöpsel,Stöpsel
11567,shift2116,Polysemy,3,ACCEPTED,?,"stopper, plug",4285,baby,3483,Icelandic,252,Icelandic,252,"plug, tap","mite, baby (affect.)",spons,spons
11626,shift8371,Polysemy,2,NEW,→,to suffer,3244,"to be ill, sick",2278,Norwegian,24,Norwegian,24,suffering,illness,lidelse,lidelse
11637,shift0133,Derivation,8,NEW,→,Mercury,639,Wednesday,39,English,153,English,153,Mercury,Wednesday,Wodin (Odin),Wednesday
11638,shift0133,Derivation,9,NEW,→,Mercury,639,Wednesday,39,English,153,English,153,Mercury,Wednesday,Wodin (Odin),Wednesday
11651,shift6876,Polysemy,2,NEW,→,needle,1841,pine needle,381,English,153,English,153,needle,needle of the coniferous tree,needle,needle
11681,shift1887,Polysemy,1,ACCEPTED,→,to stand,3211,to be situated,2299,Icelandic,252,Icelandic,252,to stand,"to be, to be located",standa,standa
11684,shift1887,Polysemy,4,ACCEPTED,→,to stand,3211,to be situated,2299,Norwegian,24,Norwegian,24,to stand,to be situated,stå,stå
11685,shift1887,Polysemy,5,ACCEPTED,→,to stand,3211,to be situated,2299,Swedish,135,Swedish,135,to stand,to be situated,stå,stå
11686,shift1887,Polysemy,6,ACCEPTED,→,to stand,3211,to be situated,2299,German,169,German,169,to stand,to be situated,stehen,stehen
11695,shift6527,Polysemy,3,ACCEPTED,→,rust (n.),1528,rust (plant disease),1529,English,153,English,153,rust (n.),rust (plant disease),rust,rust
11697,shift6527,Polysemy,5,ACCEPTED,→,rust (n.),1528,rust (plant disease),1529,Dutch,255,Dutch,255,rust (n.),rust (plant disease),roest,roest
11722,shift8411,Derivation,1,ACCEPTED,→,storm,4288,October,4521,North Frisian,1265,North Frisian,1265,storm,October,storm,stormmoune
11728,shift6133,Derivation,4,ACCEPTED,→,rain,1420,umbrella,504,Dutch,255,Dutch,255,rain,umbrella,regen,regenscherm
11731,shift6133,Derivation,7,ACCEPTED,→,rain,1420,umbrella,504,Icelandic,252,Icelandic,252,rain,umbrella,regn,regnhlíf
11740,shift8548,Polysemy,2,ACCEPTED,→,surprising,4350,great,839,English,153,English,153,surprising,great,amazing,amazing
11745,shift2648,Polysemy,1,ACCEPTED,→,chaff,934,useless thing,550,Icelandic,252,Icelandic,252,chaff,"trifle, useless thing",hismi,hismi
11751,shift6380,Polysemy,2,NEW,→,open-eyed,4549,vigilant,3763,English,153,English,153,with open eyes,alert and vigilant,open-eyed,open-eyed
11752,shift2401,Derivation,1,NEW,→,beard,3541,axe,2070,Old High German,147,Old High German,147,beard,axe,bart,barta
11794,shift2119,Derivation,5,ACCEPTED,→,monkey,703,to imitate,2781,English,153,English,153,NA,NA,monkey,to monkey
11795,shift2119,Derivation,6,ACCEPTED,→,monkey,703,to imitate,2781,German,169,German,169,"monkey, ape","to mimic, to play the ape",Affe,nachäffen
11817,shift1875,Polysemy,12,ACCEPTED,—,to prop up,3010,"to help, aid",2761,English,153,English,153,NA,NA,support,support
11862,shift1536,Derivation,1,ACCEPTED,—,"grief, sorrow",849,to regret,3055,English,153,English,153,"sad, upset, gloomy","upset, regretting",sorrow,sorry
11877,shift5544,Polysemy,1,NEW,→,ruff,1518,ruff (bird),1519,English,153,English,153,circular frill or ruffle on a garment,bird Philomachus pugnax (syn. Calidris pugnax),ruff,ruff
11883,shift5872,Derivation,4,ACCEPTED,→,horse,1661,horse-fly (Tabanidae),1663,English,153,English,153,horse (Equus caballus),horse-fly (Tabanidae),horse,horse-fly
11888,shift7200,Polysemy,1,ACCEPTED,?,foam,1331,lumpen,270,English,153,English,153,scum,"nullity, squalid person",scum,scum
11889,shift7200,Polysemy,2,ACCEPTED,?,foam,1331,lumpen,270,German,169,German,169,"foam, scum",scum (fig.),Abschaum,Abschaum
11891,shift5532,Derivation,2,NEW,→,night,1863,nightingale,1865,English,153,English,153,night,nightingale,night,nightingale
11964,shift0421,Polysemy,1,ACCEPTED,—,&lt;vessel&gt;,3742,pelvis,339,German,169,German,169,"bowl, basin",pelvis,Becken,Becken
11977,shift7173,Motivation,4,ACCEPTED,→,horn,1657,fenugreek,1260,German,169,German,169,horn,fenugreek,Bockshorn,Bockshornklee
11990,shift3045,Polysemy,1,ACCEPTED,→,cloud,1007,sky,4106,Old English,114,Old English,114,cloud,"(in the plural) the sky, the heavens",wolcn,wolcn
11991,shift3045,Polysemy,2,ACCEPTED,→,cloud,1007,sky,4106,Middle English,6,Middle English,6,cloud,sky,"ski, skie, sky","ski, skie, sky"
12022,shift4216,Derivation,2,ACCEPTED,→,"to follow, go after smb.",2649,"to adhere, support",2221,English,153,English,153,to go after smb.,a person who supports and admires a particular person or set of ideas,follow,follower
12044,shift2184,Polysemy,10,ACCEPTED,→,"stranger, foreign",4296,strange,4295,English,153,English,153,(obsolete) belonging to another country; foreign.,"odd, unusual, surprising, out of the ordinary",strange,strange
12045,shift7795,Derivation,1,NEW,→,beard,3541,fetlock,1264,Icelandic,252,Icelandic,252,beard,fetlock,skegg,hófskegg
12055,shift1205,Polysemy,3,ACCEPTED,?,hand/arm,1550,wing,92,English,153,English,153,"arm (Amer., colloq.)",wing,wing,wing
12063,shift4592,Polysemy,1,NEW,→,monk,702,donut,4464,Swedish,135,Swedish,135,monk,donut,munk,munk
12076,shift2143,Polysemy,1,ACCEPTED,?,foot/leg,1340,basis,3524,Icelandic,252,Icelandic,252,"foot, leg",foundation,fótur,fótur
12085,shift2965,Polysemy,2,ACCEPTED,—,deep,4404,dark (adj.),4382,English,153,English,153,deep,"dark, rich (colour)",deep,deep
12112,shift8321,Polysemy,19,ACCEPTED,→,stomach,4277,abdomen,1918,Afrikaans,835,Afrikaans,835,stomach,abdomen,maag,maag
12166,shift1391,Derivation,17,ACCEPTED,→,to sing,3157,to glorify,2695,Norwegian,24,Norwegian,24,to sing,to glorify,synge,besynge
12167,shift1391,Derivation,18,ACCEPTED,→,to sing,3157,to glorify,2695,Danish,173,Danish,173,to sing,to glorify,synge,besynge
12168,shift1391,Derivation,19,ACCEPTED,→,to sing,3157,to glorify,2695,Swedish,135,Swedish,135,to sing,to glorify,sjunga,besjunga
12180,shift7280,Polysemy,1,ACCEPTED,→,sabbath,3905,meeting of witches,627,English,153,English,153,"Saturday, observed in Judaism and some Christian denominations as a day of rest and worship",meeting of witches,Sabbath,Sabbath
12186,shift7280,Derivation,7,ACCEPTED,→,sabbath,3905,meeting of witches,627,Dutch,255,Dutch,255,sabbath,meeting of witches,sabbat,heksensabbat
12187,shift7280,Derivation,8,ACCEPTED,→,sabbath,3905,meeting of witches,627,German,169,German,169,sabbath,meeting of witches,Sabbat,Hexensabbat
12213,shift6489,Polysemy,2,ACCEPTED,→,"wild, untamed",82,strange,4295,Danish,173,Danish,173,"wild, untamed","strange, crazy, inexplicable",vild,vild
12215,shift6489,Polysemy,4,ACCEPTED,→,"wild, untamed",82,strange,4295,Norwegian,24,Norwegian,24,"wild, untamed","strange, absurd",vill,vill
12236,shift0789,Polysemy,9,ACCEPTED,—,"hard, solid",1558,strong,4304,Norwegian,24,Norwegian,24,"hard, solid",strong,sterk,sterk
12237,shift0789,Polysemy,10,ACCEPTED,—,"hard, solid",1558,strong,4304,Danish,173,Danish,173,"hard, solid",strong,stærk,stærk
12238,shift0789,Polysemy,11,ACCEPTED,—,"hard, solid",1558,strong,4304,Swedish,135,Swedish,135,"hard, solid",strong,stark,stark
12243,shift2124,Polysemy,1,ACCEPTED,—,to stand,3211,to befit,2329,Icelandic,252,Icelandic,252,to stand,to beseem,standa,standa
12246,shift7379,Polysemy,1,NEW,—,spoke of wheel,4214,radius (bone),1415,German,169,German,169,spoke of wheel,radius (bone),Speiche,Speiche
12273,shift7188,Derivation,1,ACCEPTED,→,slaughter,4110,November,1888,West Frisian,1192,West Frisian,1192,slaughter,November,slacht,slachtmoanne
12292,shift3608,Polysemy,1,ACCEPTED,→,"to raise, lift (tr.)",3037,to abolish,2209,English,153,English,153,to move to a higher position; elevate,to bring to an end; remove,to raise,to raise
12296,shift3608,Polysemy,5,ACCEPTED,→,"to raise, lift (tr.)",3037,to abolish,2209,Norwegian,24,Norwegian,24,"to raise, lift (tr.)",to eliminate,heve,heve
12297,shift3608,Polysemy,6,ACCEPTED,→,"to raise, lift (tr.)",3037,to abolish,2209,Danish,173,Danish,173,"to raise, lift (tr.)",to eliminate,hæve,hæve
12298,shift3608,Derivation,7,ACCEPTED,→,"to raise, lift (tr.)",3037,to abolish,2209,Swedish,135,Swedish,135,"to raise, lift (tr.)","to remove, eliminate",häva,upphäva
12299,shift3608,Polysemy,8,ACCEPTED,→,"to raise, lift (tr.)",3037,to abolish,2209,German,169,German,169,"to raise, lift (tr.)",to abolish,aufheben,aufheben
12300,shift3608,Polysemy,9,ACCEPTED,→,"to raise, lift (tr.)",3037,to abolish,2209,Dutch,255,Dutch,255,"to raise, lift (tr.)",to abolish,opheffen,opheffen
12301,shift3608,Polysemy,10,ACCEPTED,→,"to raise, lift (tr.)",3037,to abolish,2209,Norwegian,24,Norwegian,24,"to raise, lift (tr.)",to abolish,heve,heve
12302,shift3608,Polysemy,11,ACCEPTED,→,"to raise, lift (tr.)",3037,to abolish,2209,Danish,173,Danish,173,"to raise, lift (tr.)",to abolish,hæve,hæve
12303,shift3608,Polysemy,12,ACCEPTED,→,"to raise, lift (tr.)",3037,to abolish,2209,Swedish,135,Swedish,135,"to raise, lift (tr.)",to abolish,häva,häva
12307,shift7879,Derivation,2,ACCEPTED,→,news,1857,newspaper,1858,English,153,English,153,information about current events disseminated via media,"publication, usually published daily or weekly and usually printed on cheap, low-quality paper, containing news and other articles",news,newspaper
12325,shift0857,Polysemy,3,ACCEPTED,?,"to show, indicate",3151,to teach,3285,Old English,114,Old English,114,to show,"to teach, to instruct, to guide",tæcan,tæcan
12342,shift3708,Polysemy,3,ACCEPTED,→,cat,905,hare (Lepus),1562,Danish,173,Danish,173,kitten,"young hare, leveret",killing,killing
12349,shift8076,Semantic evolution,1,NEW,→,raisin,1423,currant-bush,1163,English,153,English,153,"raisin, small dried grape, usually the Black Corinth grape, rarely more than 4 mm in diameter when dried","fruit of various shrubs of the genus Ribes, white, black or red",currant,currant
12371,shift3999,Polysemy,2,ACCEPTED,→,basket,3525,beehive,3558,English,153,English,153,a wooden or wicker basket,a straw or wicker beehive,skep,skep
12456,shift2470,Polysemy,1,ACCEPTED,→,stone (piece of rock),4281,prison,467,Icelandic,252,Icelandic,252,stone,jail,steinn,steinn
12473,shift8325,Polysemy,4,ACCEPTED,—,stomach,4277,womb,110,Middle English,6,Middle English,6,stomach,womb,wombe,wombe
12484,shift0203,Polysemy,4,NEW,—,jealous,1180,envious,3848,English,153,English,153,jealous,envious,jealous,jealous
12500,shift2371,Polysemy,3,ACCEPTED,→,night,1863,24 hours,4581,Old English,114,Old English,114,night,twenty four hours,niht,niht
12509,shift1078,Polysemy,4,ACCEPTED,→,lean,178,fatless,1245,German,169,German,169,"lean, meagre",lean,mager,mager
12510,shift1078,Polysemy,5,ACCEPTED,→,lean,178,fatless,1245,English,153,English,153,lean,lean (meat),scraggy,scraggy
12512,shift1078,Polysemy,7,ACCEPTED,→,lean,178,fatless,1245,Norwegian,24,Norwegian,24,lean,fatless,mager,mager
12513,shift1078,Polysemy,8,ACCEPTED,→,lean,178,fatless,1245,Danish,173,Danish,173,lean,fatless,mager,mager
12514,shift1078,Polysemy,9,ACCEPTED,→,lean,178,fatless,1245,Swedish,135,Swedish,135,lean,fatless,mager,mager
12515,shift1078,Polysemy,10,ACCEPTED,→,lean,178,fatless,1245,Icelandic,252,Icelandic,252,lean,fatless,magur,magur
12520,shift2074,Derivation,2,ACCEPTED,—,to plant,2979,plant (biol.),398,English,153,English,153,to place (a seed or plant) in soil or other substrate in order that it may live and grow,"an organism that is not an animal, especially an organism capable of photosynthesis",plant,plant
12521,shift2074,Derivation,3,ACCEPTED,→,to plant,2979,plant (biol.),398,Middle English,6,Middle English,6,"to plant, put (a seed or plant) in the ground",plant (biol.),planten,plante
12522,shift2074,Derivation,4,ACCEPTED,→,to plant,2979,plant (biol.),398,Old English,114,Old English,114,"to plant, put (a seed or plant) in the ground","young tree or shrub, herb newly planted",plantian,plante
12526,shift2074,Derivation,8,ACCEPTED,→,to plant,2979,plant (biol.),398,Dutch,255,Dutch,255,"to plant, put (a seed or plant) in the ground",plant (biol.),planten,plant
12527,shift2074,Derivation,9,ACCEPTED,→,to plant,2979,plant (biol.),398,German,169,German,169,"to plant, put (a seed or plant) in the ground",plant (biol.),pflanzen,Pflanze
12528,shift2074,Derivation,10,ACCEPTED,→,to plant,2979,plant (biol.),398,Swedish,135,Swedish,135,"to plant, put (a seed or plant) in the ground",plant (biol.),plantera,planta
12531,shift2074,Derivation,13,ACCEPTED,→,to plant,2979,plant (biol.),398,Icelandic,252,Icelandic,252,"to plant, put (a seed or plant) in the ground",plant (biol.),planta,planta
12554,shift4465,Polysemy,1,ACCEPTED,→,cheerful,950,gay,773,English,153,English,153,cheerful,gay,gay,gay
12555,shift3927,Polysemy,1,ACCEPTED,—,to seem,3122,to like,2852,Norwegian,24,Norwegian,24,to seem,to like,synes,synes
12567,shift3218,Polysemy,2,NEW,→,snake,4136,hose,1670,German,169,German,169,snake,hose,Schlange,Schlange
12569,shift5004,Polysemy,2,ACCEPTED,→,string (of a musical instrument),4303,chord (music),974,English,153,English,153,(dated) string of a musical instrument,harmonic set of three or more notes that is heard as if sounding simultaneously,chord,chord
12575,shift4640,Derivation,1,NEW,→,outwards,4571,by heart,3740,German,169,German,169,outwards,by heart,auswenden,auswendig
12625,shift0772,Derivation,2,ACCEPTED,→,"to shine, glitter",3145,to become visible,2327,German,169,German,169,"to glitter, to glisten, to shine","to appear, to become",scheinen,erscheinen
12630,shift6880,Polysemy,1,ACCEPTED,→,poverty,447,must,754,English,153,English,153,to need,"have to, need, should",need,need
12636,shift5053,Derivation,1,ACCEPTED,→,to answer,2228,to correspond,2464,English,153,English,153,to answer,to be compatible,respond,correspond
12643,shift5053,Polysemy,8,ACCEPTED,→,to answer,2228,to correspond,2464,German,169,German,169,to answer,to correspond,respondieren,respondieren
12644,shift5053,Polysemy,9,ACCEPTED,→,to answer,2228,to correspond,2464,English,153,English,153,to say or write something as a reaction to someone or something,to be suitable for fulfilling (a need); to satisfy,answer,answer
12655,shift5053,Polysemy,20,ACCEPTED,→,to answer,2228,to correspond,2464,Icelandic,252,Icelandic,252,to answer,to correspond,svara,svara
12664,shift5762,Polysemy,3,ACCEPTED,→,line,219,trait,3425,Norwegian,24,Norwegian,24,line,trait,trekk,trekk
12665,shift5762,Polysemy,4,ACCEPTED,→,line,219,trait,3425,Swedish,135,Swedish,135,line,trait,drag,drag
12671,shift1168,Derivation,2,ACCEPTED,→,to speak,3193,"to order, command",2953,Icelandic,252,Icelandic,252,"to say, to tell, to infrom","to order, to prescribe",segja,segja fyrir
12692,shift0059,Polysemy,2,ACCEPTED,—,correct (adj.),1105,right (vs. left),1481,English,153,English,153,NA,NA,right,right
12702,shift6982,Derivation,1,NEW,→,respect (n.),1461,"relation, connection",1453,English,153,English,153,respect (n.),"relation, connection",respect,in this respect
12707,shift0808,Polysemy,1,ACCEPTED,?,"rough, uneven",1510,difficult,4433,English,153,English,153,"rough, uneven (surface)","hard, difficult (circumstances)",rough,rough
12715,shift6711,Polysemy,2,ACCEPTED,→,mint (coins producing),671,side of a coin,4072,Dutch,255,Dutch,255,mint (coins producing),side of a coin,munt,munt
12731,shift2005,Polysemy,2,ACCEPTED,?,"edge, border",3810,blade,3620,English,153,English,153,edge,blade,edge,edge
12733,shift5504,Polysemy,1,NEW,→,to slide,3171,"to make a mistake, be wrong",2879,English,153,English,153,to lose one’s traction on a slippery surface; to slide due to a lack of friction,"to make a mistake, be wrong",to slip,to slip
12743,shift1103,Polysemy,9,ACCEPTED,→,thin (of an object),2172,high-pitched,1625,Norwegian,24,Norwegian,24,thin (of an object),high-pitched (of sound),grann,grann
12752,shift5193,Derivation,5,ACCEPTED,—,mother,720,wet-nurse,50,Dutch,255,Dutch,255,mother,wet-nurse,moeder,zoogmoeder
12760,shift1239,Cognates,1,NEW,—,to bite,2347,bitter,3607,English,153,English,153,to bite,bitter,bite,bitter
12784,shift3532,Polysemy,1,ACCEPTED,→,land (vs. sea),153,bottom,3654,German,169,German,169,"earth, soil","bottom (of a cointainer, sea, river, etc.)",Boden,Boden
12785,shift3532,Polysemy,2,ACCEPTED,→,land (vs. sea),153,bottom,3654,German,169,German,169,"earth, soil",bottom (of the sea etc.),Grund,Grund
12792,shift6755,Derivation,2,ACCEPTED,→,hernia (medical),1617,burstwort (herniaria),3726,English,153,English,153,"rupture, hernia",burstwort (herniaria),hernia,herniaria
12840,shift6492,Derivation,1,ACCEPTED,→,warm,10,homosexual,1639,German,169,German,169,"warm, stuffy","gay, homosexual",schwül,schwul
12842,shift6492,Derivation,3,ACCEPTED,→,warm,10,homosexual,1639,German,169,German,169,warm,"(obsolete, slang) homosexual",warm,warmer Bruder
12853,shift2908,Polysemy,2,ACCEPTED,—,cat,905,vagina,3745,German,169,German,169,'Katze','weibliches Geschlechtsorgan',Muschi,Muschi
12854,shift2908,Polysemy,3,ACCEPTED,→,cat,905,vagina,3745,English,153,English,153,pussy cat,vagina (vulg.),pussy,pussy
12860,shift4419,Polysemy,3,ACCEPTED,→,flower,1323,best part of something,3584,German,169,German,169,flower,best,Blüte,Blüte
12868,shift6302,Polysemy,1,NEW,—,anvil (of a blacksmith),2010,"incus, anvil bone",1764,Dutch,255,Dutch,255,anvil (of a blacksmith),anvil bone in the ear,aanbeeld,aanbeeld
12878,shift6302,Polysemy,11,NEW,→,anvil (of a blacksmith),2010,"incus, anvil bone",1764,Afrikaans,835,Afrikaans,835,anvil (of a blacksmith),anvil bone,aambeeld,aambeeld
12879,shift6302,Polysemy,12,NEW,→,anvil (of a blacksmith),2010,"incus, anvil bone",1764,Danish,173,Danish,173,anvil (of a blacksmith),anvil bone,ambolt,ambolt
12883,shift6302,Polysemy,16,NEW,→,anvil (of a blacksmith),2010,"incus, anvil bone",1764,Swedish,135,Swedish,135,anvil (of a blacksmith),anvil bone,städ,städ
12888,shift6302,Polysemy,21,NEW,→,anvil (of a blacksmith),2010,"incus, anvil bone",1764,Norwegian,24,Norwegian,24,anvil (of a blacksmith),anvil bone,ambolt,ambolt
12891,shift6302,Polysemy,24,NEW,→,anvil (of a blacksmith),2010,"incus, anvil bone",1764,German,169,German,169,anvil (of a blacksmith),anvil bone,Amboss,Amboss
12895,shift6302,Polysemy,28,NEW,→,anvil (of a blacksmith),2010,"incus, anvil bone",1764,Icelandic,252,Icelandic,252,anvil (of a blacksmith),anvil bone,steðji,steðji
12906,shift1472,Polysemy,11,ACCEPTED,→,"earth, soil",3800,"country, land",1109,Old English,114,Old English,114,soil,"lot, country","land, lond","land, lond"
12993,shift8172,Motivation,1,ACCEPTED,→,milk,657,willowherb,87,Swedish,135,Swedish,135,milk,willowherb,mjölk,mjölke
12994,shift8172,Motivation,2,ACCEPTED,→,milk,657,willowherb,87,Norwegian,24,Norwegian,24,milk,willowherb,mjølk,mjølke
13067,shift1560,Polysemy,2,ACCEPTED,?,nature,1831,"human temper, character",1682,English,153,English,153,"nature, universe","character, temper, nature",nature,nature
13090,shift0481,Polysemy,1,NEW,?,mouth,735,impudence,1749,English,153,English,153,mouth,"impudence, insolence (slang)",mouth,mouth
13112,shift6581,Polysemy,4,ACCEPTED,→,sour,4175,acid,1934,Danish,173,Danish,173,of food) the state of being sour.,(chemistry) acid,syre,syre
13116,shift6581,Polysemy,8,ACCEPTED,→,sour,4175,acid,1934,Dutch,255,Dutch,255,sour,acid,zuur,zuur
13118,shift6581,Polysemy,10,ACCEPTED,→,sour,4175,acid,1934,Icelandic,252,Icelandic,252,"to sour, to make sour",acid,sýra,sýra
13121,shift6581,Derivation,13,ACCEPTED,→,sour,4175,acid,1934,German,169,German,169,sour,acid,sauer,Säure
13126,shift6581,Derivation,18,ACCEPTED,→,sour,4175,acid,1934,Luxembourgish,840,Luxembourgish,840,sour,acid,sauer,Saier
13132,shift6581,Polysemy,24,ACCEPTED,→,sour,4175,acid,1934,Swedish,135,Swedish,135,sourness,acid,syra,syra
13160,shift7196,Motivation,2,ACCEPTED,→,gold,807,goldenrod,811,English,153,English,153,of a golden-yellow colour,tall-stemmed plant principally from genus Solidago,golden,goldenrod
13162,shift7196,Motivation,4,ACCEPTED,→,gold,807,goldenrod,811,German,169,German,169,gold,goldenrod,Gold,Goldrute
13176,shift3810,Polysemy,6,ACCEPTED,→,horse,1661,knight (chess),1722,Dutch,255,Dutch,255,horse (Equus caballus),knight (chess),paard,paard
13179,shift3810,Polysemy,9,ACCEPTED,→,horse,1661,knight (chess),1722,Swedish,135,Swedish,135,horse (Equus caballus),knight (chess),häst,häst
13184,shift3810,Polysemy,14,ACCEPTED,→,horse,1661,knight (chess),1722,Romansh,35,Romansh,35,horse (Equus caballus),knight (chess),chaval,chaval
13189,shift0972,Polysemy,1,ACCEPTED,?,snake,4136,queue,1907,German,169,German,169,snake,queue,Schlange,Schlange
13240,shift0029,Polysemy,2,ACCEPTED,—,"to get, obtain",2691,to become infected,2319,Danish,173,Danish,173,"to get, obtain",to become infected,faa,faa
13244,shift0029,Polysemy,6,ACCEPTED,→,"to get, obtain",2691,to become infected,2319,Norwegian,24,Norwegian,24,"to get, obtain",to become infected,få,få
13245,shift0029,Polysemy,7,ACCEPTED,→,"to get, obtain",2691,to become infected,2319,Swedish,135,Swedish,135,"to get, obtain",to become infected,få,få
13246,shift0029,Polysemy,8,ACCEPTED,→,"to get, obtain",2691,to become infected,2319,Icelandic,252,Icelandic,252,"to get, obtain",to become infected,fá,fá
13252,shift0029,Polysemy,14,ACCEPTED,→,"to get, obtain",2691,to become infected,2319,English,153,English,153,"to grasp, seize",to become infected,catch,catch
13261,shift2129,Motivation,4,NEW,→,white,62,&lt;cold steel&gt;,865,English,153,English,153,white armour,medieval plate armour,alwyte armour,alwyte armour
13268,shift6441,Derivation,3,ACCEPTED,→,wheat,53,buckwheat,3710,Middle Low German,1241,Middle Low German,1241,wheat,buckwheat,wete,bôkwete
13269,shift6441,Derivation,4,ACCEPTED,→,wheat,53,buckwheat,3710,German,169,German,169,wheat,buckwheat,Weizen,Buchweizen
13270,shift6441,Derivation,5,ACCEPTED,→,wheat,53,buckwheat,3710,Danish,173,Danish,173,wheat,buckwheat,hvede,boghvede
13271,shift6441,Derivation,6,ACCEPTED,→,wheat,53,buckwheat,3710,Norwegian,24,Norwegian,24,wheat,buckwheat,hvete,bokhvete
13272,shift6441,Derivation,7,ACCEPTED,→,wheat,53,buckwheat,3710,Swedish,135,Swedish,135,wheat,buckwheat,vete,bovete
13273,shift6441,Derivation,8,ACCEPTED,→,wheat,53,buckwheat,3710,Dutch,255,Dutch,255,wheat,buckwheat,weit,boekweit
13274,shift6441,Derivation,9,ACCEPTED,→,wheat,53,buckwheat,3710,English,153,English,153,wheat,buckwheat,wheat,buckwheat
13275,shift6441,Derivation,10,ACCEPTED,→,wheat,53,buckwheat,3710,Icelandic,252,Icelandic,252,wheat,buckwheat,hveiti,bókhveiti
13293,shift5555,Polysemy,1,NEW,→,spindle,4203,dragonfly,4476,English,153,English,153,rod in spinning and winding thread,(coastal New Jersey) a dragonfly,spindle,spindle
13294,shift5555,Polysemy,2,NEW,→,spindle,4203,dragonfly,4476,Swedish,135,Swedish,135,spindle,"winged insect, dragonfly",slända,slända
13304,shift6304,Polysemy,1,NEW,—,to have opinion,2752,to respect,3075,Dutch,255,Dutch,255,to have opinion,to respect,achten,achten
13329,shift2668,Derivation,5,ACCEPTED,→,to know,2826,to practice witchcraft,2994,English,153,English,153,to know,to conjure,wise,wizard
13364,shift5643,Derivation,1,ACCEPTED,→,fire,1286,"firebug, Pyrrhocoris apterus",1291,English,153,English,153,fire,Pyrrhocoris apterus,fire,firebug
13367,shift5643,Derivation,4,ACCEPTED,→,fire,1286,"firebug, Pyrrhocoris apterus",1291,Swedish,135,Swedish,135,fire,"firebug, Pyrrhocoris apterus",eld,eldlus
13368,shift5643,Derivation,5,ACCEPTED,→,fire,1286,"firebug, Pyrrhocoris apterus",1291,Dutch,255,Dutch,255,fire,"firebug, Pyrrhocoris apterus",vuur,vuurwants
13369,shift5643,Derivation,6,ACCEPTED,→,fire,1286,"firebug, Pyrrhocoris apterus",1291,Danish,173,Danish,173,fire,"firebug, Pyrrhocoris apterus",ild,ildtæge
13370,shift5643,Derivation,7,ACCEPTED,→,fire,1286,"firebug, Pyrrhocoris apterus",1291,German,169,German,169,fire,"firebug, Pyrrhocoris apterus",Feuer,Feuerwanze
13375,shift6754,Derivation,1,NEW,→,storm,4288,petrel (Procellaria),359,English,153,English,153,storm,petrel (Procellaria),storm,"storm-petrel, stormbringer"
13383,shift2183,Polysemy,5,ACCEPTED,→,"to follow, go after smb.",2649,to act according to,2218,English,153,English,153,to follow (smn),to act according to smth,follow,follow
13397,shift2183,Polysemy,19,ACCEPTED,→,"to follow, go after smb.",2649,to act according to,2218,Norwegian,24,Norwegian,24,to follow,to act according to,følge,følge
13398,shift2183,Polysemy,20,ACCEPTED,→,"to follow, go after smb.",2649,to act according to,2218,Danish,173,Danish,173,to follow,to act according to,følge,følge
13399,shift2183,Polysemy,21,ACCEPTED,→,"to follow, go after smb.",2649,to act according to,2218,Swedish,135,Swedish,135,to follow,to act according to,följa,följa
13400,shift2183,Polysemy,22,ACCEPTED,→,"to follow, go after smb.",2649,to act according to,2218,Icelandic,252,Icelandic,252,to follow,to act according to,fylgja,fylgja
13414,shift2183,Polysemy,36,ACCEPTED,→,"to follow, go after smb.",2649,to act according to,2218,German,169,German,169,to follow,to act according to,folgen,folgen
13420,shift7089,Polysemy,1,ACCEPTED,→,low (size),264,small (amount),4122,German,169,German,169,low (size),"small amount, a bit",niedrig,niedrig
13421,shift7089,Polysemy,2,ACCEPTED,→,low (size),264,small (amount),4122,English,153,English,153,low (size),"small amount, a bit",low,low
13444,shift1730,Polysemy,4,ACCEPTED,→,to bark,2250,to tell lie,3291,English,153,English,153,to bark (of a dog),to tell lie,woof,woof
13482,shift7963,Polysemy,2,NEW,←,spinal cord,4202,"pith, medulla",391,English,153,English,153,spinal cord,"medulla, soft, spongy substance in the center of the stems of many plants and trees",pith,pith
13512,shift0349,Polysemy,5,ACCEPTED,—,strong,4304,thick,2167,Icelandic,252,Icelandic,252,strong,"overweight, fat",sver,sver
13516,shift8266,Polysemy,3,ACCEPTED,→,old man,4534,father,1242,English,153,English,153,elderly man,(slang) one's father,old man,old man
13523,shift3961,Derivation,1,ACCEPTED,—,to spell,3194,to practice witchcraft,2994,English,153,English,153,to read letter by letter,"hex, incantation",to spell,spell
13524,shift0053,Polysemy,1,ACCEPTED,?,time,2200,weather,34,Icelandic,252,Icelandic,252,time,weather,tíð,tíð
13568,shift5637,Derivation,1,ACCEPTED,→,god,804,ladybird,145,Dutch,255,Dutch,255,our Dear Lord,ladybird,Onze Lieve Heer,lieveheersbeestje
13585,shift8215,Polysemy,2,ACCEPTED,→,"as, like",2038,because of,3548,English,153,English,153,"as, like",because of,as,as
13595,shift5152,Polysemy,2,ACCEPTED,→,man (male),574,"&lt;exclamation of surprise, pain or sorrow&gt;",3787,English,153,English,153,man,exclamation,man,man
13600,shift4420,Polysemy,3,ACCEPTED,→,duck,4495,newspaper hoax,1859,Danish,173,Danish,173,duck,newspaper hoax,and,and
13601,shift4420,Polysemy,4,ACCEPTED,→,duck,4495,newspaper hoax,1859,Norwegian,24,Norwegian,24,duck,newspaper hoax,and,and
13603,shift4420,Polysemy,6,ACCEPTED,→,duck,4495,newspaper hoax,1859,German,169,German,169,duck,(journalism) false or misleading report,Ente,Ente
13629,shift6204,Derivation,1,NEW,→,steel,4252,Anguis fragilis,1998,Norwegian,24,Norwegian,24,steel,Anguis fragilis,stål,stålorm
13630,shift6204,Derivation,2,NEW,→,steel,4252,Anguis fragilis,1998,Danish,173,Danish,173,steel,Anguis fragilis,stål,stålorm
13631,shift6204,Derivation,3,NEW,→,steel,4252,Anguis fragilis,1998,Icelandic,252,Icelandic,252,steel,Anguis fragilis,stál,stálormur
13648,shift0761,Polysemy,4,ACCEPTED,—,"to braid, plait, weave",2364,to tell lie,3291,German,169,German,169,to plait,"to lie, to deceive",spinnen,spinnen
13649,shift0761,Polysemy,5,ACCEPTED,?,"to braid, plait, weave",2364,to tell lie,3291,English,153,English,153,"to plait, to braid [OERD 1556]","to twist, to distort the meaning of words (brit. Slang)",twist,twist
13661,shift1494,Polysemy,3,ACCEPTED,→,to perceive smell,2969,to have smell,2754,English,153,English,153,to perceive smell,to have smell,to smell,to smell
13662,shift1494,Polysemy,4,ACCEPTED,→,to perceive smell,2969,to have smell,2754,English,153,English,153,to detect the scent of; to discern by the sense of smell; to inhale in order to detect the scent of (something),(obsolete) to have smell,to scent,to scent
13664,shift1494,Polysemy,6,ACCEPTED,→,to perceive smell,2969,to have smell,2754,Swedish,135,Swedish,135,to perceive smell,to have smell,lukta,lukta
13666,shift1494,Polysemy,8,ACCEPTED,—,to perceive smell,2969,to have smell,2754,German,169,German,169,to perceive smell,to have smell,riechen,riechen
13761,shift7504,Derivation,1,ACCEPTED,→,water,16,chickenpox,956,English,153,English,153,water,(dated) chickenpox,water,water pox
13763,shift7504,Derivation,3,ACCEPTED,→,water,16,chickenpox,956,Luxembourgish,840,Luxembourgish,840,water,chickenpox,Waasser,Waasserpouken
13765,shift7504,Derivation,5,ACCEPTED,→,water,16,chickenpox,956,Dutch,255,Dutch,255,water,chickenpox,water,waterpokken
13768,shift7504,Derivation,8,ACCEPTED,→,water,16,chickenpox,956,Swedish,135,Swedish,135,water,chickenpox,vatten,vattkoppor
13796,shift0560,Polysemy,3,ACCEPTED,→,"to mix, stir",2920,to confuse (with),2450,English,153,English,153,to mix up,to confuse,mix up,mix up
13798,shift0560,Polysemy,5,ACCEPTED,→,"to mix, stir",2920,to confuse (with),2450,Norwegian,24,Norwegian,24,"to mix, stir",to confuse (with),blande,blande
13799,shift0560,Polysemy,6,ACCEPTED,→,"to mix, stir",2920,to confuse (with),2450,Swedish,135,Swedish,135,"to mix, stir",to confuse (with),blanda,blanda
13806,shift2632,Polysemy,2,ACCEPTED,—,to thrust (into),3299,to sting,3224,German,169,German,169,"to jab, to pierce",to bite (insect),stechen,stechen
13811,shift2632,Polysemy,7,ACCEPTED,—,to thrust (into),3299,to sting,3224,Norwegian,24,Norwegian,24,to thrust (into),to sting,stikke,stikke
13812,shift2632,Polysemy,8,ACCEPTED,—,to thrust (into),3299,to sting,3224,Danish,173,Danish,173,to thrust (into),to sting,stikke,stikke
13813,shift2632,Polysemy,9,ACCEPTED,—,to thrust (into),3299,to sting,3224,Icelandic,252,Icelandic,252,to thrust (into),to sting,stinga,stinga
13823,shift4763,Derivation,3,NEW,→,&lt;foreigner&gt;,1210,&lt;thorny plant&gt;,2101,English,153,English,153,Russian,"Any of several species of genus Salsola and its close relatives, prickly shrublike annuals, especially Salsola tragus",Russian,Russian thistle
13825,shift6457,Derivation,1,ACCEPTED,→,mole (Talpa),694,mole cricket (Gryllotalpa),695,German,169,German,169,mole,"changa, mole cricket ( Gryllotalpa gryllotalpa L.)",Maulwurf,Maulwurfsgrille
13827,shift6457,Derivation,3,NEW,→,mole (Talpa),694,mole cricket (Gryllotalpa),695,English,153,English,153,mole (Talpa),mole cricket (Gryllotalpa),mole,mole cricket
13830,shift6457,Derivation,6,NEW,→,mole (Talpa),694,mole cricket (Gryllotalpa),695,Swedish,135,Swedish,135,mole (Talpa),mole cricket (Gryllotalpa),mullvad,mullvadssyrsa
13832,shift6457,Derivation,8,NEW,→,mole (Talpa),694,mole cricket (Gryllotalpa),695,Dutch,255,Dutch,255,mole (Talpa),mole cricket (Gryllotalpa),mol,veenmol
13840,shift2981,Derivation,5,ACCEPTED,→,"little, small",232,little finger,231,German,169,German,169,"little, small",little finger,klein,kleiner Finger
13841,shift2981,Derivation,6,ACCEPTED,→,"little, small",232,little finger,231,English,153,English,153,little,little finger,little,little finger
13843,shift2981,Derivation,8,ACCEPTED,→,"little, small",232,little finger,231,Danish,173,Danish,173,"little, small",little finger,lille,lillefinger
13844,shift2981,Derivation,9,ACCEPTED,→,"little, small",232,little finger,231,Norwegian,24,Norwegian,24,"little, small",little finger,lille,lillefinger
13845,shift2981,Derivation,10,ACCEPTED,→,"little, small",232,little finger,231,Norwegian,24,Norwegian,24,"little, small",little finger,vesle,veslefinger
13858,shift2981,Derivation,23,ACCEPTED,→,"little, small",232,little finger,231,Swedish,135,Swedish,135,"little, small",little finger,liten,lillfinger
13948,shift4344,Polysemy,1,ACCEPTED,→,Mercury,639,mercury,640,English,153,English,153,Mercury,mercury,Mercury,mercury
13959,shift4344,Polysemy,12,ACCEPTED,→,Mercury,639,mercury,640,Scots,837,Scots,837,Mercury,mercury,Mercur,mercur
13971,shift2358,Derivation,2,ACCEPTED,→,old (vs. young),4533,parents,302,Old English,114,Old English,114,elder,parents,ealdor,ealdres
13974,shift2358,Derivation,5,ACCEPTED,→,old (vs. young),4533,parents,302,German,169,German,169,old (vs. young),parents,alt,Eltern
13975,shift2358,Derivation,6,ACCEPTED,→,old (vs. young),4533,parents,302,Dutch,255,Dutch,255,old (vs. young),parent,oud,ouder
13981,shift3494,Polysemy,2,ACCEPTED,→,&lt;young animal&gt;,2072,child (son or daughter),958,English,153,English,153,young goat,child,kid,kid
13992,shift3494,Polysemy,13,ACCEPTED,→,&lt;young animal&gt;,2072,child (son or daughter),958,Danish,173,Danish,173,artificially fed lamb,spoilt child,dæggelatn,dæggelatn
13993,shift3494,Polysemy,14,ACCEPTED,→,&lt;young animal&gt;,2072,child (son or daughter),958,English,153,English,153,(archaic) smallest and weakest cub,(archaic) smallest and weakest child,reckling,reckling
14007,shift3494,Polysemy,28,ACCEPTED,←,&lt;young animal&gt;,2072,child (son or daughter),958,English,153,English,153,a very young animal,a very young child,baby,baby
14043,shift4596,Polysemy,2,ACCEPTED,→,lentil,194,lens,192,German,169,German,169,lentil (Lens culinaris),optical lens,Linse,Linse
14044,shift4596,Polysemy,3,ACCEPTED,→,lentil,194,lens,192,Swedish,135,Swedish,135,lentil (Lens culinaris),lens,lins,lins
14050,shift4596,Polysemy,9,ACCEPTED,→,lentil,194,lens,192,Danish,173,Danish,173,lentil,lens,linse,linse
14051,shift4596,Polysemy,10,ACCEPTED,→,lentil,194,lens,192,Norwegian,24,Norwegian,24,lentil,lens,linse,linse
14072,shift1126,Polysemy,2,ACCEPTED,?,milk,657,"milk-tooth, deciduous tooth",658,English,153,English,153,milk,baby tooth,milk,milk-tooth
14102,shift0074,Polysemy,1,ACCEPTED,—,spruce (Picea),4228,abies (Abies),1920,English,153,English,153,fur tree,silver fir,fir,fir
14122,shift1537,Polysemy,2,ACCEPTED,?,"rag, duster",1418,clothes,1005,English,153,English,153,rag,"rags, tatters (clothes), clothes (colloq.)",rag,rag
14126,shift8233,Motivation,1,ACCEPTED,→,rose,1505,hollyhock,1638,German,169,German,169,rose,hollyhock,Rose,Stockrose
14142,shift0585,Polysemy,2,NEW,?,"missing, failing",682,stupid,4312,English,153,English,153,"missing, lacking",imbecile,defective,defective
14175,shift1107,Polysemy,5,ACCEPTED,?,"to smear, anoint",3176,to bribe,2375,English,153,English,153,"to lubricate, to oil",to bribe,grease,grease
14178,shift1107,Polysemy,8,ACCEPTED,?,"to smear, anoint",3176,to bribe,2375,English,153,English,153,to lubricate,to bribe,lubricate,lubricate
14179,shift1107,Polysemy,9,ACCEPTED,→,"to smear, anoint",3176,to bribe,2375,German,169,German,169,to smear,to bribe,schmieren,schmieren
14184,shift1107,Polysemy,14,ACCEPTED,→,"to smear, anoint",3176,to bribe,2375,Norwegian,24,Norwegian,24,"to smear, anoint",to bribe,smøre,smøre
14185,shift1107,Polysemy,15,ACCEPTED,→,"to smear, anoint",3176,to bribe,2375,Danish,173,Danish,173,"to smear, anoint",to bribe,smøre,smøre
14186,shift1107,Polysemy,16,ACCEPTED,→,"to smear, anoint",3176,to bribe,2375,Swedish,135,Swedish,135,"to smear, anoint",to bribe,smörja,smörja
14193,shift0625,Polysemy,3,ACCEPTED,→,noise,1872,rumour,1522,German,169,German,169,noise,"rumours, gossip, talk",Lärm,Lärm
14196,shift0625,Polysemy,6,ACCEPTED,?,noise,1872,rumour,1522,English,153,English,153,buzz,rumour,buzz,buzz
14224,shift6296,Polysemy,3,ACCEPTED,←,plate (a serving dish),404,"table, desk",2107,Gothic,228,Gothic,228,"plate, dish","table, desk",mes,mes
14240,shift8563,Polysemy,2,ACCEPTED,→,animal,1999,cruel,1151,English,153,English,153,animal,"A person who behaves wildly; a bestial, brutal, brutish, cruel, or inhuman person",animal,animal
14262,shift6502,Derivation,1,ACCEPTED,→,rose,1505,rose chafer,1507,English,153,English,153,rose,Cetonia aurata,rose,rose chafer
14263,shift6502,Derivation,2,ACCEPTED,→,rose,1505,rose chafer,1507,German,169,German,169,rose,rose chafer,Rose,Rosenkäfer
14276,shift8364,Polysemy,1,NEW,→,eternal,3856,marriage,595,Old English,114,Old English,114,"ever-, continual, perpetual",marriage,sin-,sinsċipe
14281,shift7088,Derivation,1,ACCEPTED,→,to call,2396,"to recall, recollect",3045,English,153,English,153,to call,"to recall, recollect",to call,to recall
14305,shift7772,Polysemy,1,NEW,→,"lunch, midday meal",271,"dinner, evening meal",4437,English,153,English,153,midday meal  (in a context in which the evening meal is called supper or tea),evening meal,dinner,dinner
14319,shift0740,Polysemy,2,ACCEPTED,→,to lead,2834,to cause,2410,German,169,German,169,"to lead, to conduct",to lead,führen,führen
14321,shift0740,Polysemy,4,ACCEPTED,→,to lead,2834,to cause,2410,English,153,English,153,to lead (the way) [НБАРС II 332],"to lead to, to cause",lead,lead
14324,shift0740,Polysemy,7,ACCEPTED,→,to lead,2834,to cause,2410,Norwegian,24,Norwegian,24,to lead,to cause,føre,føre
14325,shift0740,Polysemy,8,ACCEPTED,→,to lead,2834,to cause,2410,Danish,173,Danish,173,to lead,to result in,føre,føre
14326,shift0740,Polysemy,9,ACCEPTED,→,to lead,2834,to cause,2410,Swedish,135,Swedish,135,to lead,"to lead to, cause",föra,föra
14327,shift0740,Polysemy,10,ACCEPTED,→,to lead,2834,to cause,2410,Icelandic,252,Icelandic,252,to lead,"to lead to, cause",leiða,leiða
14357,shift6223,Polysemy,2,NEW,→,"to gather, collect",2667,to read,3042,German,169,German,169,"to gather, collect",to read,lesen,lesen
14375,shift3445,Polysemy,1,ACCEPTED,→,alone,1976,"only, just",4547,German,169,German,169,alone,only,allein,allein
14380,shift3445,Polysemy,6,NEW,→,alone,1976,"only, just",4547,English,153,English,153,alone,"only, just",alone,alone
14387,shift2126,Polysemy,2,ACCEPTED,→,stone (piece of rock),4281,stone (of a fruit),4280,Icelandic,252,Icelandic,252,stone,stone (fruit),steinn,steinn
14389,shift2126,Polysemy,4,ACCEPTED,→,stone (piece of rock),4281,stone (of a fruit),4280,Norwegian,24,Norwegian,24,"stone, rock",stone (of a fruit),stein,stein
14390,shift2126,Polysemy,5,ACCEPTED,→,stone (piece of rock),4281,stone (of a fruit),4280,Danish,173,Danish,173,"stone, rock",stone (of a fruit),sten,sten
14391,shift2126,Polysemy,6,ACCEPTED,→,stone (piece of rock),4281,stone (of a fruit),4280,Swedish,135,Swedish,135,"stone, rock",stone (of a fruit),sten,sten
14392,shift2126,Polysemy,7,NEW,→,stone (piece of rock),4281,stone (of a fruit),4280,English,153,English,153,stone (piece of rock),stone (of a fruit),stone,stone
14404,shift0563,Polysemy,5,ACCEPTED,?,man (male),574,"human, person",1683,English,153,English,153,man,person,man,man
14412,shift0563,Polysemy,13,ACCEPTED,→,man (male),574,"human, person",1683,Norwegian,24,Norwegian,24,man,person,mann,mann
14413,shift0563,Polysemy,14,ACCEPTED,→,man (male),574,"human, person",1683,Danish,173,Danish,173,man,person,mand,mand
14414,shift0563,Polysemy,15,ACCEPTED,→,man (male),574,"human, person",1683,Swedish,135,Swedish,135,man,person,man,man
14415,shift0563,Polysemy,16,ACCEPTED,→,man (male),574,"human, person",1683,Icelandic,252,Icelandic,252,man,person,maður,maður
14494,shift3304,Derivation,4,ACCEPTED,→,bell,3568,bellflower (Campanula),3570,German,169,German,169,bell,bellflower,Glocke,Glockenblume
14496,shift3304,Derivation,6,ACCEPTED,→,bell,3568,bellflower (Campanula),3570,English,153,English,153,bell,bellflower,bell,bellflower
14517,shift4073,Polysemy,6,ACCEPTED,→,to lie (posture),2848,to copulate,2462,Norwegian,24,Norwegian,24,to lie (posture),to copulate,ligge,ligge
14518,shift4073,Polysemy,7,ACCEPTED,→,to lie (posture),2848,to copulate,2462,Danish,173,Danish,173,to lie (posture),to copulate,ligge,ligge
14519,shift4073,Polysemy,8,ACCEPTED,→,to lie (posture),2848,to copulate,2462,Swedish,135,Swedish,135,to lie (posture),to copulate,ligga,ligga
14520,shift4073,Polysemy,9,ACCEPTED,→,to lie (posture),2848,to copulate,2462,Icelandic,252,Icelandic,252,to lie (posture),to copulate,liggja,liggja
14522,shift8476,Derivation,1,ACCEPTED,→,"to follow, go after smb.",2649,"afterbirth, placenta",1953,Icelandic,252,Icelandic,252,"to accompany, follow",placenta,fylgja,fylgja
14531,shift0070,Cognates,2,ACCEPTED,?,when,56,if,1737,German,169,German,169,when,"if, when (rel.)",wann,wenn
14532,shift0070,Polysemy,3,ACCEPTED,→,when,56,if,1737,Norwegian,24,Norwegian,24,when,if,når,når
14533,shift0070,Polysemy,4,ACCEPTED,→,when,56,if,1737,Danish,173,Danish,173,when,on the condition that,når,når
14544,shift4662,Derivation,2,ACCEPTED,→,to look inside,2864,to understand,3331,English,153,English,153,"sight, seeing, vision","insight; sudden, clear understanding",sight,insight
14545,shift4662,Derivation,3,ACCEPTED,→,to look inside,2864,to understand,3331,Norwegian,24,Norwegian,24,"sight, seeing, vision, visibility, view","insight, understanding",sikt,innsikt
14546,shift4662,Derivation,4,ACCEPTED,→,to look inside,2864,to understand,3331,Danish,173,Danish,173,"sight, seeing, vision, visibility","insight, understanding",sigt,indsigt
14547,shift4662,Derivation,5,ACCEPTED,→,to look inside,2864,to understand,3331,Swedish,135,Swedish,135,"sight, seeing, vision, visibility, view","insight, understanding",sikt,insikt
14572,shift0172,Polysemy,3,ACCEPTED,→,puppy (of a dog),495,inexperienced,1771,English,153,English,153,puppy,greenhorn,puppy,puppy
14575,shift0172,Polysemy,6,ACCEPTED,→,puppy (of a dog),495,inexperienced,1771,Norwegian,24,Norwegian,24,puppy (of a dog),young inexperienced person,kvalp,kvalp
14576,shift0172,Polysemy,7,ACCEPTED,→,puppy (of a dog),495,inexperienced,1771,Danish,173,Danish,173,puppy (of a dog),young ill-mannered person,hvalp,hvalp
14577,shift0172,Polysemy,8,ACCEPTED,→,puppy (of a dog),495,inexperienced,1771,Swedish,135,Swedish,135,puppy (of a dog),young inexperienced person,valp,valp
14578,shift0172,Polysemy,9,ACCEPTED,→,puppy (of a dog),495,inexperienced,1771,Icelandic,252,Icelandic,252,puppy (of a dog),young inexperienced person,hvolpur,hvolpur
14606,shift1931,Polysemy,2,ACCEPTED,→,"narrow, close",1827,greedy,844,Icelandic,252,Icelandic,252,narrow,stingy,naumur,naumur
14611,shift1791,Derivation,2,ACCEPTED,→,to separate,3127,to decide,2495,German,169,German,169,to separate,to decide,scheiden,entscheiden
14624,shift3859,Polysemy,2,ACCEPTED,→,fire,1286,to shoot,3149,English,153,English,153,fire,"the shooting of projectiles from weapons, especially bullets from guns",fire,fire
14630,shift3859,Polysemy,8,ACCEPTED,→,fire,1286,to shoot,3149,Dutch,255,Dutch,255,fire,shooting (of weapons),vuur,vuur
14640,shift1897,Polysemy,2,ACCEPTED,→,wolf,107,cruel,1151,English,153,English,153,wolf,cruel person,wolf,wolf
14643,shift5791,Polysemy,2,ACCEPTED,→,palm (body part),292,palm (tree),293,English,153,English,153,palm (body part),palm (tree),palm,palm
14645,shift5791,Polysemy,4,ACCEPTED,—,palm (body part),292,palm (tree),293,Dutch,255,Dutch,255,palm (body part),palm (tree),palm,palm
14660,shift4194,Polysemy,1,ACCEPTED,—,to hit the target,2769,to meet,2909,German,169,German,169,to hit the target,to meet,treffen,treffen
14661,shift4194,Polysemy,2,ACCEPTED,—,to hit the target,2769,to meet,2909,Norwegian,24,Norwegian,24,to hit the target,to meet,treffe,treffe
14662,shift4194,Polysemy,3,ACCEPTED,—,to hit the target,2769,to meet,2909,Icelandic,252,Icelandic,252,to hit the target,to meet,hitta,hitta
14663,shift4194,Polysemy,4,ACCEPTED,—,to hit the target,2769,to meet,2909,Danish,173,Danish,173,to hit the target,to meet,træffe,træffe
14664,shift4194,Polysemy,5,ACCEPTED,—,to hit the target,2769,to meet,2909,Swedish,135,Swedish,135,to hit the target,to meet,träffa,träffa
14666,shift4619,Polysemy,2,ACCEPTED,→,earlier,3794,rather (preference),1432,German,169,German,169,earlier,better,eher,eher
14691,shift5566,Polysemy,6,ACCEPTED,→,"wild, untamed",82,impulsive,1751,Norwegian,24,Norwegian,24,"wild, untamed",wild (of a person),vill,vill
14692,shift5566,Polysemy,7,ACCEPTED,→,"wild, untamed",82,impulsive,1751,Danish,173,Danish,173,"wild, untamed",wild (of a person),vild,vild
14693,shift5566,Polysemy,8,ACCEPTED,→,"wild, untamed",82,impulsive,1751,Swedish,135,Swedish,135,"wild, untamed",wild (of a person),vild,vild
14694,shift5566,Polysemy,9,ACCEPTED,→,"wild, untamed",82,impulsive,1751,Icelandic,252,Icelandic,252,"wild, untamed",wild (of a person),villtur,villtur
14705,shift1583,Polysemy,4,ACCEPTED,→,to see/to look at,3121,because of,3548,English,153,English,153,to see/to look at,because of,see,seeing as/that
14706,shift1583,Derivation,5,ACCEPTED,→,to see/to look at,3121,because of,3548,English,153,English,153,to see/to look at,because of,view,in view of
14722,shift1721,Polysemy,5,ACCEPTED,→,hot,1673,active,1939,Norwegian,24,Norwegian,24,hot,"active, intense",het,het
14723,shift1721,Polysemy,6,ACCEPTED,→,hot,1673,active,1939,Danish,173,Danish,173,hot,"active, intense",hed,hed
14724,shift1721,Polysemy,7,ACCEPTED,→,hot,1673,active,1939,Swedish,135,Swedish,135,hot,"active, intense",het,het
14725,shift1721,Polysemy,8,ACCEPTED,→,hot,1673,active,1939,Icelandic,252,Icelandic,252,hot,"active, intense",heitur,heitur
14756,shift1601,Polysemy,2,ACCEPTED,—,shadow,4010,"phantom, ghost",361,German,169,German,169,shadow,ghost,Schatten,Schatten
14757,shift1601,Polysemy,3,ACCEPTED,—,shadow,4010,"phantom, ghost",361,English,153,English,153,shadow,ghost,shadow,shadow
14779,shift7965,Derivation,1,ACCEPTED,—,jingle bell,1190,diamonds (in cards),4429,German,169,German,169,jingle bell,diamonds (in cards),Schelle,Schellen
14783,shift7926,Derivation,1,NEW,→,to milk,2915,May,609,Old English,114,Old English,114,to milk,May,melcan,þrimilċe
14794,shift0491,Derivation,3,ACCEPTED,→,nose,1879,nostril,1880,Old English,114,Old English,114,nose,nostril,nosu,"nosþyrl, nosðirl"
14809,shift0405,Polysemy,2,ACCEPTED,?,period of time,353,age,1957,English,153,English,153,epoch,age,age,age
14811,shift0405,Polysemy,4,ACCEPTED,—,period of time,353,age,1957,Norwegian,24,Norwegian,24,"epoch, period of time",age,alder,alder
14812,shift0405,Polysemy,5,ACCEPTED,→,period of time,353,age,1957,Danish,173,Danish,173,historic period,age,alder,alder
14813,shift0405,Polysemy,6,ACCEPTED,—,period of time,353,age,1957,Swedish,135,Swedish,135,historic period,age,ålder,ålder
14826,shift6288,Derivation,4,ACCEPTED,→,tail,2113,comet,1043,Dutch,255,Dutch,255,tail,comet,staart,staartster
14836,shift6288,Derivation,14,ACCEPTED,→,tail,2113,comet,1043,Icelandic,252,Icelandic,252,tail,comet,hali,halastjarna
14850,shift8592,Polysemy,3,ACCEPTED,→,vessel,3762,ship&#39;s bells,4038,Danish,173,Danish,173,vessel,ship's bells,glas,glas
14851,shift8592,Derivation,4,ACCEPTED,→,vessel,3762,ship&#39;s bells,4038,German,169,German,169,vessel,ship's bells,Glas,Glasenuhr
14852,shift8592,Polysemy,5,ACCEPTED,→,vessel,3762,ship&#39;s bells,4038,Norwegian,24,Norwegian,24,vessel,ship's bells,glass,glass
14854,shift8592,Polysemy,7,ACCEPTED,→,vessel,3762,ship&#39;s bells,4038,Swedish,135,Swedish,135,vessel,ship's bells,glas,glas
14872,shift0750,Polysemy,4,ACCEPTED,?,"to search, look for",3120,to want,3353,English,153,English,153,to seek [НБАРС 183],to strive for smth [НБАРС 183],seek,seek
14886,shift0807,Polysemy,2,ACCEPTED,→,"rough, uneven",1510,"rude, impolite",1517,English,153,English,153,"uneven, rought","rude, unpleasant, inconsiderate",rough,rough
14889,shift0807,Polysemy,5,ACCEPTED,→,"rough, uneven",1510,"rude, impolite",1517,Norwegian,24,Norwegian,24,"rough, uneven","rude, impolite",grov,grov
14890,shift0807,Polysemy,6,ACCEPTED,→,"rough, uneven",1510,"rude, impolite",1517,Danish,173,Danish,173,"rough, uneven",disrespectful,grov,grov
14891,shift0807,Polysemy,7,ACCEPTED,→,"rough, uneven",1510,"rude, impolite",1517,Swedish,135,Swedish,135,"rough, uneven",ill-mannered,grov,grov
14892,shift0807,Polysemy,8,ACCEPTED,→,"rough, uneven",1510,"rude, impolite",1517,Icelandic,252,Icelandic,252,"rough, uneven","rude, impolite",grófur,grófur
14908,shift3407,Polysemy,4,ACCEPTED,→,neck,1837,throat,2186,German,169,German,169,neck,throat,Hals,Hals
14910,shift3407,Polysemy,6,ACCEPTED,—,neck,1837,throat,2186,Norwegian,24,Norwegian,24,neck,throat,hals,hals
14911,shift3407,Polysemy,7,ACCEPTED,—,neck,1837,throat,2186,Danish,173,Danish,173,neck,throat,hals,hals
14912,shift3407,Polysemy,8,ACCEPTED,—,neck,1837,throat,2186,Swedish,135,Swedish,135,neck,throat,hals,hals
14913,shift3407,Polysemy,9,ACCEPTED,—,neck,1837,throat,2186,Icelandic,252,Icelandic,252,neck,throat,háls,háls
14934,shift0495,Polysemy,7,ACCEPTED,?,nose,1879,front part,1389,English,153,English,153,nose,"nose, front part (boat, plane, car, surfing board etc )",nose,nose
14953,shift3402,Polysemy,1,ACCEPTED,→,freedom,1373,territorial entity,2160,English,153,English,153,freedom,an area in which regalian right was revoked and where the land was held by a mesne lord (i.e. an area in which rights reserved to the king had been devolved into private hands). It later became a unit of local government administration,liberty,liberty
14957,shift5734,Polysemy,1,NEW,→,"light, bright, clear",212,high-pitched,1625,Swedish,135,Swedish,135,bright (of light or colour),(of sound) high-pitched,ljus,ljus
14980,shift1147,Polysemy,6,ACCEPTED,—,fox (Vulpes vulpes),1360,cunning person,1157,English,153,English,153,fox,cunning fox,fox,fox
14987,shift1147,Polysemy,13,ACCEPTED,→,fox (Vulpes vulpes),1360,cunning person,1157,Swedish,135,Swedish,135,fox,cunning person,räv,räv
14989,shift1147,Polysemy,15,ACCEPTED,—,fox (Vulpes vulpes),1360,cunning person,1157,Icelandic,252,Icelandic,252,fox,cunning fox,refur,refur
14994,shift1147,Polysemy,20,ACCEPTED,—,fox (Vulpes vulpes),1360,cunning person,1157,Norwegian,24,Norwegian,24,fox (Vulpes vulpes),cunning person,rev,rev
14995,shift1147,Polysemy,21,ACCEPTED,—,fox (Vulpes vulpes),1360,cunning person,1157,Danish,173,Danish,173,fox (Vulpes vulpes),cunning person,ræv,ræv
15032,shift3275,Polysemy,1,ACCEPTED,→,"underground, subterranean",515,illegal,1739,English,153,English,153,underground,"underground, clandestine",underground,underground
15033,shift3275,Polysemy,2,ACCEPTED,→,"underground, subterranean",515,illegal,1739,German,169,German,169,underground,"underground, secret, clandestine",unterirdisch,unterirdisch
15036,shift3275,Polysemy,5,ACCEPTED,→,"underground, subterranean",515,illegal,1739,Norwegian,24,Norwegian,24,"underground, subterranean",secret and illegal,underjordisk,underjordisk
15037,shift3275,Polysemy,6,ACCEPTED,→,"underground, subterranean",515,illegal,1739,Swedish,135,Swedish,135,"underground, subterranean",secret and illegal,underjordisk,underjordisk
15049,shift2377,Polysemy,3,ACCEPTED,→,sphere; ball,4196,bullet,3716,German,169,German,169,"balloon, ball","bullet, cannon ball",Kugel,Kugel
15053,shift2377,Polysemy,7,ACCEPTED,→,sphere; ball,4196,bullet,3716,Norwegian,24,Norwegian,24,sphere; ball,bullet,kule,kule
15054,shift2377,Polysemy,8,ACCEPTED,→,sphere; ball,4196,bullet,3716,Danish,173,Danish,173,sphere; ball,bullet,kugle,kugle
15055,shift2377,Polysemy,9,ACCEPTED,→,sphere; ball,4196,bullet,3716,Swedish,135,Swedish,135,sphere; ball,bullet,kula,kula
15056,shift2377,Polysemy,10,ACCEPTED,→,sphere; ball,4196,bullet,3716,Icelandic,252,Icelandic,252,sphere; ball,bullet,kúla,kúla
15072,shift0514,Polysemy,2,ACCEPTED,?,head,1578,headstream,1582,English,153,English,153,head,source (river),head,head
15087,shift4694,Derivation,1,ACCEPTED,—,to speak,3193,"to prove, to argue",3013,German,169,German,169,to tell,"to prove, to argue",sagen,besagen
15092,shift7809,Polysemy,2,ACCEPTED,→,to become visible,2327,"to appear, emerge",2231,English,153,English,153,to become visible,"to appear, emerge",appear,appear
15093,shift7809,Polysemy,3,ACCEPTED,→,to become visible,2327,"to appear, emerge",2231,German,169,German,169,to become visible,"to appear, emerge",erscheinen,erscheinen
15095,shift1204,Polysemy,1,ACCEPTED,?,bone,3645,foot/leg,1340,German,169,German,169,bone,leg,Bein,Bein
15098,shift1204,Polysemy,4,ACCEPTED,→,bone,3645,foot/leg,1340,Norwegian,24,Norwegian,24,bone,leg,bein,bein
15099,shift1204,Polysemy,5,ACCEPTED,→,bone,3645,foot/leg,1340,Danish,173,Danish,173,bone,leg,ben,ben
15100,shift1204,Polysemy,6,ACCEPTED,→,bone,3645,foot/leg,1340,Swedish,135,Swedish,135,bone,leg,ben,ben
15101,shift1204,Polysemy,7,ACCEPTED,→,bone,3645,foot/leg,1340,Icelandic,252,Icelandic,252,bone,leg,bein,bein
15122,shift0027,Polysemy,1,ACCEPTED,—,"to get, obtain",2691,to contain,2455,English,153,English,153,"to get, obtain",to contain,receive,receive
15159,shift7308,Derivation,3,ACCEPTED,→,autumn,2063,September,3996,Luxembourgish,840,Luxembourgish,840,autumn,(archaic) September,Hierscht,Hierschtmount
15160,shift7308,Derivation,4,ACCEPTED,→,autumn,2063,September,3996,North Frisian,1265,North Frisian,1265,autumn,September,härfst,härfstmoune
15161,shift7308,Derivation,5,ACCEPTED,→,autumn,2063,September,3996,Old English,114,Old English,114,autumn,September,hærfest,hærfestmōnaþ
15162,shift7308,Derivation,6,ACCEPTED,→,autumn,2063,September,3996,Old Norse,236,Old Norse,236,autumn,September,haust,mánuðr
15163,shift7308,Derivation,7,ACCEPTED,→,autumn,2063,September,3996,Old High German,147,Old High German,147,autumn,September,herbist,herbistmanoþ
15166,shift7308,Derivation,10,ACCEPTED,→,autumn,2063,September,3996,West Frisian,1192,West Frisian,1192,autumn,September,hjerst,hjerstmoanne
15193,shift1180,Polysemy,2,ACCEPTED,?,to hold (in hands),2771,to have opinion,2752,English,153,English,153,to hold,to think,hold,hold
15198,shift1180,Polysemy,7,NEW,→,to hold (in hands),2771,to have opinion,2752,German,169,German,169,to hold (in hands),to have opinion,halten,halten
15214,shift3628,Derivation,3,ACCEPTED,→,hand/arm,1550,"handle, gripe",1552,English,153,English,153,hand,handle,hand,handle
15227,shift2141,Polysemy,1,NEW,?,to quarrel,3035,to bargain,2249,Icelandic,252,Icelandic,252,"to quarrel, to argue",to bargain,þrefa,þrefa
15243,shift3367,Polysemy,5,ACCEPTED,→,brave,3675,insolent,1788,English,153,English,153,fearless and daring,immodest or impudent,bold,bold
15270,shift2035,Polysemy,5,ACCEPTED,→,thin (of an object),2172,not strong (of liquid or smell),1882,English,153,English,153,NA,NA,thin,thin
15271,shift2035,Polysemy,6,ACCEPTED,—,thin (of an object),2172,not strong (of liquid or smell),1882,Norwegian,24,Norwegian,24,thin (of an object),thin (of liquid),tynn,tynn
15272,shift2035,Polysemy,7,ACCEPTED,—,thin (of an object),2172,not strong (of liquid or smell),1882,Danish,173,Danish,173,thin (of an object),thin (of liquid),tynd,tynd
15273,shift2035,Polysemy,8,ACCEPTED,—,thin (of an object),2172,not strong (of liquid or smell),1882,Swedish,135,Swedish,135,thin (of an object),thin (of liquid),tunn,tunn
15274,shift2035,Polysemy,9,ACCEPTED,—,thin (of an object),2172,not strong (of liquid or smell),1882,Icelandic,252,Icelandic,252,thin (of an object),thin (of liquid),þunnur,þunnur
15278,shift1249,Polysemy,1,ACCEPTED,→,"to tear, rend",3288,to vomit,3346,German,169,German,169,"to break, to force open; to open (a letter)",to vomit,erbrechen,erbrechen
15282,shift1647,Polysemy,3,ACCEPTED,—,breathing,3683,soul,4172,Icelandic,252,Icelandic,252,breath,soul,andi,andi
15351,shift8254,Polysemy,1,NEW,→,neighbour,1843,husband / wife,1695,Scots,837,Scots,837,neighbour,"husband or wife, bedfellow",neibour,neibour
15387,shift3192,Derivation,6,ACCEPTED,→,&lt;hat&gt;,1534,aconite,1935,English,153,English,153,NA,"bikh, aconite",hood,monkshood
15388,shift3192,Derivation,7,ACCEPTED,→,&lt;hat&gt;,1534,aconite,1935,English,153,English,153,helmet,helmetflower (Aconitum anthora),helmet,helmetflower
15390,shift3192,Derivation,9,ACCEPTED,→,&lt;hat&gt;,1534,aconite,1935,Norwegian,24,Norwegian,24,helmet,"bikh, aconite",hjelm,hjelmer
15430,shift0450,Polysemy,11,ACCEPTED,—,eye,3890,"opening, hole",4551,English,153,English,153,eye,eye,eye,eye
15435,shift0450,Polysemy,16,ACCEPTED,→,eye,3890,"opening, hole",4551,Icelandic,252,Icelandic,252,eye,"hole, opening, ear",auga,auga
15436,shift0450,Polysemy,17,ACCEPTED,→,eye,3890,"opening, hole",4551,Norwegian,24,Norwegian,24,eye,"opening, hole",øye,øye
15437,shift0450,Polysemy,18,ACCEPTED,→,eye,3890,"opening, hole",4551,Swedish,135,Swedish,135,eye,opening,öga,öga
15438,shift0450,Polysemy,19,ACCEPTED,→,eye,3890,"opening, hole",4551,Danish,173,Danish,173,eye,hole,øje,øje
15450,shift5835,Polysemy,3,ACCEPTED,→,"pellicle, membrane",338,"film, movie",1280,English,153,English,153,"thin layer of some substance; a pellicle; a membranous covering, causing opacity","film, movie",film,film
15464,shift1925,Polysemy,3,ACCEPTED,→,simple,4082,stupid,4312,English,153,English,153,simple,stupid,simple,simple
15540,shift1148,Polysemy,3,ACCEPTED,?,to cool down (intr.),2460,to calm down,2397,English,153,English,153,cool (down),"to cool, to calm down",cool,cool
15546,shift1148,Polysemy,9,ACCEPTED,→,to cool down (intr.),2460,to calm down,2397,Norwegian,24,Norwegian,24,to cool down,to calm down,kjøle,kjøle
15547,shift1148,Polysemy,10,ACCEPTED,→,to cool down (intr.),2460,to calm down,2397,Danish,173,Danish,173,to cool down,to calm down,køle,køle
15548,shift1148,Polysemy,11,ACCEPTED,→,to cool down (intr.),2460,to calm down,2397,Swedish,135,Swedish,135,to cool down,to calm down,kyla,kyla
15549,shift1148,Polysemy,12,ACCEPTED,→,to cool down (intr.),2460,to calm down,2397,Icelandic,252,Icelandic,252,to cool down,to calm down,kæla,kæla
15554,shift2020,Derivation,2,ACCEPTED,?,to drop (of liquid),2561,"spot, stain",4220,German,169,German,169,"splash, sprinkle",speckled,sprenkeln,gesprenkelt
15556,shift5518,Derivation,1,ACCEPTED,→,crow,1147,jackdaw,1173,Icelandic,252,Icelandic,252,crow,jackdaw (Corvus monedula),kráka,dvergkráka
15557,shift5518,Derivation,2,ACCEPTED,→,crow,1147,jackdaw,1173,Dutch,255,Dutch,255,crow,jackdaw (Corvus monedula),kraai,torenkraai
15589,shift6217,Derivation,2,ACCEPTED,→,hook,1651,Heterodon nasicus,1620,German,169,German,169,hook,Heterodon nasicus,Haken,westliche Hakennasennatter
15590,shift6217,Derivation,3,ACCEPTED,→,hook,1651,Heterodon nasicus,1620,German,169,German,169,hook,Heterodon nasicus,Haken,westliche Hakennasennatter
15591,shift6217,Derivation,4,ACCEPTED,→,hook,1651,Heterodon nasicus,1620,Dutch,255,Dutch,255,hook,Heterodon nasicus,haak,westelijke haakneusslang
15595,shift2117,Polysemy,3,ACCEPTED,?,to sway,3256,"to walk, wander",3350,Icelandic,252,Icelandic,252,"to stagger, to rock",to wander,reika,reika
15618,shift6207,Derivation,2,ACCEPTED,→,&lt;noise&gt;,1814,Bitis arietans,3606,English,153,English,153,"to puff, breathe quickly",Bitis arietans,puff,puff adder
15619,shift6207,Derivation,3,ACCEPTED,→,&lt;noise&gt;,1814,Bitis arietans,3606,Norwegian,24,Norwegian,24,to hiss,Bitis arietans,hvese,hvesehuggorm
15654,shift0599,Polysemy,4,ACCEPTED,?,tree,3432,"wood, timber",114,Danish,173,Danish,173,NA,NA,trae,trae
15656,shift0599,Polysemy,6,ACCEPTED,—,tree,3432,"wood, timber",114,Swedish,135,Swedish,135,tree,"wood, timber",träd,trä
15701,shift4537,Derivation,15,ACCEPTED,→,middle,652,middle finger,653,Dutch,255,Dutch,255,middle,middle finger,middel,middelvinger
15703,shift4537,Derivation,17,ACCEPTED,→,middle,652,middle finger,653,English,153,English,153,middle,middle finger,middle,middle finger
15704,shift4537,Derivation,18,ACCEPTED,→,middle,652,middle finger,653,German,169,German,169,middle,middle finger,mittel,Mittelfinger
15801,shift1919,Polysemy,1,NEW,?,to shear,3141,to deceive,2494,Icelandic,252,Icelandic,252,to clip,to rob,rýja,rýja
15808,shift2479,Polysemy,4,ACCEPTED,—,"board, plank",3638,shield,4034,Old English,114,Old English,114,board,shield,bord,bord
15823,shift0473,Polysemy,5,ACCEPTED,→,eye,3890,supervision,4341,English,153,English,153,eye,supervision,eye,eye
15824,shift0473,Polysemy,6,ACCEPTED,→,eye,3890,supervision,4341,Norwegian,24,Norwegian,24,eye,supervision,øye,øye
15825,shift0473,Polysemy,7,ACCEPTED,→,eye,3890,supervision,4341,Danish,173,Danish,173,eye,supervision,øje,øje
15826,shift0473,Polysemy,8,ACCEPTED,→,eye,3890,supervision,4341,Swedish,135,Swedish,135,eye,supervision,öga,öga
15827,shift0473,Polysemy,9,ACCEPTED,→,eye,3890,supervision,4341,Icelandic,252,Icelandic,252,eye,supervision,auga,auga
15841,shift5386,Polysemy,1,ACCEPTED,→,tin (n.),2202,"tin, can",2203,English,153,English,153,"malleable, ductile, metallic element, resistant to corrosion, with atomic number 50 and symbol Sn","(New Zealand, Australia, South Africa, Ireland, Britain) An airtight container, made of tin or another metal, used to preserve food.",tin,tin
15849,shift8385,Derivation,1,ACCEPTED,→,"sacred, holy",3909,September,3996,Old English,114,Old English,114,"sacred, holy",September,hāliġ,hāliġmōnaþ
15853,shift0144,Derivation,3,ACCEPTED,→,to be tied,2308,to feel affection,2614,English,153,English,153,to join or fasten (something) to something else,"affection, fondness, or sympathy for someone or something",attach,attachment
15865,shift3516,Polysemy,2,NEW,→,foot,1338,lower part,266,English,153,English,153,foot,foot of a mountain,foot,foot
15867,shift1979,Derivation,1,ACCEPTED,→,sail (n.),3920,to sail,3107,English,153,English,153,sail,to go by boat,sail,sail
15871,shift1979,Derivation,5,ACCEPTED,→,sail (n.),3920,to sail,3107,Norwegian,24,Norwegian,24,sail (n.),to sail,seil,seile
15872,shift1979,Derivation,6,ACCEPTED,→,sail (n.),3920,to sail,3107,Danish,173,Danish,173,sail (n.),to sail,sejl,sejle
15873,shift1979,Derivation,7,ACCEPTED,→,sail (n.),3920,to sail,3107,Swedish,135,Swedish,135,sail (n.),to sail,segel,segla
15874,shift1979,Derivation,8,ACCEPTED,→,sail (n.),3920,to sail,3107,Icelandic,252,Icelandic,252,sail (n.),to sail,segl,sigla
15891,shift1003,Derivation,5,ACCEPTED,—,light (of weight),211,lung,272,English,153,English,153,light,lungs (of an animal),light,lights
15923,shift1868,Derivation,10,ACCEPTED,→,road,1486,Milky Way,659,English,153,English,153,NA,NA,way,Milky Way
15932,shift6299,Derivation,1,ACCEPTED,→,shield,4034,"tortoise, turtle",3414,Low German,1230,Low German,1230,shield,"tortoise, turtle",schilt,schiltpadde
15933,shift6299,Derivation,2,ACCEPTED,→,shield,4034,"tortoise, turtle",3414,Dutch,255,Dutch,255,shield,"tortoise, turtle",schild,schildpad
15936,shift6299,Derivation,5,ACCEPTED,→,shield,4034,"tortoise, turtle",3414,German,169,German,169,shield,"tortoise, turtle",Schild,Schildkröte
15937,shift6299,Derivation,6,ACCEPTED,→,shield,4034,"tortoise, turtle",3414,West Frisian,1192,West Frisian,1192,shield,"tortoise, turtle",skyld,skyldpod
15938,shift6299,Derivation,7,ACCEPTED,→,shield,4034,"tortoise, turtle",3414,Swedish,135,Swedish,135,shield,"tortoise, turtle",sköld,sköldpadda
15939,shift6299,Derivation,8,ACCEPTED,→,shield,4034,"tortoise, turtle",3414,Norwegian,24,Norwegian,24,shield,"tortoise, turtle",skjel,skjelpadde
15940,shift6299,Derivation,9,ACCEPTED,→,shield,4034,"tortoise, turtle",3414,Norwegian,24,Norwegian,24,shield,"tortoise, turtle",skil,skilpadde
15942,shift6299,Derivation,11,ACCEPTED,→,shield,4034,"tortoise, turtle",3414,Old English,114,Old English,114,(poetic) shield,"tortoise, turtle",bord,byrdling
15944,shift4538,Derivation,2,ACCEPTED,→,long (size),246,middle finger,653,Danish,173,Danish,173,long (size),middle finger,lang,langfinger
15945,shift4538,Derivation,3,ACCEPTED,→,long (size),246,middle finger,653,Norwegian,24,Norwegian,24,long (size),middle finger,lang,langfinger
15946,shift4538,Derivation,4,ACCEPTED,→,long (size),246,middle finger,653,Icelandic,252,Icelandic,252,long (size),middle finger,langur,langatöng
15947,shift4538,Derivation,5,ACCEPTED,→,long (size),246,middle finger,653,Swedish,135,Swedish,135,long (size),middle finger,lång,långfinger
16085,shift0368,Polysemy,5,ACCEPTED,?,to put into the ground,3027,to bury,2388,English,153,English,153,grave,to bury (archaic),grave,grave
16087,shift0368,Polysemy,7,ACCEPTED,?,to put into the ground,3027,to bury,2388,English,153,English,153,"to bury, to embed; to fill up",to bury (obs.),to earth,to earth
16090,shift0368,Polysemy,10,ACCEPTED,→,to put into the ground,3027,to bury,2388,Danish,173,Danish,173,to put into the ground,to bury,begrave,begrave
16091,shift0368,Polysemy,11,ACCEPTED,→,to put into the ground,3027,to bury,2388,Icelandic,252,Icelandic,252,to put into the ground,to bury,grafa,grafa
16100,shift2003,Polysemy,7,ACCEPTED,→,sharp,4022,clever,999,English,153,English,153,"sharp, sharp pointed, sharpened",smart,sharp,sharp
16102,shift2003,Polysemy,9,ACCEPTED,→,sharp,4022,clever,999,Norwegian,24,Norwegian,24,sharp,"clever, intelligent",skarp,skarp
16103,shift2003,Polysemy,10,ACCEPTED,→,sharp,4022,clever,999,Danish,173,Danish,173,sharp,"clever, intelligent",skarp,skarp
16104,shift2003,Polysemy,11,ACCEPTED,→,sharp,4022,clever,999,Swedish,135,Swedish,135,sharp,clever,skarp,skarp
16111,shift2646,Polysemy,1,ACCEPTED,→,"to unfold, unwind",3334,to develop,2516,Icelandic,252,Icelandic,252,to unwind,to develop,rekja,rekja
16116,shift2646,Polysemy,6,ACCEPTED,—,"to unfold, unwind",3334,to develop,2516,German,169,German,169,disentangle (obs.),to develop,entwickeln,entwickeln
16121,shift0771,Polysemy,1,ACCEPTED,→,to throw,3296,"to accuse, blame",2213,German,169,German,169,to throw forwards,to accuse,vorwerfen,vorwerfen
16162,shift1167,Polysemy,12,ACCEPTED,?,to tremble,3315,to fear,2610,German,169,German,169,to tremble (with cold),"to be terrified, to shudder",schaudern,schaudern
16172,shift6201,Derivation,1,NEW,→,blind,3624,Anguis fragilis,1998,English,153,English,153,blind,Anguis fragilis,blind,blindworm
16196,shift5241,Derivation,7,ACCEPTED,→,house,1678,motherland,724,Danish,173,Danish,173,house,motherland,hjem,hjemland
16197,shift5241,Derivation,8,ACCEPTED,→,house,1678,motherland,724,Afrikaans,835,Afrikaans,835,house,motherland,tuis,tuisland
16198,shift5241,Derivation,9,ACCEPTED,→,house,1678,motherland,724,Norwegian,24,Norwegian,24,house,homeland,hjem,hjemland
16199,shift5241,Derivation,10,ACCEPTED,→,house,1678,motherland,724,Norwegian,24,Norwegian,24,house,homeland,heim,heimland
16200,shift5241,Derivation,11,ACCEPTED,→,house,1678,motherland,724,Dutch,255,Dutch,255,house,motherland,thuis,thuisland
16202,shift5241,Derivation,13,ACCEPTED,→,house,1678,motherland,724,Faroese,92,Faroese,92,house,"homeland, home country, mother country",heim,heimland
16206,shift5241,Derivation,17,ACCEPTED,→,house,1678,motherland,724,Swedish,135,Swedish,135,home,motherland,hem,hemland
16208,shift5241,Derivation,19,ACCEPTED,→,house,1678,motherland,724,Yiddish,341,Yiddish,341,house,motherland,heym,heymland
16224,shift2132,Polysemy,1,NEW,?,coward,1123,cat,905,Icelandic,252,Icelandic,252,"coward, carrion",cat,bleyða,bleyða
16230,shift1353,Polysemy,1,ACCEPTED,→,leaf,174,oar,4511,Icelandic,252,Icelandic,252,leaf,blade,blað,blað
16255,shift7575,Derivation,23,ACCEPTED,→,to grow (plants),2723,plant (biol.),398,German,169,German,169,to grow (plants),plant (biol.),wachsen,Gewächs
16272,shift7575,Derivation,40,ACCEPTED,→,to grow (plants),2723,plant (biol.),398,Swedish,135,Swedish,135,to grow (plants),plant (biol.),växa,växt
16292,shift1668,Derivation,1,NEW,?,pig (Sus scrofa),369,barbel,3511,German,169,German,169,pig,barbel fish (barbus barbus),Sau,Sauchen
16305,shift2197,Derivation,3,ACCEPTED,→,"table, desk",2107,joiner; cabinetmaker,1192,German,169,German,169,table,carpenter,Tisch,Tischler
16313,shift5224,Polysemy,1,ACCEPTED,—,child (son or daughter),958,child (young person),959,English,153,English,153,son or daughter of any age,young human being below the age of full physical development;,child,child
16316,shift5224,Polysemy,4,ACCEPTED,—,child (son or daughter),958,child (young person),959,Norwegian,24,Norwegian,24,child (son or daughter),child (of age),barn,barn
16317,shift5224,Polysemy,5,ACCEPTED,—,child (son or daughter),958,child (young person),959,Danish,173,Danish,173,child (son or daughter),child (of age),barn,barn
16318,shift5224,Polysemy,6,ACCEPTED,—,child (son or daughter),958,child (young person),959,Swedish,135,Swedish,135,child (son or daughter),child (of age),barn,barn
16319,shift5224,Polysemy,7,ACCEPTED,—,child (son or daughter),958,child (young person),959,Icelandic,252,Icelandic,252,child (son or daughter),child (of age),barn,barn
16324,shift5224,Polysemy,12,ACCEPTED,—,child (son or daughter),958,child (young person),959,Dutch,255,Dutch,255,child (son or daughter),child (of age),kind,kind
16327,shift5224,Polysemy,15,ACCEPTED,—,child (son or daughter),958,child (young person),959,German,169,German,169,child (son or daughter),child (of age),Kind,Kind
16331,shift5224,Polysemy,19,ACCEPTED,—,child (son or daughter),958,child (young person),959,Luxembourgish,840,Luxembourgish,840,child (son or daughter),child (of age),Kand,Kand
16332,shift5224,Polysemy,20,ACCEPTED,—,child (son or daughter),958,child (young person),959,Middle English,6,Middle English,6,"offspring, a son or daughter","infant, a child",barn,barn
16333,shift5224,Polysemy,21,ACCEPTED,—,child (son or daughter),958,child (young person),959,Middle English,6,Middle English,6,"descendent (of particular parents), son or daughter","young child, a baby, boy or girl (usually to the age of puberty)",chīld,chīld
16404,shift6141,Polysemy,1,ACCEPTED,→,comb (of a bird),1041,chanterelle,942,Dutch,255,Dutch,255,cockscomb,chanterelle,hanenkam,hanenkam
16414,shift3602,Derivation,6,ACCEPTED,→,day,4391,today,3393,English,153,English,153,NA,NA,day,today
16418,shift3602,Derivation,10,NEW,→,day,4391,today,3393,German,169,German,169,day,today,Tag,heute
16424,shift4970,Polysemy,2,NEW,→,pawn (in chess),320,"puppet, lay figure",494,English,153,English,153,chess piece of the smallest size and value,person used by others for their own purposes,pawn,pawn
16435,shift7812,Motivation,1,ACCEPTED,→,fool,1336,pyrite,500,English,153,English,153,person with poor judgment or little intelligence,mineral or other substance often mistaken for gold; mainly iron pyrite,fool,fool&#39;s gold
16436,shift7812,Motivation,2,ACCEPTED,→,fool,1336,pyrite,500,German,169,German,169,fool,pyrite,Narr,Narrengold
16445,shift2201,Derivation,2,NEW,→,to drink,2557,gratuity,836,German,169,German,169,to drink,tips,trinken,Trinkgeld
16466,shift0366,Polysemy,16,ACCEPTED,→,heavy (of weight),1594,difficult,4433,Norwegian,24,Norwegian,24,heavy (of weight),difficult,tung,tung
16467,shift0366,Polysemy,17,ACCEPTED,→,heavy (of weight),1594,difficult,4433,Danish,173,Danish,173,heavy (of weight),difficult,tung,tung
16468,shift0366,Polysemy,18,ACCEPTED,→,heavy (of weight),1594,difficult,4433,Swedish,135,Swedish,135,heavy (of weight),difficult,tung,tung
16469,shift0366,Polysemy,19,ACCEPTED,→,heavy (of weight),1594,difficult,4433,Icelandic,252,Icelandic,252,heavy (of weight),difficult,þungur,þungur
16494,shift0366,Polysemy,44,NEW,—,heavy (of weight),1594,difficult,4433,German,169,German,169,heavy (of weight),difficult,schwer,schwer
16495,shift0366,Polysemy,45,NEW,→,heavy (of weight),1594,difficult,4433,Dutch,255,Dutch,255,heavy (of weight),difficult,zwaar,zwaar
16496,shift0366,Polysemy,46,NEW,→,heavy (of weight),1594,difficult,4433,Luxembourgish,840,Luxembourgish,840,heavy (of weight),difficult,schwéier,schwéier
16497,shift0366,Polysemy,47,NEW,→,heavy (of weight),1594,difficult,4433,Yiddish,341,Yiddish,341,heavy (of weight),difficult,shver (שווער),shver (שווער)
16498,shift0366,Polysemy,48,NEW,→,heavy (of weight),1594,difficult,4433,Danish,173,Danish,173,"(now rare) heavy, massive, solid","difficult, hard, stiff, tough",svær,svær
16552,shift0743,Derivation,4,ACCEPTED,?,to weigh (tr.),3369,to think,3293,English,153,English,153,heavy,"to ponder, to reflect, to consider [НБАРС 732]",ponderous,ponder
16558,shift0743,Polysemy,10,ACCEPTED,→,to weigh (tr.),3369,to think,3293,Danish,173,Danish,173,to weigh (intr.),to think,veje,veje
16559,shift0743,Polysemy,11,ACCEPTED,→,to weigh (tr.),3369,to think,3293,Swedish,135,Swedish,135,to weigh (intr.),to think,väga,väga
16596,shift3221,Polysemy,5,ACCEPTED,→,"lord, master",254,god,804,Old English,114,Old English,114,"a ruler, lord, prince","the supreme ruler, the Lord; chiefly used for God and Christ",dryhten,dryhten
16599,shift3221,Polysemy,8,ACCEPTED,→,"lord, master",254,god,804,Old English,114,Old English,114,"master of a household, ruler, superior",God,hlaford,hlaford
16601,shift3221,Polysemy,10,ACCEPTED,→,"lord, master",254,god,804,Norwegian,24,Norwegian,24,lord,god,herre,herre
16602,shift3221,Polysemy,11,ACCEPTED,→,"lord, master",254,god,804,Danish,173,Danish,173,lord,god,herre,herre
16603,shift3221,Polysemy,12,ACCEPTED,→,"lord, master",254,god,804,Swedish,135,Swedish,135,"lord, governor",god,herre,herre
16615,shift1165,Polysemy,3,ACCEPTED,—,to work,3380,to give birth,2693,English,153,English,153,to work,"to give birth, to have birth pangs",labour,labour
16624,shift3875,Derivation,2,ACCEPTED,→,fast (n.),1237,Friday,1378,Icelandic,252,Icelandic,252,fast (n.),Friday,fasta,föstudagur
16625,shift6703,Polysemy,1,ACCEPTED,→,yoke,2085,side of a coin,4072,Swedish,135,Swedish,135,yoke,side of a coin,klave,klave
16628,shift8580,Polysemy,3,ACCEPTED,—,firearm,1290,cannon (weapon),887,English,153,English,153,"very portable, short firearm, for hand use, which fires bullets or projectiles, such as a handgun, revolver, pistol;  a less portable, long firearm that fires bullets or projectiles; a rifle, either manual, automatic or semi-automatic; a flintlock, musket or shotgun","(military) a cannon with relatively long barrel, operating with relatively low angle of fire, and having a high muzzle velocity; (military) a cannon with a 6-inch/155mm minimum nominal bore diameter and tube length 30 calibers or more",gun,gun
16644,shift2034,Polysemy,2,ACCEPTED,→,thin (of an object),2172,quiet (vs. loud),1909,German,169,German,169,thin,"weak, quiet (voice)",dünn,dünn
16651,shift1799,Derivation,2,ACCEPTED,→,to call,2396,to make a telephone call,2882,German,169,German,169,to call; to shout,"to call, to make a telephone call",rufen,anrufen
16653,shift1799,Polysemy,4,ACCEPTED,→,to call,2396,to make a telephone call,2882,English,153,English,153,"to call, to summon",to make a phone call,to call,to call
16656,shift8217,Polysemy,1,NEW,→,since,4085,because of,3548,English,153,English,153,since,because of,since,since
16659,shift2820,Polysemy,2,ACCEPTED,→,head,1578,"ear, spike (of a grain plant)",3793,English,153,English,153,head,corn head,head,head
16665,shift5617,Derivation,2,ACCEPTED,→,key (of a door),1705,keystone,1706,English,153,English,153,key (of a door),keystone,key,keystone
16678,shift6213,Derivation,1,ACCEPTED,→,milk,657,Lampropeltis triangulum,152,English,153,English,153,milk,Lampropeltis triangulum,milk,milk snake
16681,shift6213,Derivation,4,ACCEPTED,→,milk,657,Lampropeltis triangulum,152,Swedish,135,Swedish,135,milk,Lampropeltis triangulum,mjölk,mjölksnok
16682,shift6213,Derivation,5,ACCEPTED,→,milk,657,Lampropeltis triangulum,152,Dutch,255,Dutch,255,milk,Lampropeltis triangulum,melk,melkslang
16683,shift6213,Derivation,6,ACCEPTED,→,milk,657,Lampropeltis triangulum,152,German,169,German,169,milk,Lampropeltis triangulum,Milch,Milchschlange
16693,shift6229,Polysemy,1,NEW,→,beautiful,3545,very,3761,English,153,English,153,beautiful,very,pretty,pretty
16707,shift3763,Polysemy,1,NEW,—,straight,4292,classical,992,English,153,English,153,rectilinear,classical,straight,straight
16711,shift1776,Polysemy,4,NEW,→,female calf,1256,girl,786,English,153,English,153,female calf,"(obsolete) a wife; (informal, derogatory, obsolete) a girl or young woman; (informal, derogatory) a large, unattractive, unpleasant woman",heifer,heifer
16729,shift6214,Derivation,1,NEW,→,triangle,3434,Lampropeltis triangulum,152,German,169,German,169,triangle,Lampropeltis triangulum,Dreieck,Dreiecksnatter
16730,shift5613,Polysemy,1,ACCEPTED,→,left,183,left (political),184,German,169,German,169,left,"belonging to the totality of parties, political groups, currents representing socialism, communism",links,links
16732,shift5613,Polysemy,3,ACCEPTED,→,left,183,left (political),184,English,153,English,153,designating the side of the body toward the west when one is facing north; the opposite of right.,pertaining to the political left,left,left
16739,shift5613,Polysemy,10,ACCEPTED,→,left,183,left (political),184,Norwegian,24,Norwegian,24,left,left (political),venstre,venstre
16740,shift5613,Polysemy,11,ACCEPTED,→,left,183,left (political),184,Danish,173,Danish,173,left,left (political),venstre,venstre
16741,shift5613,Polysemy,12,ACCEPTED,→,left,183,left (political),184,Swedish,135,Swedish,135,left,left (political),vänster,vänster
16742,shift5613,Polysemy,13,ACCEPTED,→,left,183,left (political),184,Icelandic,252,Icelandic,252,left,left (political),vinstri,vinstri
16762,shift6512,Cognates,2,NEW,→,bumblebee,3719,cockchafer,1024,English,153,English,153,(dialectal) bumblebee,(dialectal) cockchafer,"dumbledor, dumbledore","dumbledor, dumbledore"
16765,shift8460,Derivation,1,NEW,→,cereal,933,corn crake,1098,English,153,English,153,(UK) any cereal plant (or its grain) that is the main crop or staple of a country or region,"bird of the rail family, Crex crex",corn,corn
16774,shift5745,Derivation,1,ACCEPTED,→,"to calculate, count",2393,computer,1075,English,153,English,153,"to reckon, calculate",computer,compute,computer
16775,shift5745,Derivation,2,ACCEPTED,→,"to calculate, count",2393,computer,1075,Afrikaans,835,Afrikaans,835,"to calculate, count",computer,rekenen,rekenaar
16776,shift5745,Derivation,3,ACCEPTED,→,"to calculate, count",2393,computer,1075,Dutch,255,Dutch,255,"to calculate, count",(rare) computer,rekenen,rekenaar
16790,shift1639,Polysemy,2,ACCEPTED,→,"to go, walk",2715,"to resemble, be alike",3073,Old Norse,236,Old Norse,236,to walk,NA,ganga,ganga
16803,shift0926,Polysemy,1,ACCEPTED,→,barley,3516,sty (on the eye),4313,German,169,German,169,barley corn,sty,Gerstenkorn,Gerstenkorn
16804,shift0926,Polysemy,2,ACCEPTED,→,barley,3516,sty (on the eye),4313,Danish,173,Danish,173,barley corn,sty,bygkorn,bygkorn
16827,shift6303,Derivation,2,ACCEPTED,→,earth,3798,strawberry (Fragaria moschata),4299,Dutch,255,Dutch,255,"field, earth","strawberry, wild strawberry",aard,aardbei
16828,shift6303,Derivation,3,ACCEPTED,→,earth,3798,strawberry (Fragaria moschata),4299,German,169,German,169,"soil, ground",strawberry,Erde,Erdbeere
16829,shift6303,Derivation,4,ACCEPTED,→,earth,3798,strawberry (Fragaria moschata),4299,Luxembourgish,840,Luxembourgish,840,earth,strawberry,Äerd,Äerdbier
16830,shift6303,Derivation,5,ACCEPTED,→,earth,3798,strawberry (Fragaria moschata),4299,Danish,173,Danish,173,"earth, soil, ground",strawberry,jord,jordbær
16831,shift6303,Derivation,6,ACCEPTED,→,earth,3798,strawberry (Fragaria moschata),4299,Norwegian,24,Norwegian,24,earth,strawberry (Fragaria moschata),jord,jordbær
16832,shift6303,Derivation,7,ACCEPTED,→,earth,3798,strawberry (Fragaria moschata),4299,Low German,1230,Low German,1230,earth,strawberry (Fragaria moschata),Ieed,Ieedbäa
16834,shift6303,Derivation,9,ACCEPTED,→,earth,3798,strawberry (Fragaria moschata),4299,Swedish,135,Swedish,135,earth,strawberry,jord,jordgubbe
16836,shift6303,Derivation,11,ACCEPTED,→,earth,3798,strawberry (Fragaria moschata),4299,Icelandic,252,Icelandic,252,earth,strawberry,jörð,jarðarber
16837,shift6303,Derivation,12,ACCEPTED,→,earth,3798,strawberry (Fragaria moschata),4299,West Frisian,1192,West Frisian,1192,earth,strawberry,ierde,ierdbei
16839,shift6303,Derivation,14,ACCEPTED,→,earth,3798,strawberry (Fragaria moschata),4299,Old English,114,Old English,114,ground,strawberry (Fragaria moschata),eorþ,eorþberġe
16842,shift6303,Derivation,17,ACCEPTED,→,earth,3798,strawberry (Fragaria moschata),4299,Faroese,92,Faroese,92,earth,strawberry (Fragaria moschata),jørð,jarðber
16908,shift5362,Derivation,3,ACCEPTED,→,iron,1806,fetters,1265,English,153,English,153,iron,"fetters, shackles for the hands or legs",iron,irons
16914,shift1516,Polysemy,1,NEW,?,work (n.),121,"service, good turn",3998,English,153,English,153,"job, occupation, work",service,service,service
16917,shift1035,Cognates,1,ACCEPTED,?,healthy,1585,intact,1796,English,153,English,153,health,"whole, entire, sound, intact",health,whole
16941,shift6015,Polysemy,2,ACCEPTED,→,foot/leg,1340,leg (furniture),186,English,153,English,153,"a limb or appendage that an animal uses for support or locomotion on land; in humans, the lower limb extending from the groin to the ankle","a rod-like protrusion from an inanimate object, such as a piece of furniture, supporting it from underneath.",leg,leg
16944,shift6015,Polysemy,5,ACCEPTED,→,foot/leg,1340,leg (furniture),186,Dutch,255,Dutch,255,limb (arm or leg) of an animal; (informal) leg or foot,"leg of an object, e.g. furniture",poot,poot
16968,shift0769,Polysemy,2,ACCEPTED,—,"brilliant, glaring",3692,glad,788,English,153,English,153,"bright, brilliant, clear (НБАРС I 278)","cheerful, vivacious",bright,bright
16991,shift1323,Polysemy,9,ACCEPTED,→,dark (adj.),4382,"gloomy, depressed",796,Danish,173,Danish,173,dark (adj.),"gloomy, unsatisfied",mørk,mørk
16992,shift1323,Polysemy,10,ACCEPTED,→,dark (adj.),4382,"gloomy, depressed",796,Swedish,135,Swedish,135,dark (adj.),gloomy,mörk,mörk
16993,shift1323,Polysemy,11,ACCEPTED,→,dark (adj.),4382,"gloomy, depressed",796,Icelandic,252,Icelandic,252,dark (adj.),gloomy,myrkur,myrkur
17002,shift0932,Polysemy,6,ACCEPTED,?,heart,1588,centre,930,English,153,English,153,heart,"core; center, seat; central part of a country",heart,heart
17004,shift0932,Polysemy,8,ACCEPTED,→,heart,1588,centre,930,Danish,173,Danish,173,heart,geographic centre,hjerte,hjerte
17005,shift0932,Polysemy,9,ACCEPTED,→,heart,1588,centre,930,Swedish,135,Swedish,135,heart,centre,hjärta,hjärta
17016,shift7502,Derivation,3,ACCEPTED,→,wind,88,chickenpox,956,German,169,German,169,wind,chickenpox,Wind,Windpocken
17032,shift3450,Polysemy,3,ACCEPTED,←,"only, just",4547,"but, however",3729,English,153,English,153,"only, just",however,but,but
17033,shift3450,Polysemy,4,ACCEPTED,—,"only, just",4547,"but, however",3729,English,153,English,153,without others or anything further; exclusively.,"but, however",only,only
17062,shift2212,Polysemy,8,ACCEPTED,→,foot,1338,mountain foot,729,English,153,English,153,foot,mountain foot,foot,foot
17065,shift3230,Polysemy,2,ACCEPTED,→,runner,1523,millstone,665,German,169,German,169,runner,(upper) stone of a millstone,Läufer,Läufer
17067,shift1359,Polysemy,2,ACCEPTED,→,"firm, solid",1296,healthy,1585,Old English,114,Old English,114,hard,healthy,trum,trum
17070,shift4675,Polysemy,1,NEW,→,goldsmith,813,dragonfly,4476,Danish,173,Danish,173,"goldsmith, jeweler",dragonfly,guldsmed,guldsmed
17077,shift2783,Derivation,3,ACCEPTED,→,"to move, to shift, to transfer",2933,to translate,3311,German,169,German,169,"to carry, to put across (over a river)",to translate,übersetzen,übersetzen
17096,shift2513,Derivation,1,ACCEPTED,→,&lt;hat&gt;,1534,"caul, amniotic sac",915,German,169,German,169,cap,amnionic membrane (lit. the cap of luck),Haube,Glückshaube
17101,shift2513,Derivation,6,ACCEPTED,→,&lt;hat&gt;,1534,"caul, amniotic sac",915,Dutch,255,Dutch,255,helmet,amnionic membrane,helm,helm
17102,shift2513,Derivation,7,ACCEPTED,→,&lt;hat&gt;,1534,"caul, amniotic sac",915,Danish,173,Danish,173,hood,amnionic membrane (lit. the cap of luck),hætte,lykkehætte
17130,shift5764,Polysemy,1,ACCEPTED,→,to practice witchcraft,2994,"to make, create",2902,English,153,English,153,to practice witchcraft,"to make, create",conjure,conjure
17139,shift5900,Polysemy,1,ACCEPTED,—,radish,1414,black radish,3614,English,153,English,153,radish,"black radish, Raphanus sativus var. radicula",radish,Raphanus sativus var. sativus
17186,shift0545,Derivation,8,ACCEPTED,→,to pay,2963,to revenge,3082,English,153,English,153,NA,NA,pay,pay off
17205,shift2238,Polysemy,2,ACCEPTED,→,"hard, solid",1558,difficult,4433,English,153,English,153,hard,"hard, tiresome",hard,hard
17208,shift2238,Polysemy,5,ACCEPTED,—,"hard, solid",1558,difficult,4433,Norwegian,24,Norwegian,24,"hard, solid",difficult,hard,hard
17209,shift2238,Polysemy,6,ACCEPTED,—,"hard, solid",1558,difficult,4433,Danish,173,Danish,173,"hard, solid",difficult,hård,hård
17210,shift2238,Polysemy,7,ACCEPTED,—,"hard, solid",1558,difficult,4433,Swedish,135,Swedish,135,"hard, solid",difficult,hård,hård
17211,shift2238,Polysemy,8,ACCEPTED,—,"hard, solid",1558,difficult,4433,Icelandic,252,Icelandic,252,"hard, solid",difficult,harður,harður
17221,shift8109,Polysemy,4,ACCEPTED,→,dolphin,4461,butterfly stroke,3736,German,169,German,169,dolphin,butterfly stroke,Delfin,Delfin
17224,shift4338,Derivation,1,NEW,→,glass (material),791,glasswort,792,English,153,English,153,glass,Salicornia europaea,glass,glasswort
17226,shift2735,Polysemy,2,ACCEPTED,→,bee,3555,"industrious, diligent person",1768,German,169,German,169,bee,hard working person,Biene,Biene
17238,shift3946,Semantic evolution,4,ACCEPTED,→,standart-bearer,4246,&lt;military rank&gt;,558,German,169,German,169,standart-bearer,"a military rank of the Bundeswehr, Austrian Armed Forces and former German armed forces",Fähnrich,Fähnrich
17247,shift3764,Polysemy,1,NEW,—,straight,4292,heterosexual,1621,English,153,English,153,rectilinear,heterosexual,straight,straight
17249,shift5627,Derivation,1,ACCEPTED,→,"Mary, mother of Jesus",601,ladybird,145,German,169,German,169,"Mary, mother of Jesus",ladybird,Maria,Marienkäfer
17250,shift5627,Derivation,2,ACCEPTED,→,"Mary, mother of Jesus",601,ladybird,145,English,153,English,153,"Mary, mother of Jesus",ladybird,Our Lady,ladybug
17251,shift5627,Derivation,3,ACCEPTED,→,"Mary, mother of Jesus",601,ladybird,145,English,153,English,153,"Mary, mother of Jesus",ladybird,Our Lady,ladybug
17254,shift5627,Derivation,6,ACCEPTED,→,"Mary, mother of Jesus",601,ladybird,145,Danish,173,Danish,173,"Mary, mother of Jesus",ladybird,Marie,mariehøne
17255,shift5627,Derivation,7,ACCEPTED,→,"Mary, mother of Jesus",601,ladybird,145,Icelandic,252,Icelandic,252,"Mary, mother of Jesus",ladybird,María,maríuhæna
17283,shift0128,Derivation,10,NEW,→,Venus,3757,Friday,1378,German,169,German,169,Venus,Friday,Frai,Freitag
17284,shift0128,Derivation,11,NEW,→,Venus,3757,Friday,1378,English,153,English,153,Venus,Friday,Frigg,Friday
17302,shift5236,Polysemy,2,ACCEPTED,→,brother,3700,member of religious organisation,634,English,153,English,153,male sibling,male fellow member of a religious community,brother,brother
17306,shift5236,Polysemy,6,ACCEPTED,→,brother,3700,member of religious organisation,634,Dutch,255,Dutch,255,brother,"friar, member -especially non-priest- of certain ecclesiastical (notably Catholic clerical) groups",broeder,broeder
17309,shift1236,Polysemy,1,ACCEPTED,—,to bark,2250,to cough,2467,German,169,German,169,"to bark, to yelp (dog)",to cough painfully and loudly,bellen,bellen
17310,shift1236,Polysemy,2,ACCEPTED,—,to bark,2250,to cough,2467,English,153,English,153,to bark,to cough (colloq.),bark,bark
17338,shift6580,Polysemy,3,ACCEPTED,→,bed,3549,bearing (mechanical device),3544,German,169,German,169,"place where one sleeps, such as a bed or a spot in a barn, etc.",bearing (mechanical device),Lager,Lager
17341,shift6580,Polysemy,6,ACCEPTED,→,bed,3549,bearing (mechanical device),3544,Danish,173,Danish,173,"bed, bedding (anything that someone lies on)",bearing (mechanical device),leje,leje
17345,shift1399,Polysemy,2,ACCEPTED,→,dirty,4440,bad (ethically),3494,German,169,German,169,"dirty, untidy",NA,unsauber,unsauber
17347,shift1399,Polysemy,4,ACCEPTED,→,dirty,4440,bad (ethically),3494,English,153,English,153,NA,dishonest (behaviour),dirty,dirty
17350,shift1399,Polysemy,7,ACCEPTED,—,dirty,4440,bad (ethically),3494,English,153,English,153,dirty,"mean, disgusting",filthy,filthy
17353,shift1399,Polysemy,10,ACCEPTED,—,dirty,4440,bad (ethically),3494,German,169,German,169,"dirty, untidy","disgusting, mean, nasty",schmutzig,schmutzig
17357,shift1399,Polysemy,14,ACCEPTED,→,dirty,4440,bad (ethically),3494,Norwegian,24,Norwegian,24,dirty,bad (ethically),skitten,skitten
17358,shift1399,Polysemy,15,ACCEPTED,→,dirty,4440,bad (ethically),3494,Danish,173,Danish,173,dirty,"bad (ethically), criminal",beskidt,beskidt
17359,shift1399,Polysemy,16,ACCEPTED,→,dirty,4440,bad (ethically),3494,Swedish,135,Swedish,135,dirty,"bad (ethically), immoral",smutsig,smutsig
17366,shift5679,Polysemy,2,ACCEPTED,→,mine (underground tunnel),669,mine (explosive device),668,English,153,English,153,mine (underground tunnel),mine (explosive device),mine,mine
17371,shift5679,Polysemy,7,ACCEPTED,→,mine (underground tunnel),669,mine (explosive device),668,Dutch,255,Dutch,255,mine (underground tunnel),mine (explosive device),mijn,mijn
17372,shift5679,Polysemy,8,ACCEPTED,→,mine (underground tunnel),669,mine (explosive device),668,German,169,German,169,mine (underground tunnel),mine (explosive device),Mine,Mine
17378,shift3772,Cognates,1,ACCEPTED,—,to have smell,2754,to emit smoke,2572,German,169,German,169,to smell,to smoke,riechen,rauchen
17396,shift5678,Polysemy,2,ACCEPTED,→,monster (abnormal creature),704,cruel,1151,English,153,English,153,bizarre or whimsical creature,"cruel, heartless, or antisocial person, especially a criminal",monster,monster
17409,shift2645,Polysemy,1,NEW,→,"to unfold, unwind",3334,"to follow, go after smb.",2649,Icelandic,252,Icelandic,252,to unwind,to follow,rekja,rekja
17433,shift0976,Polysemy,2,ACCEPTED,→,thread,2182,wire (n.),96,English,153,English,153,"strong, large-diameter rope","strong, large-diameter wire",cable,cable
17438,shift0976,Polysemy,7,ACCEPTED,→,thread,2182,wire (n.),96,German,169,German,169,(obsolete) thread,wire (n.),Draht,Draht
17439,shift5180,Polysemy,1,ACCEPTED,→,quick,1908,swift (bird),4366,English,153,English,153,"happening quickly or promptly, moving or capable of moving at high speed","a swift-flying insectivorous bird with long, slender wings and a superficial resemblance to a swallow, spending most of its life on the wing",swift,swift
17444,shift2822,Derivation,2,NEW,→,European blueberry,3867,great bilberry (Vaccinium uliginosum),840,English,153,English,153,European blueberry (Vaccinium myrtillus),Vaccinium uliginosum,bilberry,great bilberry
17454,shift2196,Derivation,1,NEW,→,"to braid, plait, weave",2364,wall,6,German,169,German,169,to plait,wall,winden,Wand
17458,shift5775,Polysemy,2,ACCEPTED,→,bow (weapon),3659,"bow, fiddlestick",3660,English,153,English,153,"a weapon made of a curved piece of wood or other flexible material whose ends are connected by a string, used for shooting arrows","a rod with horsehair (or an artificial substitute) stretched between the ends, used for playing various stringed musical instruments.",bow,bow
17463,shift5775,Polysemy,7,ACCEPTED,→,bow (weapon),3659,"bow, fiddlestick",3660,German,169,German,169,bow (weapon),"bow, fiddlestick",Bogen,Bogen
17467,shift5775,Polysemy,11,ACCEPTED,→,bow (weapon),3659,"bow, fiddlestick",3660,Norwegian,24,Norwegian,24,bow (weapon),"bow, fiddlestick",bue,bue
17468,shift5775,Polysemy,12,ACCEPTED,→,bow (weapon),3659,"bow, fiddlestick",3660,Norwegian,24,Norwegian,24,bow (weapon),"bow, fiddlestick",boge,boge
17476,shift5775,Polysemy,20,ACCEPTED,→,bow (weapon),3659,"bow, fiddlestick",3660,Danish,173,Danish,173,bow (weapon),"bow, fiddlestick",bue,bue
17481,shift5775,Polysemy,25,ACCEPTED,→,bow (weapon),3659,"bow, fiddlestick",3660,Icelandic,252,Icelandic,252,bow (weapon),"bow, fiddlestick",bogi,bogi
17497,shift0591,Polysemy,4,ACCEPTED,?,house,1678,family,1226,English,153,English,153,house,"family, household; home",house,house
17498,shift0591,Polysemy,5,ACCEPTED,?,house,1678,family,1226,English,153,English,153,home,"family, household; home",home,home
17517,shift0184,Polysemy,2,ACCEPTED,→,to sleep,3169,to copulate,2462,English,153,English,153,to sleep,to have sexual relationship with smn,to sleep,to sleep (with)
17538,shift1641,Polysemy,2,ACCEPTED,?,to throw,3296,to shoot,3149,Old Norse,236,Old Norse,236,to throw,to shoot,skjóta,skjóta
17578,shift5283,Polysemy,2,ACCEPTED,—,husband,1694,wife,73,English,153,English,153,husband,wife,spouse,spouse
17581,shift5283,Derivation,5,ACCEPTED,—,husband,1694,wife,73,German,169,German,169,husband,wife,(Ehe)gatte,(Ehe)gattin
17584,shift1671,Derivation,2,ACCEPTED,→,alder (tree),1967,common minnow,1057,German,169,German,169,alder,minnow,Erle,Erlitze
17642,shift6330,Derivation,3,NEW,→,hammer,1545,"hammer bone, malleus",1546,English,153,English,153,hammer,"hammer bone, malleus",hammer,hammer bone
17664,shift5761,Derivation,2,ACCEPTED,→,court (of a sovereign),1114,polite,431,English,153,English,153,court (of a sovereign),polite,court,courteous
17667,shift5761,Derivation,5,ACCEPTED,→,court (of a sovereign),1114,polite,431,German,169,German,169,court (of a sovereign),polite,Hof,höflich
17668,shift5761,Derivation,6,ACCEPTED,→,court (of a sovereign),1114,polite,431,Dutch,255,Dutch,255,court (of a sovereign),polite,hof,hoffelijk
17672,shift5761,Derivation,10,NEW,→,court (of a sovereign),1114,polite,431,Norwegian,24,Norwegian,24,court (of a sovereign),polite,hoff,høflig
17673,shift5761,Derivation,11,NEW,→,court (of a sovereign),1114,polite,431,Danish,173,Danish,173,court (of a sovereign),polite,hoff,høflig
17674,shift5761,Derivation,12,NEW,→,court (of a sovereign),1114,polite,431,Danish,173,Danish,173,court (of a sovereign),polite,hoff,høflig
17696,shift2837,Polysemy,3,ACCEPTED,→,iron,1806,iron (for pressing clothes),1807,German,169,German,169,iron,iron,Eisen,Eisen
17708,shift0160,Polysemy,1,ACCEPTED,—,salad,3927,lettuce,201,Limburgish,1461,Limburgish,1461,salad,lettuce,Schlaat,Schlaat
17709,shift0160,Polysemy,2,ACCEPTED,→,salad,3927,lettuce,201,Dutch,255,Dutch,255,salad,(archaic) lettuce,salade,salade
17719,shift0160,Polysemy,12,ACCEPTED,→,salad,3927,lettuce,201,Icelandic,252,Icelandic,252,salad,lettuce,salat,salat
17720,shift0160,Polysemy,13,ACCEPTED,→,salad,3927,lettuce,201,Norwegian,24,Norwegian,24,salad,lettuce,salat,salat
17723,shift0160,Polysemy,16,ACCEPTED,→,salad,3927,lettuce,201,German,169,German,169,salad,lettuce and related leaf vegetables,Salat,Salat
17725,shift0160,Polysemy,18,ACCEPTED,→,salad,3927,lettuce,201,Swedish,135,Swedish,135,salad,lettuce,sallad,sallad
17727,shift6488,Polysemy,1,ACCEPTED,→,mad,563,"false, wrong",1222,Norwegian,24,Norwegian,24,mad,"false, wrong",gal,gal
17728,shift6488,Polysemy,2,ACCEPTED,→,mad,563,"false, wrong",1222,Danish,173,Danish,173,mad,"false, wrong",gal,gal
17729,shift6488,Polysemy,3,ACCEPTED,→,mad,563,"false, wrong",1222,Swedish,135,Swedish,135,mad,"false, wrong",galen,galen
17730,shift6488,Polysemy,4,ACCEPTED,→,mad,563,"false, wrong",1222,Icelandic,252,Icelandic,252,mad,"false, wrong",galinn,galinn
17738,shift1221,Polysemy,2,NEW,?,to dig,2519,to find,2627,English,153,English,153,to remove something from under the earth using a spade,to find hidden or forgotten information by careful searching,dig up,dig up
17804,shift0592,Polysemy,4,ACCEPTED,→,to fall down,2605,to fail,2600,Icelandic,252,Icelandic,252,to fall,"to be defeated, to lose, to fail (an exam)",falla,falla
17805,shift0592,Polysemy,5,ACCEPTED,→,to fall down,2605,to fail,2600,Swedish,135,Swedish,135,to fall down,to experience failure,falla,falla
17814,shift0504,Polysemy,3,ACCEPTED,←,ear,3792,listener,228,English,153,English,153,ear,listener (argot),listener,listener
17816,shift1804,Polysemy,2,ACCEPTED,→,to be awake,2258,to guard,2731,German,169,German,169,"to stay awake, not to sleep","to guard, to watch, to patrol",wachen,wachen
17832,shift0747,Polysemy,9,ACCEPTED,—,to see/to look at,3121,to meet,2909,English,153,English,153,to see,"to see each other, to meet",see,see
17877,shift8268,Polysemy,2,ACCEPTED,→,old man,4534,term of address to a man,2154,English,153,English,153,elderly man,"(UK, dated) term of address for a male friend, irrespective of age.",old man,old man
17882,shift8268,Polysemy,7,ACCEPTED,→,old man,4534,term of address to a man,2154,German,169,German,169,old man,"(colloquial) dude, guy; a somewhat intimate or mildly dismissive word for a man, especially but not exclusively used as a vocative",Alter,Alter
17888,shift5030,Derivation,4,ACCEPTED,—,mother,720,motherland,724,English,153,English,153,mother,motherland,mother,motherland
17892,shift5030,Derivation,8,NEW,→,mother,720,motherland,724,Dutch,255,Dutch,255,mother,motherland,moeder,moederland
17901,shift5030,Derivation,17,NEW,→,mother,720,motherland,724,Norwegian,24,Norwegian,24,mother,motherland,moder,moderland
17903,shift5030,Derivation,19,NEW,→,mother,720,motherland,724,Yiddish,341,Yiddish,341,mother,motherland,muter,muterland
17904,shift5030,Derivation,20,NEW,→,mother,720,motherland,724,Danish,173,Danish,173,mother,motherland,moder,moderland
17905,shift5030,Derivation,21,NEW,→,mother,720,motherland,724,German,169,German,169,mother,motherland,Mutter,Mutterland
17910,shift5030,Derivation,26,NEW,→,mother,720,motherland,724,Swedish,135,Swedish,135,mother,motherland,moder,moderland
17925,shift4230,Polysemy,3,ACCEPTED,—,to sow,3190,to cause,2410,English,153,English,153,to sow,to cause,sow,sow
17926,shift4230,Polysemy,4,ACCEPTED,—,to sow,3190,to cause,2410,Norwegian,24,Norwegian,24,to sow,to cause,så,så
17927,shift4230,Polysemy,5,ACCEPTED,—,to sow,3190,to cause,2410,Danish,173,Danish,173,to sow,to cause,så,så
17931,shift6908,Semantic evolution,1,ACCEPTED,→,guinea fowl,859,turkey,3465,English,153,English,153,"(originally, now obsolete) guinea fowl","bird in the genus Meleagris with a fan-shaped tail and wattled neck, especially the wild turkey (Meleagris gallopavo, now domesticated)",turkey,turkey
17945,shift5052,Derivation,1,NEW,→,vocation,3777,profession,470,German,169,German,169,vocation,profession,Berufung,Beruf
17957,shift4872,Polysemy,1,NEW,→,rhombus,1471,diamonds (in cards),4429,Luxembourgish,840,Luxembourgish,840,rhombus,diamonds (in cards),Raut,Rauten
17958,shift4872,Derivation,2,NEW,→,rhombus,1471,diamonds (in cards),4429,Dutch,255,Dutch,255,rhombus,diamonds (in cards),ruit,ruiten
17967,shift0392,Polysemy,9,ACCEPTED,→,beautiful,3545,good,814,Norwegian,24,Norwegian,24,beautiful,good,vakker,vakker
17968,shift0392,Polysemy,10,ACCEPTED,→,beautiful,3545,good,814,Norwegian,24,Norwegian,24,beautiful,good,pen,pen
17969,shift0392,Polysemy,11,ACCEPTED,→,beautiful,3545,good,814,Danish,173,Danish,173,beautiful,good,pæn,pæn
17970,shift0392,Polysemy,12,ACCEPTED,→,beautiful,3545,good,814,Swedish,135,Swedish,135,beautiful,good,vacker,vacker
17991,shift2602,Polysemy,1,ACCEPTED,→,to extinguish,2596,"to destroy, annihilate",2514,English,153,English,153,to put out (fire),"to destroy, annihilate",extinguish,extinguish
17993,shift2602,Polysemy,3,ACCEPTED,→,to extinguish,2596,"to destroy, annihilate",2514,German,169,German,169,"to put out, extinguish","to wipe off (what has been written), to annihilate",löschen,löschen
17999,shift0739,Polysemy,1,ACCEPTED,?,to lead,2834,"to govern, control, rule",2716,English,153,English,153,"to lead, to conduct","to lead, to rule",lead,lead
18003,shift0739,Polysemy,5,ACCEPTED,→,to lead,2834,"to govern, control, rule",2716,Norwegian,24,Norwegian,24,to lead,"to govern, control, rule",lede,lede
18004,shift0739,Polysemy,6,ACCEPTED,→,to lead,2834,"to govern, control, rule",2716,Danish,173,Danish,173,to lead,"to govern, control, rule",lede,lede
18005,shift0739,Polysemy,7,ACCEPTED,→,to lead,2834,"to govern, control, rule",2716,Swedish,135,Swedish,135,to lead,"to guide, control",leda,leda
18017,shift6151,Polysemy,3,ACCEPTED,→,cone (fruit),1079,pineapple,383,Dutch,255,Dutch,255,pinecone,"(17th to 19th c., now obsolete) pineapple",pijnappel,pijnappel
18040,shift0011,Derivation,8,ACCEPTED,?,"to calculate, count",2393,to tell,3289,German,169,German,169,to count,"to tell, to narrate",zählen,erzählen
18055,shift5818,Derivation,2,ACCEPTED,→,"to strike, hit",3234,artery,2036,Icelandic,252,Icelandic,252,"an act of hitting, beating, striking",artery,slag,slagæð
18058,shift5818,Derivation,5,ACCEPTED,→,"to strike, hit",3234,artery,2036,German,169,German,169,"to strike, hit",artery,schlagen,Schlagader
18062,shift8251,Derivation,4,ACCEPTED,→,bed,3549,sexual partner,4004,Old English,114,Old English,114,bed,husband or wife,bedd,ġebedda
18063,shift8251,Derivation,5,ACCEPTED,→,bed,3549,sexual partner,4004,Old Saxon,1597,Old Saxon,1597,bed,spouse,beddi,gibeddio
18064,shift8251,Derivation,6,ACCEPTED,→,bed,3549,sexual partner,4004,Middle English,6,Middle English,6,bed,"a close partner, especially one which one cohabits with; a concubine; a secondary female sexual partner",bed,bedfelawe
18065,shift8251,Derivation,7,ACCEPTED,→,bed,3549,sexual partner,4004,English,153,English,153,bed,one with whom one shares a bed,bed,bedfellow
18066,shift8251,Derivation,8,ACCEPTED,→,bed,3549,sexual partner,4004,Dutch,255,Dutch,255,bed,"sex partner, someone with whom one has sex",bed,bedgenoot
18067,shift8251,Derivation,9,ACCEPTED,→,bed,3549,sexual partner,4004,German,169,German,169,bed,person who shares the bed with another person and has sex with him/her,Bett,"Bettgenosse, Bettgenossin"
18073,shift1586,Derivation,1,ACCEPTED,→,to find,2627,to be situated,2299,German,169,German,169,to find,to be situated,finden,sich befinden
18098,shift4075,Polysemy,14,ACCEPTED,—,other,4567,second (num.),3979,Icelandic,252,Icelandic,252,other,second (num.),annar,annar
18099,shift4075,Polysemy,15,ACCEPTED,—,other,4567,second (num.),3979,Norwegian,24,Norwegian,24,other,second (num.),annen,annen
18100,shift4075,Polysemy,16,ACCEPTED,—,other,4567,second (num.),3979,Norwegian,24,Norwegian,24,other,second (num.),annan,annan
18101,shift4075,Polysemy,17,ACCEPTED,—,other,4567,second (num.),3979,Faroese,92,Faroese,92,other,second (num.),annar,annar
18102,shift4075,Polysemy,18,ACCEPTED,—,other,4567,second (num.),3979,Old Norse,236,Old Norse,236,other,second (num.),annarr,annarr
18103,shift4075,Polysemy,19,ACCEPTED,—,other,4567,second (num.),3979,Swedish,135,Swedish,135,other,second (num.),andra,andra
18104,shift4075,Polysemy,20,ACCEPTED,—,other,4567,second (num.),3979,Gothic,228,Gothic,228,other,second (num.),anþar,anþar
18105,shift4075,Polysemy,21,ACCEPTED,—,other,4567,second (num.),3979,Old High German,147,Old High German,147,other,second (num.),andar,andar
18106,shift4075,Polysemy,22,ACCEPTED,—,other,4567,second (num.),3979,Danish,173,Danish,173,other,second (num.),anden,anden
18125,shift6705,Derivation,2,ACCEPTED,→,head,1578,side of a coin,4072,English,153,English,153,head,side of a coin,head,heads
18126,shift6705,Polysemy,3,ACCEPTED,→,head,1578,side of a coin,4072,Dutch,255,Dutch,255,"(for animals, colloquial and derogatory for humans) head",side of a coin,kop,kop
18127,shift6705,Polysemy,4,ACCEPTED,→,head,1578,side of a coin,4072,German,169,German,169,head,side of a coin,Kopf,Kopf
18132,shift5548,Polysemy,1,NEW,→,pope,439,ruff (fish),1520,English,153,English,153,"honorary title of the Roman Catholic bishop of Rome as father and head of his church, a sovereign of the Vatican city state",small Eurasian freshwater fish (Gymnocephalus cernua),pope,pope
18140,shift6550,Polysemy,5,ACCEPTED,→,&lt;hat&gt;,1534,mushroom cap,749,German,169,German,169,hat,head of a mushroom,Hut,Hut
18147,shift6550,Polysemy,12,ACCEPTED,→,&lt;hat&gt;,1534,mushroom cap,749,Swedish,135,Swedish,135,hat,head of a mushroom,hatt,hatt
18148,shift6550,Polysemy,13,ACCEPTED,→,&lt;hat&gt;,1534,mushroom cap,749,English,153,English,153,"close-fitting hat, either brimless or peaked",top part of a mushroom,cap,cap
18159,shift6202,Derivation,1,NEW,→,deaf,4396,Anguis fragilis,1998,English,153,English,153,deaf,Anguis fragilis,deaf,deaf adder
18160,shift0467,Polysemy,1,ACCEPTED,?,eye,3890,centre,930,English,153,English,153,eye,"center (of science, culture)",eye,eye
18174,shift8436,Polysemy,1,ACCEPTED,→,neck,1837,neck (of a musical instrument),1838,English,153,English,153,neck,neck (of a musical instrument),neck,neck
18176,shift8436,Polysemy,3,ACCEPTED,→,neck,1837,neck (of a musical instrument),1838,Norwegian,24,Norwegian,24,neck,neck (of a musical instrument),hals,hals
18178,shift8436,Polysemy,5,ACCEPTED,→,neck,1837,neck (of a musical instrument),1838,Dutch,255,Dutch,255,neck,neck (of a musical instrument),hals,hals
18180,shift8436,Polysemy,7,ACCEPTED,→,neck,1837,neck (of a musical instrument),1838,German,169,German,169,neck,neck (of a musical instrument),Hals,Hals
18201,shift1418,Polysemy,5,ACCEPTED,—,expensive,3885,"dear, darling",4397,English,153,English,153,(British) dear,"dear, respected",dear,dear
18236,shift0828,Polysemy,4,ACCEPTED,→,to hold (in hands),2771,to contain,2455,English,153,English,153,"to take, to hold",to hold,hold,hold
18257,shift0381,Polysemy,7,ACCEPTED,?,"to pull, to draw",3018,to smoke (tobacco),3180,English,153,English,153,"to pull, to draw","to draw in, to inhale",drag,drag
18318,shift7111,Polysemy,3,ACCEPTED,→,middle,652,means,617,German,169,German,169,middle,means,Mittel-,Mittel
18349,shift3502,Polysemy,1,ACCEPTED,→,trunk (of a tree),3451,tribe,3435,German,169,German,169,trunk (of a tree),"tribe, kindred, clan",Stamm,Stamm
18359,shift1433,Polysemy,1,ACCEPTED,→,back (body part),3485,behind,3566,English,153,English,153,back,backside,back,back
18364,shift1433,Derivation,6,ACCEPTED,→,back (body part),3485,behind,3566,German,169,German,169,back,behind,Rücken,zurück
18376,shift0031,Polysemy,5,ACCEPTED,→,free,1371,"can, to be able",882,Dutch,255,Dutch,255,free,"can, to be able",vrij,vrij
18392,shift6354,Derivation,10,ACCEPTED,—,hazel grouse (Tetrastes bonasia),1575,partridge,308,English,153,English,153,Tetrastes bonasia,partridge,hazel grouse,willow grouse
18405,shift6359,Polysemy,1,NEW,—,root (of a plant),1499,carrot,898,Dutch,255,Dutch,255,root (of a plant),carrot,wortel,wortel
18406,shift6359,Polysemy,2,NEW,→,root (of a plant),1499,carrot,898,German,169,German,169,root (of a plant),(Northern Germany) carrot,Wurzel,Wurzel
18415,shift4180,Polysemy,1,ACCEPTED,—,button (on a dress),3738,knot,1723,German,169,German,169,button (on a dress),"knot (Austria, informal)",Knopf,Knopf
18416,shift4180,Polysemy,2,ACCEPTED,—,button (on a dress),3738,knot,1723,Dutch,255,Dutch,255,button (on a dress),knot,knoop,knoop
18427,shift0653,Polysemy,3,ACCEPTED,?,to eat,2569,to be fed up with,2271,English,153,English,153,to nourish,быть достанным кем/чем-либо,feed up,fed up
18444,shift1312,Polysemy,4,ACCEPTED,?,pig (Sus scrofa),369,slattern,4109,German,169,German,169,pig,untidy person,Schwein,Schwein
18451,shift1312,Polysemy,11,ACCEPTED,→,pig (Sus scrofa),369,slattern,4109,Norwegian,24,Norwegian,24,pig (Sus scrofa),untidy person,gris,gris
18452,shift1312,Polysemy,12,ACCEPTED,→,pig (Sus scrofa),369,slattern,4109,Norwegian,24,Norwegian,24,pig (Sus scrofa),untidy person,gris,gris
18453,shift1312,Polysemy,13,ACCEPTED,→,pig (Sus scrofa),369,slattern,4109,Swedish,135,Swedish,135,pig (Sus scrofa),untidy person,gris,gris
18459,shift2926,Semantic evolution,2,ACCEPTED,→,girl,786,"female servant, maid",1258,English,153,English,153,(arch.) an unmarried girl or woman,a female servant,maid,maid
18462,shift2926,Polysemy,5,ACCEPTED,—,girl,786,"female servant, maid",1258,Norwegian,24,Norwegian,24,little girl,"female servant, maid",pike,pike
18463,shift2926,Polysemy,6,ACCEPTED,—,girl,786,"female servant, maid",1258,Danish,173,Danish,173,little girl,"female servant, maid",pige,pige
18562,shift3710,Derivation,18,ACCEPTED,→,fly (n.),1327,fly agaric (Amanita muscaria),1328,Danish,173,Danish,173,fly (n.),fly agaric (Amanita muscaria),flue,fluesvamp
18563,shift3710,Derivation,19,ACCEPTED,→,fly (n.),1327,fly agaric (Amanita muscaria),1328,German,169,German,169,fly (n.),fly agaric (Amanita muscaria),Fliege,Fliegenpilz
18564,shift3710,Derivation,20,ACCEPTED,→,fly (n.),1327,fly agaric (Amanita muscaria),1328,English,153,English,153,insect of the family Muscidae,Amanita muscaria,fly,fly agaric
18590,shift1999,Derivation,3,ACCEPTED,?,smooth,4132,"to escape, flee",2585,English,153,English,153,to slip,"to escape, to elude",slip,slip off
18595,shift7472,Derivation,1,ACCEPTED,→,time,2200,verb,3758,German,169,German,169,time,verb,Zeit,Zeitwort
18612,shift8055,Polysemy,1,NEW,→,to shine,3144,excellent,3880,English,153,English,153,to shine,excellent,brilliant,brilliant
18613,shift1073,Polysemy,1,ACCEPTED,?,direction,4438,"sense, perception",3988,German,169,German,169,direction (of rotation),"feeling, sense, inclination",Sinn,Sinn
18618,shift0137,Polysemy,2,ACCEPTED,—,to suffer,3244,to endure,2578,English,153,English,153,to suffer,"to tolerate, to endure",suffer,suffer
18622,shift0137,Polysemy,6,ACCEPTED,—,to suffer,3244,to endure,2578,German,169,German,169,to suffer,to endure,leiden,leiden
18647,shift0073,Polysemy,3,ACCEPTED,→,sweet (taste),4358,fresh (of water),1377,English,153,English,153,sweet,"fresh, insipid",sweet,sweet
18648,shift0073,Derivation,4,ACCEPTED,→,sweet (taste),4358,fresh (of water),1377,German,169,German,169,NA,fresh water,Süß,Süßwasser
18662,shift6911,Derivation,1,ACCEPTED,→,&lt;foreign country&gt;,1209,guinea fowl,859,English,153,English,153,country in West Africa,any of several African birds of the family Numididae (6 species) resembling partridges,Guinea,guinea fowl
18663,shift6911,Polysemy,2,ACCEPTED,→,&lt;foreign country&gt;,1209,guinea fowl,859,English,153,English,153,country at the intersection of Europe and Asia on the Mediterranean,"(originally, now obsolete) the guinea fowl",Turkey,turkey
18677,shift8640,Polysemy,1,NEW,→,sparrow,4187,penis,343,Icelandic,252,Icelandic,252,sparrow,penis,tittlingur,tittlingur
18683,shift4295,Polysemy,6,ACCEPTED,—,story,4290,history,1632,Norwegian,24,Norwegian,24,story,history,historie,historie
18684,shift4295,Polysemy,7,ACCEPTED,—,story,4290,history,1632,Danish,173,Danish,173,story,history,historie,historie
18685,shift4295,Polysemy,8,ACCEPTED,—,story,4290,history,1632,Swedish,135,Swedish,135,story,history,historia,historia
18686,shift4295,Polysemy,9,ACCEPTED,→,story,4290,history,1632,Icelandic,252,Icelandic,252,story,history,saga,saga
18687,shift4295,Polysemy,10,ACCEPTED,—,story,4290,history,1632,German,169,German,169,story,history,Ge­schich­te,Ge­schich­te
18705,shift7435,Motivation,1,ACCEPTED,→,black,3610,blackberry,3615,English,153,English,153,black,"fruit-bearing shrub of the aggregate species Rubus fruticosus and some hybrids; soft fruit borne by this shrub, formed of a black (when ripe) cluster of drupelets",black,blackberry
18717,shift0471,Polysemy,1,ACCEPTED,?,eye,3890,look (n.),252,English,153,English,153,eye,"glance, look",eye,eye
18724,shift0391,Polysemy,4,ACCEPTED,→,good,814,"kind, good-hearted",1711,Norwegian,24,Norwegian,24,good,"kind, nice, friendly",god,god
18763,shift5689,Polysemy,1,ACCEPTED,→,kite,1716,kite (lightweight toy),1717,English,153,English,153,kite,kite (lightweight toy),kite,kite
18880,shift2199,Derivation,1,NEW,→,lock (n.),240,metalworker,645,German,169,German,169,lock,mechanic,Schloß,Schlosser
18937,shift3846,Polysemy,1,ACCEPTED,→,"genuine, true",778,very,3761,Middle English,6,Middle English,6,true,very,verrei,verrei
18966,shift6363,Derivation,1,NEW,→,hen,1607,partridge,308,Luxembourgish,840,Luxembourgish,840,hen,partridge,Hong,Feldhong
18978,shift1731,Derivation,1,ACCEPTED,→,stone (piece of rock),4281,turnstone (Arenaria),3468,English,153,English,153,stone,turnstone,stone,turnstone
18982,shift4965,Polysemy,2,NEW,→,simultaneously,4083,immediately,1743,English,153,English,153,simultaneously,immediately,at once,at once
18994,shift4961,Semantic evolution,2,ACCEPTED,→,always,1982,still (adv.),4269,English,153,English,153,"(archaic, poetic) always",still (adv.),still,still
18996,shift6726,Polysemy,1,NEW,→,stable,4239,bridge (of musical imstrument),3690,Swedish,135,Swedish,135,stable,bridge (of musical imstrument),stall,stall
19002,shift7580,Derivation,1,NEW,→,beard,3541,salsify,3929,English,153,English,153,beard,salsify,beard,goatsbeard
19036,shift7907,Polysemy,2,ACCEPTED,→,"rag, duster",1418,spineless person,4206,English,153,English,153,"rag, duster",spineless person,rag,rag
19142,shift0984,Derivation,3,ACCEPTED,→,to see/to look at,3121,"to search, look for",3120,English,153,English,153,to look,to look for,look,look for
19144,shift0984,Polysemy,5,ACCEPTED,→,to see/to look at,3121,"to search, look for",3120,Norwegian,24,Norwegian,24,to see,"to search, to look for",se,se
19145,shift0984,Polysemy,6,ACCEPTED,→,to see/to look at,3121,"to search, look for",3120,Danish,173,Danish,173,to see,"to search, to look for",se,se
19160,shift0346,Polysemy,7,ACCEPTED,—,dream (during sleep),4479,daydream (n.),4393,English,153,English,153,"a series of thoughts, images, and sensations occurring in a person's mind during sleep","a cherished aspiration, ambition, or ideal",dream,dream
19170,shift0346,Derivation,17,ACCEPTED,—,dream (during sleep),4479,daydream (n.),4393,Norwegian,24,Norwegian,24,dream (during sleep),daydream (n.),drømme,drøm
19171,shift0346,Derivation,18,ACCEPTED,—,dream (during sleep),4479,daydream (n.),4393,Danish,173,Danish,173,dream (during sleep),daydream (n.),drømme,drøm
19172,shift0346,Derivation,19,ACCEPTED,—,dream (during sleep),4479,daydream (n.),4393,Swedish,135,Swedish,135,dream (during sleep),daydream (n.),drömma,dröm
19173,shift0346,Derivation,20,ACCEPTED,—,dream (during sleep),4479,daydream (n.),4393,Icelandic,252,Icelandic,252,dream (during sleep),daydream (n.),dreyma,draumur
19175,shift0346,Polysemy,22,ACCEPTED,—,dream (during sleep),4479,daydream (n.),4393,German,169,German,169,dream (during sleep),daydream (n.),Traum,Traum
19228,shift1077,Derivation,9,ACCEPTED,?,greasy,838,fat (adj.)(of a person),1239,English,153,English,153,fat,fat (person),fat,fat
19232,shift1077,Polysemy,13,ACCEPTED,→,greasy,838,fat (adj.)(of a person),1239,Norwegian,24,Norwegian,24,greasy,fat (adj.)(of a person),fet,fet
19233,shift1077,Polysemy,14,ACCEPTED,→,greasy,838,fat (adj.)(of a person),1239,Danish,173,Danish,173,greasy,fat (adj.)(of a person),fed,fed
19234,shift1077,Polysemy,15,ACCEPTED,→,greasy,838,fat (adj.)(of a person),1239,Swedish,135,Swedish,135,greasy,fat (adj.)(of a person),fet,fet
19235,shift1077,Polysemy,16,ACCEPTED,→,greasy,838,fat (adj.)(of a person),1239,Icelandic,252,Icelandic,252,greasy,fat (adj.)(of a person),feitur,feitur
19246,shift0933,Polysemy,3,ACCEPTED,—,man (male),574,husband,1694,Icelandic,252,Icelandic,252,man,husband,ver,ver
19252,shift0933,Polysemy,9,ACCEPTED,?,man (male),574,husband,1694,German,169,German,169,man,husband,Mann,Mann
19265,shift0933,Polysemy,22,ACCEPTED,→,man (male),574,husband,1694,Norwegian,24,Norwegian,24,man,husband,mann,mann
19266,shift0933,Polysemy,23,ACCEPTED,→,man (male),574,husband,1694,Danish,173,Danish,173,man,husband,mand,mand
19267,shift0933,Polysemy,24,ACCEPTED,→,man (male),574,husband,1694,Swedish,135,Swedish,135,man,husband,man,man
19290,shift0933,Polysemy,47,NEW,→,man (male),574,husband,1694,Icelandic,252,Icelandic,252,man (male),husband,maður,maður
19291,shift0933,Polysemy,48,NEW,→,man (male),574,husband,1694,Icelandic,252,Icelandic,252,man (male),husband,karl,karl
19359,shift0933,Polysemy,116,NEW,—,man (male),574,husband,1694,Luxembourgish,840,Luxembourgish,840,man (male),husband,Mann,Mann
19410,shift2504,Polysemy,1,ACCEPTED,—,guilt,857,"cause, reason",917,Icelandic,252,Icelandic,252,fault,cause,sök,sök
19411,shift2504,Derivation,2,ACCEPTED,—,guilt,857,"cause, reason",917,Norwegian,24,Norwegian,24,guilt,be caused by,skyld,skyldes
19412,shift2504,Derivation,3,ACCEPTED,—,guilt,857,"cause, reason",917,Danish,173,Danish,173,guilt,be caused by,skyld,skyldes
19430,shift2096,Polysemy,1,NEW,?,soldier,4154,"soldier (plan, Stratiotes)",4155,English,153,English,153,soldier,water soldier,soldier,soldier
19441,shift5565,Polysemy,3,ACCEPTED,→,"wild, untamed",82,violent,3769,German,169,German,169,"wild, untamed",wild (of a person),wild,wild
19447,shift5565,Polysemy,9,ACCEPTED,→,"wild, untamed",82,violent,3769,English,153,English,153,"(especially of an animal) in a wild state, especially after escape from captivity or domestication",resembling a wild animal,feral,feral
19448,shift5565,Polysemy,10,ACCEPTED,→,"wild, untamed",82,violent,3769,English,153,English,153,(of an animal or plant) living or growing in the natural environment; not domesticated or cultivated,"(of sea or the weather) rough and stormy; (of people) not civilized; primitive; (of a look, appearance, etc.) indicating distraction or strong emotion; lacking discipline or restraint; (informal) very enthusiastic or excited; (informal) very angry",wild,wild
19488,shift3074,Polysemy,3,ACCEPTED,→,bowel,3663,string (of a musical instrument),4303,English,153,English,153,intestine,string,gut,gut
19491,shift3060,Polysemy,1,NEW,→,to mill,2916,to purr,3021,Old Norse,236,Old Norse,236,to grind,to purr (of a cat),mala,mala
19498,shift6022,Polysemy,1,ACCEPTED,→,heel (of a foot),1596,heel (of bread),1598,English,153,English,153,"rear part of the foot, where it joins the leg","(US, Ireland, Scotland, Australia) a crust end-piece of a loaf of bread.",heel,heel
19546,shift1467,Polysemy,1,ACCEPTED,→,heart,1588,brave,3675,English,153,English,153,anatomical organ that pumps the blood,courage,heart,heart
19564,shift8613,Polysemy,2,NEW,→,radius (geometry),1416,radius (bone),1415,English,153,English,153,line segment between any point of a circle or sphere and its center,"ong bone in the forearm, on the side of the thumb",radius,radius
19579,shift1470,Polysemy,8,NEW,→,light (of weight),211,"unimportant, slight",523,German,169,German,169,light (of weight),"unimportant, slight",leicht,leicht
19581,shift1090,Polysemy,1,NEW,?,to be guilty,2276,"to owe, be in debt",2957,German,169,German,169,guilty,to owe,schuld,schuld
19586,shift6169,Derivation,4,ACCEPTED,→,nose,1879,coati,1020,Dutch,255,Dutch,255,nose,coati,neus,neusbeer
19588,shift6169,Derivation,6,ACCEPTED,→,nose,1879,coati,1020,German,169,German,169,nose,coati,Nase,Nasenbär
19592,shift2304,Derivation,1,ACCEPTED,→,heart,1588,by heart,3740,English,153,English,153,heart,by heart,heart,by heart
19601,shift4558,Polysemy,1,NEW,—,Ranunculus,1426,cornflower (Centaurea),1102,English,153,English,153,Ranunculus,Centaurea cyanus,bachelor&#39;s button,bachelor&#39;s button
19612,shift1048,Polysemy,2,ACCEPTED,→,midnight,655,North,1877,German,169,German,169,midnight,North (obs.),Mitternacht,Mitternacht
19618,shift0666,Polysemy,2,ACCEPTED,?,soul,4172,"human, person",1683,English,153,English,153,"soul, heart",person,soul,soul
19619,shift0666,Polysemy,3,ACCEPTED,→,soul,4172,"human, person",1683,Norwegian,24,Norwegian,24,soul,person,sjel,sjel
19620,shift0666,Polysemy,4,ACCEPTED,→,soul,4172,"human, person",1683,Danish,173,Danish,173,soul,person,sjæl,sjæl
19621,shift0666,Polysemy,5,ACCEPTED,→,soul,4172,"human, person",1683,Swedish,135,Swedish,135,soul,person,själ,själ
19622,shift0666,Polysemy,6,ACCEPTED,→,soul,4172,"human, person",1683,Icelandic,252,Icelandic,252,soul,person,sál,sál
19631,shift5288,Polysemy,1,NEW,→,hand/arm,1550,hand (of a clock),1548,English,153,English,153,hand/arm,hand (of a clock),hand,hand
19638,shift2834,Polysemy,1,ACCEPTED,→,to whet,3372,to improve,2783,German,169,German,169,to sharpen,to sharpen (fig.),wetzen,wetzen
19640,shift2834,Polysemy,3,ACCEPTED,→,to whet,3372,to improve,2783,German,169,German,169,"to sharpen (a knife, a razor, a pensil etc),","to develop, to refine (ear etc)",schärfen,schärfen
19642,shift2834,Polysemy,5,ACCEPTED,→,to whet,3372,to improve,2783,German,169,German,169,to sharpen,to polish (fig.),schleifen,schleifen
19696,shift5416,Derivation,4,ACCEPTED,→,sulfur,4329,match (for fire),605,Faroese,92,Faroese,92,sulfur,match (for fire),svávul,svávulpinnur
19711,shift2679,Polysemy,10,ACCEPTED,→,&lt;animal&gt;,1916,fool,1336,English,153,English,153,prawn,nitwit,prawn,prawn
19719,shift2679,Polysemy,18,ACCEPTED,→,&lt;animal&gt;,1916,fool,1336,German,169,German,169,dromedary,fool,Dromedar,Dromedar
19726,shift2679,Polysemy,25,ACCEPTED,→,&lt;animal&gt;,1916,fool,1336,German,169,German,169,"bull, ox",fool (vulg. ),Ochse,Ochse
19728,shift2679,Polysemy,27,ACCEPTED,→,&lt;animal&gt;,1916,fool,1336,English,153,English,153,goat,fool,goat,goat
19730,shift2679,Polysemy,29,ACCEPTED,→,&lt;animal&gt;,1916,fool,1336,English,153,English,153,goose,"fool, blockhead, dupe",gander,gander
19745,shift5413,Polysemy,7,ACCEPTED,→,tongue (body part),3400,clapper of a bell,989,English,153,English,153,tongue (body part),clapper of a bell,tongue,tongue
19763,shift7758,Derivation,4,ACCEPTED,→,hand/arm,1550,"to govern, control, rule",2716,Norwegian,24,Norwegian,24,håndtere,"to control, manage",hånd,Norw
19789,shift0968,Polysemy,3,ACCEPTED,?,bad,3493,evil (adj.),3874,German,169,German,169,evil (noun),evil,das Böse,böse
19875,shift0860,Polysemy,43,NEW,→,old man,4534,husband,1694,English,153,English,153,elderly man,"(slang) husband, or male significant other, irrespective of age",old man,old man
19877,shift0860,Polysemy,45,NEW,→,old man,4534,husband,1694,Swedish,135,Swedish,135,"(informal, sometimes derogatory) an older or elderly man",(informal) one's husband,gubbe,gubbe
19887,shift2002,Derivation,1,ACCEPTED,?,"rough, uneven",1510,approximately,2019,English,153,English,153,"rough, uneven",approximately,rough,roughly
19892,shift2088,Derivation,2,NEW,?,garlic (Allium sativum),769,garlic-scented agaric,770,German,169,German,169,garlic,hedge garlic,Knoblauch,Knoblauchpilz
19896,shift1160,Polysemy,4,ACCEPTED,→,&lt;foreigner&gt;,1210,cockroach,1025,German,169,German,169,Danish,(dialect) cockroaches,Däne,Dänen
19908,shift1160,Polysemy,16,ACCEPTED,→,&lt;foreigner&gt;,1210,cockroach,1025,Romansh,35,Romansh,35,Slavonian,cockroach,sclaf,sclaf
19925,shift1160,Polysemy,33,ACCEPTED,→,&lt;foreigner&gt;,1210,cockroach,1025,German,169,German,169,French,(dialect) cockroach,Franzose,Franzose
19926,shift1160,Polysemy,34,ACCEPTED,→,&lt;foreigner&gt;,1210,cockroach,1025,German,169,German,169,Russian,(dialect) cockroach,Russe,Russe
19927,shift1160,Polysemy,35,ACCEPTED,→,&lt;foreigner&gt;,1210,cockroach,1025,German,169,German,169,Swabian,(dialect) cockroach,Schwabe,Schwabe
19931,shift1160,Polysemy,39,ACCEPTED,→,&lt;foreigner&gt;,1210,cockroach,1025,Yiddish,341,Yiddish,341,Prussian,cockroach,preissn,preissn
19964,shift8117,Motivation,6,ACCEPTED,→,mouse,733,guinea pig (Cavia porcellus),860,Dutch,255,Dutch,255,rat,guinea pig (Cavia porcellus),rat,Spaanse rat
20026,shift1105,Polysemy,5,ACCEPTED,→,"to smear, anoint",3176,"to strike, hit",3234,Danish,173,Danish,173,"to smear, anoint","to beat, hit",smøre,smøre
20037,shift2125,Polysemy,1,ACCEPTED,—,to stand,3211,"to be, to take place",2311,Icelandic,252,Icelandic,252,to stand,to blow (wind),standa,standa
20048,shift1407,Derivation,3,ACCEPTED,→,hawk (Accipiter),1569,hawkweed (Hieracium),1570,English,153,English,153,hawk (Accipiter),hawkweed (Hieracium),hawk,hawkweed
20053,shift1407,Derivation,8,ACCEPTED,→,hawk (Accipiter),1569,hawkweed (Hieracium),1570,Dutch,255,Dutch,255,northern goshawk (Accipiter gentilis),hawkweed (Hieracium),havik,havikskruid
20054,shift1407,Derivation,9,ACCEPTED,→,hawk (Accipiter),1569,hawkweed (Hieracium),1570,Danish,173,Danish,173,hawk (Accipiter),hawkweed (Hieracium),høg,høgeurt
20068,shift4959,Polysemy,1,NEW,—,"to ask, inquire",2240,to ask (for),2238,English,153,English,153,"to ask, inquire",to ask (for),to ask,to ask
20071,shift4854,Polysemy,1,NEW,—,spleen (anat.),4210,anger,1996,English,153,English,153,spleen (anat.),anger,spleen,spleen
20089,shift2641,Polysemy,5,ACCEPTED,→,finger/toe,1285,unit of length,528,Dutch,255,Dutch,255,thumb,length unit,duim,duim
20128,shift5379,Polysemy,1,ACCEPTED,→,cross (n.),1142,sacrum (bone),3911,German,169,German,169,cross (n.),sacrum (bone),Kreuz,Kreuz
20131,shift5379,Derivation,4,ACCEPTED,→,cross (n.),1142,sacrum (bone),3911,Swedish,135,Swedish,135,cross (n.),sacrum (bone),kors,korsben
20134,shift5379,Derivation,7,ACCEPTED,→,cross (n.),1142,sacrum (bone),3911,Afrikaans,835,Afrikaans,835,cross (n.),sacrum (bone),heilig,heiligbeen
20138,shift5379,Polysemy,11,ACCEPTED,→,cross (n.),1142,sacrum (bone),3911,Danish,173,Danish,173,cross (n.),sacrum (bone),kors,korsbenet
20219,shift2160,Polysemy,3,ACCEPTED,→,"human, person",1683,servant,3997,English,153,English,153,person,"servant, vassal",man,man
20229,shift4590,Derivation,1,ACCEPTED,→,egg,3813,eggplant (Solanum melongena),3814,English,153,English,153,egg,eggplant (Solanum melongena),egg,eggplant
20247,shift5011,Derivation,1,NEW,—,to come,2439,to become,2312,English,153,English,153,to come,to become,to come,to become
20271,shift2113,Polysemy,1,ACCEPTED,—,sand,3934,"many, much",584,Icelandic,252,Icelandic,252,sand,abundance,sandur,sandur
20299,shift4159,Polysemy,1,ACCEPTED,—,"to raise, lift (tr.)",3037,to take off (tr.),3273,English,153,English,153,"to raise, lift (tr.)",to take off,lift,lift
20327,shift1179,Derivation,1,ACCEPTED,→,to burn (intr.),2384,distilled alcohol,4451,Icelandic,252,Icelandic,252,"to burn, to flare, to burn to ashes",vodka,brenna,brennivín
20379,shift2469,Polysemy,2,ACCEPTED,→,tower,3417,prison,467,English,153,English,153,dungeon,jail,dungeon,dungeon
20385,shift7383,Derivation,3,NEW,→,ice,1730,January,1176,North Frisian,1265,North Frisian,1265,ice,(Mooring) January,is,ismoune
20387,shift5029,Derivation,2,ACCEPTED,→,father,1242,motherland,724,German,169,German,169,father,motherland,Vater,Vaterland
20402,shift5029,Derivation,17,NEW,→,father,1242,motherland,724,Dutch,255,Dutch,255,father,motherland,vader,vaderland
20417,shift5029,Derivation,32,NEW,→,father,1242,motherland,724,English,153,English,153,father,motherland,father,fatherland
20420,shift5029,Derivation,35,NEW,→,father,1242,motherland,724,Danish,173,Danish,173,father,motherland,fader,fædreland
20421,shift5029,Internal cognates,36,NEW,→,father,1242,motherland,724,Swedish,135,Swedish,135,father,motherland,fader,fädernesland
20424,shift5029,Derivation,39,NEW,→,father,1242,motherland,724,Yiddish,341,Yiddish,341,father,motherland,foter,foterland
20431,shift5029,Derivation,46,NEW,→,father,1242,motherland,724,Icelandic,252,Icelandic,252,father,motherland,faðir,föðurland
20444,shift2170,Polysemy,2,ACCEPTED,?,to spoil (tr.),3198,to deprave,2508,German,169,German,169,to spoil,to spoil (a person),verderben,verderben
20452,shift1476,Derivation,4,ACCEPTED,→,"to remain, stay",3062,corpse,1103,English,153,English,153,to remain,relics,to remain,remains
20468,shift0480,Polysemy,1,ACCEPTED,?,mouth,735,grimace,850,English,153,English,153,mouth,grimace,mouth,mouth
20495,shift4960,Polysemy,3,ACCEPTED,→,wing,92,outbuilding,4570,German,169,German,169,wing,outbuilding,Flügel,Flügel
20519,shift2685,Polysemy,3,ACCEPTED,→,"companion, partner",1067,husband / wife,1695,Danish,173,Danish,173,mate (animal),spouse,mage,mage
20520,shift2685,Polysemy,4,ACCEPTED,→,"companion, partner",1067,husband / wife,1695,Icelandic,252,Icelandic,252,(one's) equal,spouse,maki,maki
20521,shift2685,Derivation,5,ACCEPTED,→,"companion, partner",1067,husband / wife,1695,Norwegian,24,Norwegian,24,"companion, partner",spouse,felle,ektefelle
20522,shift2685,Derivation,6,ACCEPTED,→,"companion, partner",1067,husband / wife,1695,Danish,173,Danish,173,"companion, partner",spouse,fælle,ægtefælle
20533,shift4621,Polysemy,1,NEW,→,to spoil (tr.),3198,to pamper,2959,English,153,English,153,to spoil (tr.),to pamper,to spoil,to spoil
20542,shift7115,Polysemy,7,ACCEPTED,→,digit (mathematics),4434,"cipher, code",982,English,153,English,153,numeric character,method of transforming a text in order to conceal its meaning; a message concealed via a cipher,cipher,cipher
20557,shift1453,Polysemy,4,ACCEPTED,?,"footprint, track",1342,road,1486,English,153,English,153,track,"path, country road",track,track
20562,shift0602,Polysemy,1,ACCEPTED,?,firewood,1294,"wood, timber",114,German,169,German,169,NA,NA,Holz,Holz
20563,shift0602,Polysemy,2,ACCEPTED,?,firewood,1294,"wood, timber",114,Danish,173,Danish,173,NA,NA,trae,trae
20564,shift0602,Polysemy,3,ACCEPTED,—,firewood,1294,"wood, timber",114,English,153,English,153,firewood,"wood, timber",wood,wood
20605,shift0505,Polysemy,6,ACCEPTED,→,throat,2186,ravine,1434,English,153,English,153,throat,ravine,gorge,gorge
20607,shift0337,Polysemy,2,ACCEPTED,→,"to strike, hit",3234,to astonish,2241,English,153,English,153,"to beat, to hit","to strike, to surprize",strike,strike
20643,shift2408,Derivation,1,ACCEPTED,→,goat,803,oat,4512,Old Norse,236,Old Norse,236,goat,oat,hafr,hafri
20648,shift4412,Polysemy,2,ACCEPTED,→,to know,2826,to remember,3063,German,169,German,169,to know,to remember,wissen,wissen
20660,shift2263,Polysemy,1,NEW,?,stump (of tree),4311,share; stock,4020,English,153,English,153,stump,share,stock,stock
20679,shift2297,Polysemy,2,ACCEPTED,—,to believe in,2337,to trust,3316,English,153,English,153,"to believe, to be sure",to trust smn,to believe,to believe
20684,shift2297,Polysemy,7,NEW,→,to believe in,2337,to trust,3316,Norwegian,24,Norwegian,24,to believe in,to trust,tro,tro
20685,shift2297,Polysemy,8,NEW,→,to believe in,2337,to trust,3316,Danish,173,Danish,173,to believe in,to trust,tro,tro
20686,shift2297,Polysemy,9,NEW,→,to believe in,2337,to trust,3316,Swedish,135,Swedish,135,to believe in,to trust,tro,tro
20687,shift2297,Polysemy,10,NEW,→,to believe in,2337,to trust,3316,Icelandic,252,Icelandic,252,to believe in,to trust,trúa,trúa
20689,shift2297,Polysemy,12,NEW,→,to believe in,2337,to trust,3316,German,169,German,169,to believe in,to trust,glauben,glauben
20717,shift1708,Polysemy,3,ACCEPTED,→,blue,3634,bruise,3705,Icelandic,252,Icelandic,252,blue,bruise,blámi,blámi
20747,shift0034,Polysemy,15,ACCEPTED,→,to hear / to listen,2759,to obey,2943,German,169,German,169,"to hear, to listen",to obey,hören,hören
20853,shift0034,Polysemy,121,ACCEPTED,→,to hear / to listen,2759,to obey,2943,Dutch,255,Dutch,255,to listen,to obey,luisteren,luisteren
20859,shift0034,Polysemy,127,ACCEPTED,→,to hear / to listen,2759,to obey,2943,Limburgish,1461,Limburgish,1461,to hear / to listen,to obey,loestere,loestere
20862,shift0034,Polysemy,130,ACCEPTED,→,to hear / to listen,2759,to obey,2943,Old English,114,Old English,114,to hear / to listen,(with dative) to obey,ġehīeran,ġehīeran
21000,shift0966,Polysemy,15,ACCEPTED,?,woman,109,wife,73,German,169,German,169,woman,wife,Frau,Frau
21005,shift0966,Polysemy,20,ACCEPTED,—,woman,109,wife,73,Icelandic,252,Icelandic,252,woman,wife,kona,kona
21048,shift0509,Polysemy,2,ACCEPTED,—,comb (of a bird),1041,comb,1040,English,153,English,153,"the red fleshy crest on the head of a domestic fowl, especially a cock","a strip of plastic, metal, or wood with a row of narrow teeth, used for untangling or arranging the hair",comb,comb
21053,shift2874,Polysemy,2,ACCEPTED,→,low (location),263,deep,4404,German,169,German,169,deep,low,tief,tief
21104,shift2062,Polysemy,4,ACCEPTED,→,end,3837,"aim, goal",1960,English,153,English,153,final part,"aim, goal",end,end
21126,shift1057,Polysemy,8,ACCEPTED,?,"box, container",3665,coffin,1030,Icelandic,252,Icelandic,252,"box, chest",coffin,kista,kista
21127,shift1057,Polysemy,9,ACCEPTED,→,"box, container",3665,coffin,1030,Norwegian,24,Norwegian,24,box,coffin,kiste,kiste
21128,shift1057,Polysemy,10,ACCEPTED,→,"box, container",3665,coffin,1030,Swedish,135,Swedish,135,box,coffin,kista,kista
21129,shift1057,Polysemy,11,ACCEPTED,→,"box, container",3665,coffin,1030,Danish,173,Danish,173,box,coffin,kiste,kiste
21147,shift2512,Derivation,4,ACCEPTED,→,&lt;clothes&gt;,864,"caul, amniotic sac",915,Danish,173,Danish,173,shirt,amnionic membrane,skjorte,lykkeskjorte
21176,shift1091,Polysemy,4,ACCEPTED,→,to die,2517,to want,3353,English,153,English,153,NA,NA,die,die
21177,shift2467,Polysemy,1,ACCEPTED,→,&lt;tree&gt;,2104,spear,4191,Old Norse,236,Old Norse,236,ash,spear,askr,askr
21215,shift6495,Polysemy,1,ACCEPTED,→,lame,149,bad,3493,English,153,English,153,lame person,"bad, nasty, boring, ineffective",lame,lame
21229,shift3461,Derivation,3,NEW,→,"to end, finish",2577,"totally, absolutely",3415,English,153,English,153,to finish; to make done; to reach the end,"totally, absolutely",complete,completely
21264,shift2155,Semantic evolution,13,ACCEPTED,→,&lt;foreigner&gt;,1210,giant,781,German,169,German,169,Hun,giant,Hunne,Hüne
21272,shift6306,Polysemy,2,ACCEPTED,→,cowrie,1124,porcelain,442,English,153,English,153,(rare) cowrie,porcelain,porcelain,porcelain
21314,shift8597,Polysemy,2,NEW,→,glass (material),791,lens,192,English,153,English,153,glass (material),magnifying glass or telescope,glass,glass
21315,shift1095,Derivation,1,ACCEPTED,—,sea,3970,lake,147,German,169,German,169,sea (fem),lake (masc),See,See
21323,shift1178,Derivation,2,ACCEPTED,?,crane (Grus),1129,cranberry (Oxycoccus),1128,English,153,English,153,crane,cranberry,crane,cranberry
21331,shift8175,Derivation,1,NEW,→,orange (plant),4556,mock-orange,687,English,153,English,153,orange (plant),mock-orange,orange,mock-orange
21373,shift1088,Polysemy,12,NEW,—,bride,3687,daughter-in-law,4389,Gothic,228,Gothic,228,bride,daughter-in-law,brūþs,brūþs
21424,shift1626,Polysemy,4,ACCEPTED,—,short (size),4048,brief,3691,English,153,English,153,short,brief,short,short
21431,shift1626,Polysemy,11,ACCEPTED,→,short (size),4048,brief,3691,Norwegian,24,Norwegian,24,short (size),brief,kort,kort
21432,shift1626,Polysemy,12,ACCEPTED,→,short (size),4048,brief,3691,Danish,173,Danish,173,short (size),brief,kort,kort
21433,shift1626,Polysemy,13,ACCEPTED,→,short (size),4048,brief,3691,Swedish,135,Swedish,135,short (size),brief,kort,kort
21441,shift1017,Polysemy,5,ACCEPTED,—,straight,4292,honest,1640,English,153,English,153,straight,"sincere, honest",straight,straight
21476,shift1116,Polysemy,21,NEW,→,to bark,2250,to quarrel,3035,Dutch,255,Dutch,255,to bark,"to swear, to curse someone",aanblaffen,aanblaffen
21513,shift6152,Polysemy,1,NEW,→,pineapple,383,hand grenade,1549,English,153,English,153,"tropical plant, Ananas comosus",hand grenade,pineapple,pineapple
21518,shift4732,Derivation,1,NEW,→,to bend,2338,gulf,861,German,169,German,169,to bend,gulf,biegen,Bucht
21520,shift8150,Motivation,2,ACCEPTED,→,shield,4034,scale insect,3950,German,169,German,169,shield,scale insect,Schild,Schildlaus
21521,shift8150,Motivation,3,ACCEPTED,→,shield,4034,scale insect,3950,Dutch,255,Dutch,255,shield,scale insect,schild,schildluis
21522,shift8150,Motivation,4,ACCEPTED,→,shield,4034,scale insect,3950,Danish,173,Danish,173,shield,scale insect,skjold,skjoldlus
21523,shift8150,Motivation,5,ACCEPTED,→,shield,4034,scale insect,3950,Swedish,135,Swedish,135,shield,scale insect,sköld,sköldlös
21529,shift5815,Derivation,5,ACCEPTED,→,rainbow,1421,iris (anatomy),1805,Danish,173,Danish,173,rainbow,iris (anatomy),regnbue,regnbuehinde
21530,shift5815,Derivation,6,ACCEPTED,→,rainbow,1421,iris (anatomy),1805,Dutch,255,Dutch,255,rainbow,iris (anatomy),regenboog,regenboogvlies
21533,shift5815,Derivation,9,ACCEPTED,→,rainbow,1421,iris (anatomy),1805,Norwegian,24,Norwegian,24,rainbow,iris (anatomy),regnbue,regnbuehinne
21534,shift5815,Derivation,10,ACCEPTED,→,rainbow,1421,iris (anatomy),1805,Norwegian,24,Norwegian,24,rainbow,iris (anatomy),regnboge,regnbogehinne
21538,shift0787,Polysemy,1,ACCEPTED,—,soft (adj.),4151,smooth,4132,Norwegian,24,Norwegian,24,soft,smooth,bløt,bløt
21552,shift0754,Polysemy,3,ACCEPTED,→,"to bend, bow (intr.)",2340,to be disposed towards,2267,German,169,German,169,"'to bend, to bow (tr.)'; sich neigen 'to bend, to bow (intr.)'","to be disposed towards something, to prefer something",neigen,neigen
21553,shift0754,Polysemy,4,ACCEPTED,→,"to bend, bow (intr.)",2340,to be disposed towards,2267,English,153,English,153,NA,NA,incline,incline
21563,shift3048,Polysemy,1,NEW,—,rotten,1508,lazy,171,German,169,German,169,rotten,lazy,faul,faul
21574,shift2061,Polysemy,3,ACCEPTED,?,"aim, goal",1960,goal (sport result),801,English,153,English,153,NA,NA,goal,goal
21607,shift3277,Derivation,4,ACCEPTED,→,zebra,128,pedestrian crossing,333,English,153,English,153,zebra,(British) pedestrian crossing,zebra,zebra crossing
21610,shift3277,Derivation,7,ACCEPTED,→,zebra,128,pedestrian crossing,333,Dutch,255,Dutch,255,zebra,pedestrian crossing,zebra,zebrapad
21617,shift2372,Polysemy,1,ACCEPTED,→,day,4391,24 hours,4581,Old English,114,Old English,114,day,twenty four hours,dæg,dæg
21620,shift2372,Polysemy,4,ACCEPTED,→,day,4391,24 hours,4581,Norwegian,24,Norwegian,24,day,24 hours,dag,dag
21621,shift2372,Polysemy,5,ACCEPTED,→,day,4391,24 hours,4581,Danish,173,Danish,173,day,24 hours,dag,dag
21622,shift2372,Polysemy,6,ACCEPTED,→,day,4391,24 hours,4581,Swedish,135,Swedish,135,day,24 hours,dag,dag
21623,shift2372,Polysemy,7,ACCEPTED,→,day,4391,24 hours,4581,Icelandic,252,Icelandic,252,day,24 hours,dag,dag
21640,shift2854,Derivation,2,ACCEPTED,→,"to make big, large",2883,to bring up (children),2381,German,169,German,169,"big, large",to bring up (children),gross,grossziehen
21647,shift6209,Derivation,2,ACCEPTED,→,snub-nosed,4144,Vipera latastei,3772,English,153,English,153,snub-nosed,Vipera latastei,snub-nosed,snub-nosed viper
21648,shift6209,Derivation,3,ACCEPTED,→,snub-nosed,4144,Vipera latastei,3772,Dutch,255,Dutch,255,turned-up nose,Vipera latastei,wipneus,wipneusadder
21649,shift6209,Derivation,4,ACCEPTED,→,snub-nosed,4144,Vipera latastei,3772,German,169,German,169,turned-up nose,Vipera latastei,Stülpnase,Stülpnasenotter
21752,shift4102,Polysemy,1,ACCEPTED,→,mirror,675,mirror (website),676,English,153,English,153,mirror,a copy of an internet page to be used if the original is down,mirror,mirror
21776,shift5530,Polysemy,1,ACCEPTED,→,leaf,174,"leaf (of door, window)",175,English,153,English,153,usually green and flat organ that represents the most prominent feature of most vegetative plants,"moveable panel, e.g. of a bridge or door, originally one that hinged but now also applied to other forms of movement",leaf,leaf
21787,shift4637,Polysemy,2,NEW,→,to rivet,3092,to work carelessly,3381,Icelandic,252,Icelandic,252,to rivet,to create bad poems,hnoða,hnoða
21790,shift2672,Polysemy,3,ACCEPTED,→,plant (biol.),398,(gun)powder,758,Middle High German,10,Middle High German,10,"plant, herb",gunpowder,krūt,krūt
21805,shift0695,Polysemy,6,ACCEPTED,?,"to strike, hit",3234,"to defeat, win",2501,English,153,English,153,to beat,"to win, to defeat",beat,beat
21812,shift0695,Polysemy,13,ACCEPTED,→,"to strike, hit",3234,"to defeat, win",2501,Norwegian,24,Norwegian,24,"to beat, hit",to win,slå,slå
21813,shift0695,Polysemy,14,ACCEPTED,→,"to strike, hit",3234,"to defeat, win",2501,Norwegian,24,Norwegian,24,"to beat, hit",to win,slå,slå
21814,shift0695,Polysemy,15,ACCEPTED,→,"to strike, hit",3234,"to defeat, win",2501,Danish,173,Danish,173,"to beat, hit",to win,slå,slå
21815,shift0695,Polysemy,16,ACCEPTED,→,"to strike, hit",3234,"to defeat, win",2501,Swedish,135,Swedish,135,"to beat, hit",to win,slå,slå
21847,shift1460,Polysemy,3,ACCEPTED,?,to lie (posture),2848,to be situated,2299,English,153,English,153,to lie,to be somewhere,to lie,to lie
21850,shift1460,Polysemy,6,ACCEPTED,→,to lie (posture),2848,to be situated,2299,Norwegian,24,Norwegian,24,to lie (posture),to be situated,ligge,ligge
21851,shift1460,Polysemy,7,ACCEPTED,→,to lie (posture),2848,to be situated,2299,Danish,173,Danish,173,to lie (posture),to be situated,ligge,ligge
21852,shift1460,Polysemy,8,ACCEPTED,→,to lie (posture),2848,to be situated,2299,Swedish,135,Swedish,135,to lie (posture),to be situated,ligga,ligga
21853,shift1460,Polysemy,9,ACCEPTED,→,to lie (posture),2848,to be situated,2299,Icelandic,252,Icelandic,252,to lie (posture),to be situated,liggja,liggja
21859,shift3141,Polysemy,1,ACCEPTED,→,stone (piece of rock),4281,colour,1038,Old Norse,236,Old Norse,236,stone,colour,hallr,hallr
21888,shift3769,Derivation,1,ACCEPTED,—,alike,1969,probably,468,English,153,English,153,alike,likely,like,likely
21902,shift7903,Polysemy,1,ACCEPTED,→,to be struck by lightning,2302,to be surprised,2305,English,153,English,153,to be struck with a thunderbolt,to surprise,to be thunderstruck,to be thunderstruck
21914,shift8122,Polysemy,1,NEW,→,spleen (anat.),4210,melancholy,628,English,153,English,153,spleen (anat.),melancholy,spleen,spleen
21928,shift1113,Polysemy,5,ACCEPTED,—,taste (n.),2132,inclination to smth,1759,English,153,English,153,taste,inclination for smth,taste,taste for
21932,shift1113,Polysemy,9,ACCEPTED,→,taste (n.),2132,inclination to smth,1759,Norwegian,24,Norwegian,24,taste,inclination to smth,smak,smak
21933,shift1113,Polysemy,10,ACCEPTED,→,taste (n.),2132,inclination to smth,1759,Danish,173,Danish,173,taste,inclination to smth,smag,smag
21934,shift1113,Polysemy,11,ACCEPTED,→,taste (n.),2132,inclination to smth,1759,Swedish,135,Swedish,135,taste,inclination to smth,smak,smak
21941,shift1645,Polysemy,2,NEW,?,tail,2113,rudder (of a boat),1516,English,153,English,153,rudder,"tail (fish, bird, animal)",rudder,rudder
21965,shift4966,Derivation,2,NEW,—,blow,3633,immediately,1743,English,153,English,153,blow,immediately,stroke,at one stroke
21970,shift5672,Polysemy,1,ACCEPTED,→,cell (of honeycomb),926,cell (in biology),924,English,153,English,153,cell (of honeycomb),cell (in biology),cell,cell
21974,shift5672,Polysemy,5,ACCEPTED,—,cell (of honeycomb),926,cell (in biology),924,Dutch,255,Dutch,255,cell (of honeycomb),cell (in biology),cel,cel
21983,shift1619,Polysemy,1,ACCEPTED,—,insane,1784,rabid,1410,English,153,English,153,"mad, insane",rabid,mad,mad
21987,shift1619,Polysemy,5,ACCEPTED,—,insane,1784,rabid,1410,Danish,173,Danish,173,mad,rabid,gal,gal
21994,shift1644,Polysemy,5,ACCEPTED,→,to milk,2915,to extort (money from smb.),2597,German,169,German,169,to milk,"to rob, to use (smn) for your own ends",melken,melken
22003,shift4245,Polysemy,2,ACCEPTED,→,sweet potato (Ipomoea batatas),4361,potato,445,English,153,English,153,sweet potato (Ipomoea batatas),potato,potato,potato
22055,shift5001,Polysemy,2,ACCEPTED,→,reed,1447,reed (in loom),1448,English,153,English,153,"a tall, slender-leaved plant of the grass family, which grows in water or on marshy ground",weaver's comb-like implement (originally made from reed or cane) for separating the threads of the warp and correctly positioning the weft,reed,reed
22060,shift1692,Polysemy,5,ACCEPTED,→,to fall down,2605,"to fall (of rain, snow)",2603,English,153,English,153,to fall,"to fall out (rain, snow, stars, meteorite)",fall,fall
22063,shift1692,Polysemy,8,ACCEPTED,→,to fall down,2605,"to fall (of rain, snow)",2603,Norwegian,24,Norwegian,24,to fall down,"to fall (of rain, snow)",falle,falle
22064,shift1692,Polysemy,9,ACCEPTED,→,to fall down,2605,"to fall (of rain, snow)",2603,Danish,173,Danish,173,to fall down,"to fall (of rain, snow)",falde,falde
22073,shift6467,Derivation,2,ACCEPTED,→,cricket (insect),1136,mole cricket (Gryllotalpa),695,English,153,English,153,cricket (insect),mole cricket (Gryllotalpa),cricket,mole cricket
22075,shift6467,Derivation,4,ACCEPTED,→,cricket (insect),1136,mole cricket (Gryllotalpa),695,German,169,German,169,cricket (insect),mole cricket (Gryllotalpa),Grille,Maulwurfsgrille
22077,shift6467,Derivation,6,ACCEPTED,→,cricket (insect),1136,mole cricket (Gryllotalpa),695,Swedish,135,Swedish,135,cricket (insect),mole cricket (Gryllotalpa),syrsa,mullvadssyrsa
22082,shift0488,Polysemy,1,NEW,?,mouth,735,"herald, messenger",1611,English,153,English,153,mouth,"herald, voice (smbs)",mouth,mouth
22085,shift2704,Polysemy,1,NEW,→,chip,969,spoon,4217,Old Norse,236,Old Norse,236,"chip, splinter",spoon,"spānn, spōnn","spānn, spōnn"
22087,shift5554,Polysemy,2,ACCEPTED,→,&lt;high rank officail in the Catholic Church&gt;,1536,&lt;alcoholic drink&gt;,1915,German,169,German,169,bishop,"cold drink made from red wine, sugar and the peel of bitter oranges",Bischof,Bischof
22088,shift5554,Polysemy,3,ACCEPTED,→,&lt;high rank officail in the Catholic Church&gt;,1536,&lt;alcoholic drink&gt;,1915,English,153,English,153,"church official, supervisor of priests and congregations","sweet drink made from wine, usually with oranges, lemons, and sugar; mulled and spiced port",bishop,bishop
22089,shift5554,Polysemy,4,ACCEPTED,→,&lt;high rank officail in the Catholic Church&gt;,1536,&lt;alcoholic drink&gt;,1915,Dutch,255,Dutch,255,"bishop (official in Orthodox, Catholic and some Protestant churches overseeing a diocese)",mulled wine,bisschop,bisschop
22090,shift5554,Polysemy,5,ACCEPTED,→,&lt;high rank officail in the Catholic Church&gt;,1536,&lt;alcoholic drink&gt;,1915,Danish,173,Danish,173,bishop,"mixed drink (of red wine, sugar, etc.).",biskop,biskop
22091,shift5554,Polysemy,6,ACCEPTED,→,&lt;high rank officail in the Catholic Church&gt;,1536,&lt;alcoholic drink&gt;,1915,English,153,English,153,"one of the officials appointed by the pope in the Roman Catholic Church, ranking only below the pope and the patriarchs, constituting the special college which elects the pope",(obsolete) mulled red wine,cardinal,cardinal
22092,shift5554,Polysemy,7,ACCEPTED,→,&lt;high rank officail in the Catholic Church&gt;,1536,&lt;alcoholic drink&gt;,1915,German,169,German,169,"highest dignitary after the Pope, member of the College of Cardinals","cold drink made from white wine, sugar and bitter orange peel",Kardinal,Kardinal
22093,shift5554,Polysemy,8,ACCEPTED,→,&lt;high rank officail in the Catholic Church&gt;,1536,&lt;alcoholic drink&gt;,1915,Danish,173,Danish,173,"highest dignitary after the Pope, member of the College of Cardinals","mixed drink (of Rheinwein, champagne, sugar m. m.)",kardinal,kardinal
22094,shift5554,Polysemy,9,ACCEPTED,→,&lt;high rank officail in the Catholic Church&gt;,1536,&lt;alcoholic drink&gt;,1915,German,169,German,169,"highest dignitary after the Pope, member of the College of Cardinals",red sparkling wine from Henkell & Co. Sektkellerei,Kardinal,Kardinal
22104,shift4601,Polysemy,1,NEW,→,part,306,byte,3741,Afrikaans,835,Afrikaans,835,a piece of something,byte,greep,greep
22108,shift1005,Semantic evolution,4,ACCEPTED,→,head,1578,boss,3651,Icelandic,252,Icelandic,252,head,chief,höfuð,höfuð
22114,shift1005,Polysemy,10,ACCEPTED,—,head,1578,boss,3651,English,153,English,153,head,"head, boss",head,head
22136,shift5511,Derivation,2,ACCEPTED,→,neck,1837,Eurasian wryneck,3865,English,153,English,153,neck,Eurasian wryneck,neck,wryneck
22144,shift6351,Derivation,3,ACCEPTED,→,partridge,308,common quail,1058,German,169,German,169,partridge,common quail,Wachtel,Kampfwachtel
22150,shift1683,Derivation,4,ACCEPTED,→,monarch,696,goldcrest,808,Swedish,135,Swedish,135,king,kinglet,kung,kungsfågel
22165,shift4674,Polysemy,1,NEW,→,"to approach, come near",2234,to experience an orgasm,2591,English,153,English,153,"to approach, come near",to experience an orgasm,come,come
22210,shift0760,Polysemy,5,ACCEPTED,?,"paint, dye (n.)",285,colour,1038,German,169,German,169,"dye, paint [Duden 1157]",colour [Duden 1157],Farbe,Farbe
22211,shift0760,Polysemy,6,ACCEPTED,→,"paint, dye (n.)",285,colour,1038,Norwegian,24,Norwegian,24,"paint, dye (n.)",colour,farge,farge
22212,shift0760,Polysemy,7,ACCEPTED,→,"paint, dye (n.)",285,colour,1038,Danish,173,Danish,173,"paint, dye (n.)",colour,farve,farve
22213,shift0760,Polysemy,8,ACCEPTED,→,"paint, dye (n.)",285,colour,1038,Swedish,135,Swedish,135,"paint, dye (n.)",colour,färg,färg
22214,shift0760,Polysemy,9,ACCEPTED,→,"paint, dye (n.)",285,colour,1038,Icelandic,252,Icelandic,252,"paint, dye (n.)",colour,litur,litur
22220,shift0132,Polysemy,2,ACCEPTED,→,moon,708,Monday,698,English,153,English,153,moon,Monday,moon,Monday
22233,shift0132,Derivation,15,ACCEPTED,→,moon,708,Monday,698,German,169,German,169,moon,Monday,Mond,Montag
22236,shift0132,Derivation,18,NEW,→,moon,708,Monday,698,Danish,173,Danish,173,moon,Monday,måne,mandag
22240,shift0132,Derivation,22,NEW,→,moon,708,Monday,698,German,169,German,169,moon,Monday,Tīwaz,Dienstag
22241,shift0132,Derivation,23,NEW,→,moon,708,Monday,698,German,169,German,169,moon,Monday,Tīwaz,Dienstag
22243,shift0132,Derivation,25,NEW,→,moon,708,Monday,698,Old Norse,236,Old Norse,236,moon,Monday,máni,mānudagur
22250,shift0132,Derivation,32,NEW,→,moon,708,Monday,698,Norwegian,24,Norwegian,24,moon,Monday,Måne,Mandag
22254,shift1488,Derivation,1,ACCEPTED,→,dry,4491,land (vs. sea),153,Icelandic,252,Icelandic,252,dry,land,þurr,þurrlendi
22268,shift5272,Derivation,2,ACCEPTED,→,jay,1179,siberian jay,4065,English,153,English,153,Garrulus glandarius,Perisoreus infaustus,jay,siberian jay
22277,shift1198,Polysemy,1,ACCEPTED,?,"to water, to give water",3360,to water (plants),3359,English,153,English,153,"to give to drink, to water",to moisten; to water,water,water
22290,shift2239,Polysemy,2,ACCEPTED,→,full,1396,drunk,4488,Norwegian,24,Norwegian,24,full,drunk,full,full
22291,shift2239,Polysemy,3,ACCEPTED,→,full,1396,drunk,4488,Danish,173,Danish,173,full,drunk,fuld,fuld
22292,shift2239,Polysemy,4,ACCEPTED,→,full,1396,drunk,4488,Faroese,92,Faroese,92,full,drunk,fullur,fullur
22293,shift2239,Polysemy,5,ACCEPTED,→,full,1396,drunk,4488,Icelandic,252,Icelandic,252,full,drunk,fullur,fullur
22294,shift2239,Polysemy,6,ACCEPTED,→,full,1396,drunk,4488,German,169,German,169,full,drunk,voll,voll
22295,shift2239,Polysemy,7,ACCEPTED,→,full,1396,drunk,4488,Swedish,135,Swedish,135,full,drunk,full,full
22316,shift3417,Polysemy,2,ACCEPTED,→,to mill,2916,"to destroy, annihilate",2514,English,153,English,153,"to press, to grind,","to suppress, to smash",to crush,to crush
22350,shift2503,Polysemy,1,NEW,→,to clean,2428,to baptize,2248,Icelandic,252,Icelandic,252,to purify,to baptize,skíra,skíra
22362,shift2751,Polysemy,8,ACCEPTED,—,quiet (vs. loud),1909,calm,877,Old High German,147,Old High German,147,quiet (vs. loud),calm,stilli,stilli
22404,shift5389,Polysemy,6,ACCEPTED,→,rooster,1497,"tap, faucet",2128,Icelandic,252,Icelandic,252,rooster,"tap, faucet",hani,hani
22405,shift5389,Polysemy,7,ACCEPTED,→,rooster,1497,"tap, faucet",2128,German,169,German,169,rooster,"tap, faucet",Hahn,Hahn
22417,shift2089,Polysemy,4,ACCEPTED,→,dust,4503,pollen,433,English,153,English,153,dust,pollen,dust,dust
22420,shift2089,Polysemy,7,ACCEPTED,→,dust,4503,pollen,433,Danish,173,Danish,173,dust,pollen,støv,støv
22430,shift1087,Polysemy,7,ACCEPTED,—,"to untie, unbind",3338,to solve (a problem),3188,Icelandic,252,Icelandic,252,untie,"to solve, to find a solution",leysa,leysa
22438,shift1087,Polysemy,15,ACCEPTED,→,"to untie, unbind",3338,to solve (a problem),3188,Norwegian,24,Norwegian,24,"to untie, unbind",to solve (a problem),løse,løse
22439,shift1087,Polysemy,16,ACCEPTED,→,"to untie, unbind",3338,to solve (a problem),3188,Swedish,135,Swedish,135,"to untie, unbind",to solve (a problem),lösa,lösa
22440,shift1087,Polysemy,17,ACCEPTED,→,"to untie, unbind",3338,to solve (a problem),3188,Danish,173,Danish,173,"to untie, unbind",to solve (a problem),løse,løse
22456,shift0923,Polysemy,5,ACCEPTED,—,"naked, bare",1819,bald,3504,German,169,German,169,naked,bald,kahl,kahl
22470,shift5398,Derivation,2,ACCEPTED,→,good,814,"sweets, candy",4364,Swedish,135,Swedish,135,good,"sweets, candy",god,godis
22471,shift5398,Polysemy,3,ACCEPTED,→,good,814,"sweets, candy",4364,Norwegian,24,Norwegian,24,neuter singular of god 'good',"sweets, candy",godt,godt
22472,shift5398,Derivation,4,ACCEPTED,→,good,814,"sweets, candy",4364,Danish,173,Danish,173,good,"sweets, candy",god,godter
22485,shift1337,Polysemy,2,ACCEPTED,?,attack (n.),2050,attack of disease,2051,English,153,English,153,attack,"fit, attack (disease)",attack,attack
22488,shift1337,Polysemy,5,ACCEPTED,→,attack (n.),2050,attack of disease,2051,Swedish,135,Swedish,135,attack (n.),attack of disease,anfall,anfall
22512,shift0498,Polysemy,4,ACCEPTED,?,nose,1879,sense of smell,3987,English,153,English,153,nose,"nose, sense of smell",nose,nose
22514,shift0498,Polysemy,6,ACCEPTED,→,nose,1879,sense of smell,3987,Norwegian,24,Norwegian,24,nose,sense of smell,nese,nese
22518,shift3817,Polysemy,1,ACCEPTED,→,"horseman, rider",1666,knight (chess),1722,Icelandic,252,Icelandic,252,"horseman, rider",knight (chess),riddari,riddari
22522,shift3817,Polysemy,5,ACCEPTED,→,"horseman, rider",1666,knight (chess),1722,English,153,English,153,"horseman, rider",knight (chess),knight,knight
22533,shift0457,Polysemy,2,ACCEPTED,—,eye,3890,"spot, stain",4220,English,153,English,153,eye,"eye shaped pattern on the peacock plumage, speculum in the insect marking",eye,eye
22582,shift7708,Derivation,2,NEW,→,"nut, hazel",1898,smooth snake,4133,Swedish,135,Swedish,135,"nut, hazel",smooth snake,hassel,hasselsnok
22595,shift1682,Derivation,1,ACCEPTED,?,monarch,696,european kingfisher (Alcedo atthis),3868,English,153,English,153,NA,kingfisher,king,kingfisher
22602,shift0993,Polysemy,3,ACCEPTED,?,to know,2826,to understand,3331,English,153,English,153,to know,to understand,know,know
22625,shift8485,Polysemy,2,ACCEPTED,→,contents,1087,content,1086,English,153,English,153,that which is contained; amount of material contained,"subject matter; semantic information (or a portion or body thereof); that which is contained in writing, speech, video, etc.",content,content
22626,shift8485,Polysemy,3,ACCEPTED,→,contents,1087,content,1086,German,169,German,169,contents,content,Inhalt,Inhalt
22650,shift6178,Derivation,2,NEW,→,cow,1122,tapir,2129,Dutch,255,Dutch,255,cow,(Surinam) tapir,koe,boskoe
22658,shift0783,Polysemy,4,ACCEPTED,—,to fall asleep,2604,to die,2517,German,169,German,169,fall asleep,pass away,entschlafen,entschlafen
22659,shift0783,Polysemy,5,ACCEPTED,—,to fall asleep,2604,to die,2517,Swedish,135,Swedish,135,fall asleep,pass away,somna in,somna in
22661,shift0783,Polysemy,7,ACCEPTED,→,to fall asleep,2604,to die,2517,Norwegian,24,Norwegian,24,to fall asleep,"to die, pass away",sovne,sovne
22672,shift2806,Polysemy,1,ACCEPTED,—,sour,4175,sad,3912,English,153,English,153,sour,"gloomy, displeased",sour,sour
22676,shift2806,Polysemy,5,ACCEPTED,→,sour,4175,sad,3912,Norwegian,24,Norwegian,24,sour,dissatisfied,sur,sur
22677,shift2806,Polysemy,6,ACCEPTED,→,sour,4175,sad,3912,Danish,173,Danish,173,sour,in a bad mood,sur,sur
22678,shift2806,Polysemy,7,ACCEPTED,→,sour,4175,sad,3912,Swedish,135,Swedish,135,sour,sad,sur,sur
22679,shift2806,Polysemy,8,ACCEPTED,→,sour,4175,sad,3912,Icelandic,252,Icelandic,252,sour,displeased,súr,súr
22689,shift0131,Derivation,10,NEW,→,Mars,597,Tuesday,3458,German,169,German,169,Mars,Tuesday,Tīwaz,Dienstag
22723,shift3201,Derivation,1,ACCEPTED,→,milk,657,dandelion,4378,English,153,English,153,NA,dandelion (Taraxacum officinale),milk,milk-govan
22754,shift6681,Polysemy,1,NEW,→,sling (weapon),4115,centrifuge,931,German,169,German,169,sling (weapon),centrifuge,Schleuder,Schleuder
22764,shift1539,Polysemy,8,ACCEPTED,→,cross (n.),1142,clubs (in cards),1015,German,169,German,169,cross (n.),clubs (in cards),Kreuz,Kreuz
22766,shift1539,Derivation,10,ACCEPTED,→,cross (n.),1142,clubs (in cards),1015,Luxembourgish,840,Luxembourgish,840,cross (n.),clubs (in cards),Kräiz,Kräizer
22799,shift0856,Cognates,14,ACCEPTED,—,moon,708,month,706,English,153,English,153,moon,calendary month,moon,month
22975,shift0856,Cognates,190,NEW,→,moon,708,month,706,Danish,173,Danish,173,moon,month,måne,måned
22976,shift0856,Cognates,191,NEW,→,moon,708,month,706,Norwegian,24,Norwegian,24,moon,month,måne,måned
22977,shift0856,Cognates,192,NEW,→,moon,708,month,706,Swedish,135,Swedish,135,moon,month,måne,månad
22978,shift0856,Cognates,193,NEW,→,moon,708,month,706,Norwegian,24,Norwegian,24,moon,month,måne,månad
22997,shift0856,Polysemy,212,NEW,→,moon,708,month,706,German,169,German,169,moon,"(literary, dated) month",Mond,Mond
22998,shift0856,Cognates,213,NEW,→,moon,708,month,706,Luxembourgish,840,Luxembourgish,840,moon,month,Mound,Mount
22999,shift0856,Cognates,214,NEW,→,moon,708,month,706,Dutch,255,Dutch,255,moon,month,maan,maand
23000,shift0856,Cognates,215,NEW,→,moon,708,month,706,Afrikaans,835,Afrikaans,835,moon,month,maan,maand
23001,shift0856,Cognates,216,NEW,→,moon,708,month,706,Old Frisian,1191,Old Frisian,1191,moon,month,mōna,mōnath
23002,shift0856,Polysemy,217,NEW,→,moon,708,month,706,West Frisian,1192,West Frisian,1192,moon,month,moanne,moanne
23100,shift0856,Polysemy,315,NEW,—,moon,708,month,706,Old English,114,Old English,114,"(in compounds) moon,",month,mōnaþ,mōnaþ
23248,shift2103,Polysemy,5,ACCEPTED,→,warm,10,"friendly, amicable",1381,Norwegian,24,Norwegian,24,warm,"friendly, amicable",varm,varm
23249,shift2103,Polysemy,6,ACCEPTED,→,warm,10,"friendly, amicable",1381,Danish,173,Danish,173,warm,"friendly, amicable",varm,varm
23250,shift2103,Polysemy,7,ACCEPTED,→,warm,10,"friendly, amicable",1381,Swedish,135,Swedish,135,warm,"friendly, amicable",varm,varm
23255,shift2022,Polysemy,2,ACCEPTED,→,"to awaken, wake up",2246,to cause,2410,German,169,German,169,to wake up,"to wake up, to evoke (feelings)",wecken,wecken
23261,shift2022,Polysemy,8,ACCEPTED,→,"to awaken, wake up",2246,to cause,2410,Norwegian,24,Norwegian,24,to awaken,to cause,vekke,vekke
23262,shift2022,Polysemy,9,ACCEPTED,→,"to awaken, wake up",2246,to cause,2410,Danish,173,Danish,173,to awaken,to cause,vække,vække
23263,shift2022,Polysemy,10,ACCEPTED,→,"to awaken, wake up",2246,to cause,2410,Swedish,135,Swedish,135,to awaken,to cause,väcka,väcka
23264,shift2022,Polysemy,11,ACCEPTED,→,"to awaken, wake up",2246,to cause,2410,Icelandic,252,Icelandic,252,to awaken,to cause,vekja,vekja
23267,shift2773,Polysemy,2,NEW,→,to shoot,3149,shuttle (weaving instrument),4061,Icelandic,252,Icelandic,252,"shot, marksman",shuttle (weaving instrument),skytta,skytta
23270,shift1395,Derivation,2,ACCEPTED,→,cross (n.),1142,crossbill (Loxia),1143,English,153,English,153,cross (n.),crossbill (Loxia),cross,crossbill
23272,shift1395,Derivation,4,ACCEPTED,→,cross (n.),1142,crossbill (Loxia),1143,German,169,German,169,cross (n.),crossbill (Loxia),Kreuz,Kreuzschnäbel
23275,shift1395,Derivation,7,ACCEPTED,→,cross (n.),1142,crossbill (Loxia),1143,Norwegian,24,Norwegian,24,cross (n.),crossbill (Loxia),kors,korsnebb
23276,shift1395,Derivation,8,ACCEPTED,→,cross (n.),1142,crossbill (Loxia),1143,Dutch,255,Dutch,255,cross (n.),crossbill (Loxia),kruis,kruisbek
23277,shift1395,Derivation,9,ACCEPTED,→,cross (n.),1142,crossbill (Loxia),1143,Swedish,135,Swedish,135,cross (n.),crossbill (Loxia),kors,korsnäbb
23284,shift6709,Polysemy,3,ACCEPTED,→,cross (n.),1142,side of a coin,4072,Dutch,255,Dutch,255,cross (n.),side of a coin,kruis,kruis
23295,shift0510,Polysemy,1,ACCEPTED,?,comb (of a bird),1041,mane,578,English,153,English,153,"crest, tuft, cap (birds)","mane, crest",crest,crest
23327,shift0269,Polysemy,6,ACCEPTED,—,to dig,2519,to investigate,2801,Norwegian,24,Norwegian,24,to dig,to investigate,grave,grave
23328,shift0269,Polysemy,7,ACCEPTED,—,to dig,2519,to investigate,2801,Danish,173,Danish,173,to dig,to investigate,grave,grave
23329,shift0269,Polysemy,8,ACCEPTED,—,to dig,2519,to investigate,2801,Swedish,135,Swedish,135,to dig,to investigate,gräva,gräva
23368,shift1056,Polysemy,8,NEW,→,to have smell,2754,to smell bad,3177,English,153,English,153,"to have a particular smell, whether good or bad",to smell bad; to stink.,to smell,to smell
23376,shift5680,Polysemy,1,ACCEPTED,→,to make real,2893,to understand,3331,English,153,English,153,to make something real,"to understand, to become aware of smth.",realize,realize
23377,shift5680,Polysemy,2,ACCEPTED,→,to make real,2893,to understand,3331,German,169,German,169,to make something real,to understand,realisieren,realisieren
23413,shift2405,Semantic evolution,1,ACCEPTED,→,August,2054,harvest,1565,Dutch,255,Dutch,255,august,harvest,oogst,oogst
23417,shift2405,Polysemy,5,ACCEPTED,←,August,2054,harvest,1565,Luxembourgish,840,Luxembourgish,840,(archaic) August,"harvest (crops), harvest time",Karschnatz,Karschnatz
23419,shift2405,Derivation,7,ACCEPTED,←,August,2054,harvest,1565,West Frisian,1192,West Frisian,1192,August,harvest,rispmoanne,risp
23420,shift2405,Derivation,8,ACCEPTED,←,August,2054,harvest,1565,German,169,German,169,(dated) August,harvest,Erntemond,Ernte
23429,shift5491,Derivation,1,ACCEPTED,→,red,1444,common redstart,1059,English,153,English,153,red,common redstart,red,redstart
23431,shift5491,Derivation,3,ACCEPTED,→,red,1444,common redstart,1059,Danish,173,Danish,173,red,common redstart,rød,rødstjert
23432,shift5491,Derivation,4,ACCEPTED,→,red,1444,common redstart,1059,Swedish,135,Swedish,135,red,common redstart,röd,rödstjärt
23445,shift1438,Derivation,2,ACCEPTED,—,louse,261,bad,3493,English,153,English,153,louse,"lousy, mangy",louse,lousy
23465,shift0296,Polysemy,6,ACCEPTED,→,forehead,1347,front part,1389,German,169,German,169,forehead,front part,Stirn,Stirn
23475,shift4683,Polysemy,2,NEW,→,girl,786,dragonfly,4476,Dutch,255,Dutch,255,"damsel, maiden",damselfly,juffer,juffer
23482,shift5219,Polysemy,2,ACCEPTED,→,wind,88,rumour,1522,English,153,English,153,wind,"news of an event, especially by hearsay or gossip",wind,wind
23506,shift7149,Polysemy,1,ACCEPTED,—,beetle,3561,enthusiastic person,3845,English,153,English,153,insect; beetle,an obsessed person; an enthusiastic person,bug,bug
23527,shift0901,Polysemy,12,ACCEPTED,→,light (of weight),211,simple,4082,Norwegian,24,Norwegian,24,light (of weight),simple,lett,lett
23528,shift0901,Polysemy,13,ACCEPTED,→,light (of weight),211,simple,4082,Danish,173,Danish,173,light (of weight),simple,let,let
23529,shift0901,Polysemy,14,ACCEPTED,→,light (of weight),211,simple,4082,Swedish,135,Swedish,135,light (of weight),simple,lätt,lätt
23530,shift0901,Polysemy,15,ACCEPTED,→,light (of weight),211,simple,4082,Icelandic,252,Icelandic,252,light (of weight),simple,léttur,léttur
23536,shift2872,Syncretism,2,ACCEPTED,—,high (location),1623,"high (size), tall",1624,English,153,English,153,high (location),"high (size), tall",high,high
23566,shift8178,Polysemy,3,ACCEPTED,→,&lt;fruit&gt;,1211,glans penis,790,English,153,English,153,<fruit>,(archaic) glans penis,nut,nut
23568,shift8178,Polysemy,5,ACCEPTED,→,&lt;fruit&gt;,1211,glans penis,790,Danish,173,Danish,173,acorn,glans penis,agern,agern
23569,shift8178,Polysemy,6,ACCEPTED,→,&lt;fruit&gt;,1211,glans penis,790,Dutch,255,Dutch,255,acorn,glans penis,eikel,eikel
23572,shift8178,Polysemy,9,ACCEPTED,→,&lt;fruit&gt;,1211,glans penis,790,German,169,German,169,acorn,glans penis,Eichel,Eichel
23575,shift8178,Polysemy,12,ACCEPTED,→,&lt;fruit&gt;,1211,glans penis,790,Swedish,135,Swedish,135,"acorn, beechnut",glans penis,ollon,ollon
23613,shift1171,Polysemy,2,ACCEPTED,→,heart,1588,location of emotions,239,German,169,German,169,heart,location of emotions,Herz,Herz
23629,shift1171,Polysemy,18,ACCEPTED,→,heart,1588,location of emotions,239,Norwegian,24,Norwegian,24,heart,location of emotions,hjerte,hjerte
23630,shift1171,Polysemy,19,ACCEPTED,→,heart,1588,location of emotions,239,Danish,173,Danish,173,heart,location of emotions,hjerte,hjerte
23631,shift1171,Polysemy,20,ACCEPTED,→,heart,1588,location of emotions,239,Swedish,135,Swedish,135,heart,location of emotions,hjärta,hjärta
23632,shift1171,Polysemy,21,ACCEPTED,→,heart,1588,location of emotions,239,Icelandic,252,Icelandic,252,heart,location of emotions,hjarta,hjarta
23646,shift1171,Polysemy,35,NEW,—,heart,1588,location of emotions,239,English,153,English,153,heart,location of emotions,heart,heart
23775,shift7395,Polysemy,2,NEW,→,stone (piece of rock),4281,measure of weight,620,English,153,English,153,stone (piece of rock),"(Britain) A unit of mass equal to 14 pounds (≈6.3503 kilograms), formerly used for various commodities (wool, cheese, etc.), but now principally used for personal weight",stone,stone
23777,shift5740,Polysemy,1,NEW,→,strange,4295,funny,1401,Icelandic,252,Icelandic,252,strange,funny,skrítinn,skrítinn
23785,shift1550,Polysemy,5,ACCEPTED,—,trunk (of a tree),3451,torso,3413,English,153,English,153,the main stem of a tree apart from limbs and roots,"the human or animal body apart from the head, neck, and appendages",trunk,trunk
23789,shift1550,Polysemy,9,ACCEPTED,—,trunk (of a tree),3451,torso,3413,Icelandic,252,Icelandic,252,torso,trunk (of a tree),bolur,bolur
23790,shift1550,Polysemy,10,ACCEPTED,—,trunk (of a tree),3451,torso,3413,Old Norse,236,Old Norse,236,"trunk of the body, torso",trunk (of a tree),bolr,bolr
23791,shift1550,Polysemy,11,ACCEPTED,—,trunk (of a tree),3451,torso,3413,Norwegian,24,Norwegian,24,"torso, trunk, a body without limbs",(rare or dated) a tree trunk,bol,bol
23792,shift1550,Polysemy,12,ACCEPTED,—,trunk (of a tree),3451,torso,3413,Faroese,92,Faroese,92,body,"bole, trunk or stem of a tree",bulur,bulur
23793,shift1550,Polysemy,13,ACCEPTED,—,trunk (of a tree),3451,torso,3413,Swedish,135,Swedish,135,the front part of the torso,bole; the trunk or stem of a tree,bål,bål
23803,shift8086,Derivation,1,ACCEPTED,→,shell (of mollusc),4030,knee-cap,1719,Icelandic,252,Icelandic,252,shell (of mollusc),knee-cap,skel,hnéskel
23805,shift0019,Polysemy,2,ACCEPTED,?,to remind,3065,"to resemble, be alike",3073,English,153,English,153,to remind,NA,remind,remind
23807,shift0019,Polysemy,4,ACCEPTED,→,to remind,3065,"to resemble, be alike",3073,Norwegian,24,Norwegian,24,to remind,to be alike,minne,minne
23808,shift0019,Polysemy,5,ACCEPTED,→,to remind,3065,"to resemble, be alike",3073,Danish,173,Danish,173,to remind,to be alike,minde,minde
23809,shift0019,Polysemy,6,ACCEPTED,→,to remind,3065,"to resemble, be alike",3073,Icelandic,252,Icelandic,252,to remind,to be alike,minna,minna
23896,shift1381,Polysemy,9,NEW,→,coast,1019,"edge, border",3810,English,153,English,153,coast,edge,brim,brim
23905,shift1986,Polysemy,4,ACCEPTED,→,greasy,838,fertile (soil),1263,German,169,German,169,fat,fertile,fett,fett
23909,shift1986,Polysemy,8,ACCEPTED,→,greasy,838,fertile (soil),1263,Norwegian,24,Norwegian,24,greasy,fertile (soil),fet,fet
23910,shift1986,Polysemy,9,ACCEPTED,→,greasy,838,fertile (soil),1263,Danish,173,Danish,173,greasy,fertile (soil),fed,fed
23911,shift1986,Polysemy,10,ACCEPTED,→,greasy,838,fertile (soil),1263,Swedish,135,Swedish,135,greasy,fertile (soil),fet,fet
23951,shift4686,Derivation,5,ACCEPTED,→,blind,3624,caecum (blind gut),871,English,153,English,153,blind,caecum (blind gut),blind,blind gut
23962,shift4686,Derivation,16,ACCEPTED,→,blind,3624,caecum (blind gut),871,Danish,173,Danish,173,blind,caecum (blind gut),blind,blindtarm
23963,shift4686,Derivation,17,ACCEPTED,→,blind,3624,caecum (blind gut),871,Norwegian,24,Norwegian,24,blind,caecum (blind gut),blind,blindtarm
23966,shift4686,Derivation,20,ACCEPTED,→,blind,3624,caecum (blind gut),871,German,169,German,169,blind,caecum (blind gut),blind,Blinddarm
23972,shift4686,Derivation,26,ACCEPTED,→,blind,3624,caecum (blind gut),871,Swedish,135,Swedish,135,blind,caecum (blind gut),blind,blindtarm
23975,shift3427,Polysemy,1,ACCEPTED,→,pear,328,electric lamp,3824,German,169,German,169,pear,bulb,Birne,Birne
23980,shift2152,Derivation,3,ACCEPTED,→,tail,2113,"horsetail, equisetum",1669,English,153,English,153,tail,horsetail,tail,horsetail
23984,shift2152,Motivation,7,NEW,→,tail,2113,"horsetail, equisetum",1669,Dutch,255,Dutch,255,tail,"horsetail, equisetum",staart,paardenstaart
24013,shift8524,Polysemy,1,ACCEPTED,→,consciousness,1082,"conscience, scruples",1081,English,153,English,153,(obsolete) consciousness,"conscience, scruples",conscience,conscience
24024,shift0849,Polysemy,9,ACCEPTED,→,heavy (of weight),1594,important,1746,English,153,English,153,heavy,weighty,weighty,weighty
24041,shift3989,Polysemy,3,ACCEPTED,—,"steam, vapour",4251,smell (n.),4128,English,153,English,153,"(archaic) smoke, steam, or fume",smell strongly and unpleasantly; stink,reek,reek
24043,shift3989,Polysemy,5,ACCEPTED,—,"steam, vapour",4251,smell (n.),4128,Danish,173,Danish,173,steam,unpleasant smell,dunst,dunst
24045,shift3989,Polysemy,7,ACCEPTED,—,"steam, vapour",4251,smell (n.),4128,English,153,English,153,steam,smell,fume,fume
24048,shift3989,Polysemy,10,ACCEPTED,—,"steam, vapour",4251,smell (n.),4128,German,169,German,169,"(westdeutsch) steam; fog, mist",smell,Duft,Duft
24058,shift4354,Polysemy,2,NEW,→,to itch,2806,to want,3353,English,153,English,153,to itch,to want,itch,itch
24073,shift3287,Polysemy,4,ACCEPTED,→,yoke,2085,yoke (figuratively),2086,Old English,114,Old English,114,a yoke of oxen,a yoke,geoc,geoc
24080,shift3287,Polysemy,11,ACCEPTED,→,yoke,2085,yoke (figuratively),2086,Danish,173,Danish,173,yoke,yoke (figuratively),åg,åg
24081,shift3287,Polysemy,12,ACCEPTED,→,yoke,2085,yoke (figuratively),2086,Swedish,135,Swedish,135,yoke,yoke (figuratively),ok,ok
24082,shift3287,Polysemy,13,ACCEPTED,→,yoke,2085,yoke (figuratively),2086,Icelandic,252,Icelandic,252,yoke,yoke (figuratively),ok,ok
24102,shift2275,Derivation,3,ACCEPTED,→,"to lower, put down",2875,"to disgrace, dishonor",2532,German,169,German,169,low,"to dishonor, to humble",niedrig,erniedrigen
24121,shift1800,Polysemy,6,ACCEPTED,→,tail,2113,penis,343,German,169,German,169,tail,membrum virile,Schwanz,Schwanz
24141,shift1800,Polysemy,26,NEW,→,tail,2113,penis,343,German,169,German,169,(regional) tail of an animal,(regional) penis,Zagel,Zagel
24155,shift2198,Derivation,2,NEW,→,"box, container",3665,joiner; cabinetmaker,1192,Dutch,255,Dutch,255,"chest, box",carpenter,schrijn,schrijnwerker
24170,shift6702,Polysemy,1,ACCEPTED,→,crown (n.),1149,side of a coin,4072,Swedish,135,Swedish,135,crown (n.),side of a coin,krona,krona
24278,shift2204,Polysemy,4,NEW,→,young person,2093,soldier,4154,Middle English,6,Middle English,6,"child, youth",young warrior,barn,barn
24284,shift2115,Polysemy,1,ACCEPTED,—,sharp,4022,brave,3675,Icelandic,252,Icelandic,252,sharp,"brave, courageous",skeleggur,skeleggur
24287,shift3820,Polysemy,2,ACCEPTED,→,jumper,1199,knight (chess),1722,Danish,173,Danish,173,jumper,knight (chess),springer,springer
24294,shift0156,Polysemy,2,ACCEPTED,→,hot,1673,spicy,4198,English,153,English,153,hot,spicy,hot,hot
24301,shift3588,Derivation,1,ACCEPTED,→,"present, gift",457,talent,2118,German,169,German,169,to give,"talent, ability",geben,Begabung
24303,shift3588,Polysemy,3,ACCEPTED,→,"present, gift",457,talent,2118,English,153,English,153,"present, gift",talent,gift,gift
24321,shift3588,Polysemy,21,NEW,→,"present, gift",457,talent,2118,Danish,173,Danish,173,"present, gift",gift (a talent or natural ability),gave,gave
24323,shift3588,Polysemy,23,NEW,→,"present, gift",457,talent,2118,Norwegian,24,Norwegian,24,"present, gift",gift (a talent or natural ability),gave,gave
24324,shift3588,Polysemy,24,NEW,→,"present, gift",457,talent,2118,Norwegian,24,Norwegian,24,"present, gift",gift (a talent or natural ability),gåve,gåve
24326,shift3588,Polysemy,26,NEW,→,"present, gift",457,talent,2118,Swedish,135,Swedish,135,"present, gift",talent,gåva,gåva
24336,shift6125,Derivation,4,ACCEPTED,→,fifth,1275,Thursday,2191,Icelandic,252,Icelandic,252,fifth,Thursday,fimmta,Fimmtudagur
24361,shift5576,Polysemy,4,ACCEPTED,→,glutton,798,wolverine,108,German,169,German,169,glutton,wolverine,Vielfraß,Vielfraß
24362,shift5576,Polysemy,5,ACCEPTED,→,glutton,798,wolverine,108,English,153,English,153,"one who eats voraciously, obsessively, or to excess",(rare) wolverine,glutton,glutton
24371,shift5576,Polysemy,14,ACCEPTED,—,glutton,798,wolverine,108,Dutch,255,Dutch,255,glutton,wolverine,veelvraat,veelvraat
24379,shift5092,Derivation,7,ACCEPTED,→,"idler, loafer",1736,sloth (South American mammal),4119,German,169,German,169,lazy,sloth (South American mammal),faul,Faultier
24382,shift5092,Derivation,10,ACCEPTED,→,"idler, loafer",1736,sloth (South American mammal),4119,Danish,173,Danish,173,lazy,sloth (South American mammal),doven,dovendyr
24383,shift5092,Derivation,11,ACCEPTED,→,"idler, loafer",1736,sloth (South American mammal),4119,Norwegian,24,Norwegian,24,"idler, loafer",sloth (South American mammal),doven,dovendyr
24384,shift5092,Polysemy,12,ACCEPTED,→,"idler, loafer",1736,sloth (South American mammal),4119,Dutch,255,Dutch,255,lazy person,sloth (South American mammal),luiaard,luiaard
24390,shift5092,Polysemy,18,ACCEPTED,→,"idler, loafer",1736,sloth (South American mammal),4119,English,153,English,153,reluctance to work or make an effort; laziness,slow-moving tropical American mammal that hangs upside down from the branches of trees using its long limbs and hooked claws,sloth,sloth
24397,shift5092,Derivation,25,ACCEPTED,→,"idler, loafer",1736,sloth (South American mammal),4119,Icelandic,252,Icelandic,252,laziness,sloth (South American mammal),leti,letidýr
24416,shift2703,Derivation,2,ACCEPTED,→,to lick,2847,spoon,4217,Old High German,147,Old High German,147,to lick,spoon,laffan,leffil
24457,shift0475,Polysemy,2,ACCEPTED,→,eye,3890,observer,4516,English,153,English,153,eye,detective,eye,eye
24469,shift1403,Polysemy,7,ACCEPTED,→,"to follow, go after smb.",2649,"to watch, look after",3358,German,169,German,169,to follow,"to watch, look after",folgen,folgen
24472,shift1403,Polysemy,10,ACCEPTED,→,"to follow, go after smb.",2649,"to watch, look after",3358,English,153,English,153,to go or come after (a person or thing proceeding ahead),to pay close attention to,follow,follow
24490,shift0507,Polysemy,1,ACCEPTED,—,throat,2186,passageway,311,English,153,English,153,"throat, farynx; gorge","neck, mouth (in the upper part of an object), crater, aperture (volcano etc)",throat,throat
24507,shift5844,Polysemy,3,ACCEPTED,→,bitch,3605,&lt;curse&gt;,869,English,153,English,153,bitch,curse,bitch,bitch
24515,shift0213,Polysemy,5,ACCEPTED,→,clean (adj.),998,"totally, absolutely",3415,English,153,English,153,clean (adj.),absolutely,pure,pure
24523,shift7343,Polysemy,4,ACCEPTED,→,to steer a vessel,3221,"to govern, control, rule",2716,Dutch,255,Dutch,255,to steer a vessel,"to govern, control, rule",besturen,besturen
24527,shift7613,Derivation,1,NEW,→,honour,1647,March,589,Old English,114,Old English,114,"glory, triumph, honour",March,hrēþ,hrēþmōnaþ
24553,shift5051,Polysemy,26,ACCEPTED,→,grandfather,826,old man,4534,English,153,English,153,"(colloquial, humorous) grandfather",(by extension) old man,gramps,gramps
24570,shift5614,Polysemy,1,ACCEPTED,→,right (vs. left),1481,right (political),1480,German,169,German,169,right (vs. left),"entirety of parties, political groups, currents [strongly] conservative in character, which oppose communism and socialism",rechte,rechte
24572,shift5614,Polysemy,3,ACCEPTED,→,right (vs. left),1481,right (political),1480,English,153,English,153,right (vs. left),(politics) pertaining to the political right; conservative.,right,right
24579,shift5614,Polysemy,10,ACCEPTED,→,right (vs. left),1481,right (political),1480,Norwegian,24,Norwegian,24,right (vs. left),right (political),høyre,høyre
24580,shift5614,Polysemy,11,ACCEPTED,→,right (vs. left),1481,right (political),1480,Danish,173,Danish,173,right (vs. left),right (political),højre,højre
24581,shift5614,Polysemy,12,ACCEPTED,→,right (vs. left),1481,right (political),1480,Swedish,135,Swedish,135,right (vs. left),right (political),höger,höger
24582,shift5614,Polysemy,13,ACCEPTED,→,right (vs. left),1481,right (political),1480,Icelandic,252,Icelandic,252,right (vs. left),right (political),hægri,hægri
24587,shift2366,Polysemy,1,ACCEPTED,→,fire,1286,inflammation,1773,English,153,English,153,fire,fever (obs.),fire,fire
24599,shift2366,Derivation,13,ACCEPTED,—,fire,1286,inflammation,1773,German,169,German,169,"to kindle, to light",inflammation,entzünden,Entzündung
24618,shift0963,Polysemy,3,ACCEPTED,?,good,814,very,3761,English,153,English,153,NA,NA,good,good
24639,shift0048,Polysemy,5,ACCEPTED,—,air,1961,weather,34,Norwegian,24,Norwegian,24,air,weather,vær,vær
24640,shift0048,Polysemy,6,ACCEPTED,—,air,1961,weather,34,Danish,173,Danish,173,air outdoors,weather,vejr,vejr
24641,shift0048,Polysemy,7,ACCEPTED,—,air,1961,weather,34,Swedish,135,Swedish,135,air,weather,väder,väder
24727,shift0004,Polysemy,7,ACCEPTED,—,to taste (tr.),3283,"to try, to attempt",3318,German,169,German,169,'durch eine Kostprobe den Geschmack von etw. pruerfen' [Duden 3014],"'versuchen, ob etw. moeglich, durchfuehbar ist' [Dudeen 3014]",probieren,probieren
24742,shift0004,Polysemy,22,ACCEPTED,—,to taste (tr.),3283,"to try, to attempt",3318,English,153,English,153,to taste,"to try, to attempt",try,try
24772,shift2613,Polysemy,3,ACCEPTED,→,"common, shared",1064,"to inform, let know",2791,German,169,German,169,to share,to inform,mitteilen,mitteilen
24778,shift5729,Polysemy,4,ACCEPTED,→,to emit smoke,2572,to smoke (meat or fish),3179,German,169,German,169,to emit smoke,to smoke (meat or fish),rauchen,rauchen
24781,shift5729,Polysemy,7,NEW,→,to emit smoke,2572,to smoke (meat or fish),3179,Norwegian,24,Norwegian,24,to emit smoke,to smoke (meat or fish),røyke,røyke
24782,shift5729,Polysemy,8,NEW,→,to emit smoke,2572,to smoke (meat or fish),3179,Norwegian,24,Norwegian,24,to emit smoke,to smoke (meat or fish),røyke,røyke
24783,shift5729,Polysemy,9,NEW,→,to emit smoke,2572,to smoke (meat or fish),3179,Norwegian,24,Norwegian,24,to emit smoke,to smoke (meat or fish),røyke,røyke
24784,shift5729,Polysemy,10,NEW,→,to emit smoke,2572,to smoke (meat or fish),3179,Norwegian,24,Norwegian,24,to emit smoke,to smoke (meat or fish),røyke,røyke
24785,shift5729,Cognates,11,NEW,→,to emit smoke,2572,to smoke (meat or fish),3179,Danish,173,Danish,173,to emit smoke,to smoke (meat or fish),røge,røge
24786,shift5729,Polysemy,12,NEW,→,to emit smoke,2572,to smoke (meat or fish),3179,Swedish,135,Swedish,135,to emit smoke,to smoke (meat or fish),röka,röka
24787,shift5729,Polysemy,13,NEW,→,to emit smoke,2572,to smoke (meat or fish),3179,Icelandic,252,Icelandic,252,to emit smoke,to smoke (meat or fish),reykja,reykja
24815,shift7444,Motivation,1,NEW,→,mud,739,February,1252,Old English,114,Old English,114,mud,February,sol,solmonaþ
24850,shift4910,Polysemy,1,NEW,→,farmer,1235,jack (playing card),1171,Dutch,255,Dutch,255,"farmer, peasant",Jack (playing card),boer,boer
24851,shift8152,Motivation,1,ACCEPTED,→,to weed,3367,June,1200,Romansh,35,Romansh,35,to weed,"(Rumantsch Grischun, Sursilvan) June",zerclar,zercladur
24878,shift4331,Polysemy,2,ACCEPTED,—,mouse,733,computer mouse,1076,English,153,English,153,a small rodent,a small device that is controlled by hand and used to control the position of the cursor on the computer screen,mouse,mouse
24884,shift4331,Polysemy,8,ACCEPTED,→,mouse,733,computer mouse,1076,Swedish,135,Swedish,135,mouse,mouse (computer),mus,mus
24888,shift4331,Polysemy,12,ACCEPTED,→,mouse,733,computer mouse,1076,Danish,173,Danish,173,mouse,mouse (computer),mus,mus
24889,shift4331,Polysemy,13,ACCEPTED,→,mouse,733,computer mouse,1076,Dutch,255,Dutch,255,mouse,mouse (computer),muis,muis
24890,shift4331,Polysemy,14,ACCEPTED,→,mouse,733,computer mouse,1076,Norwegian,24,Norwegian,24,mouse,mouse (computer),mus,mus
24899,shift4331,Polysemy,23,ACCEPTED,→,mouse,733,computer mouse,1076,Afrikaans,835,Afrikaans,835,mouse,mouse (computer),muis,muis
24902,shift4331,Polysemy,26,ACCEPTED,→,mouse,733,computer mouse,1076,German,169,German,169,mouse,mouse (computer),Maus,Maus
24918,shift8539,Polysemy,2,ACCEPTED,→,elbow,3817,elbow piece (tube),3818,English,153,English,153,elbow,pipe fitting,elbow,elbow
24923,shift2142,Polysemy,1,NEW,?,to bark,2250,to joke,2810,Icelandic,252,Icelandic,252,to bark,"to joke, to kid",gjamma,gjamma
24925,shift1124,Polysemy,2,ACCEPTED,?,"spot, stain",4220,disgrace,4443,English,153,English,153,spot,NA,spot,spot
24929,shift1124,Polysemy,6,ACCEPTED,→,"spot, stain",4220,disgrace,4443,English,153,English,153,discolored spot or area,blemish on one's character or reputation,stain,stain
24946,shift6679,Polysemy,3,ACCEPTED,—,sling (weapon),4115,slingshot,4116,German,169,German,169,sling (weapon),slingshot,Schleuder,Schleuder
24983,shift6052,Polysemy,1,ACCEPTED,→,to forge,2652,to counterfeit,2469,English,153,English,153,to shape a metal by heating and hammering,"to create a forgery of; to make a counterfeit item of; to copy or imitate unlawfully; to produce, as that which is untrue or not genuine",forge,forge
25012,shift8171,Motivation,1,ACCEPTED,→,willow,85,willowherb,87,English,153,English,153,trees or shrubs in the genus Salix,(Britain and Ireland) Chamaenerion angustifolium,willow,willowherb
25033,shift2123,Polysemy,1,ACCEPTED,?,"to strike, hit",3234,to mow grass,2934,Icelandic,252,Icelandic,252,"to beat, to hit",to mow,slá,slá
25035,shift2123,Polysemy,3,ACCEPTED,—,"to strike, hit",3234,to mow grass,2934,Norwegian,24,Norwegian,24,"to beat, hit",to mow grass,slå,slå
25036,shift2123,Polysemy,4,ACCEPTED,—,"to strike, hit",3234,to mow grass,2934,Danish,173,Danish,173,"to beat, hit",to mow grass,slå,slå
25037,shift2123,Polysemy,5,ACCEPTED,—,"to strike, hit",3234,to mow grass,2934,Swedish,135,Swedish,135,"to beat, hit",to mow grass,slå,slå
25097,shift0683,Polysemy,2,ACCEPTED,?,air,1961,"melody, tune",629,English,153,English,153,air; atmosphere,"tune, primary aria in a choral",air,air
25107,shift8413,Derivation,1,ACCEPTED,→,winter,94,October,4521,Old English,114,Old English,114,winter,October,winter,winterfylleþ
25109,shift2472,Derivation,1,ACCEPTED,→,to sit,3160,ambush,1986,Old Norse,236,Old Norse,236,NA,NA,sāt,launsāt
25118,shift3080,Polysemy,5,ACCEPTED,→,&lt;animal&gt;,1916,cunning person,1157,English,153,English,153,racoon,cunning fox,coon,coon
25122,shift3080,Polysemy,9,ACCEPTED,→,&lt;animal&gt;,1916,cunning person,1157,German,169,German,169,lynx,cunning fox,Luchs,Luchs
25134,shift0005,Derivation,2,ACCEPTED,?,"to go, walk",2715,to find,2627,English,153,English,153,to come,to find,come,come across
25140,shift0005,Polysemy,8,ACCEPTED,→,"to go, walk",2715,to find,2627,Norwegian,24,Norwegian,24,"to go, walk",to find by chance,komme,komme
25179,shift0956,Polysemy,3,ACCEPTED,?,to sink into,3159,"to set (of Moon, Sun)",3129,German,169,German,169,"to plunge, to sink",to go under,untergeh(e)n,untergeh(e)n
25189,shift5769,Polysemy,1,ACCEPTED,—,to emit smoke,2572,to smell bad,3177,English,153,English,153,(archaic) to emit smoke,to stink,reek,reek
25198,shift0331,Polysemy,2,ACCEPTED,→,oil (food),4528,"petroleum, oil",360,English,153,English,153,oil,oil,oil,oil
25221,shift0009,Polysemy,15,ACCEPTED,→,"to search, look for",3120,"to try, to attempt",3318,Norwegian,24,Norwegian,24,"to search, to look for","to try, to attempt",søke,søke
25222,shift0009,Polysemy,16,ACCEPTED,→,"to search, look for",3120,"to try, to attempt",3318,Danish,173,Danish,173,"to search, to look for","to try, to attempt",søge,søge
25223,shift0009,Polysemy,17,ACCEPTED,→,"to search, look for",3120,"to try, to attempt",3318,Swedish,135,Swedish,135,"to search, to look for","to try, to attempt",söka,söka
25230,shift0090,Polysemy,3,ACCEPTED,?,lightning,215,quick,1908,German,169,German,169,lightning,"part fo compounds meaning ""quick""",Blitz,Blitz-
25254,shift3767,Polysemy,4,ACCEPTED,?,to cry (of animals),2481,"to cry, weep",2482,English,153,English,153,"to howl, to wail (wind)","to cry, to weep, to howl",howl,howl
25292,shift7602,Derivation,2,ACCEPTED,→,spring (season),4224,March,589,Luxembourgish,840,Luxembourgish,840,(archaic) spring (season),(archaic) March,Lenz,Lenzmount
25293,shift7602,Derivation,3,ACCEPTED,→,spring (season),4224,March,589,North Frisian,1265,North Frisian,1265,spring (season),March,uurs,uursmoune
25294,shift7602,Derivation,4,ACCEPTED,→,spring (season),4224,March,589,German,169,German,169,"(archaic, poetic or humorous) spring (season)",(obsolete) March,Lenz,Lenzing
25295,shift7602,Derivation,5,ACCEPTED,→,spring (season),4224,March,589,West Frisian,1192,West Frisian,1192,spring (season),March,foarjier,foarjiersmoanne
25302,shift1109,Polysemy,5,ACCEPTED,→,to neigh,2939,to laugh,2832,German,169,German,169,to neigh,to roar with laughter (colloq.),wiehern,wiehern
25303,shift1109,Polysemy,6,ACCEPTED,→,to neigh,2939,to laugh,2832,Norwegian,24,Norwegian,24,to neigh,to laugh,knegge,knegge
25304,shift1109,Polysemy,7,ACCEPTED,→,to neigh,2939,to laugh,2832,Norwegian,24,Norwegian,24,to neigh,to laugh,humre,humre
25305,shift1109,Polysemy,8,ACCEPTED,→,to neigh,2939,to laugh,2832,Swedish,135,Swedish,135,to neigh,to laugh,gnägga,gnägga
25306,shift1109,Polysemy,9,ACCEPTED,→,to neigh,2939,to laugh,2832,English,153,English,153,(of a horse) utter a neigh,"(of a person) make a sound similar to a neigh, especially when laughing",neigh,neigh
25332,shift5543,Polysemy,1,NEW,→,ruff,1518,ruff (fish),1520,English,153,English,153,"circular frill or ruffle on a garment, especially a starched, fluted frill at the neck",a small freshwater fish,ruff,ruff
25349,shift8090,Polysemy,1,ACCEPTED,→,to play (intr.),2981,"to play (theater, movie)",2982,English,153,English,153,to act in a manner such that one has fun,to act in a performance,play,play
25355,shift8090,Polysemy,7,ACCEPTED,→,to play (intr.),2981,"to play (theater, movie)",2982,German,169,German,169,to play (intr.),"to play, to perform (a role in theater or a movie)",spielen,spielen
25391,shift4397,Polysemy,1,ACCEPTED,→,metal spike,644,pike (fish),373,Middle English,6,Middle English,6,"spike; a pointed tip or spike on a staff, pole, weapon, instrument of torture, etc.; a spike affixed to a door or wall; also, a spike used to tear or wound someone",pike Esox lucius,"pike (pikke, peke, piche, pig)","pike (pikke, peke, piche, pig)"
25425,shift5805,Polysemy,1,ACCEPTED,→,to sleep,3169,temple (region of skull),2142,German,169,German,169,sleep (n.),temple (region of skull),Schlaf,Schläfe
25428,shift5805,Polysemy,4,ACCEPTED,→,to sleep,3169,temple (region of skull),2142,Dutch,255,Dutch,255,sleep (n.),temple (region of skull),slaap,slaap
25429,shift5805,Polysemy,5,ACCEPTED,→,to sleep,3169,temple (region of skull),2142,Afrikaans,835,Afrikaans,835,sleep (n.),temple (region of skull),slaap,slaap
25431,shift5492,Derivation,1,ACCEPTED,→,tail,2113,common redstart,1059,Old English,114,Old English,114,tail,common redstart,steort,redstart
25434,shift5492,Derivation,4,ACCEPTED,→,tail,2113,common redstart,1059,Danish,173,Danish,173,tail,common redstart,stjært,rødstjert
25435,shift5492,Derivation,5,ACCEPTED,→,tail,2113,common redstart,1059,Swedish,135,Swedish,135,tail,common redstart,stjärt,rödstjärt
25440,shift0990,Derivation,1,ACCEPTED,→,to see/to look at,3121,to intend,2798,German,169,German,169,"view, sight",intention,Sicht,Absicht
25458,shift3886,Polysemy,1,ACCEPTED,—,lot,257,plot of land,411,English,153,English,153,"the making of a decision by random selection, especially by a method involving the choice of one from a number of pieces of folded paper, one of which has a concealed mark",a plot of land assigned for sale or for a particular use,lot,lot
25474,shift6490,Polysemy,1,NEW,→,night,1863,evening,3871,English,153,English,153,night,evening,night,night
25488,shift2774,Polysemy,1,ACCEPTED,→,to roast,3093,to quarrel,3035,English,153,English,153,to fry food,"to criticize severely, to judge, to condemn",roast,roast
25504,shift0758,Polysemy,3,ACCEPTED,?,to fill (tr.),2626,to carry out,2402,German,169,German,169,to fill,to fulfil,erfüllen,erfüllen
25509,shift0758,Polysemy,8,ACCEPTED,?,to fill (tr.),2626,to carry out,2402,German,169,German,169,to fill [Duden 1074],"to fulfil (duty, demands etc)",erfüllen,erfüllen
25510,shift0758,Derivation,9,ACCEPTED,?,to fill (tr.),2626,to carry out,2402,English,153,English,153,to fill,"to fulfil, to complete (a task etc) [OERD 560]",fill,fulfil
25515,shift0758,Derivation,14,ACCEPTED,→,to fill (tr.),2626,to carry out,2402,Norwegian,24,Norwegian,24,to fill (tr.),to carry out,fylle,oppfylle
25516,shift0758,Derivation,15,ACCEPTED,→,to fill (tr.),2626,to carry out,2402,Danish,173,Danish,173,to fill (tr.),to carry out,fylde,opfylde
25517,shift0758,Derivation,16,ACCEPTED,→,to fill (tr.),2626,to carry out,2402,Swedish,135,Swedish,135,to fill (tr.),to carry out,fylla,uppfylla
25518,shift0758,Derivation,17,ACCEPTED,→,to fill (tr.),2626,to carry out,2402,Icelandic,252,Icelandic,252,to fill (tr.),to carry out,fylla,uppfylla
25556,shift8167,Polysemy,2,ACCEPTED,→,to distinguish,2537,to restrict one&#39;s rights,3078,English,153,English,153,to distinguish,to restrict one's rights,discriminate,discriminate
25625,shift8079,Derivation,1,NEW,→,&lt;hat&gt;,1534,knee-cap,1719,English,153,English,153,"close-fitting hat, either brimless or peaked","flat, roundish bone in the knee",cap,knee-cap
25632,shift6779,Polysemy,1,NEW,→,"to turn, rotate (intr.)",3327,to turn (of age),3319,English,153,English,153,"to turn, rotate (intr.)",to turn (of age),to turn,to turn
25644,shift2267,Polysemy,3,ACCEPTED,→,insane,1784,"passionate, zealous",314,English,153,English,153,insane,passionate about,crazy,crazy
25647,shift2267,Polysemy,6,ACCEPTED,→,insane,1784,"passionate, zealous",314,English,153,English,153,insane,"passionate, zealous",mad,mad
25667,shift2644,Polysemy,2,ACCEPTED,→,leaf,174,blade,3620,Icelandic,252,Icelandic,252,leaf,blade,blað,blað
25673,shift1143,Derivation,5,ACCEPTED,→,round (adj.),1511,entire,3846,Norwegian,24,Norwegian,24,round (adj.),entire,rund,rundt
25674,shift1143,Derivation,6,ACCEPTED,→,round (adj.),1511,entire,3846,Danish,173,Danish,173,round (adj.),entire,rund,rundt
25675,shift1143,Derivation,7,ACCEPTED,→,round (adj.),1511,entire,3846,Swedish,135,Swedish,135,round (adj.),entire,rund,runt
25684,shift2759,Derivation,4,ACCEPTED,→,"horseman, rider",1666,"&lt;noble rank, title&gt;",1813,German,169,German,169,to ride on horseback,knight,reiten,Ritter
25726,shift2339,Polysemy,2,ACCEPTED,→,"to strike, hit",3234,"to resemble, be alike",3073,German,169,German,169,"to beat, hit",to be alike,schlagen,schlagen
25733,shift1043,Polysemy,6,ACCEPTED,→,to drag,2548,to steal,3220,Icelandic,252,Icelandic,252,"to draw, to pull; to draw out, to pull out","to procure, to appropriate",draga,draga
25754,shift0022,Derivation,4,ACCEPTED,→,to come,2439,"to get, obtain",2691,German,169,German,169,to come,"to get, obtain",kommen,bekommen
25756,shift0022,Derivation,6,NEW,→,to come,2439,"to get, obtain",2691,English,153,English,153,to come,"gainings, earnings",to come,income
25779,shift1141,Derivation,2,ACCEPTED,?,nettle (Urtica),1849,"medusa, jellyfish",625,English,153,English,153,nettle,jelly fish,nettle,nettle-fish
25784,shift0992,Polysemy,4,ACCEPTED,→,to see/to look at,3121,to have experience,2748,English,153,English,153,to see,"to feel, to experience",see,see
25795,shift0552,Polysemy,1,ACCEPTED,?,granule,830,small quantity of something,4124,English,153,English,153,"corn, grain; grain, a grain of sand",small particle,grain,grain
25806,shift6796,Polysemy,2,ACCEPTED,→,eye,3890,eye (of potato),3891,English,153,English,153,an organ through which animals see,reproductive bud in a potato,eye,eye
25814,shift5612,Polysemy,2,ACCEPTED,→,red,1444,socialist or communist,4148,English,153,English,153,red,"supportive of, related to, or dominated by a left-wing parties and movements, chiefly socialist or communist",red,red
25821,shift5612,Polysemy,9,ACCEPTED,→,red,1444,socialist or communist,4148,German,169,German,169,red,"belonging to the left (communist, socialist, social democratic, marxist)",rot,rot
25839,shift0855,Polysemy,8,ACCEPTED,?,to feed,2611,to bring up (children),2381,English,153,English,153,to breast feed,to bring up,suckle,suckle
25840,shift0855,Derivation,9,ACCEPTED,→,to feed,2611,to bring up (children),2381,Old Norse,236,Old Norse,236,forage,to bring up,fóđr,fóstra
25853,shift2139,Polysemy,1,ACCEPTED,—,dry,4491,boring,3650,Icelandic,252,Icelandic,252,dry,boring,þurr,þurr
25854,shift2139,Polysemy,2,ACCEPTED,→,dry,4491,boring,3650,Norwegian,24,Norwegian,24,dry,boring,tørr,tørr
25855,shift2139,Polysemy,3,ACCEPTED,→,dry,4491,boring,3650,Danish,173,Danish,173,dry,boring,tør,tør
25856,shift2139,Polysemy,4,ACCEPTED,→,dry,4491,boring,3650,Swedish,135,Swedish,135,dry,boring,torr,torr
25868,shift1879,Polysemy,4,ACCEPTED,→,mad,563,angry,1997,English,153,English,153,mad,angry,mad,mad
25869,shift1879,Polysemy,5,ACCEPTED,→,mad,563,angry,1997,Danish,173,Danish,173,mad,angry,gal,gal
25884,shift0493,Polysemy,10,ACCEPTED,→,nose,1879,beak,3536,Icelandic,252,Icelandic,252,nose,beak,nef,nef
25889,shift5421,Derivation,2,ACCEPTED,→,smoke,4130,common fumitory (Fumaria officinalis),1054,English,153,English,153,smoke,common fumitory (Fumaria officinalis),smoke,earth smoke
25899,shift7733,Motivation,4,ACCEPTED,→,hay,1572,July,1198,Mòcheno,1550,Mòcheno,1550,hay,July,hei,heibeger
25900,shift7733,Motivation,5,ACCEPTED,→,hay,1572,July,1198,North Frisian,1265,North Frisian,1265,hay,July,fooder,foodermoune
25902,shift7733,Motivation,7,ACCEPTED,→,hay,1572,July,1198,Romansh,35,Romansh,35,to make hay,(Surmiran) July,fanar,fanadour
25907,shift0468,Polysemy,2,ACCEPTED,?,eye,3890,eye of typhoon,3893,English,153,English,153,eye,eye of the tropic cyclone,eye,eye
25932,shift1190,Derivation,2,NEW,?,goat,803,&lt;clothes&gt;,864,Old English,114,Old English,114,kid,cloak,hæсеn,hæcele
25934,shift0573,Polysemy,2,ACCEPTED,?,to come,2439,to begin,2331,English,153,English,153,NA,NA,come,come
25941,shift0573,Polysemy,9,ACCEPTED,→,to come,2439,to begin,2331,Norwegian,24,Norwegian,24,to come,to come (of an event),komme,komme
25942,shift0573,Polysemy,10,ACCEPTED,→,to come,2439,to begin,2331,Danish,173,Danish,173,to come,to happen,komme,komme
25943,shift0573,Polysemy,11,ACCEPTED,→,to come,2439,to begin,2331,Swedish,135,Swedish,135,to come,to come (of an event),komma,komma
25944,shift0573,Polysemy,12,ACCEPTED,→,to come,2439,to begin,2331,Icelandic,252,Icelandic,252,to come,to come (of an event),koma,koma
25956,shift3282,Polysemy,10,ACCEPTED,→,measure of weight,620,&lt;money&gt;,559,Old English,114,Old English,114,measure of weight,unit of money,pund,pund
25973,shift2182,Polysemy,1,NEW,?,leech,180,extortioner,3889,English,153,English,153,leech,extorter,leech,leech
26022,shift8174,Derivation,7,ACCEPTED,→,common jasmine,1055,mock-orange,687,Norwegian,24,Norwegian,24,common jasmine,mock-orange,sjasmin,falsk sjasmin
26023,shift8174,Derivation,8,ACCEPTED,→,common jasmine,1055,mock-orange,687,Norwegian,24,Norwegian,24,common jasmine,mock-orange,jasmin,falsk jasmin
26024,shift8174,Motivation,9,ACCEPTED,→,common jasmine,1055,mock-orange,687,Dutch,255,Dutch,255,common jasmine,mock-orange,jasmijn,boerenjasmijn
26029,shift8174,Motivation,14,ACCEPTED,→,common jasmine,1055,mock-orange,687,German,169,German,169,common jasmine,mock-orange,Jasmin,Falscher Jasmin
26034,shift4593,Polysemy,2,ACCEPTED,→,voice,3778,vote,3781,Swedish,135,Swedish,135,voice,vote,röst,röst
26035,shift4593,Polysemy,3,ACCEPTED,→,voice,3778,vote,3781,Danish,173,Danish,173,voice,vote,stemme,stemme
26044,shift4391,Polysemy,3,ACCEPTED,→,crane (Grus),1129,lifting machine,208,Dutch,255,Dutch,255,crane (Grus),lifting machine,kraan,kraan
26045,shift4391,Polysemy,4,ACCEPTED,→,crane (Grus),1129,lifting machine,208,English,153,English,153,crane (Grus),"a large, tall machine used for moving heavy objects by suspending them from a projecting arm or beam",crane,crane
26095,shift3929,Polysemy,42,ACCEPTED,←,glass (material),791,mirror,675,English,153,English,153,(chiefly Brit.) a mirror,glass (material),glass,glass
26150,shift2421,Cognates,2,NEW,—,oak,4510,pine-tree,382,Old Norse,236,Old Norse,236,oak,pine,fereh-eih,fura
26157,shift1401,Polysemy,2,ACCEPTED,→,to lose (an object),2866,to be defeated,2265,English,153,English,153,to lose,to lose,lose,lose
26160,shift1401,Polysemy,5,ACCEPTED,→,to lose (an object),2866,to be defeated,2265,German,169,German,169,to lose (an object),to be defeated,verlieren,verlieren
26164,shift1401,Polysemy,9,ACCEPTED,→,to lose (an object),2866,to be defeated,2265,Icelandic,252,Icelandic,252,to lose,to be defeated,tapa,tapa
26167,shift2989,Polysemy,1,ACCEPTED,→,owner (female),4577,wife,73,Norwegian,24,Norwegian,24,mistress,wife,hustru,hustru
26177,shift7042,Derivation,1,ACCEPTED,→,horse,1661,"horsetail, equisetum",1669,English,153,English,153,horse (Equus caballus),equisetum,horse,horsetail
26180,shift7042,Motivation,4,ACCEPTED,→,horse,1661,"horsetail, equisetum",1669,Dutch,255,Dutch,255,horse (Equus caballus),"horsetail, equisetum",paard,paardenstaart
26190,shift2243,Polysemy,2,ACCEPTED,?,"to follow, go after smb.",2649,to follow logically,2647,English,153,English,153,to follow,to follow logically,to follow,to follow
26192,shift2243,Polysemy,4,ACCEPTED,→,"to follow, go after smb.",2649,to follow logically,2647,Norwegian,24,Norwegian,24,to follow,to follow logically,følge,følge
26193,shift2243,Polysemy,5,ACCEPTED,→,"to follow, go after smb.",2649,to follow logically,2647,Danish,173,Danish,173,to follow,to follow logically,følge,følge
26194,shift2243,Polysemy,6,ACCEPTED,→,"to follow, go after smb.",2649,to follow logically,2647,Swedish,135,Swedish,135,to follow,to follow logically,följa,följa
26197,shift2243,Polysemy,9,ACCEPTED,→,"to follow, go after smb.",2649,to follow logically,2647,German,169,German,169,to follow,to follow logically,folgen,folgen
26217,shift6228,Polysemy,1,NEW,→,time (instance),2201,when,56,English,153,English,153,"one time, once",when,once,once
26231,shift2411,Polysemy,4,ACCEPTED,—,arc,2024,bow (weapon),3659,German,169,German,169,arc,bow,Bogen,Bogen
26234,shift2411,Polysemy,7,ACCEPTED,→,arc,2024,bow (weapon),3659,Norwegian,24,Norwegian,24,arc,bow (weapon),bue,bue
26235,shift2411,Polysemy,8,ACCEPTED,→,arc,2024,bow (weapon),3659,Danish,173,Danish,173,arc,bow (weapon),bue,bue
26236,shift2411,Polysemy,9,ACCEPTED,→,arc,2024,bow (weapon),3659,Swedish,135,Swedish,135,arc,bow (weapon),båge,båge
26237,shift2411,Polysemy,10,NEW,→,arc,2024,bow (weapon),3659,English,153,English,153,something bent into a simple curve or arc,bow (weapon),bow,bow
26254,shift0566,Polysemy,2,ACCEPTED,?,to come,2439,to reach a state,3041,English,153,English,153,to come,to become gradually,come,come
26310,shift0276,Polysemy,6,ACCEPTED,→,expensive,3885,important,1746,Norwegian,24,Norwegian,24,expensive,important,verdifull,verdifull
26311,shift0276,Polysemy,7,ACCEPTED,→,expensive,3885,important,1746,Swedish,135,Swedish,135,expensive,important,värdefull,värdefull
26328,shift2127,Polysemy,1,ACCEPTED,—,cheek,948,mountain slope,732,Icelandic,252,Icelandic,252,cheek,slope,kinn,kinn
26329,shift2127,Polysemy,2,ACCEPTED,?,cheek,948,mountain slope,732,Icelandic,252,Icelandic,252,cheek,slope,vangi,vangi
26330,shift2127,Polysemy,3,ACCEPTED,→,cheek,948,mountain slope,732,Norwegian,24,Norwegian,24,cheek,mountain slope,kinn,kinn
26348,shift1606,Derivation,1,ACCEPTED,→,Romani,1492,to nomadize,2941,English,153,English,153,Gipsy (male and female),(with adverb or prepositional phrase as complement) to travel from place to place,Gipsy,Gipsy
26360,shift0624,Polysemy,4,ACCEPTED,→,to see/to look at,3121,to have an appearance,2746,English,153,English,153,to look at,to have an appearance,look,look
26362,shift0624,Derivation,6,NEW,→,to see/to look at,3121,to have an appearance,2746,German,169,German,169,to see/to look at,to have an appearance,sehen,aussehen
26377,shift4559,Polysemy,1,NEW,→,blind,3624,"solid, entire, continuous",4160,English,153,English,153,blind,"solid, entire, continuous",blind,blind
26381,shift6392,Derivation,2,ACCEPTED,→,sun,4333,moderlieschen,690,English,153,English,153,sun,moderlieschen,sun,sunbleak
26383,shift6392,Derivation,4,ACCEPTED,→,sun,4333,moderlieschen,690,German,169,German,169,sun,moderlieschen,Sonne,Sonnenfischchen
26390,shift4209,Polysemy,2,NEW,→,court (of a sovereign),1114,tribunal,3436,English,153,English,153,court (of a sovereign),tribunal,court,court
26430,shift4263,Derivation,13,ACCEPTED,→,nameless,1821,ring finger,1483,English,153,English,153,nameless,(rare) ring finger,nameless,nameless finger
26486,shift8214,Polysemy,2,NEW,→,to see/to look at,3121,"to concern, be related to",2448,English,153,English,153,to see/to look at,"to concern, be related to",regard,regard
26493,shift0470,Polysemy,5,ACCEPTED,→,eye,3890,vision,3776,English,153,English,153,eye,sight,eye,eye
26495,shift0470,Polysemy,7,ACCEPTED,→,eye,3890,vision,3776,Norwegian,24,Norwegian,24,eye,vision,øye,øye
26509,shift0499,Polysemy,1,NEW,?,nose,1879,informer,1776,English,153,English,153,nose,"informer, telltale",nose,nose
26542,shift1225,Polysemy,3,ACCEPTED,?,ceiling,921,palate,290,English,153,English,153,NA,OF THE MOUTH the hard upper part of the inside of the mouth,roof,roof
26546,shift2417,Derivation,2,ACCEPTED,→,"heathen, pagan",1591,buckwheat,3710,German,169,German,169,pagan,buckwheat,Heide,Heidekorn
26591,shift1055,Syncretism,38,NEW,—,"lead, plumbum",173,tin (n.),2202,English,153,English,153,"lead, plumbum",(obsolete) tin,black lead,white lead
26644,shift5562,Derivation,3,ACCEPTED,→,gold,807,platinum,406,Dutch,255,Dutch,255,gold,(obsolete) platinum,goud,witgoud
26658,shift5562,Derivation,17,ACCEPTED,→,gold,807,platinum,406,German,169,German,169,gold,(obsolete) platinum,Gold,Weiszgold
26659,shift5562,Derivation,18,ACCEPTED,→,gold,807,platinum,406,Swedish,135,Swedish,135,gold,(obsolete) platinum,guld,"vittguld, vitt guld, hwittguld"
26660,shift5562,Derivation,19,ACCEPTED,→,gold,807,platinum,406,Danish,173,Danish,173,gold,(XVIII c.) platinum,guld,"hvide guld, hvidguld"
26668,shift5562,Derivation,27,ACCEPTED,→,gold,807,platinum,406,English,153,English,153,gold,(obsolete) platinum,gold,white gold
26675,shift7289,Motivation,2,ACCEPTED,→,Christmas,975,December,4401,North Frisian,1265,North Frisian,1265,Christmas,December,jül,jülmoune
26706,shift2163,Polysemy,8,ACCEPTED,→,to cut,2484,to stop doing smth.,3227,English,153,English,153,to cut (off),to switch off,cut off,cut off
26713,shift0164,Derivation,5,ACCEPTED,?,"to turn, rotate (intr.)",3327,to return (intr.),3080,English,153,English,153,to spin,to return,turn,return
26726,shift0503,Polysemy,5,ACCEPTED,?,ear,3792,hearing,1587,English,153,English,153,ear,"hearing, musical ear",ear,ear
26734,shift1527,Polysemy,3,ACCEPTED,→,cold,1032,cold (disease),1033,English,153,English,153,"cold, cold weather","(bad) cold, running nose",cold,cold
26789,shift3531,Polysemy,2,ACCEPTED,→,land (vs. sea),153,floor (vs. ceiling),1322,German,169,German,169,"earth, soil",floor,Boden,Boden
26815,shift0870,Polysemy,15,ACCEPTED,→,hot,1673,"passionate, zealous",314,Norwegian,24,Norwegian,24,hot,passionate,het,het
26816,shift0870,Polysemy,16,ACCEPTED,→,hot,1673,"passionate, zealous",314,Danish,173,Danish,173,hot,passionate,hed,hed
26817,shift0870,Polysemy,17,ACCEPTED,→,hot,1673,"passionate, zealous",314,Swedish,135,Swedish,135,hot,"intense, passionate",het,het
26818,shift0870,Polysemy,18,ACCEPTED,→,hot,1673,"passionate, zealous",314,Icelandic,252,Icelandic,252,hot,passionate,heitur,heitur
26823,shift1303,Polysemy,2,ACCEPTED,→,"to pull, to draw",3018,"to slow, linger",3175,Icelandic,252,Icelandic,252,"to draw, to pull; to draw out, to pull out",to postpone,draga,draga
26830,shift1303,Polysemy,9,ACCEPTED,—,"to pull, to draw",3018,"to slow, linger",3175,English,153,English,153,"to pull, to draw, to drag",to move slowly,drag,drag
26833,shift1303,Polysemy,12,ACCEPTED,→,"to pull, to draw",3018,"to slow, linger",3175,Norwegian,24,Norwegian,24,to pull,"to slow, linger",dra,dra
26836,shift6199,Derivation,1,NEW,→,mud,739,Xenopeltis unicolor,554,Norwegian,24,Norwegian,24,mud,Xenopeltis unicolor,mudder,mudderslange
26847,shift6498,Polysemy,1,NEW,→,"to walk, to go",3349,to become,2312,English,153,English,153,"to walk, to go",to become,go,go
26922,shift0797,Polysemy,6,ACCEPTED,—,healthy,1585,correct (adj.),1105,Norwegian,24,Norwegian,24,healthy,"reasonable, practical",sunn,sunn
26923,shift0797,Polysemy,7,ACCEPTED,—,healthy,1585,correct (adj.),1105,Danish,173,Danish,173,healthy,reasonable,sund,sund
26924,shift0797,Polysemy,8,ACCEPTED,—,healthy,1585,correct (adj.),1105,Swedish,135,Swedish,135,healthy,reasonable,sund,sund
26986,shift4753,Derivation,1,NEW,→,priest (Christianity),462,common bullfinch,1048,German,169,German,169,priest (Christianity),bullfinch (Pyrrhula pyrrhula),Pfaffe,Dompfaff
26987,shift4185,Polysemy,1,ACCEPTED,→,"branch, twig",3672,branch (of a river),3671,English,153,English,153,a part of a tree which grows out from the trunk or from a bough,a lateral extension or subdivision extending from the main part of a river,branch,branch
27001,shift2247,Polysemy,3,ACCEPTED,→,free,1371,free of charge,1372,English,153,English,153,free,"free, gratuitous",free,free
27008,shift3276,Polysemy,1,SUSPENDED,→,"underground, subterranean",515,secret,3981,English,153,English,153,underground,secret,underground,underground
27011,shift2701,Polysemy,2,ACCEPTED,—,ram,1425,battering-ram,3532,German,169,German,169,ram,battering ram,Widder,Widder
27016,shift2701,Polysemy,7,ACCEPTED,→,ram,1425,battering-ram,3532,English,153,English,153,ram,battering ram,ram,ram
27020,shift7984,Polysemy,1,NEW,→,leaf,174,clubs (in cards),1015,Icelandic,252,Icelandic,252,leaf,clubs (in cards),lauf,lauf
27057,shift1413,Polysemy,12,ACCEPTED,→,sharp,4022,"keen (of senses, mind)",1704,Norwegian,24,Norwegian,24,sharp,keen (of eyes),skarp,skarp
27058,shift1413,Polysemy,13,ACCEPTED,→,sharp,4022,"keen (of senses, mind)",1704,Swedish,135,Swedish,135,sharp,keen (of senses),skarp,skarp
27059,shift1413,Polysemy,14,ACCEPTED,→,sharp,4022,"keen (of senses, mind)",1704,Icelandic,252,Icelandic,252,sharp,keen (of senses),hvass,hvass
27071,shift0548,Polysemy,5,ACCEPTED,—,"narrow, close",1827,difficult,4433,English,153,English,153,"narrow, tight",hard (circumstances),tight,tight
27078,shift0548,Polysemy,12,ACCEPTED,—,"narrow, close",1827,difficult,4433,Norwegian,24,Norwegian,24,tight,difficult,trang,trang
27079,shift0548,Polysemy,13,ACCEPTED,—,"narrow, close",1827,difficult,4433,Danish,173,Danish,173,tight,difficult,trang,trang
27080,shift0548,Polysemy,14,ACCEPTED,—,"narrow, close",1827,difficult,4433,Swedish,135,Swedish,135,tight,difficult,trang,trang
27081,shift0548,Polysemy,15,ACCEPTED,—,"narrow, close",1827,difficult,4433,Icelandic,252,Icelandic,252,"narrow, close",difficult,þröngur,þröngur
27096,shift2568,Polysemy,3,ACCEPTED,→,knee,1718,genitalia,777,German,169,German,169,"knees, loins",feminine genitalia,Schoß,Schoß
27097,shift2568,Polysemy,4,ACCEPTED,→,knee,1718,genitalia,777,English,153,English,153,knees,loins; genitalia,lap,lap
27099,shift4169,Polysemy,2,NEW,→,to know,2826,to feel,2612,Norwegian,24,Norwegian,24,to know,to feel,kjenne,kjenne
27100,shift4169,Polysemy,3,NEW,→,to know,2826,to feel,2612,Swedish,135,Swedish,135,to know,to feel,känna,känna
27126,shift5495,Polysemy,1,NEW,→,winnowing fan,93,fan (hand-held),1228,English,153,English,153,winnowing fan,fan,fan,fan
27127,shift4195,Polysemy,1,ACCEPTED,→,straight,4292,exactly,3879,English,153,English,153,rectilinear,directly,straight,straight
27129,shift4195,Derivation,3,ACCEPTED,→,straight,4292,exactly,3879,English,153,English,153,straight,exactly,direct,directly
27153,shift7874,Derivation,3,NEW,→,candle,885,icicle,1732,Icelandic,252,Icelandic,252,candle,icicle,kerti,grýlukerti
27171,shift0917,Polysemy,13,NEW,→,"high (size), tall",1624,loud,259,Swedish,135,Swedish,135,"high (size), tall",loud,hög,hög
27177,shift1184,Polysemy,4,ACCEPTED,?,wing,92,flank (military),1311,German,169,German,169,wing,wing (milit.),Flügel,Flügel
27229,shift1632,Polysemy,4,ACCEPTED,→,to flow,2639,to run,3101,German,169,German,169,to flow,to rush,strömen,strömen
27254,shift0522,Derivation,1,ACCEPTED,→,arm,2027,branch (of a river),3671,German,169,German,169,arm,branch (of river),Arm,Flußarm
27269,shift1398,Derivation,4,ACCEPTED,→,cat,905,catnip (Nepeta cataria),913,English,153,English,153,NA,Nepeta cataria,cat,catnip
27283,shift5496,Polysemy,1,ACCEPTED,→,fan (hand-held),1228,electrical fan,3825,English,153,English,153,fan,electrical fan,fan,fan
27284,shift5496,Polysemy,2,ACCEPTED,→,fan (hand-held),1228,electrical fan,3825,Icelandic,252,Icelandic,252,fan,electrical fan,vifta,vifta
27286,shift5496,Polysemy,4,ACCEPTED,→,fan (hand-held),1228,electrical fan,3825,Norwegian,24,Norwegian,24,fan,electrical fan,vifte,vifte
27338,shift3061,Polysemy,1,ACCEPTED,—,to divide into several parts,2541,to distinguish,2537,Old Norse,236,Old Norse,236,"to part, separate, divide","to distinguish, discern, understand",skilja,skilja
27348,shift1010,Polysemy,2,ACCEPTED,→,vessel,3762,blood vessel,3631,English,153,English,153,"a hollow container, especially one used to hold liquid",a duct or canal holding or conveying blood or other fluid,vessel,vessel
27351,shift1010,Polysemy,5,ACCEPTED,→,vessel,3762,blood vessel,3631,German,169,German,169,vessel,blood vessel,Gefäß,Gefäß
27355,shift1010,Polysemy,9,ACCEPTED,→,vessel,3762,blood vessel,3631,Dutch,255,Dutch,255,vessel,blood vessel,vat,vat
27373,shift5378,Derivation,6,ACCEPTED,→,"sacred, holy",3909,sacrum (bone),3911,German,169,German,169,sacred,(obsolete) sacrum (bone),heilig,Heiligenbein
27374,shift5378,Polysemy,7,ACCEPTED,→,"sacred, holy",3909,sacrum (bone),3911,English,153,English,153,sacred,(obsolete) sacrum (bone),holy,holy bone
27375,shift5378,Derivation,8,ACCEPTED,→,"sacred, holy",3909,sacrum (bone),3911,Dutch,255,Dutch,255,sacred,sacrum (bone),heilig,heiligbeen
27413,shift0547,Polysemy,6,ACCEPTED,→,heel (of a foot),1596,heel (of a shoe),1597,English,153,English,153,heel,heel,heel,heel
27415,shift0547,Polysemy,8,ACCEPTED,→,heel (of a foot),1596,heel (of a shoe),1597,Norwegian,24,Norwegian,24,heel (of a foot),heel (of a shoe),hæl,hæl
27416,shift0547,Polysemy,9,ACCEPTED,→,heel (of a foot),1596,heel (of a shoe),1597,Danish,173,Danish,173,heel (of a foot),heel (of a shoe),hæl,hæl
27417,shift0547,Polysemy,10,ACCEPTED,→,heel (of a foot),1596,heel (of a shoe),1597,Icelandic,252,Icelandic,252,heel (of a foot),heel (of a shoe),hæll,hæll
27434,shift1568,Polysemy,2,ACCEPTED,?,"to pull, to draw",3018,"to draw, paint",2551,English,153,English,153,"to pull, to draw",to draw,draw,draw
27445,shift1132,Polysemy,6,ACCEPTED,—,to fall down,2605,to flow into,2640,Icelandic,252,Icelandic,252,to fall,to fall flowing into,falla,falla
27466,shift0433,Derivation,2,ACCEPTED,?,"cover, lid",1121,eyelid,3899,English,153,English,153,"cover, lid",eyelid,lid,eye-lid
27477,shift4375,Polysemy,7,ACCEPTED,→,to ask (for),2238,to pray,2996,Norwegian,24,Norwegian,24,to ask (for),to pray,be,be
27478,shift4375,Polysemy,8,ACCEPTED,→,to ask (for),2238,to pray,2996,Danish,173,Danish,173,to ask (for),to pray,bede,bede
27479,shift4375,Polysemy,9,ACCEPTED,→,to ask (for),2238,to pray,2996,Swedish,135,Swedish,135,to ask (for),to pray,be,be
27480,shift4375,Polysemy,10,ACCEPTED,→,to ask (for),2238,to pray,2996,Icelandic,252,Icelandic,252,to ask (for),to pray,biðja,biðja
27498,shift4375,Polysemy,28,ACCEPTED,—,to ask (for),2238,to pray,2996,English,153,English,153,used as a preface to polite requests or instructions,address a solemn request or expression of thanks to a deity or other object of worship,pray,pray
27550,shift1042,Polysemy,1,ACCEPTED,?,"to drive, to force to move on",2560,to drive (the car),2559,English,153,English,153,to drive,to drive,drive,drive
27594,shift6674,Derivation,3,ACCEPTED,→,&lt;woman&gt;,2,"opening, hole",4551,English,153,English,153,female,"female socket, female plug; a connector for insertion of the male-type plug.",female,female plug
27597,shift2734,Derivation,2,ACCEPTED,→,busy,3728,"commerce, business",1046,English,153,English,153,business,commercial activity,busy,business
27657,shift0275,Polysemy,3,ACCEPTED,→,poisonous,424,sarcastic,3938,English,153,English,153,poisonous,full of malice or spite,venomous,venomous
27668,shift5233,Derivation,2,NEW,→,middle,652,Wednesday,39,German,169,German,169,middle,Wednesday,mitte,Mittwoch
27674,shift5233,Derivation,8,NEW,→,middle,652,Wednesday,39,Icelandic,252,Icelandic,252,middle,Wednesday,miðja,miðvikudagur
27693,shift7525,Derivation,15,ACCEPTED,→,hundred,1689,myriapod,757,German,169,German,169,hundred,myriapod,Hundert,Hundertfüßler
27700,shift7986,Polysemy,1,ACCEPTED,→,mood,707,humor,1686,English,153,English,153,"mood, especially a bad mood; a temporary state of mind or disposition brought upon by an event; an abrupt illogical inclination or whim","quality of being amusing, comical, funny","humor, humour","humor, humour"
27713,shift0751,Polysemy,4,ACCEPTED,?,leaf,174,sheet of paper,4028,English,153,English,153,"leaf, foliage [НБАРС 333]",page (book) [НБАРС 183],leaf,leaf
27714,shift0751,Polysemy,5,ACCEPTED,?,leaf,174,sheet of paper,4028,German,169,German,169,"leaf, petal [НЕМ 174]",sheet of paper,Blatt,Blatt
27721,shift0751,Polysemy,12,ACCEPTED,→,leaf,174,sheet of paper,4028,Norwegian,24,Norwegian,24,leaf,sheet of paper,blad,blad
27722,shift0751,Polysemy,13,ACCEPTED,→,leaf,174,sheet of paper,4028,Danish,173,Danish,173,leaf,sheet of paper,blad,blad
27723,shift0751,Polysemy,14,ACCEPTED,→,leaf,174,sheet of paper,4028,Swedish,135,Swedish,135,leaf,sheet of paper,blad,blad
27724,shift0751,Polysemy,15,ACCEPTED,→,leaf,174,sheet of paper,4028,Icelandic,252,Icelandic,252,leaf,sheet of paper,blað,blað
27765,shift0129,Derivation,7,ACCEPTED,→,Saturn,3946,Saturday,3945,English,153,English,153,the planet Saturn,Saturday,Saturn,Saturday
27789,shift7728,Derivation,1,ACCEPTED,—,grey,846,grey-haired,848,English,153,English,153,"having a color somewhere between white and black, as the ash of an ember",having grey hair,grey,grey-haired
27800,shift4730,Derivation,1,ACCEPTED,→,beech,3557,buckwheat,3710,German,169,German,169,beech,buckwheat,Buche,Buchweizen
27803,shift8119,Derivation,2,NEW,→,hare (Lepus),1562,guinea pig (Cavia porcellus),860,Dutch,255,Dutch,255,hare (Lepus),guinea pig (Cavia porcellus),konijn,Indiaans konijn
27834,shift5514,Derivation,1,NEW,→,juniper,1202,fieldfare,1274,German,169,German,169,juniper (Juniperus),fieldfare,Wacholder,Wacholderdrossel
27858,shift0757,Polysemy,15,NEW,→,to lose one&#39;s way,2872,"to make a mistake, be wrong",2879,English,153,English,153,to lose one's way,"to make a mistake, be wrong",to go astray,to go astray
27864,shift4179,Polysemy,5,ACCEPTED,→,"to strike, hit",3234,strike of lightning,4302,English,153,English,153,"to beat, hit",to strike (of lightning),strike,strike
27865,shift4179,Polysemy,6,ACCEPTED,→,"to strike, hit",3234,strike of lightning,4302,German,169,German,169,to smash,to strike (of lightning),einschlagen,einschlagen
27876,shift1374,Derivation,2,ACCEPTED,→,&lt;thorny plant&gt;,2101,goldfinch (Carduelis),812,German,169,German,169,thistle,goldfinch,Distel,Distelfink
27900,shift2916,Polysemy,9,ACCEPTED,—,worm,123,snake,4136,Norwegian,24,Norwegian,24,worm,snake,orm,orm
27933,shift3957,Polysemy,1,ACCEPTED,—,"to care for, look after",2399,to have mercy,2751,English,153,English,153,"to care for, look after",to have mercy,to spare,to spare
27942,shift1145,Polysemy,1,ACCEPTED,?,cold,1032,indifferent,1766,English,153,English,153,cold,"hard-hearted, insensate",cold,cold
27945,shift1145,Polysemy,4,ACCEPTED,?,cold,1032,indifferent,1766,English,153,English,153,cold,hard-hearted,chill,chill
27947,shift1145,Polysemy,6,ACCEPTED,?,cold,1032,indifferent,1766,English,153,English,153,cool,"indifferent, impassible",cool,cool
27961,shift0046,Polysemy,4,ACCEPTED,?,dog,4458,seal (animal),3973,English,153,English,153,puppy,young sea calf,puppy,puppy
27964,shift0046,Derivation,7,ACCEPTED,→,dog,4458,seal (animal),3973,German,169,German,169,dog,sea calf (lit. Sea dog),Hund,Seehund
27965,shift0046,Derivation,8,ACCEPTED,→,dog,4458,seal (animal),3973,Romansh,35,Romansh,35,dog,seal (animal),chaun,chaun da mar
27980,shift0527,Polysemy,1,NEW,→,forehead,1347,mountain slope,732,Icelandic,252,Icelandic,252,forehead,"steep slope, bluff;",enni,enni
27992,shift6708,Polysemy,1,ACCEPTED,→,number,1893,side of a coin,4072,German,169,German,169,number,side of a coin,Zahl,Zahl
28032,shift0068,Polysemy,12,ACCEPTED,—,morning,712,tomorrow,3398,German,169,German,169,morning,tomorrow,Morgen,morgen
28037,shift0068,Polysemy,17,ACCEPTED,—,morning,712,tomorrow,3398,Norwegian,24,Norwegian,24,morning,tomorrow,morgen,morgen
28038,shift0068,Polysemy,18,ACCEPTED,—,morning,712,tomorrow,3398,Danish,173,Danish,173,morning,tomorrow,morgen,morgen
28039,shift0068,Polysemy,19,ACCEPTED,—,morning,712,tomorrow,3398,Swedish,135,Swedish,135,morning,tomorrow,morgon,morgon
28040,shift0068,Polysemy,20,ACCEPTED,—,morning,712,tomorrow,3398,Icelandic,252,Icelandic,252,morning,tomorrow,morgunn,morgunn
28053,shift0068,Polysemy,33,NEW,—,morning,712,tomorrow,3398,Dutch,255,Dutch,255,morning,tomorrow,morgen,morgen
28110,shift0068,Polysemy,90,NEW,—,morning,712,tomorrow,3398,Old English,114,Old English,114,morning,tomorrow,morgen,morgen
28111,shift0068,Polysemy,91,NEW,—,morning,712,tomorrow,3398,Middle English,6,Middle English,6,morning,tomorrow,morwe,morwe
28197,shift3401,Derivation,7,ACCEPTED,—,frog,1384,"tortoise, turtle",3414,Low German,1230,Low German,1230,toad,"tortoise, turtle",padde,schiltpadde
28198,shift3401,Derivation,8,ACCEPTED,→,frog,1384,"tortoise, turtle",3414,Danish,173,Danish,173,amphibian,"tortoise, turtle",padde,skildpadde
28199,shift3401,Derivation,9,ACCEPTED,—,frog,1384,"tortoise, turtle",3414,Dutch,255,Dutch,255,frog,"tortoise, turtle",pad,schildpad
28203,shift3401,Derivation,13,ACCEPTED,→,frog,1384,"tortoise, turtle",3414,German,169,German,169,toad,"tortoise, turtle",Kröte,Schildkröte
28205,shift3401,Derivation,15,ACCEPTED,—,frog,1384,"tortoise, turtle",3414,Icelandic,252,Icelandic,252,frog,"tortoise, turtle",skjöldur,skjaldbaka
28212,shift3401,Polysemy,22,ACCEPTED,→,frog,1384,"tortoise, turtle",3414,West Frisian,1192,West Frisian,1192,toad,"tortoise, turtle",podde,skyldpod
28241,shift4867,Polysemy,1,ACCEPTED,→,"spade, shovel",4182,spades (in cards),4183,English,153,English,153,"a tool with a sharp-edged, typically rectangular, metal blade and a long handle, used for digging or cutting earth, sand, turf, etc","one of the four suits in a conventional pack of playing cards, denoted by a black inverted heart-shaped figure with a small stalk",spade,spades
28243,shift4867,Derivation,3,ACCEPTED,→,"spade, shovel",4182,spades (in cards),4183,Luxembourgish,840,Luxembourgish,840,"spade, shovel",spades (in cards),Schëpp,Schëppen
28244,shift4867,Derivation,4,ACCEPTED,→,"spade, shovel",4182,spades (in cards),4183,Dutch,255,Dutch,255,"spade, shovel",spades (in cards),schop,schoppen
28245,shift4867,Polysemy,5,ACCEPTED,→,"spade, shovel",4182,spades (in cards),4183,German,169,German,169,"spade, shovel","(regional, card games, often in the plural) spade",Schippe,Schippe
28274,shift0016,Polysemy,8,ACCEPTED,→,sweet (taste),4358,"dear, darling",4397,English,153,English,153,sweet (taste),"synonym of sweetheart, a term of affection",sweet,sweet
28284,shift6913,Derivation,1,ACCEPTED,→,fast (n.),1237,breakfast,3679,English,153,English,153,fast (n.),breakfast,fast,breakfast
28301,shift0785,Derivation,6,ACCEPTED,→,to press,3002,to oppress,2952,English,153,English,153,to press,to oppress,press,oppress
28309,shift0785,Derivation,14,ACCEPTED,→,to press,3002,to oppress,2952,Norwegian,24,Norwegian,24,to press down,to oppress,trykke,undertrykke
28310,shift0785,Derivation,15,ACCEPTED,→,to press,3002,to oppress,2952,Danish,173,Danish,173,to press down,to oppress,trykke,undertrykke
28311,shift0785,Derivation,16,ACCEPTED,→,to press,3002,to oppress,2952,Swedish,135,Swedish,135,to press down,to oppress,trycka,undertrycka
28325,shift3333,Polysemy,5,ACCEPTED,→,to boil (intr.),2361,"to worry, be agitated",3382,English,153,English,153,(with reference to a liquid) reach or cause to reach the temperature at which it bubbles and turns to vapour,(of a person or strong emotion) be stirred up,boil,boil
28327,shift3333,Polysemy,7,ACCEPTED,→,to boil (intr.),2361,"to worry, be agitated",3382,German,169,German,169,"to boil (intransitive), to cook, to prepare food","to be stirred up or agitated, especially with anger",kochen,kochen
28348,shift0838,Polysemy,6,ACCEPTED,—,hump (of a person or camel),1687,hill,1626,German,169,German,169,hump,"hillock, knoll, mound, bump",Buckel,Buckel
28351,shift0838,Polysemy,9,ACCEPTED,—,hump (of a person or camel),1687,hill,1626,English,153,English,153,a rounded protuberance found on the back of a camel or other animal or as an abnormality on the back of a person,a rounded raised mass of earth or land,hump,hump
28354,shift0838,Polysemy,12,ACCEPTED,—,hump (of a person or camel),1687,hill,1626,Dutch,255,Dutch,255,hump (of a person),hummock,bult,bult
28363,shift0357,Polysemy,2,ACCEPTED,→,weak,28,bad,3493,Norwegian,24,Norwegian,24,weak,bad,svak,svak
28364,shift0357,Polysemy,3,ACCEPTED,→,weak,28,bad,3493,Danish,173,Danish,173,weak,not good enough,svag,svag
28365,shift0357,Polysemy,4,ACCEPTED,→,weak,28,bad,3493,Swedish,135,Swedish,135,weak,bad,svag,svag
28377,shift4358,Derivation,7,ACCEPTED,→,"stopper, plug",4285,traffic jam,3423,Norwegian,24,Norwegian,24,"stopper, plug",traffic jam,kork,trafikkork
28389,shift0749,Polysemy,3,ACCEPTED,—,to blow,2355,to breathe,2373,English,153,English,153,breathe,"to breathe, to inhale, to breathe out [NBARS 275]",breathe,breathe
28407,shift1884,Polysemy,5,ACCEPTED,—,to leave,2838,to let,2842,English,153,English,153,go away from,"permit, allow (colloquial, chiefly U.S.)",leave,leave
28411,shift8381,Derivation,1,ACCEPTED,→,oat,4512,September,3996,Luxembourgish,840,Luxembourgish,840,oats,September,Huewer,Huewermount
28415,shift3845,Polysemy,1,ACCEPTED,→,literally,230,figuratively,1278,English,153,English,153,in a literal way or sense,“used for emphasis rather than being actually true”,literally,literally
28421,shift1258,Polysemy,1,ACCEPTED,→,to drop (of liquid),2561,to die,2517,English,153,English,153,to drip,to die,drop,drop
28452,shift0853,Derivation,2,NEW,?,to transit,3310,"to defeat, win",2501,English,153,English,153,to come,"to win, to overcome",come,overcome
28473,shift1311,Polysemy,2,ACCEPTED,?,magpie (Pica pica),567,talkative person,2120,English,153,English,153,magpie,chatterbox,magpie,magpie
28476,shift1311,Polysemy,5,ACCEPTED,?,magpie (Pica pica),567,talkative person,2120,German,169,German,169,magpie,chatterbox (f.),Elster,Elster
28502,shift8386,Derivation,1,ACCEPTED,→,to separate,3127,September,3996,German,169,German,169,"to part, divide, separate",(dated) September,scheiden,Scheiding
28506,shift2526,Internal cognates,2,ACCEPTED,→,white,62,wheat,53,Gothic,228,Gothic,228,white,wheat,hweits,hwaiteis
28508,shift2526,Internal cognates,4,ACCEPTED,→,white,62,wheat,53,Old English,114,Old English,114,white,wheat,hwæte,hwīt
28509,shift2526,Internal cognates,5,ACCEPTED,→,white,62,wheat,53,Middle English,6,Middle English,6,white,wheat,"whit, hwit",whete
28510,shift2526,Internal cognates,6,ACCEPTED,→,white,62,wheat,53,English,153,English,153,white,wheat,white,wheat
28511,shift2526,Internal cognates,7,ACCEPTED,→,white,62,wheat,53,Old High German,147,Old High German,147,white,wheat,wīz,"weizzi, weize"
28512,shift2526,Internal cognates,8,ACCEPTED,→,white,62,wheat,53,Old Norse,236,Old Norse,236,white,wheat,hvítr,hveiti
28514,shift2526,Internal cognates,10,ACCEPTED,→,white,62,wheat,53,Middle High German,10,Middle High German,10,white,wheat,wīz,weizze
28515,shift2526,Internal cognates,11,ACCEPTED,→,white,62,wheat,53,German,169,German,169,white,wheat,weiß,Weizen
28516,shift2526,Internal cognates,12,ACCEPTED,→,white,62,wheat,53,Dutch,255,Dutch,255,white,wheat,wit,weit
28517,shift2526,Internal cognates,13,ACCEPTED,→,white,62,wheat,53,Danish,173,Danish,173,white,wheat,hvid,hvede
28518,shift2526,Internal cognates,14,ACCEPTED,→,white,62,wheat,53,Icelandic,252,Icelandic,252,white,wheat,hvítur,hveiti
28519,shift2526,Internal cognates,15,ACCEPTED,→,white,62,wheat,53,Swedish,135,Swedish,135,white,wheat,vit,vete
28520,shift2526,Internal cognates,16,ACCEPTED,→,white,62,wheat,53,Faroese,92,Faroese,92,white,wheat,hvítur,hveiti
28521,shift2526,Internal cognates,17,ACCEPTED,→,white,62,wheat,53,Limburgish,1461,Limburgish,1461,white,wheat,wit,weit
28522,shift2526,Internal cognates,18,ACCEPTED,→,white,62,wheat,53,Norwegian,24,Norwegian,24,white,wheat,kvit,kveite
28523,shift2526,Internal cognates,19,ACCEPTED,→,white,62,wheat,53,Norwegian,24,Norwegian,24,white,wheat,hvit,hvete
28524,shift2526,Internal cognates,20,ACCEPTED,→,white,62,wheat,53,Luxembourgish,840,Luxembourgish,840,white,wheat,wäiss,Weess
28525,shift2526,Internal cognates,21,ACCEPTED,→,white,62,wheat,53,West Frisian,1192,West Frisian,1192,white,wheat,wyt,weet
28535,shift1166,Derivation,6,ACCEPTED,?,to chew,2425,bit (part of horse harness),3604,German,169,German,169,to bite,bar bit,beissen,Gebiß
28536,shift1166,Derivation,7,ACCEPTED,?,to chew,2425,bit (part of horse harness),3604,English,153,English,153,to bite,bar bit,bite,bit
28547,shift7498,Polysemy,4,ACCEPTED,?,&lt;vessel&gt;,3742,skull,4104,English,153,English,153,pan,skull,pan,pan
28550,shift7498,Derivation,7,ACCEPTED,→,&lt;vessel&gt;,3742,skull,4104,Swedish,135,Swedish,135,"bowl, cup",skull,skål,skalle
28561,shift4898,Polysemy,1,NEW,→,queen,1902,queen (playing card),1904,English,153,English,153,queen,queen (playing card),queen,queen
28595,shift6018,Derivation,18,ACCEPTED,→,to gnaw,2696,rodent,1490,Norwegian,24,Norwegian,24,to gnaw,rodent,gnage,gnager
28596,shift6018,Derivation,19,ACCEPTED,→,to gnaw,2696,rodent,1490,Norwegian,24,Norwegian,24,to gnaw,rodent,gnaga,gnagar
28600,shift6018,Derivation,23,ACCEPTED,→,to gnaw,2696,rodent,1490,Danish,173,Danish,173,to gnaw,rodent,gnave,gnaver
28603,shift6018,Derivation,26,ACCEPTED,→,to gnaw,2696,rodent,1490,German,169,German,169,to gnaw,rodent,nagen,Nager
28605,shift6018,Derivation,28,ACCEPTED,→,to gnaw,2696,rodent,1490,Icelandic,252,Icelandic,252,to gnaw,rodent,naga,nagdýr
28611,shift6018,Derivation,34,ACCEPTED,→,to gnaw,2696,rodent,1490,Swedish,135,Swedish,135,to gnaw,rodent,gnaga,gnagare
28614,shift6018,Derivation,37,ACCEPTED,→,to gnaw,2696,rodent,1490,Dutch,255,Dutch,255,to gnaw,rodent,knagen,knaagdier
28691,shift7901,Polysemy,2,ACCEPTED,—,to be confused,2263,to be surprised,2305,English,153,English,153,to confuse,to surprise,to amaze,to amaze
28709,shift0030,Polysemy,1,ACCEPTED,—,"to get, obtain",2691,must,754,Danish,173,Danish,173,"to get, obtain",must,få,få
28710,shift0030,Polysemy,2,ACCEPTED,→,"to get, obtain",2691,must,754,Norwegian,24,Norwegian,24,to receive,must,få,få
28711,shift0030,Polysemy,3,ACCEPTED,→,"to get, obtain",2691,must,754,Swedish,135,Swedish,135,"to get, obtain",must,få,få
28749,shift7091,Polysemy,1,ACCEPTED,→,"to keep, preserve, retain",2817,to remember,3063,German,169,German,169,"to keep, preserve, retain",to remember,behalten,behalten
28758,shift0886,Polysemy,6,ACCEPTED,?,"bile, gall",3589,anger,1996,English,153,English,153,bile,"rage, grudge",gall,gall
28787,shift2700,Polysemy,6,ACCEPTED,→,"rope, cord",1504,unit of length,528,Dutch,255,Dutch,255,anchor tow,cable length,kabeltouw,kabeltouw
28805,shift3815,Polysemy,1,ACCEPTED,—,runner,1523,bishop (chess),3602,Danish,173,Danish,173,runner,bishop (chess),løber,løber
28808,shift3815,Polysemy,4,ACCEPTED,→,runner,1523,bishop (chess),3602,Romansh,35,Romansh,35,runner,bishop (chess),currider,currider
28827,shift2328,Polysemy,2,ACCEPTED,—,healthy,1585,competent,1069,English,153,English,153,"in good condition; not damaged, injured, or diseased","competent, reliable, or holding acceptable views",sound,sound
28868,shift2771,Derivation,3,ACCEPTED,→,to be born,2259,birthmark,3599,English,153,English,153,birth,birthmark,birth,birthmark
28892,shift1004,Polysemy,7,ACCEPTED,→,mat,603,whore,67,German,169,German,169,"skin, leather (animal)",whore,Balg,Balg
28894,shift3470,Polysemy,2,ACCEPTED,→,to rein in,3056,"to restrain, control one’s feelings",3077,English,153,English,153,to rein in,"to control, restrain",rein in,rein in
28902,shift0744,Polysemy,7,ACCEPTED,?,tongue (body part),3400,language,154,German,169,German,169,tongue,language (speech),Zunge,Zunge
28912,shift0744,Polysemy,17,NEW,→,tongue (body part),3400,language,154,English,153,English,153,tongue (body part),speech,tongue,tongue
28962,shift3938,Polysemy,1,ACCEPTED,→,to shoot,3149,"to discharge, dismiss",2527,English,153,English,153,to fire (of a weapon),"to discharge, dismiss",fire,fire
28963,shift3938,Polysemy,2,ACCEPTED,→,to shoot,3149,"to discharge, dismiss",2527,Danish,173,Danish,173,to fire (of a weapon),"to discharge, dismiss",fyre,fyre
28997,shift5636,Derivation,2,NEW,→,sun,4333,ladybird,145,German,169,German,169,sun,ladybird,Sonne,Sonnenkäfer
29007,shift0254,Polysemy,4,ACCEPTED,→,"light, bright, clear",212,clever,999,English,153,English,153,bright,intelligent,bright,bright
29014,shift1333,Polysemy,2,ACCEPTED,→,hare (Lepus),1562,coward,1123,German,169,German,169,hare,coward,Hase,Hase
29041,shift0394,Polysemy,5,ACCEPTED,→,"miserable, unhappy",680,"poor, needy",437,German,169,German,169,poor,miserable,arm,arm
29046,shift0394,Polysemy,10,ACCEPTED,—,"miserable, unhappy",680,"poor, needy",437,English,153,English,153,miserable,poor,poor,poor
29047,shift0394,Polysemy,11,ACCEPTED,—,"miserable, unhappy",680,"poor, needy",437,Icelandic,252,Icelandic,252,"miserable, unhappy","poor, needy",armur,armur
29054,shift5875,Polysemy,2,NEW,→,to go out,2708,to have relationships (romantic or sexual),2753,English,153,English,153,to go out,to have relationships (romantic or sexual),to go out,to go out
29130,shift1642,Cognates,1,ACCEPTED,→,to bring,2377,to give birth,2693,Icelandic,252,Icelandic,252,to carry,to bring forth (offsprings),bera,bera
29134,shift1642,Polysemy,5,ACCEPTED,→,to bring,2377,to give birth,2693,Norwegian,24,Norwegian,24,to carry,to deliver (a child),bære,bære
29135,shift1642,Polysemy,6,ACCEPTED,→,to bring,2377,to give birth,2693,Danish,173,Danish,173,to carry,to deliver (a child),bære,bære
29153,shift7495,Derivation,6,ACCEPTED,→,pig (Sus scrofa),369,porcupine,443,English,153,English,153,pig (Sus scrofa),porcupine,pig,spine pig
29193,shift3145,Polysemy,2,ACCEPTED,→,shoal,4042,troop (of fishes),3443,English,153,English,153,"bank, sand bank",troop (of fishes),shoal,shoal
29196,shift3145,Polysemy,5,SUSPENDED,→,shoal,4042,troop (of fishes),3443,Dutch,255,Dutch,255,shoal,large group of fish or other sea creatures of the same species swimming together,school,school
29203,shift2550,Polysemy,5,ACCEPTED,→,low (location),263,of low rank,4524,Norwegian,24,Norwegian,24,low (location),subordinate (in rank),lav,lav
29218,shift0767,Polysemy,3,ACCEPTED,?,dark (adj.),4382,incomprehensible,1762,English,153,English,153,dark (OERD 1003],"unclear, vague",obscure,obscure
29219,shift0767,Polysemy,4,ACCEPTED,?,dark (adj.),4382,incomprehensible,1762,German,169,German,169,dark [Duden 880],"unclear, vague",dunkel,dunkel
29224,shift0767,Polysemy,9,ACCEPTED,→,dark (adj.),4382,incomprehensible,1762,English,153,English,153,dark (adj.),incomprehensible,opaque,opaque
29225,shift0767,Polysemy,10,ACCEPTED,→,dark (adj.),4382,incomprehensible,1762,English,153,English,153,dark (adj.),incomprehensible,murky,murky
29226,shift0767,Polysemy,11,ACCEPTED,→,dark (adj.),4382,incomprehensible,1762,English,153,English,153,dark (adj.),incomprehensible,muddy,muddy
29230,shift5302,Polysemy,1,NEW,→,pig (Sus scrofa),369,police officer,430,English,153,English,153,pig (Sus scrofa),police officer,pig,pig
29235,shift0411,Derivation,1,ACCEPTED,→,wheel,54,vehicle,3753,German,169,German,169,wheel,bicycle,Rad,Fahrrad
29301,shift1816,Derivation,7,ACCEPTED,→,to hang,2733,to depend,2507,English,153,English,153,to hang,to depend,hang,hang on
29302,shift1816,Derivation,8,ACCEPTED,→,to hang,2733,to depend,2507,Norwegian,24,Norwegian,24,to hang,to depend,henge,avhenge
29303,shift1816,Derivation,9,ACCEPTED,→,to hang,2733,to depend,2507,Danish,173,Danish,173,to hang,to depend,hænge,afhænge
29304,shift1816,Derivation,10,ACCEPTED,→,to hang,2733,to depend,2507,Swedish,135,Swedish,135,to hang,to depend,hänga,avhänga
29316,shift3317,Polysemy,4,ACCEPTED,→,&lt;dish&gt;,4374,"disorder, mess",4446,English,153,English,153,"a dish of cooked meat cut into small pieces and recooked, usually with potatoes",a mixture of jumbled incongruous things; a mess,hash,hash
29326,shift1465,Derivation,4,ACCEPTED,→,face,1214,surface,4345,English,153,English,153,face,surface,face,surface
29333,shift1211,Polysemy,2,ACCEPTED,?,to feel thirsty,2621,to want,3353,English,153,English,153,thirst,strong desire,thirst,thirst
29347,shift0013,Polysemy,11,ACCEPTED,—,"to calculate, count",2393,to have opinion,2752,German,169,German,169,to count,to be regarded as,zählen,zählen
29355,shift0013,Polysemy,19,ACCEPTED,—,"to calculate, count",2393,to have opinion,2752,English,153,English,153,to find the number of smth.,"to consider to be, to regard as",count,count
29374,shift0013,Polysemy,38,ACCEPTED,→,"to calculate, count",2393,to have opinion,2752,Icelandic,252,Icelandic,252,to count,to have opinion,telja,telja
29375,shift0013,Polysemy,39,ACCEPTED,→,"to calculate, count",2393,to have opinion,2752,Norwegian,24,Norwegian,24,to calculate,to consider as,regne,regne
29376,shift0013,Polysemy,40,ACCEPTED,→,"to calculate, count",2393,to have opinion,2752,Swedish,135,Swedish,135,to count,to consider as,räkna,räkna
29377,shift0013,Polysemy,41,ACCEPTED,→,"to calculate, count",2393,to have opinion,2752,Danish,173,Danish,173,to calculate,to consider as,regne,regne
29397,shift1075,Polysemy,2,ACCEPTED,?,to shine,3144,to seem,3122,German,169,German,169,"to shine, to glisten",to seem,scheinen,scheinen
29398,shift8224,Polysemy,1,ACCEPTED,→,activity,1940,"commerce, business",1046,German,169,German,169,occupation,"business, commercial activity",Geschäft,Geschäft
29409,shift2385,Polysemy,3,ACCEPTED,→,to croak,2476,to predict misfortune,2998,English,153,English,153,(of a frog or crow) make a characteristic deep hoarse sound,"archaic prophesy evil or misfortune, esp. unjustifiably and to the irritation of others",croak,croak
29440,shift1798,Polysemy,4,ACCEPTED,→,"to ride (e.g., a horse)",3086,to copulate,2462,Icelandic,252,Icelandic,252,to ride on horseback,"to copulate, to have sexual intercourse",ríða,ríða
29441,shift1798,Polysemy,5,ACCEPTED,→,"to ride (e.g., a horse)",3086,to copulate,2462,Danish,173,Danish,173,"to ride (e.g., a horse)",to copulate,ride,ride
29487,shift8231,Motivation,1,ACCEPTED,→,mallow,573,marsh mallow,598,English,153,English,153,Malva,Althaea officinalis,mallow,marsh mallow
29488,shift8231,Polysemy,2,ACCEPTED,—,mallow,573,marsh mallow,598,Middle English,6,Middle English,6,mallow,marsh mallow,"hocke, hokke, hoc","hocke, hokke, hoc"
29489,shift5505,Derivation,1,ACCEPTED,→,"nut, hazel",1898,Eurasian nuthatch,3861,English,153,English,153,"nut, hazel",Eurasian nuthatch,nut,nuthatch
29490,shift5505,Derivation,2,ACCEPTED,→,"nut, hazel",1898,Eurasian nuthatch,3861,Swedish,135,Swedish,135,"nut, hazel",Eurasian nuthatch,nöt,nötväcka
29493,shift7898,Polysemy,2,ACCEPTED,→,to lose one&#39;s mind,2871,to be surprised,2305,English,153,English,153,to be unable to think clearly,"to be surprised, shocked",to be stupefied,to be stupefied
29496,shift7898,Polysemy,5,ACCEPTED,—,to lose one&#39;s mind,2871,to be surprised,2305,English,153,English,153,to deprive of consciousness or strength,to be surprised,to stun,to stun
29533,shift3406,Semantic evolution,1,ACCEPTED,→,mind (n.),667,joke,1194,German,169,German,169,knowledge,joke,Witz,Witz
29534,shift3406,Polysemy,2,ACCEPTED,→,mind (n.),667,joke,1194,Yiddish,341,Yiddish,341,wisdom,pleasantry,chóchme,chóchme
29535,shift3406,Polysemy,3,NEW,→,mind (n.),667,joke,1194,German,169,German,169,perspicacity,wittiness,Scharfsinn,Scharfsinn
29552,shift5054,Polysemy,1,ACCEPTED,→,to speak,3193,to correspond,2464,German,169,German,169,to speak,to be compatible,sprechen,entsprechen
29579,shift5222,Polysemy,2,ACCEPTED,→,sky,4106,bed canopy,3550,German,169,German,169,sky,bed canopy,Himmel,Himmel
29580,shift5222,Polysemy,3,ACCEPTED,→,sky,4106,bed canopy,3550,Norwegian,24,Norwegian,24,sky,bed canopy,himmel,himmel
29581,shift5222,Polysemy,4,ACCEPTED,→,sky,4106,bed canopy,3550,Danish,173,Danish,173,sky,bed canopy,himmel,himmel
29582,shift5222,Polysemy,5,ACCEPTED,→,sky,4106,bed canopy,3550,Swedish,135,Swedish,135,sky,bed canopy,himmel,himmel
29583,shift5222,Polysemy,6,ACCEPTED,→,sky,4106,bed canopy,3550,Icelandic,252,Icelandic,252,sky,bed canopy,himinn,himinn
29620,shift4371,Derivation,1,ACCEPTED,→,to sink into,3159,anchor,1991,Old High German,147,Old High German,147,to sink,anchor,senken,"senchil, senchila"
29627,shift2829,Polysemy,3,ACCEPTED,→,bone marrow,3646,core (of plant),1096,German,169,German,169,marrow,core (of a plant),Mark,Mark
29636,shift2499,Polysemy,2,NEW,—,to drill,2556,pain,284,German,169,German,169,to bore,to bore (pain),bohren,bohren
29637,shift4866,Polysemy,1,NEW,→,club (a weapon),1013,clubs (in cards),1015,English,153,English,153,"a heavy stick with a thick end, used as a weapon","one of the four suits in a conventional pack of playing cards, denoted by a black trefoil",club,clubs
29670,shift4104,Polysemy,1,NEW,—,soaked in sauce,4146,experienced,3887,English,153,English,153,soaked in sauce,"toughened by being in a challening situation for a long time, specifically a military conflict",seasoned,seasoned
29682,shift8051,Polysemy,7,ACCEPTED,—,twin,3471,conjoined fruits,1080,Dutch,255,Dutch,255,twin,"conjoined fruits (""twee tezamen gegroeide vruchten"")",tweeling,tweeling
29692,shift4848,Polysemy,5,NEW,→,body part,3642,member,631,German,169,German,169,body part,member,Glied,Glied
29718,shift4022,Polysemy,1,ACCEPTED,→,father,1242,defender,4407,English,153,English,153,father,defender,father,father
29738,shift1294,Semantic evolution,8,ACCEPTED,→,"many, much",584,very,3761,Norwegian,24,Norwegian,24,many,very,meget,meget
29739,shift1294,Semantic evolution,9,ACCEPTED,→,"many, much",584,very,3761,Danish,173,Danish,173,many,very,meget,meget
29740,shift1294,Derivation,10,ACCEPTED,→,"many, much",584,very,3761,Swedish,135,Swedish,135,many,very,mycken,mycket
29754,shift5176,Polysemy,2,ACCEPTED,—,to sail,3107,to soar,3185,German,169,German,169,"to sail, to navigate (under sail)","to soar, to hover",segeln,segeln
29766,shift1807,Polysemy,2,ACCEPTED,→,to see/to look at,3121,to guard,2731,English,153,English,153,"to look, to observe",to guard,to watch,to watch
29801,shift1317,Polysemy,3,ACCEPTED,?,to sit down,3161,"to set (of Moon, Sun)",3129,English,153,English,153,NA,NA,set,set
29818,shift3199,Derivation,1,ACCEPTED,→,cereal,933,cornflower (Centaurea),1102,German,169,German,169,"bread, corn; rye",cornflower (Centaurea cyanus L.),Korn,Kornblume
29830,shift1394,Polysemy,9,ACCEPTED,→,donkey,4463,fool,1336,Danish,173,Danish,173,donkey,fool,æsel,æsel
29831,shift1394,Polysemy,10,ACCEPTED,→,donkey,4463,fool,1336,Swedish,135,Swedish,135,donkey,fool,åsna,åsna
29832,shift1394,Polysemy,11,ACCEPTED,→,donkey,4463,fool,1336,Icelandic,252,Icelandic,252,donkey,fool,asni,asni
29856,shift6503,Derivation,6,ACCEPTED,→,May,609,cockchafer,1024,Dutch,255,Dutch,255,May,cockchafer,mei,meikever
29857,shift6503,Derivation,7,ACCEPTED,→,May,609,cockchafer,1024,German,169,German,169,May,cockchafer,Mai,Maikäfer
29862,shift6503,Derivation,12,ACCEPTED,→,May,609,cockchafer,1024,English,153,English,153,May,cockchafer,May,May beetle
29870,shift6503,Derivation,20,ACCEPTED,→,May,609,cockchafer,1024,Low German,1230,Low German,1230,May,cockchafer,Mai,Maikäver
29872,shift6503,Derivation,22,ACCEPTED,→,May,609,cockchafer,1024,Luxembourgish,840,Luxembourgish,840,May,cockchafer,Mai,Maikäfer
29885,shift2651,Derivation,3,ACCEPTED,→,to feel hunger,2616,to want,3353,Gothic,228,Gothic,228,hunger,desire,grēdus,gairnjan
29900,shift4334,Polysemy,1,NEW,—,to ride a surfboard,3087,to browse through (a digital source),2382,English,153,English,153,to ride a surfboard,to browse through (a digital source),surf,surf
29914,shift1150,Polysemy,4,ACCEPTED,→,low (location),263,bad (ethically),3494,English,153,English,153,low,"mean, base",low,low
29919,shift1150,Polysemy,9,ACCEPTED,→,low (location),263,bad (ethically),3494,German,169,German,169,'not high',"'morally low, base'",niedrig,niedrig
29924,shift1150,Polysemy,14,ACCEPTED,→,low (location),263,bad (ethically),3494,Danish,173,Danish,173,low (location),"bad, immoral",lav,lav
29925,shift1150,Polysemy,15,ACCEPTED,→,low (location),263,bad (ethically),3494,Swedish,135,Swedish,135,low (location),bad (ethically),låg,låg
29933,shift1522,Derivation,1,ACCEPTED,→,head,1578,"heading, title",1579,English,153,English,153,NA,NA,head,heading
29942,shift5057,Polysemy,1,ACCEPTED,→,dry,4491,dry (wine),4492,English,153,English,153,dry,dry (wine),dry,dry
29943,shift5057,Polysemy,2,ACCEPTED,→,dry,4491,dry (wine),4492,Norwegian,24,Norwegian,24,dry,dry (wine),tørr,tørr
29946,shift5057,Polysemy,5,ACCEPTED,→,dry,4491,dry (wine),4492,Danish,173,Danish,173,dry,dry (wine),tør,tør
29951,shift5057,Polysemy,10,ACCEPTED,→,dry,4491,dry (wine),4492,Swedish,135,Swedish,135,dry,dry (wine),torr,torr
29957,shift2875,Derivation,2,ACCEPTED,→,torso,3413,fat (adj.)(of a person),1239,German,169,German,169,"trunk, body","fat, portly",Leib,beleibt
29972,shift5604,Derivation,5,ACCEPTED,→,to pray,2996,mantis,582,Dutch,255,Dutch,255,to pray,mantis,bidden,bidsprinkhaan
29973,shift5604,Derivation,6,ACCEPTED,→,to pray,2996,mantis,582,English,153,English,153,to pray,species Mantis religiosa; any of various predatory insects of the Mantidae family,pray,praying mantis
29974,shift5604,Derivation,7,ACCEPTED,→,to pray,2996,mantis,582,German,169,German,169,female worshipper,mantis,Anbeterin,Gottesanbeterin
29978,shift5604,Derivation,11,ACCEPTED,→,to pray,2996,mantis,582,Swedish,135,Swedish,135,prayer,mantis,bön,bönsyrsa
30032,shift4421,Polysemy,5,ACCEPTED,→,almond,1973,tonsil,3401,Romansh,35,Romansh,35,almond,tonsil,mandel,mandel
30033,shift4421,Polysemy,6,ACCEPTED,→,almond,1973,tonsil,3401,Swedish,135,Swedish,135,almond,tonsil,mandel,mandel
30034,shift4421,Polysemy,7,ACCEPTED,→,almond,1973,tonsil,3401,Norwegian,24,Norwegian,24,almond,tonsil,mandel,mandel
30035,shift4421,Polysemy,8,ACCEPTED,→,almond,1973,tonsil,3401,Danish,173,Danish,173,almond,tonsil,mandel,mandel
30042,shift4421,Polysemy,15,ACCEPTED,→,almond,1973,tonsil,3401,German,169,German,169,almond,tonsil,Mandel,Mandel
30043,shift4421,Polysemy,16,ACCEPTED,→,almond,1973,tonsil,3401,Dutch,255,Dutch,255,almond (nut),tonsil,amandel,amandel
30055,shift0674,Polysemy,2,ACCEPTED,—,&lt;artiodactyl (even-toed animal)&gt;,1917,woman,109,English,153,English,153,jade,bad-tempered or disreputable woman,jade,jade
30058,shift0674,Polysemy,5,ACCEPTED,→,&lt;artiodactyl (even-toed animal)&gt;,1917,woman,109,English,153,English,153,"(UK, derogatory, slang) a foolish woman",woman,mare,mare
30069,shift1361,Polysemy,2,ACCEPTED,?,to change (tr.),2417,to change clothes,2418,English,153,English,153,to change,to change (clothes),change,change
30071,shift1361,Polysemy,4,ACCEPTED,?,to change (tr.),2417,to change clothes,2418,English,153,English,153,to change,to change clothes (scot.),shift,shift
30077,shift6406,Derivation,3,ACCEPTED,→,hair,1541,comet,1043,Old English,114,Old English,114,hair,comet,feax,feaxede steorra
30080,shift5957,Polysemy,2,ACCEPTED,→,to wither,3379,to lose colour,2867,English,153,English,153,"to grow weak; to lose strength; to decay; to perish gradually; to wither, as a plant","To lose freshness, color, or brightness; to become faint in hue or tint; hence, to be wanting in color",fade,fade
30085,shift8333,Polysemy,5,ACCEPTED,—,child,957,girl,786,Middle English,6,Middle English,6,child of either sex,"girl, young woman","girle, gyrle, gurle, geerle, garle","girle, gyrle, gurle, geerle, garle"
30176,shift7182,Motivation,1,NEW,→,butcher,3730,shrike,4058,English,153,English,153,butcher,(US) shrike,butcher,butcherbird
30190,shift0489,Polysemy,9,ACCEPTED,→,mouth,735,speech,4193,Norwegian,24,Norwegian,24,mouth,speech,munn,munn
30191,shift0489,Polysemy,10,ACCEPTED,→,mouth,735,speech,4193,Danish,173,Danish,173,mouth,speech,mund,mund
30192,shift0489,Polysemy,11,ACCEPTED,→,mouth,735,speech,4193,Swedish,135,Swedish,135,mouth,speech,mun,mun
30195,shift6226,Polysemy,2,ACCEPTED,→,to break (intr.),2368,to break (of male voice),2369,English,153,English,153,to break (intr.),to break (of male voice),break,break
30196,shift6226,Polysemy,3,ACCEPTED,→,to break (intr.),2368,to break (of male voice),2369,German,169,German,169,to break (intr.),to break (of male voice),brechen,brechen
30216,shift2731,Polysemy,3,ACCEPTED,—,"board, plank",3638,"table, desk",2107,Old English,114,Old English,114,board,table,bord,bord
30220,shift2731,Polysemy,7,ACCEPTED,—,"board, plank",3638,"table, desk",2107,Danish,173,Danish,173,plank (in a ship),table; desk,bord,bord
30221,shift2731,Polysemy,8,ACCEPTED,—,"board, plank",3638,"table, desk",2107,Faroese,92,Faroese,92,plank (in a ship),table; desk,borð,borð
30222,shift2731,Polysemy,9,ACCEPTED,—,"board, plank",3638,"table, desk",2107,Icelandic,252,Icelandic,252,"plank, board (long flat piece of wood)",table; desk,borð,borð
30234,shift6491,Polysemy,1,NEW,→,curved,1167,homosexual,1639,Norwegian,24,Norwegian,24,curved,homosexual,skeiv,skeiv
30242,shift4053,Polysemy,6,ACCEPTED,→,to make sit,2897,to plant,2979,German,169,German,169,to cause to sit (to set),"to plant, put (a seed or plant) in the ground",setzen,setzen
30253,shift5616,Derivation,6,ACCEPTED,→,to hunt,2776,fighter plane,1277,German,169,German,169,"hunting, hunt",fighter plane,Jagd,Jagdflugzeug
30254,shift5616,Derivation,7,ACCEPTED,→,to hunt,2776,fighter plane,1277,Dutch,255,Dutch,255,"hunting, hunt",fighter plane,jacht,jachtvliegtuig
30268,shift4870,Derivation,4,ACCEPTED,→,square (geometrical),4233,diamonds (in cards),4429,Danish,173,Danish,173,square window pane; square,diamonds (in cards),rude,ruder
30274,shift7813,Motivation,1,ACCEPTED,→,cat,905,pyrite,500,German,169,German,169,cat,pyrite,Katze,Katzengold
30295,shift0764,Polysemy,7,ACCEPTED,—,bitter,3607,sad,3912,English,153,English,153,bitter,sad,bitter,bitter
30301,shift0764,Polysemy,13,ACCEPTED,→,bitter,3607,sad,3912,Norwegian,24,Norwegian,24,bitter,"sorrowful, disappointed",bitter,bitter
30302,shift0764,Polysemy,14,ACCEPTED,→,bitter,3607,sad,3912,Danish,173,Danish,173,bitter,"sorrowful, disappointed",bitter,bitter
30303,shift0764,Polysemy,15,ACCEPTED,→,bitter,3607,sad,3912,Swedish,135,Swedish,135,bitter,"sorrowful, angry",bitter,bitter
30304,shift0764,Polysemy,16,ACCEPTED,→,bitter,3607,sad,3912,Icelandic,252,Icelandic,252,bitter,sad,bitur,bitur
30332,shift4752,Derivation,1,NEW,→,gold,807,common bullfinch,1048,Dutch,255,Dutch,255,gold,bullfinch (Pyrrhula pyrrhula),goud,goudvink
30338,shift6874,Polysemy,2,NEW,→,light (n.),210,"state, situation",4250,English,153,English,153,light (n.),"state, situation",light,light
30347,shift1590,Polysemy,6,ACCEPTED,—,to fall down,2605,"to get (to), to find oneself (in)",2669,Norwegian,24,Norwegian,24,to fall down,to get (to),falle,falle
30348,shift1590,Polysemy,7,ACCEPTED,—,to fall down,2605,"to get (to), to find oneself (in)",2669,Swedish,135,Swedish,135,to fall down,"to get (to), to find oneself (in)",falla,falla
30349,shift1590,Polysemy,8,ACCEPTED,—,to fall down,2605,"to get (to), to find oneself (in)",2669,Icelandic,252,Icelandic,252,to fall down,"to get (to), to find oneself (in)",falla,falla
30354,shift2111,Polysemy,1,ACCEPTED,?,rooster,1497,bully,3718,English,153,English,153,rooster,bully,rooster,rooster
30378,shift0043,Polysemy,6,ACCEPTED,←,to want,3353,to love,2874,English,153,English,153,"to desire, to long for",to love,love,love
30390,shift1310,Derivation,5,ACCEPTED,→,to press,3002,"to restrain, control one’s feelings",3077,Norwegian,24,Norwegian,24,to press down,"to restrain, control one’s feelings",trykke,undertrykke
30391,shift1310,Derivation,6,ACCEPTED,→,to press,3002,"to restrain, control one’s feelings",3077,Danish,173,Danish,173,to press down,"to restrain, control one’s feelings",trykke,undertrykke
30392,shift1310,Derivation,7,ACCEPTED,→,to press,3002,"to restrain, control one’s feelings",3077,Swedish,135,Swedish,135,to press down,"to restrain, control one’s feelings",trycka,förtrycka
30403,shift7290,Motivation,1,ACCEPTED,→,Jesus Christ,1186,December,4401,Pennsylvania German,1266,Pennsylvania German,1266,Jesus Christ,December,Grischt,Grischtmunet
30418,shift3062,Polysemy,1,NEW,—,to blink (by eyes),2352,to tremble,3315,Old Norse,236,Old Norse,236,to twinkle,"to shake, shiver",titra,titra
30419,shift6729,Polysemy,1,ACCEPTED,→,"seat, chair",3977,bridge (of musical imstrument),3690,Danish,173,Danish,173,"seat, chair",bridge (of musical imstrument),stol,stol
30420,shift6729,Polysemy,2,ACCEPTED,→,"seat, chair",3977,bridge (of musical imstrument),3690,Norwegian,24,Norwegian,24,"seat, chair",bridge (of musical imstrument),stol,stol
30437,shift8396,Polysemy,2,NEW,→,to break (intr.),2368,to fall in love,2606,English,153,English,153,to squeeze or force by pressure so as to alter or destroy structure; to reduce to particles by pounding or grinding (Merriam-Webster),to experience an intense and usually passing infatuation  (Merriam-Webster),crush,crush
30496,shift1188,Polysemy,4,ACCEPTED,→,&lt;foreigner&gt;,1210,slave,4111,Old English,114,Old English,114,foreigner (initially Briton or Welshman),slave,wealh,wealh
30525,shift2583,Derivation,1,ACCEPTED,→,look (n.),252,"instant, moment",1789,German,169,German,169,"look, gaze",instant,Blick,Augenblick
30530,shift6123,Derivation,4,ACCEPTED,→,third,2175,Tuesday,3458,Icelandic,252,Icelandic,252,third,Tuesday,þriðja,priðjudagur
30537,shift2373,Polysemy,4,ACCEPTED,→,winter,94,year,2077,Old English,114,Old English,114,winter,year,winter,winter
30552,shift8376,Polysemy,1,ACCEPTED,→,goat,803,driver&#39;s seat,4483,German,169,German,169,"buck, ram; the male of certain animals, especially goat, sheep, and roedeer",a seat for a coachman,Bock,Bock
30554,shift8376,Polysemy,3,ACCEPTED,→,goat,803,driver&#39;s seat,4483,Luxembourgish,840,Luxembourgish,840,"buck, ram; the male of certain animals, especially goat, sheep, and roedeer",driver's seat,Bock,Bock
30555,shift8376,Polysemy,4,ACCEPTED,→,goat,803,driver&#39;s seat,4483,Swedish,135,Swedish,135,buck (male goat),a seat for a coachman,bock,bock
30564,shift1977,Derivation,3,ACCEPTED,→,oar,4511,to row (with oars),3098,German,169,German,169,paddle,to row,Ruder,rudern
30590,shift5151,Polysemy,4,NEW,→,"to be in vertical position, to stand",2283,to stand still,3215,Norwegian,24,Norwegian,24,"to be in vertical position, to stand",to stand still,stå,stå
30594,shift4735,Polysemy,1,ACCEPTED,→,caterpillar,910,caterpillar track,911,English,153,English,153,larva of a butterfly or moth; leafworm,"continuous track in the form of a steel or rubber belt fitted instead of wheels to crawlers, bulldozers, tanks and similar off-road vehicles.",caterpillar,caterpillar
30599,shift4735,Polysemy,6,ACCEPTED,→,caterpillar,910,caterpillar track,911,Dutch,255,Dutch,255,caterpillar,caterpillar track,rups,rups
30618,shift7756,Polysemy,1,NEW,—,camp,880,bearing (mechanical device),3544,German,169,German,169,camp,bearing (mechanical device),Lager,Lager
30631,shift2480,Derivation,6,ACCEPTED,→,"firm, solid",1296,fortress,1353,Middle High German,10,Middle High German,10,"firm, fast",fortress,veste,vestenunge
30632,shift2480,Derivation,7,ACCEPTED,→,"firm, solid",1296,fortress,1353,Norwegian,24,Norwegian,24,"firm, solid",fortress,fast,festning
30633,shift2480,Derivation,8,ACCEPTED,→,"firm, solid",1296,fortress,1353,Danish,173,Danish,173,solid,fortress,fast,fæstning
30634,shift2480,Derivation,9,ACCEPTED,→,"firm, solid",1296,fortress,1353,Swedish,135,Swedish,135,"firm, solid",fortress,fast,fästning
30641,shift1404,Polysemy,3,ACCEPTED,→,pregnant,456,fraught with consequences,1368,English,153,English,153,pregnant,fraught with consequences,pregnant,pregnant
30661,shift3305,Derivation,4,ACCEPTED,→,road,1486,plantain (Plantago),400,German,169,German,169,road,ribwort,Weg,Wegerich
30669,shift3605,Polysemy,3,ACCEPTED,←,descendant,4417,sprout,4227,German,169,German,169,offspring (of a family),"offshoot, offspring, sprout",Schößling,Schößling
30677,shift4010,Derivation,3,ACCEPTED,→,father,1242,ancestor,1990,English,153,English,153,father,ancestors,father,fathers
30693,shift4010,Derivation,19,ACCEPTED,→,father,1242,ancestor,1990,German,169,German,169,father,ancestor,Vater,Väter
30694,shift4010,Derivation,20,ACCEPTED,→,father,1242,ancestor,1990,Dutch,255,Dutch,255,father,ancestors,vader,vaderen
30728,shift0067,Polysemy,14,ACCEPTED,→,"light, bright, clear",212,comprehensible,1074,Norwegian,24,Norwegian,24,"light, bright",comprehensible,klar,klar
30729,shift0067,Polysemy,15,ACCEPTED,→,"light, bright, clear",212,comprehensible,1074,Danish,173,Danish,173,"light, bright",comprehensible,klar,klar
30730,shift0067,Polysemy,16,ACCEPTED,→,"light, bright, clear",212,comprehensible,1074,English,153,English,153,to illuminate,to make comprehensible,illuminate,illuminate
30746,shift1726,Derivation,3,ACCEPTED,→,eye,3890,eyebright (Euphrasia officinalis),3896,English,153,English,153,NA,plant Euphrasia officinalis,eye,eyebright
30771,shift1393,Derivation,16,ACCEPTED,→,to sway,3256,to doubt,2546,Icelandic,252,Icelandic,252,"to stagger, to rock",idecision,reika,reik
30790,shift4310,Derivation,1,ACCEPTED,→,"to try, to attempt",3318,"to fit, try on",2631,English,153,English,153,to attempt,"to fit, try on",try,try on
30795,shift4310,Polysemy,6,ACCEPTED,→,"to try, to attempt",3318,"to fit, try on",2631,German,169,German,169,"to try, to attempt","to fit, try on",probieren,probieren
30852,shift7477,Derivation,1,ACCEPTED,→,fish,1300,osprey (Pandion haliaёtus),4565,Dutch,255,Dutch,255,fish,osprey (Pandion haliaёtus),vis,visarend
30853,shift7477,Derivation,2,ACCEPTED,→,fish,1300,osprey (Pandion haliaёtus),4565,Faroese,92,Faroese,92,fish,osprey (Pandion haliaёtus),fisk,fiskiørn
30854,shift7477,Derivation,3,ACCEPTED,→,fish,1300,osprey (Pandion haliaёtus),4565,Norwegian,24,Norwegian,24,fish,osprey (Pandion haliaёtus),fisk,fiskeørn
30855,shift7477,Derivation,4,ACCEPTED,→,fish,1300,osprey (Pandion haliaёtus),4565,German,169,German,169,fish,osprey (Pandion haliaёtus),Fisch,Fischadler
30862,shift7477,Derivation,11,ACCEPTED,→,fish,1300,osprey (Pandion haliaёtus),4565,English,153,English,153,fish,osprey (Pandion haliaёtus),fish,fish hawk
30872,shift3711,Polysemy,3,ACCEPTED,—,"to raise, lift (tr.)",3037,to discover game animals or birds (hunting),2528,English,153,English,153,"to raise, lift (tr.)",to drive (an animal) from its lair,raise,raise
30903,shift1950,Polysemy,6,ACCEPTED,→,brain (cerebrum),3669,mind (n.),667,Norwegian,24,Norwegian,24,brain (cerebrum),"mind, intelligence",hjerne,hjerne
30904,shift1950,Polysemy,7,ACCEPTED,→,brain (cerebrum),3669,mind (n.),667,Danish,173,Danish,173,brain (cerebrum),"location of thought, memory",hjerne,hjerne
30905,shift1950,Polysemy,8,ACCEPTED,→,brain (cerebrum),3669,mind (n.),667,Swedish,135,Swedish,135,brain (cerebrum),mind (n.),hjärna,hjärna
30906,shift1950,Polysemy,9,ACCEPTED,→,brain (cerebrum),3669,mind (n.),667,Icelandic,252,Icelandic,252,brain (cerebrum),mind (n.),heili,heili
30924,shift0534,Polysemy,6,ACCEPTED,→,tooth,3404,elongated object,3830,Norwegian,24,Norwegian,24,tooth,"salient part, ledge",tann,tann
30925,shift0534,Polysemy,7,ACCEPTED,→,tooth,3404,elongated object,3830,Danish,173,Danish,173,tooth,salient part,tand,tand
30926,shift0534,Polysemy,8,ACCEPTED,→,tooth,3404,elongated object,3830,Swedish,135,Swedish,135,tooth,salient part,tand,tand
30927,shift0534,Polysemy,9,ACCEPTED,→,tooth,3404,elongated object,3830,Icelandic,252,Icelandic,252,tooth,salient part,tönn,tönn
30937,shift4309,Polysemy,1,NEW,→,"to check, test",2424,"to fit, try on",2631,German,169,German,169,"to check, test","to fit, try on",probieren,probieren
30961,shift0710,Polysemy,5,ACCEPTED,?,in front of,1753,before,3562,English,153,English,153,"in front, in advance of",before,before,before
31006,shift3231,Derivation,3,ACCEPTED,→,spindle,4203,spindle (Euonymus),4204,German,169,German,169,spindle,spindle wood,Spindel,"Spindelbaum, Spindelstrauch"
31009,shift1803,Polysemy,2,ACCEPTED,→,"to turn, rotate (intr.)",3327,to address (someone),2220,German,169,German,169,to turn around,to address (somebody); to apply to,sich wenden,sich wenden (an Akk)
31012,shift0580,Polysemy,2,ACCEPTED,?,&lt;crockery&gt;,868,face,1214,English,153,English,153,mug,face (slang),mug,mug
31013,shift0580,Polysemy,3,ACCEPTED,→,&lt;crockery&gt;,868,face,1214,English,153,English,153,pan,"face (Amer., colloq.)",pan,pan
31018,shift1458,Polysemy,5,ACCEPTED,—,"to strike, hit",3234,to forge,2652,Icelandic,252,Icelandic,252,"to beat, to hit",to forge,slá,slá
31028,shift2080,Polysemy,3,ACCEPTED,—,meat,621,fruit pulp,1394,English,153,English,153,flesh,pulp,flesh,flesh
31029,shift2080,Polysemy,4,ACCEPTED,→,meat,621,fruit pulp,1394,Norwegian,24,Norwegian,24,meat,fruit pulp,kjøtt,kjøtt
31030,shift2080,Polysemy,5,ACCEPTED,→,meat,621,fruit pulp,1394,Danish,173,Danish,173,meat,fruit pulp,kød,kød
31031,shift2080,Polysemy,6,ACCEPTED,→,meat,621,fruit pulp,1394,Swedish,135,Swedish,135,meat,fruit pulp,kött,kött
31038,shift3181,Polysemy,1,ACCEPTED,→,head,1578,nail-head,1818,English,153,English,153,NA,NA,head,head
31041,shift3181,Derivation,4,ACCEPTED,→,head,1578,nail-head,1818,German,169,German,169,head,head (nail),Kopf,Nagelkopf
31045,shift3181,Polysemy,8,ACCEPTED,→,head,1578,nail-head,1818,Norwegian,24,Norwegian,24,head,nail-head,hode,hode
31046,shift3181,Polysemy,9,ACCEPTED,→,head,1578,nail-head,1818,Danish,173,Danish,173,head,nail-head,hoved,hoved
31047,shift3181,Polysemy,10,ACCEPTED,→,head,1578,nail-head,1818,Swedish,135,Swedish,135,head,nail-head,huvud,huvud
31048,shift3181,Polysemy,11,ACCEPTED,→,head,1578,nail-head,1818,Icelandic,252,Icelandic,252,head,nail-head,höfuð,höfuð
31051,shift7448,Polysemy,1,ACCEPTED,→,knot,1723,unit of speed,529,Dutch,255,Dutch,255,knot,nautical unit of speed,knoop,knoop
31052,shift7448,Polysemy,2,ACCEPTED,→,knot,1723,unit of speed,529,Danish,173,Danish,173,knot that joins two or more pieces of rope,unit of measurement for speed at sea: 1 knot = 1 nautical mile per hour,knob,knob
31053,shift7448,Polysemy,3,ACCEPTED,→,knot,1723,unit of speed,529,English,153,English,153,"looping of a piece of string or of any other long, flexible material that cannot be untangled without passing one or both ends of the material through its loops","a unit of speed, equal to one nautical mile per hour",knot,knot
31059,shift7448,Polysemy,9,ACCEPTED,→,knot,1723,unit of speed,529,German,169,German,169,knot,unit of speed,Knoten,Knoten
31065,shift7448,Polysemy,15,ACCEPTED,→,knot,1723,unit of speed,529,Swedish,135,Swedish,135,knot,unit of speed,knop,knop
31071,shift7448,Polysemy,21,ACCEPTED,→,knot,1723,unit of speed,529,Norwegian,24,Norwegian,24,knot,unit of speed,knop,knop
31104,shift4437,Derivation,3,ACCEPTED,→,sun,4333,sunflower,4337,Swedish,135,Swedish,135,sun,sunflower,sol,solros
31107,shift4437,Derivation,6,ACCEPTED,→,sun,4333,sunflower,4337,Dutch,255,Dutch,255,sun,sunflower,zon,zonnebloem
31108,shift4437,Derivation,7,ACCEPTED,→,sun,4333,sunflower,4337,Afrikaans,835,Afrikaans,835,sun,sunflower,son,sonneblom
31129,shift6728,Polysemy,1,NEW,→,comb,1040,bridge (of musical imstrument),3690,Dutch,255,Dutch,255,comb,bridge (of musical imstrument),kam,kam
31135,shift6958,Polysemy,2,ACCEPTED,→,white,62,white (politics),63,English,153,English,153,white,pertaining to constitutional or anti-revolutionary political parties or movements,white,white
31147,shift6357,Derivation,1,NEW,→,&lt;bird&gt;,3478,cockchafer,1024,English,153,English,153,male bird,Melolontha sp.,cock,cockchafer
31161,shift2174,Derivation,11,ACCEPTED,→,to fear,2610,to respect,3075,German,169,German,169,"to fear, to be afraid","awe, honour",fürchten,Ehrfurcht
31187,shift5008,Internal cognates,3,ACCEPTED,→,shield,4034,coin,1031,Old High German,147,Old High German,147,shield,coin,"skild, skilt",skilling
31208,shift2210,Polysemy,5,ACCEPTED,→,open (adj.),4548,frank,1364,Norwegian,24,Norwegian,24,open (adj.),frank,åpen,åpen
31234,shift2500,Polysemy,2,ACCEPTED,→,to swear (an oath),3257,"to swear, curse",3258,English,153,English,153,to swear,"to swear, to curse, to blaspheme",swear,swear
31237,shift2500,Polysemy,5,ACCEPTED,→,to swear (an oath),3257,"to swear, curse",3258,English,153,English,153,oath,"blasphemy, swear",oath,oath
31239,shift2500,Polysemy,7,ACCEPTED,→,to swear (an oath),3257,"to swear, curse",3258,Norwegian,24,Norwegian,24,to swear,"to swear, curse, abuse one another",sverge,sverge
31240,shift2500,Polysemy,8,ACCEPTED,→,to swear (an oath),3257,"to swear, curse",3258,Danish,173,Danish,173,to swear,"to swear, curse, abuse one another",sværge,sværge
31241,shift2500,Polysemy,9,ACCEPTED,→,to swear (an oath),3257,"to swear, curse",3258,Swedish,135,Swedish,135,to swear,"to swear, curse, abuse one another",svära,svära
31262,shift0995,Polysemy,3,ACCEPTED,→,to blossom,2354,to succeed,3242,Old Norse,236,Old Norse,236,flower,prosperity,blōmi,blōmi
31263,shift0995,Polysemy,4,ACCEPTED,→,to blossom,2354,to succeed,3242,Icelandic,252,Icelandic,252,dandelion (also some other plants form the thistle family),prime,fífill,fífill
31268,shift0995,Polysemy,9,ACCEPTED,→,to blossom,2354,to succeed,3242,Norwegian,24,Norwegian,24,to blossom,to flourish,blomstre,blomstre
31269,shift0995,Polysemy,10,ACCEPTED,→,to blossom,2354,to succeed,3242,Swedish,135,Swedish,135,to blossom,to flourish,blomstra,blomstra
31270,shift0995,Polysemy,11,ACCEPTED,→,to blossom,2354,to succeed,3242,Danish,173,Danish,173,to blossom,"to flourish, prosper",blomstre,blomstre
31285,shift5508,Derivation,2,ACCEPTED,→,lamb,148,bearded vulture,3543,Swedish,135,Swedish,135,lamb,bearded vulture,lamm,lammgam
31288,shift5508,Derivation,5,ACCEPTED,→,lamb,148,bearded vulture,3543,German,169,German,169,lamb,bearded vulture,Lamm,Lämmergeier
31390,shift0080,Polysemy,3,ACCEPTED,→,"to turn, rotate (tr.)",3328,to translate,3311,Old English,114,Old English,114,"to turn away/off, avert, remove, turn upside down, turn",to translate,awendan,awendan
31395,shift7378,Semantic evolution,1,ACCEPTED,→,winter solstice,95,Christmas,975,Swedish,135,Swedish,135,"Yule, pagan wintertime holiday celebrated by Germanic peoples, particularly the Scandinavian and Anglo-Saxon peoples",Christmas,jul,jul
31396,shift7378,Polysemy,2,ACCEPTED,→,winter solstice,95,Christmas,975,Norwegian,24,Norwegian,24,"Yule, pagan wintertime holiday celebrated by Germanic peoples, particularly the Scandinavian and Anglo-Saxon peoples",Christmas,jul,jul
31397,shift7378,Semantic evolution,3,ACCEPTED,→,winter solstice,95,Christmas,975,Faroese,92,Faroese,92,"Yule, pagan wintertime holiday celebrated by Germanic peoples, particularly the Scandinavian and Anglo-Saxon peoples",Christmas,jól,jól
31398,shift7378,Polysemy,4,ACCEPTED,→,winter solstice,95,Christmas,975,Icelandic,252,Icelandic,252,"Yule, pagan wintertime holiday celebrated by Germanic peoples, particularly the Scandinavian and Anglo-Saxon peoples",Christmas,jól,jól
31433,shift0730,Polysemy,2,ACCEPTED,→,chopped billet,972,base for beheading,3522,English,153,English,153,"block, chunk",base for beheading,block,block
31437,shift0730,Polysemy,6,ACCEPTED,→,chopped billet,972,base for beheading,3522,German,169,German,169,block of wood,base for beheading,Block,Block
31462,shift4572,Derivation,2,ACCEPTED,→,grass,833,April,2021,North Frisian,1265,North Frisian,1265,grass,April,gjars,gjarsmoune
31463,shift4572,Derivation,3,ACCEPTED,→,grass,833,April,2021,West Frisian,1192,West Frisian,1192,grass,April,gers,gersmoanne
31464,shift4572,Derivation,4,ACCEPTED,→,grass,833,April,2021,Dutch,255,Dutch,255,grass,(archaic) April,gras,grasmaand
31471,shift5811,Polysemy,1,ACCEPTED,→,body,3640,institution,1792,English,153,English,153,"the torso, the main structure of a human or animal frame excluding the extremities (limbs, head, tail)","organisation, company or other authoritative group",body,body
31546,shift2138,Polysemy,1,NEW,→,to fall down,2605,"to end, finish",2577,Icelandic,252,Icelandic,252,to fall,to finish,falla,falla
31548,shift8588,Motivation,2,NEW,←,envious,3848,to want,3353,Danish,173,Danish,173,to envy,to want,misunde,unde
31554,shift1100,Polysemy,2,ACCEPTED,?,funny,1401,strange,4295,German,169,German,169,NA,NA,komisch,komisch
31555,shift1100,Polysemy,3,ACCEPTED,?,funny,1401,strange,4295,English,153,English,153,funny,"strange, suspicious",funny,funny
31559,shift7707,Derivation,1,ACCEPTED,→,smooth,4132,smooth snake,4133,English,153,English,153,having a texture that lacks friction; not rough,"nonvenomous snake, Coronella austriaca, native to Eurasia",smooth,smooth snake
31576,shift0880,Polysemy,3,ACCEPTED,→,to fall down,2605,to like,2852,Norwegian,24,Norwegian,24,to fall down,to fall in love,falle,falle
31577,shift0880,Polysemy,4,ACCEPTED,→,to fall down,2605,to like,2852,Danish,173,Danish,173,to fall down,to fall in love with,falde,falde
31578,shift0880,Polysemy,5,ACCEPTED,→,to fall down,2605,to like,2852,Icelandic,252,Icelandic,252,to fall down,to be keen of,falla,falla
31583,shift0601,Polysemy,2,ACCEPTED,?,"wood, timber",114,forest,1351,English,153,English,153,NA,NA,wood,wood
31603,shift2614,Polysemy,1,ACCEPTED,→,"common, shared by several people",1065,bad (ethically),3494,German,169,German,169,common (in compounds),"mean, vulgar",gemein,gemein
31607,shift0557,Polysemy,3,ACCEPTED,→,history,1632,"event, occurrence",3872,German,169,German,169,history,story,Geschichte,Geschichte
31609,shift0557,Polysemy,5,ACCEPTED,—,history,1632,"event, occurrence",3872,Norwegian,24,Norwegian,24,history,"event, occurrence",historie,historie
31610,shift0557,Polysemy,6,ACCEPTED,—,history,1632,"event, occurrence",3872,Danish,173,Danish,173,history,"event, occurrence",historie,historie
31611,shift0557,Polysemy,7,ACCEPTED,—,history,1632,"event, occurrence",3872,Swedish,135,Swedish,135,history,"event, occurrence",historia,historia
31631,shift8320,Derivation,2,NEW,→,"human, person",1683,woman,109,Old English,114,Old English,114,"human, person",woman,mann,wīfmann
31632,shift8320,Derivation,3,NEW,→,"human, person",1683,woman,109,Icelandic,252,Icelandic,252,"human, person",woman,maður,kvenmaður
31655,shift5307,Polysemy,1,NEW,→,weed,40,cannabis,886,English,153,English,153,weed,cannabis,weed,weed
31656,shift5307,Polysemy,2,NEW,→,weed,40,cannabis,886,Dutch,255,Dutch,255,weed,cannabis,wiet,wiet
31668,shift1137,Polysemy,6,ACCEPTED,→,green,845,young,2089,Norwegian,24,Norwegian,24,green,"young, inexperienced",grønn,grønn
31669,shift1137,Polysemy,7,ACCEPTED,→,green,845,young,2089,Swedish,135,Swedish,135,green,"young, inexperienced",grön,grön
31682,shift0458,Polysemy,3,ACCEPTED,→,eye,3890,oil particle,4529,German,169,German,169,eye,a piece of fat in soup,Auge,Auge
31683,shift2484,Derivation,1,ACCEPTED,→,unit of length,528,geometrid,779,German,169,German,169,span,geometer moth,Spanne,Spanner
31734,shift4160,Polysemy,1,ACCEPTED,—,to take off (tr.),3273,to abolish,2209,English,153,English,153,to take off,to abolish,lift,lift
31738,shift2892,Polysemy,1,ACCEPTED,→,touched,3416,insane,1784,English,153,English,153,past participle of touch,insane,touched,touched
31744,shift3686,Polysemy,2,ACCEPTED,→,head,1578,main,568,German,169,German,169,head,principal (part of compunds ),Haupt,Haupt-
31758,shift8375,Derivation,9,ACCEPTED,→,horse,1661,supporting device,4343,English,153,English,153,Equus caballus,structure with a crosspiece used to support timber or other material for working,horse,sawhorse
31761,shift8516,Derivation,2,ACCEPTED,→,sword,4369,gladiolus,789,English,153,English,153,sword,gladiolus,sword,sword lily
31767,shift8516,Derivation,8,ACCEPTED,→,sword,4369,gladiolus,789,Dutch,255,Dutch,255,sword,gladiolus,zwaard,zwaardlelie
31775,shift7751,Polysemy,3,ACCEPTED,→,sheet of paper,4028,newspaper,1858,Norwegian,24,Norwegian,24,sheet of paper,"newspaper, magazine, periodical",blad,blad
31776,shift7751,Polysemy,4,ACCEPTED,→,sheet of paper,4028,newspaper,1858,Icelandic,252,Icelandic,252,sheet of paper,newspaper or magazine,blað,blað
31780,shift7751,Polysemy,8,ACCEPTED,→,sheet of paper,4028,newspaper,1858,Danish,173,Danish,173,sheet of paper,newspaper,blad,blad
31781,shift7751,Polysemy,9,ACCEPTED,→,sheet of paper,4028,newspaper,1858,Dutch,255,Dutch,255,sheet of paper,magazine or other periodical publication,blad,blad
31801,shift1315,Polysemy,4,ACCEPTED,?,head,1578,mind (n.),667,English,153,English,153,NA,NA,head,head
31804,shift1315,Polysemy,7,ACCEPTED,?,head,1578,mind (n.),667,Dutch,255,Dutch,255,head,intelligence,kop,kop
31810,shift1315,Polysemy,13,ACCEPTED,→,head,1578,mind (n.),667,Norwegian,24,Norwegian,24,head,mind (n.),hode,hode
31811,shift1315,Polysemy,14,ACCEPTED,→,head,1578,mind (n.),667,Danish,173,Danish,173,head,"mind, memory",hoved,hoved
31812,shift1315,Polysemy,15,ACCEPTED,→,head,1578,mind (n.),667,Swedish,135,Swedish,135,head,"mind, memory",huvud,huvud
31837,shift0763,Polysemy,1,ACCEPTED,?,sour,4175,angry,1997,German,169,German,169,sour,NA,sauer,sauer
31862,shift2410,Polysemy,2,ACCEPTED,→,"to let, leave",2846,to stop doing smth.,3227,English,153,English,153,NA,NA,leave,leave (+ V-ing)
31892,shift1117,Polysemy,11,ACCEPTED,→,root (of a plant),1499,basis,3524,Norwegian,24,Norwegian,24,root (of a plant),basis,rot,rot
31893,shift1117,Polysemy,12,ACCEPTED,→,root (of a plant),1499,basis,3524,Danish,173,Danish,173,root (of a plant),basis,rod,rod
31894,shift1117,Polysemy,13,ACCEPTED,→,root (of a plant),1499,basis,3524,Swedish,135,Swedish,135,root (of a plant),"basis, cause",rot,rot
31895,shift1117,Polysemy,14,ACCEPTED,→,root (of a plant),1499,basis,3524,Icelandic,252,Icelandic,252,root (of a plant),basis,rót,rót
31927,shift5549,Polysemy,1,ACCEPTED,→,pope,439,&lt;bird&gt;,3478,English,153,English,153,"honorary title of the Roman Catholic bishop of Rome as father and head of his church, a sovereign of the Vatican city state","(Cumberland, Cornwall, Devon, Scotland) Atlantic puffin",pope,pope
31928,shift5549,Polysemy,2,ACCEPTED,→,pope,439,&lt;bird&gt;,3478,English,153,English,153,"honorary title of the Roman Catholic bishop of Rome as father and head of his church, a sovereign of the Vatican city state",(US regional) painted bunting,pope,pope
31929,shift5549,Polysemy,3,ACCEPTED,→,pope,439,&lt;bird&gt;,3478,English,153,English,153,"honorary title of the Roman Catholic bishop of Rome as father and head of his church, a sovereign of the Vatican city state",(rare) bird Paroaria dominicana,pope,pope
31932,shift2128,Polysemy,1,NEW,?,cold,1032,&lt;cold steel&gt;,865,English,153,English,153,NA,NA,cold,cold (steel)
31944,shift5352,Polysemy,1,NEW,→,iron,1806,sword,4369,German,169,German,169,iron,sword,Eisen,Eisen
31949,shift0417,Polysemy,2,ACCEPTED,?,"box, container",3665,chest (body part),954,English,153,English,153,chest,"breast, chest",chest,chest
31955,shift2617,Polysemy,2,ACCEPTED,→,"to light, to kindle (the fire)",2851,to shoot,3149,English,153,English,153,fire,to shoot,fire,fire
31978,shift4825,Polysemy,1,ACCEPTED,→,bed,3549,garden bed,767,English,153,English,153,bed,garden bed,bed,bed
31983,shift4825,Polysemy,6,ACCEPTED,→,bed,3549,garden bed,767,German,169,German,169,bed,garden bed,Bett,Bett
31997,shift7012,Polysemy,2,NEW,→,fortress,1353,rook (chess),1495,English,153,English,153,fortress,rook (chess),castle,castle
31999,shift5310,Semantic evolution,1,ACCEPTED,→,carriage,896,railcar,1419,English,153,English,153,"(dated) a wheeled vehicle, drawn by a horse or other animal; a chariot.","(chiefly Canada, US) an unpowered unit in a railroad train",car,car
32001,shift5310,Polysemy,3,ACCEPTED,→,carriage,896,railcar,1419,German,169,German,169,"cart (drawn by a person, by horses, by oxen, etc)",railroad car,Wagen,Wagen
32003,shift5310,Polysemy,5,ACCEPTED,→,carriage,896,railcar,1419,English,153,English,153,carriage,"(Britain) A rail car, especially one designed for the conveyance of passengers",carriage,carriage
32013,shift7203,Polysemy,2,NEW,→,bee,3555,bumblebee,3719,English,153,English,153,"flying insect, of the clade Anthophila within the hymenopteran superfamily Apoidea, known for its organised societies (though only a minority have them), for collecting pollen and (in some species) producing wax and honey",any of several species of large bee in the genus Bombus.,bee,bumblebee
32014,shift7203,Derivation,3,NEW,→,bee,3555,bumblebee,3719,Middle English,6,Middle English,6,bee,bumblebee,be,humbul-be
32021,shift4909,Derivation,1,NEW,→,snake,4136,dragonfly,4476,English,153,English,153,snake,dragonfly,adder,flying adder
