ID,Shift_ID,Type,Realization,Status,Direction,Source_Concept,Source_Concept_ID,Target_Concept,Target_Concept_ID,Source_Language,Source_Language_ID,Target_Language,Target_Language_ID,Source_Meaning,Target_Meaning,Source_Word,Target_Word
15,shift5175,Polysemy,3,ACCEPTED,→,to lead,2834,to drive (the car),2559,French,159,French,159,to lead,to drive (the car),conduire,conduire
64,shift3014,Polysemy,1,NEW,—,to chew,2425,to eat,2569,Latin,245,Latin,245,"to chew, masticate",to eat,"manduco, -are","manduco, -are"
80,shift4865,Polysemy,2,NEW,→,drinking vessel,4481,hearts (in cards),1589,Romanian,139,Romanian,139,"goblet (usually of wood), bowl, dish; tumbler (drinking glass); cup",hearts (in cards),cupă,cupă
91,shift4373,Polysemy,3,ACCEPTED,—,letter (character),199,letter (text),200,Spanish,158,Spanish,158,letter (character),(dated) letter (text),letra,letra
92,shift4373,Polysemy,4,ACCEPTED,—,letter (character),199,letter (text),200,Italian,161,Italian,161,letter (character),letter (text),lettera,lettera
93,shift4373,Polysemy,5,ACCEPTED,—,letter (character),199,letter (text),200,French,159,French,159,letter (character),letter (text),lettre,lettre
94,shift4373,Polysemy,6,ACCEPTED,—,letter (character),199,letter (text),200,Latin,245,Latin,245,"a letter, a written sign or mark signifying a sound","(usually in the plural - litterae) letter, epistle",littera,littera
97,shift4373,Polysemy,9,ACCEPTED,—,letter (character),199,letter (text),200,Catalan,312,Catalan,312,letter (character),letter (written message),lletra,lletra
99,shift4373,Polysemy,11,ACCEPTED,—,letter (character),199,letter (text),200,Galician,817,Galician,817,letter (character),letter (text),letra,letra
169,shift2622,Derivation,1,ACCEPTED,→,stone (piece of rock),4281,"to calculate, count",2393,Latin,245,Latin,245,pebble,"count, calculate",calculus,"calculo, -āre"
202,shift8374,Polysemy,1,ACCEPTED,→,donkey,4463,supporting device,4343,Spanish,158,Spanish,158,donkey,sawhorse,burro,burro
206,shift8374,Polysemy,5,ACCEPTED,→,donkey,4463,supporting device,4343,Romanian,139,Romanian,139,donkey,"sawhorse; trestle, supporting device",măgar,măgar
212,shift8108,Polysemy,6,ACCEPTED,→,butterfly,3734,butterfly stroke,3736,French,159,French,159,butterfly,butterfly stroke,papillon,papillon
217,shift8108,Polysemy,11,ACCEPTED,→,butterfly,3734,butterfly stroke,3736,Italian,161,Italian,161,butterfly,butterfly stroke,farfalla,farfalla
219,shift8108,Polysemy,13,ACCEPTED,→,butterfly,3734,butterfly stroke,3736,Romanian,139,Romanian,139,butterfly,butterfly stroke,fluture,fluture
221,shift8108,Polysemy,15,ACCEPTED,→,butterfly,3734,butterfly stroke,3736,Brazilian Portuguese,284,Brazilian Portuguese,284,butterfly,butterfly stroke,borboleta,borboleta
222,shift8108,Polysemy,16,ACCEPTED,→,butterfly,3734,butterfly stroke,3736,Portuguese,117,Portuguese,117,butterfly,butterfly stroke,mariposa,mariposa
223,shift8108,Polysemy,17,ACCEPTED,→,butterfly,3734,butterfly stroke,3736,Spanish,158,Spanish,158,butterfly,butterfly stroke,mariposa,mariposa
249,shift1365,Polysemy,7,ACCEPTED,→,strong,4304,very,3761,French,159,French,159,strong,very,fort,fort
256,shift5124,Polysemy,1,NEW,→,"state, situation",4250,state (sovereign polity),4249,Latin,245,Latin,245,state (condition),state (sovereign polity),status,status
293,shift4986,Polysemy,1,ACCEPTED,—,sheath,4026,vagina,3745,Latin,245,Latin,245,sheath,vagina,vagina,vagina
301,shift4986,Polysemy,9,ACCEPTED,—,sheath,4026,vagina,3745,Italian,161,Italian,161,(archaic) sheath,vagina,vagina,vagina
332,shift0975,Polysemy,5,ACCEPTED,—,to fall down,2605,to die,2517,Latin,245,Latin,245,to fall,"to perish, to die","cado, -ere","cado, -ere"
334,shift0975,Polysemy,7,ACCEPTED,?,to fall down,2605,to die,2517,Spanish,158,Spanish,158,to fall,to perish,caer,caer
345,shift0975,Polysemy,18,ACCEPTED,→,to fall down,2605,to die,2517,French,159,French,159,to fall down,to be killed,tomber,tomber
369,shift5304,Polysemy,3,ACCEPTED,→,dough,4470,money,700,Catalan,312,Catalan,312,dough,(colloquial) money,pasta,pasta
370,shift5304,Polysemy,4,ACCEPTED,→,dough,4470,money,700,Spanish,158,Spanish,158,(colloquial) dough,money,pasta,pasta
384,shift1402,Polysemy,4,ACCEPTED,→,blind,3624,blunt,3637,Portuguese,117,Portuguese,117,blind,blunt,cego,cego
438,shift0065,Polysemy,1,ACCEPTED,—,noon,1875,South,4179,Romanian,139,Romanian,139,"noon, midday",South (obs.),amiază,amiază
441,shift0065,Polysemy,4,ACCEPTED,—,noon,1875,South,4179,Latin,245,Latin,245,"noon, midday",South,meridies,meridies
450,shift0065,Polysemy,13,ACCEPTED,→,noon,1875,South,4179,French,159,French,159,noon,south,midi,midi
461,shift2165,Polysemy,3,ACCEPTED,→,lion (Panthera leo),223,brave person,3676,Spanish,158,Spanish,158,lion,dare devil,león,león
495,shift7646,Derivation,2,NEW,→,wound (n.),125,yarrow,2076,Spanish,158,Spanish,158,wound (n.),(dialect) yarrow,herida,yerba de las heridas
501,shift7070,Polysemy,1,NEW,→,midwife,656,gossiper,822,Spanish,158,Spanish,158,midwife,gossiper,comadre,comadre
518,shift2205,Polysemy,5,ACCEPTED,→,child (son or daughter),958,sprout,4227,Romanian,139,Romanian,139,child (dialect. bastard),side offspring of a plant,copil,copil
521,shift2205,Polysemy,8,ACCEPTED,→,child (son or daughter),958,sprout,4227,Latin,245,Latin,245,"that which is born, an offspring (usu. of beasts, occ. of human beings), the young (of an animal), the children (of a parent), the young born at one time, brood, litter; the young while still in the womb","an offshoot, branch, sucker, sapling, etc., produced by a plant",fetus,fetus
522,shift2205,Polysemy,9,ACCEPTED,→,child (son or daughter),958,sprout,4227,Spanish,158,Spanish,158,child,"shoot, sprout",retoño,retoño
523,shift2205,Polysemy,10,ACCEPTED,↔,child (son or daughter),958,sprout,4227,Spanish,158,Spanish,158,"descendant, offspring","shoot, sprout",vástago,vástago
524,shift2205,Polysemy,11,ACCEPTED,↔,child (son or daughter),958,sprout,4227,French,159,French,159,"child, son (colloquial)","shoot, sprout",rejeton,rejeton
547,shift0360,Polysemy,3,ACCEPTED,?,to touch,3307,to evoke (a feeling),2588,French,159,French,159,to touch,"to touch, to move (feelings); to offend",toucher,toucher
559,shift8400,Polysemy,1,ACCEPTED,→,Saint Demetrius,3923,October,4521,Aromanian,1231,Aromanian,1231,Saint Demetrius,October,Sãnmedru,Sãnmedru
560,shift5763,Polysemy,1,ACCEPTED,→,to practice witchcraft,2994,to prevent,3004,French,159,French,159,to practice witchcraft in order to get rid of negative influences,to prevent,conjurer,conjurer
580,shift2355,Polysemy,3,ACCEPTED,→,enemy,3840,evil spirit,3877,Spanish,158,Spanish,158,enemy,devil,enemigo,enemigo
600,shift3143,Polysemy,2,ACCEPTED,→,"clasp, buckle",990,fibula (anat.),1270,New Latin,1067,New Latin,1067,"pin, buckle",calf bone (anat.),fibula,fibula
605,shift0786,Polysemy,4,ACCEPTED,→,to breathe,2373,wind,88,Latin,245,Latin,245,breath,wind,spiritus,spiritus
612,shift5765,Polysemy,1,NEW,→,to leave,2838,to begin,2331,French,159,French,159,to leave,to begin,partir,partir
619,shift3286,Derivation,7,ACCEPTED,→,ashes,2040,grey,846,Romanian,139,Romanian,139,ashes,grey,cenușă,cenușiu
626,shift2422,Derivation,2,ACCEPTED,→,oak,4510,pole (long stick),427,Romanian,139,Romanian,139,pole,oak,"steajer, steajăr",stejar
630,shift6212,Derivation,3,ACCEPTED,→,lyre,274,Trimorphodon biscutatus,3441,Spanish,158,Spanish,158,lyre,Trimorphodon biscutatus,lira,culebra lira cabeza negra
640,shift0395,Polysemy,3,ACCEPTED,—,time,2200,hour,1675,French,159,French,159,time,hour,heure,heure
655,shift0892,Polysemy,4,ACCEPTED,←,deep,4404,"high (size), tall",1624,Latin,245,Latin,245,deep,high,altus,altus
722,shift1142,Polysemy,3,ACCEPTED,?,to hear,2758,rumour,1522,Spanish,158,Spanish,158,audition,hearing,oída,oída
731,shift0502,Polysemy,7,ACCEPTED,?,ear,3792,"opening, hole",4551,French,159,French,159,ear,"handle (vessel), earth board, anchor blade, ear, lugworm",oreille,oreille
763,shift3773,Polysemy,1,NEW,—,to touch,3307,"to try, to attempt",3318,French,159,French,159,to touch,"to try, to attempt",tâter,tâter
789,shift5935,Polysemy,1,ACCEPTED,→,dog,4458,trigger (of a gun),3439,Galician,817,Galician,817,dog,trigger (of a gun),can,can
844,shift6143,Derivation,1,ACCEPTED,→,drinking vessel,4481,chanterelle,942,New Latin,1067,New Latin,1067,drinking vessel,chanterelle,cantharus,cantharellus
937,shift8522,Polysemy,2,ACCEPTED,→,to salt,3109,"to disgrace, dishonor",2532,Spanish,158,Spanish,158,to salt,"to disgrace, to dishonour",salar,salar
998,shift2081,Polysemy,5,ACCEPTED,—,bread,3677,food,1335,French,159,French,159,bread,food,pain,pain
1030,shift6621,Derivation,1,ACCEPTED,→,bride,3687,husband,1694,Romanian,139,Romanian,139,(dialectal) bride,"(ironic, Moldova) husband",mirează,mireaz
1037,shift5404,Polysemy,6,ACCEPTED,→,bathroom,3531,toilet,3395,Spanish,158,Spanish,158,bathroom,toilet,baño,baño
1038,shift5404,Polysemy,7,ACCEPTED,→,bathroom,3531,toilet,3395,Spanish,158,Spanish,158,"bathroom sink, washbasin",toilet,lavabo,lavabo
1052,shift1437,Polysemy,4,ACCEPTED,→,to see/to look at,3121,to act according to,2218,Spanish,158,Spanish,158,to see/to look at,"to observe, obey",observar,observar
1053,shift1437,Polysemy,5,ACCEPTED,→,to see/to look at,3121,to act according to,2218,Italian,161,Italian,161,to see/to look at,"to observe, obey",osservare,osservare
1054,shift1437,Polysemy,6,ACCEPTED,→,to see/to look at,3121,to act according to,2218,French,159,French,159,to see/to look at,"to observe, obey",observer,observer
1055,shift1437,Polysemy,7,ACCEPTED,→,to see/to look at,3121,to act according to,2218,Latin,245,Latin,245,"to watch, to keep an eye on, to observe, to give attention to","to observe, to respect, to recognize (rules, laws, agreements etc.)","observo, -are","observo, -are"
1067,shift4868,Derivation,2,ACCEPTED,→,diamond,4428,diamonds (in cards),4429,Catalan,312,Catalan,312,diamond,diamonds (in cards),diamant,diamants
1069,shift4868,Derivation,4,ACCEPTED,→,diamond,4428,diamonds (in cards),4429,Galician,817,Galician,817,diamond,diamonds (in cards),diamante,diamantes
1071,shift4868,Derivation,6,ACCEPTED,→,diamond,4428,diamonds (in cards),4429,Spanish,158,Spanish,158,diamond,diamonds (in cards),diamante,diamantes
1096,shift2647,Polysemy,2,ACCEPTED,→,&lt;vessel&gt;,3742,"ship, vessel",4039,Latin,245,Latin,245,trough,"boat, canoe",alveus,alveus
1098,shift2647,Polysemy,4,ACCEPTED,→,&lt;vessel&gt;,3742,"ship, vessel",4039,French,159,French,159,"tank, cistern; container",ferry,bac,bac
1099,shift2647,Polysemy,5,ACCEPTED,→,&lt;vessel&gt;,3742,"ship, vessel",4039,Romanian,139,Romanian,139,kitchenware,ship,vas,vas
1100,shift2647,Polysemy,6,ACCEPTED,—,&lt;vessel&gt;,3742,"ship, vessel",4039,Latin,245,Latin,245,trough,boat,linter,linter
1105,shift2647,Polysemy,11,ACCEPTED,—,&lt;vessel&gt;,3742,"ship, vessel",4039,Latin,245,Latin,245,small vase or urn,a ship,vascellum,vascellum
1115,shift1760,Polysemy,2,ACCEPTED,—,part,306,body part,3642,Latin,245,Latin,245,part,body part,membrum,membrum
1136,shift0130,Derivation,2,ACCEPTED,→,Jupiter,1203,Thursday,2191,French,159,French,159,the planet Jupiter,Thursday,Jupiter,jeudi
1141,shift0130,Derivation,7,NEW,→,Jupiter,1203,Thursday,2191,Italian,161,Italian,161,Jupiter,Thursday,Giove,Giovedì
1142,shift0130,Derivation,8,NEW,→,Jupiter,1203,Thursday,2191,Spanish,158,Spanish,158,Jupiter,Thursday,Jupiter,Jueves
1152,shift0130,Polysemy,18,NEW,→,Jupiter,1203,Thursday,2191,Corsican,900,Corsican,900,Jupiter,Thursday,Ghjovi,Ghjovi
1159,shift3163,Polysemy,4,ACCEPTED,—,&lt;bird&gt;,3478,freckle,1370,Romanian,139,Romanian,139,"fluture mic de seară, de culoare vânătă, cu pudră fină pe aripi",pistrui,strelici,strelici
1176,shift4383,Polysemy,1,ACCEPTED,—,flute,1326,shinbone,4036,Latin,245,Latin,245,"a musical instrument consisting of a tube with holes for strops, and a reeded mouthpiece, reed-pipe",shinbone,tibia,tibia
1177,shift4383,Polysemy,2,ACCEPTED,→,flute,1326,shinbone,4036,Romanian,139,Romanian,139,flute,(popular) shinbone,fluier,fluier
1181,shift3117,Polysemy,1,ACCEPTED,→,ice,1730,glass (material),791,French,159,French,159,ice,mirror,glace,glace
1201,shift1702,Derivation,2,NEW,?,"to get, obtain",2691,cattle,914,Spanish,158,Spanish,158,"to get, to acquire","cattle, livestock",ganar,ganado
1210,shift3590,Polysemy,6,ACCEPTED,→,father,1242,boss,3651,Latin,245,Latin,245,father,one who supervises or has charge; the senior member or president (of a religious or other sodality),pater,pater
1219,shift5917,Derivation,4,ACCEPTED,→,tea,2137,Saint-John&#39;s-wort (Hypericum),3926,Spanish,158,Spanish,158,tea,Saint-John's-wort (Hypericum),té,té borde
1234,shift0265,Polysemy,4,ACCEPTED,—,to fall down,2605,to happen,2735,Latin,245,Latin,245,to go down,"to happen, occur","accido, -ere","accido, -ere"
1246,shift2244,Derivation,3,ACCEPTED,→,"to follow, go after smb.",2649,next,1860,French,159,French,159,to follow,next,suivre,suivant
1250,shift2244,Derivation,7,ACCEPTED,→,"to follow, go after smb.",2649,next,1860,French,159,French,159,to follow,next,suivre,suivant
1251,shift2244,Derivation,8,ACCEPTED,→,"to follow, go after smb.",2649,next,1860,Portuguese,117,Portuguese,117,to follow,next,seguir,seguinte
1253,shift2244,Derivation,10,ACCEPTED,→,"to follow, go after smb.",2649,next,1860,Italian,161,Italian,161,to follow,next,seguire,seguente
1254,shift2244,Derivation,11,ACCEPTED,→,"to follow, go after smb.",2649,next,1860,Spanish,158,Spanish,158,to follow,next,seguir,siguiente
1259,shift3451,Polysemy,1,ACCEPTED,→,"naked, bare",1819,"only, just",4547,Latin,245,Latin,245,naked,only,nudus,nudum
1280,shift0944,Polysemy,11,ACCEPTED,→,button (on a dress),3738,push button,499,French,159,French,159,button (on a dress),push button,bouton,bouton
1296,shift7461,Derivation,2,ACCEPTED,→,after,1952,consequently,1084,Spanish,158,Spanish,158,after,consequently,despues,pues
1309,shift0354,Polysemy,10,ACCEPTED,—,to strew,3233,to pour,2993,Latin,245,Latin,245,to scatter,to pour,"fundo, -ere","fundo, -ere"
1314,shift0354,Polysemy,15,ACCEPTED,—,to strew,3233,to pour,2993,French,159,French,159,to strew,to pour,verser,verser
1380,shift1131,Polysemy,5,ACCEPTED,?,to open (tr.),2949,"to learn, find out",2836,Spanish,158,Spanish,158,to open,to reveal,descubrir,descubrir
1385,shift8397,Derivation,3,ACCEPTED,→,pearl,329,pearl barley,330,French,159,French,159,(relational) pearl,pearl barley,perlé,orge perlé
1405,shift2695,Polysemy,3,ACCEPTED,→,to open (tr.),2949,to begin (tr.),2332,Romanian,139,Romanian,139,to open,to begin,a deschide,a deschide
1410,shift0851,Polysemy,2,ACCEPTED,→,heavy (of weight),1594,pregnant,456,Romanian,139,Romanian,139,heavy,pregnant,greu,greu
1421,shift0851,Polysemy,13,ACCEPTED,→,heavy (of weight),1594,pregnant,456,Latin,245,Latin,245,heavy,pregnant,gravis,gravida
1425,shift0851,Derivation,17,ACCEPTED,→,heavy (of weight),1594,pregnant,456,Romanian,139,Romanian,139,"to load, to burden",pregnant,a însărcina,însărcinată
1444,shift5516,Derivation,3,NEW,→,"grain, seed",823,rook,1494,Romanian,139,Romanian,139,crops,rook,semănătură,cioară de semănătură
1479,shift3739,Polysemy,5,ACCEPTED,→,to perceive smell,2969,to detect,2515,Italian,161,Italian,161,to perceive smell,to detect,odorare,odorare
1480,shift3739,Polysemy,6,NEW,→,to perceive smell,2969,to detect,2515,Spanish,158,Spanish,158,to perceive smell,"to know or guess something that was judged hidden, to suspect it",oler,oler
1491,shift0888,Polysemy,10,ACCEPTED,→,back (body part),3485,"mountain ridge, edge",731,Latin,245,Latin,245,back,range,dorsum,dorsum
1505,shift0888,Polysemy,24,ACCEPTED,—,back (body part),3485,"mountain ridge, edge",731,Italian,161,Italian,161,back,mountain range,schiena,schiena
1518,shift0983,Polysemy,4,ACCEPTED,—,"to slow, linger",3175,"to inhabit, live",2793,French,159,French,159,"to slow, linger","to inhabit, live",demeurer,demeurer
1523,shift0569,Polysemy,5,ACCEPTED,→,to go out,2708,to result in,3079,Italian,161,Italian,161,exit,"outcome, result",esito,esito
1524,shift2724,Polysemy,1,ACCEPTED,→,to cut,2484,to dilute,2521,Italian,161,Italian,161,to cut,to dilute (e.g. wine),tagliare,tagliare
1526,shift2724,Polysemy,3,ACCEPTED,→,to cut,2484,to dilute,2521,French,159,French,159,to cut,"to dilute, to water (wine, milk)",couper,couper
1533,shift0938,Derivation,6,ACCEPTED,—,"fearful, dreadful",1247,very,3761,French,159,French,159,horrible,"very, extremely",terrible,terriblement
1553,shift0443,Derivation,3,ACCEPTED,?,mother,720,womb,110,Latin,245,Latin,245,mother,pregnant (animal),mater,matrix
1569,shift0905,Polysemy,4,ACCEPTED,→,left,183,clumsy,1016,French,159,French,159,left,clumsy,gauche,gauche
1582,shift6173,Polysemy,1,NEW,→,bear (Ursus),3539,sloth (South American mammal),4119,Spanish,158,Spanish,158,bear (Ursus),"(Honduras, Panama, Ecuador) sloth (South American mammal)",oso,oso perezoso
1589,shift6858,Polysemy,7,ACCEPTED,→,&lt;foreign country&gt;,1209,turkey,3465,Portuguese,117,Portuguese,117,country in Latin America,turkey,Peru,peru
1595,shift4247,Polysemy,3,ACCEPTED,→,pear,328,potato,445,Romanian,139,Romanian,139,pear,(dialect) potato,pară,pară
1626,shift6208,Derivation,1,NEW,→,"to strike, hit",3234,Bitis arietans,3606,French,159,French,159,"to strike, hit",Bitis arietans,heurter,vipère heurtante
1631,shift2633,Derivation,1,NEW,→,to promise,3008,to answer,2228,Latin,245,Latin,245,to take an oath,to respond,"spondeo, -ere","respondeo, -ere"
1641,shift1299,Derivation,4,ACCEPTED,?,to love,2874,any,2012,Spanish,158,Spanish,158,to love,any,querer,cualquier
1655,shift0692,Polysemy,4,ACCEPTED,→,"to strike, hit",3234,to kill,2820,Latin,245,Latin,245,"to beat, hit",to kill,"caedo, -ere","caedo, -ere"
1657,shift0692,Polysemy,6,ACCEPTED,—,"to strike, hit",3234,to kill,2820,Latin,245,Latin,245,"to beat, to hit, to push","to slaughter, to kill, to decapitate","ferio, -ire","ferio, -ire"
1659,shift0692,Polysemy,8,ACCEPTED,—,"to strike, hit",3234,to kill,2820,Romanian,139,Romanian,139,to beat,to kill,a ucide,a ucide
1678,shift8211,Motivation,1,ACCEPTED,→,"nut, hazel",1898,July,1198,Aromanian,1231,Aromanian,1231,"nut, hazel",July,alunã,alunar
1679,shift8211,Motivation,2,ACCEPTED,→,"nut, hazel",1898,July,1198,Romanian,139,Romanian,139,"nut, hazel","(obsolete, popular/folk usage) July",alună,alunar
1714,shift2086,Polysemy,11,NEW,→,owner,4576,husband,1694,Romanian,139,Romanian,139,"mister, also term of address to a man",(popular) husband,domn,domn
1715,shift2086,Polysemy,12,NEW,→,owner,4576,husband,1694,Romanian,139,Romanian,139,"‘master, owner’, ‘peasant, owner of a peasant household’, ‘master, head of family’","(popular, colloquial, dated) husband",gospodar,gospodar
1780,shift5417,Polysemy,1,ACCEPTED,→,phosphorus,364,match (for fire),605,Portuguese,117,Portuguese,117,phosphorus,match (for fire),fósforo,fósforo
1781,shift5417,Polysemy,2,ACCEPTED,→,phosphorus,364,match (for fire),605,Galician,817,Galician,817,phosphorus,match (for fire),fósforo,fósforo
1782,shift5417,Polysemy,3,ACCEPTED,→,phosphorus,364,match (for fire),605,Spanish,158,Spanish,158,phosphorus,match (for fire),fósforo,fósforo
1798,shift2136,Derivation,4,ACCEPTED,→,to speak,3193,to foresee,2651,Latin,245,Latin,245,to speak,"foretell, advise, give notice","dico, -ere","prædico, -ere"
1921,shift0988,Polysemy,1,ACCEPTED,→,to thrust (into),3299,to practice witchcraft,2994,Latin,245,Latin,245,"to fix by thrusting down into something, to stick (a weapon in someone)","to bind with a spell, to bewitch","dēfīgo, -ere","dēfīgo, -ere"
1925,shift8369,Polysemy,2,NEW,→,peace,323,to kiss,2821,Spanish,158,Spanish,158,peace,"during a mass, a kiss that people give each other as a sign of peace and reconciliation",paz,paz
1935,shift4036,Polysemy,1,NEW,→,father,1242,"cause, reason",917,Italian,161,Italian,161,father,cause,padre,padre
1947,shift0980,Polysemy,7,ACCEPTED,—,to move quickly,2930,to flow,2639,Latin,245,Latin,245,to run,to flow,"curro, -ere","curro, -ere"
1970,shift5441,Polysemy,1,NEW,→,"to adorn, decorate",2223,"to decorate, award",2497,Romanian,139,Romanian,139,"to adorn, decorate","to decorate, award",decora,decora
1979,shift5552,Derivation,3,ACCEPTED,→,squirrel (Sciurus),4237,Siberian flying squirrel,4064,Spanish,158,Spanish,158,squirrel (Sciurus),Siberian flying squirrel,ardilla,ardilla voladora
1980,shift5552,Derivation,4,ACCEPTED,→,squirrel (Sciurus),4237,Siberian flying squirrel,4064,Catalan,312,Catalan,312,squirrel (Sciurus),Siberian flying squirrel,esquirol,esquirol volador
1983,shift5552,Derivation,7,ACCEPTED,→,squirrel (Sciurus),4237,Siberian flying squirrel,4064,Portuguese,117,Portuguese,117,squirrel (Sciurus),Siberian flying squirrel,esquilo,esquilo voador
1984,shift5552,Derivation,8,ACCEPTED,→,squirrel (Sciurus),4237,Siberian flying squirrel,4064,Romanian,139,Romanian,139,squirrel (Sciurus),Siberian flying squirrel,veveriță,veveriță zburătoare
2007,shift0821,Polysemy,5,ACCEPTED,→,yellow,2079,gold,807,Romanian,139,Romanian,139,yellow,golden coin (hist),galben,galben
2026,shift0096,Polysemy,7,ACCEPTED,→,inflated,1774,proud,487,French,159,French,159,inflated,proud,gonflé,gonflé
2030,shift1978,Polysemy,1,NEW,→,to row (with oars),3098,to fly,2642,Portuguese,117,Portuguese,117,NA,NA,remar,remar
2036,shift1316,Polysemy,1,ACCEPTED,→,to go out,2708,to run out (of smth),3103,Italian,161,Italian,161,"to leave, to withdraw","to disappear, to pass, to finish",andarsene,andarsene
2048,shift4368,Polysemy,8,ACCEPTED,→,cat,905,anchor,1991,Romanian,139,Romanian,139,(dated) cat,(dated) anchor,cătușă,cătușă
2049,shift4368,Polysemy,9,ACCEPTED,→,cat,905,anchor,1991,Romanian,139,Romanian,139,(colloquial) cat,(dated) ship anchor,mâță,mâță
2089,shift2541,Polysemy,1,ACCEPTED,→,big,3588,great,839,French,159,French,159,"big, large",great,grand,grand
2091,shift2541,Polysemy,3,ACCEPTED,→,big,3588,great,839,Romanian,139,Romanian,139,"big, large",great,mare,mare
2112,shift5308,Polysemy,2,ACCEPTED,→,grass,833,cannabis,886,Spanish,158,Spanish,158,grass,"certain types of drugs, such as marijuana.",hierba,hierba
2113,shift5308,Polysemy,3,ACCEPTED,→,grass,833,cannabis,886,Italian,161,Italian,161,grass,cannabis,erba,erba
2128,shift2708,Polysemy,1,ACCEPTED,→,&lt;furniture&gt;,1212,&lt;office&gt;,4508,French,159,French,159,desk,office,bureau,bureau
2134,shift2708,Polysemy,7,ACCEPTED,→,&lt;furniture&gt;,1212,&lt;office&gt;,4508,Italian,161,Italian,161,bench,court,banco,banco
2153,shift2873,Polysemy,14,ACCEPTED,—,low (location),263,low (size),264,French,159,French,159,low (location),low (size),bas,bas
2154,shift2873,Polysemy,15,ACCEPTED,—,low (location),263,low (size),264,Italian,161,Italian,161,low (location),low (size),basso,basso
2158,shift8222,Motivation,1,ACCEPTED,→,oven,4572,July,1198,Romanian,139,Romanian,139,oven,(popular/folk usage) July,cuptor,cuptor
2163,shift1646,Polysemy,3,ACCEPTED,→,bone,3645,stone (of a fruit),4280,Latin,245,Latin,245,bone,stone (fruit),os,os
2171,shift2835,Polysemy,1,ACCEPTED,→,iron,1806,weapon,32,Italian,161,Italian,161,iron,weapon (poet.),ferro,ferro
2174,shift2835,Polysemy,4,ACCEPTED,→,iron,1806,weapon,32,Spanish,158,Spanish,158,iron,cold weapon,hierro,hierro
2175,shift2835,Polysemy,5,ACCEPTED,→,iron,1806,weapon,32,French,159,French,159,iron,sword-blade; rapier; sword; dagger; arm,fer,fer
2178,shift3147,Derivation,1,ACCEPTED,→,bull,3715,frog,1384,Romanian,139,Romanian,139,bull,fire-bellied toad,buhai,buhai-de-baltă
2179,shift3147,Derivation,2,ACCEPTED,→,bull,3715,frog,1384,Romanian,139,Romanian,139,bull,moor frog,bou,bou-de-baltă
2199,shift1808,Derivation,3,ACCEPTED,→,moon,708,insane,1784,Latin,245,Latin,245,moon,"sleep-walker, epileptic, madman",luna,lunaticus
2216,shift0114,Polysemy,4,ACCEPTED,—,to give birth,2693,to cause,2410,French,159,French,159,to give birth,to lead to,engendrer,engendrer
2226,shift4158,Polysemy,2,ACCEPTED,→,to move away,2927,"to destroy, annihilate",2514,Romanian,139,Romanian,139,"to move away, to shift","to remove, to eliminate",a îndepărta,a îndepărta
2230,shift4158,Polysemy,6,ACCEPTED,—,to move away,2927,"to destroy, annihilate",2514,French,159,French,159,to move away,to destroy,enlever,enlever
2245,shift3241,Derivation,2,ACCEPTED,→,&lt;foreigner&gt;,1210,syphilis,4372,Italian,161,Italian,161,Moroccan,syphilis,marocchino,marocchinato
2246,shift3241,Derivation,3,ACCEPTED,→,&lt;foreigner&gt;,1210,syphilis,4372,French,159,French,159,Neapolitan,syphilis,de Naples,mal (maladie) de Naples
2247,shift3241,Polysemy,4,ACCEPTED,→,&lt;foreigner&gt;,1210,syphilis,4372,French,159,French,159,spanish,syphilis,d’Espagne,mal d’Espagne
2249,shift3241,Polysemy,6,ACCEPTED,→,&lt;foreigner&gt;,1210,syphilis,4372,French,159,French,159,Prussian,syphilis,prussien,maladie prussienne
2257,shift0673,Derivation,7,ACCEPTED,→,green,845,plant (biol.),398,French,159,French,159,green,"greens, grass, leaves, vegetables, salad",vert,verdure
2275,shift7278,Derivation,1,NEW,→,sixth,4094,Friday,1378,Portuguese,117,Portuguese,117,sixth,Friday,Sexta,Sexta-feira
2294,shift8586,Derivation,4,ACCEPTED,→,grandfather,826,uncle (mother&#39;s brother),509,Latin,245,Latin,245,grandfather,maternal uncle,avus,avunculus
2301,shift0916,Polysemy,2,NEW,?,there,2166,then,2165,Spanish,158,Spanish,158,there,then,allà,allà
2323,shift1300,Polysemy,4,ACCEPTED,→,to touch,3307,"to concern, be related to",2448,French,159,French,159,to touch,"to concern, be related to",toucher,toucher
2325,shift1300,Polysemy,6,NEW,—,to touch,3307,"to concern, be related to",2448,Spanish,158,Spanish,158,to touch,to deal with,tocar,tocar
2327,shift1300,Polysemy,8,NEW,→,to touch,3307,"to concern, be related to",2448,French,159,French,159,to touch,to be related to subject,effleurer,effleurer
2336,shift2664,Derivation,4,ACCEPTED,—,pig (Sus scrofa),369,hedgehog (Еrinaceus),1595,Italian,161,Italian,161,pig (Sus scrofa),(popular) hedgehog,porco,porcospino
2350,shift3279,Derivation,5,ACCEPTED,→,to give,2692,to marry off (a daughter),2905,Spanish,158,Spanish,158,to give,to marry off (a daughter),dar,dar en matrimonio
2357,shift0595,Polysemy,3,ACCEPTED,—,hook,1651,fang,1232,French,159,French,159,hook,fang,croc,croc
2378,shift0986,Derivation,10,ACCEPTED,→,"sack, bag",3908,scrotum,3968,French,159,French,159,"sack, bag",scrotum,bourse,bourses
2388,shift3485,Polysemy,2,ACCEPTED,→,to hang,2733,to be suspended,2306,Latin,245,Latin,245,to hang (intr.),to be interrupted (action),"pendeo, -ere","pendeo, -ere"
2394,shift2494,Polysemy,1,NEW,→,to blossom,2354,to get mouldy (musty),2681,Romanian,139,Romanian,139,to blossom,to mould,a înflori,a înflori
2441,shift1169,Polysemy,7,ACCEPTED,?,to give,2692,to let,2842,Romanian,139,Romanian,139,to give,to permit,a da,a da
2483,shift2857,Derivation,5,ACCEPTED,→,"to raise, lift (tr.)",3037,to bring up (children),2381,French,159,French,159,"to raise, lift (tr.)",to bring up,lever,élever
2500,shift2042,Polysemy,5,ACCEPTED,→,lean,178,infertile (soil),1772,Spanish,158,Spanish,158,"thin, lean","poor, lean (soil)",delgado,delgado
2504,shift2042,Polysemy,9,ACCEPTED,—,lean,178,infertile (soil),1772,French,159,French,159,lean,infertile (soil),maigre,maigre
2508,shift0110,Polysemy,4,ACCEPTED,→,dry,4491,emotionless,3834,French,159,French,159,dry,emotionless,sec,sec
2523,shift2260,Polysemy,3,ACCEPTED,→,to fall down,2605,to coincide,2437,Latin,245,Latin,245,to fall,"to fall (on a date), to coincide","cado, -ere","cado, -ere"
2526,shift2260,Polysemy,6,ACCEPTED,→,to fall down,2605,to coincide,2437,French,159,French,159,to fall down,to coincide,tomber,tomber
2529,shift2260,Polysemy,9,ACCEPTED,→,to fall down,2605,to coincide,2437,Italian,161,Italian,161,to fall down,to coincide,cadere,cadere
2530,shift2260,Polysemy,10,ACCEPTED,→,to fall down,2605,to coincide,2437,Spanish,158,Spanish,158,to fall down,to coincide,caer,caer
2534,shift4939,Polysemy,3,ACCEPTED,→,evening,3871,"party, soiree",309,French,159,French,159,evening,"party, soiree",soirée,soirée
2564,shift3939,Polysemy,3,ACCEPTED,→,middle,652,waist,5,Romanian,139,Romanian,139,middle,waist,mijloc,mijloc
2572,shift0738,Derivation,3,ACCEPTED,—,to lead,2834,to behave,2333,French,159,French,159,"to lead, to conduct",to behave,conduire,se conduire
2593,shift0462,Polysemy,5,ACCEPTED,→,eye,3890,loop,253,Romanian,139,Romanian,139,eye,loop,ochi,ochi
2600,shift6516,Polysemy,1,NEW,—,bumblebee,3719,horse-fly (Tabanidae),1663,Romanian,139,Romanian,139,bumblebee,horse-fly (Tabanidae),bondar,bondar
2602,shift1677,Polysemy,2,ACCEPTED,→,deep,4404,saturated (of colour),3943,Romanian,139,Romanian,139,deep,"thick, rich",adânc,adânc
2603,shift1677,Polysemy,3,ACCEPTED,→,deep,4404,saturated (of colour),3943,Italian,161,Italian,161,NA,NA,profundo,profundo
2605,shift1677,Polysemy,5,ACCEPTED,→,deep,4404,saturated (of colour),3943,French,159,French,159,deep,saturated (of colour),profond,profond
2613,shift5434,Derivation,1,NEW,→,to break (tr.),2370,split (gymnastics),4213,Italian,161,Italian,161,"to break, split",split (gymnastics),spaccàre,spaccata
2615,shift3318,Polysemy,1,ACCEPTED,→,hand/arm,1550,handwriting,1553,French,159,French,159,hand,handwriting,main,main
2627,shift4235,Polysemy,4,ACCEPTED,→,son,4163,child,957,Asturian,1549,Asturian,1549,son,child (son or daughter),fíu,fíu
2631,shift4235,Polysemy,8,ACCEPTED,—,son,4163,child,957,Italian,161,Italian,161,son,"(usually in the plural) child (of unspecified gender, in relation to their parents)",figlio,figlio
2677,shift2848,Polysemy,1,ACCEPTED,→,big,3588,"high (size), tall",1624,French,159,French,159,"big, large",tall (person),grand,grand
2689,shift5227,Derivation,2,ACCEPTED,→,grandfather,826,ancestor,1990,Spanish,158,Spanish,158,grandfather,ancestors,abuelo,abuelos
2691,shift5227,Derivation,4,ACCEPTED,→,grandfather,826,ancestor,1990,Italian,161,Italian,161,grandfather,ancestors,nonno,nonni
2692,shift5227,Derivation,5,ACCEPTED,→,grandfather,826,ancestor,1990,Italian,161,Italian,161,(archaic) grandfather,ancestors,avo,avi
2693,shift5227,Derivation,6,ACCEPTED,→,grandfather,826,ancestor,1990,Portuguese,117,Portuguese,117,grandfather,ancestors,avô,avós
2713,shift5007,Polysemy,7,ACCEPTED,→,garden,766,kindergarten,1712,Romanian,139,Romanian,139,diminutive of grădină 'garden',kindergarten,grădiniță,grădiniță
2720,shift1314,Polysemy,1,NEW,?,pig (Sus scrofa),369,glutton,798,Romanian,139,Romanian,139,pig,glutton,porc,porc
2727,shift1066,Polysemy,5,ACCEPTED,—,to reach,3040,"to suffice, be enough",3247,Spanish,158,Spanish,158,to reach,to be enough,alcanzar,alcanzar
2737,shift2850,Polysemy,2,ACCEPTED,—,to become visible,2327,to seem,3122,French,159,French,159,to appear,to seem,paraître,paraître
2756,shift6685,Polysemy,1,NEW,→,"arbalest, crossbow",2023,leaf spring,176,Italian,161,Italian,161,"arbalest, crossbow",leaf spring,balestra,balestra
2766,shift0188,Polysemy,3,ACCEPTED,→,flexible,1319,"compliant, pliable",1073,Spanish,158,Spanish,158,flexible,"flexible, compliant",flexible,flexible
2767,shift0188,Polysemy,4,ACCEPTED,→,flexible,1319,"compliant, pliable",1073,French,159,French,159,"flexible, yielding (material)","compliable, compliant",souple,souple
2814,shift4390,Polysemy,13,ACCEPTED,—,"spawn, roe",4189,calf of a leg,875,Romanian,139,Romanian,139,"spawn, roe",calf of a leg,icră,icră
2843,shift0463,Polysemy,8,ACCEPTED,—,eye,3890,bud (on a twig),3712,French,159,French,159,eye,bud,œil,œil
2878,shift1898,Derivation,30,NEW,←,lung,272,liver,236,Romanian,139,Romanian,139,(regional) lungs,liver,ficați,ficat
2879,shift1898,Derivation,31,NEW,—,lung,272,liver,236,Romanian,139,Romanian,139,(regional) lungs,(regional) liver,maiurile (maierele) albe,mai (mai negru)
2880,shift1898,Derivation,32,NEW,→,lung,272,liver,236,Romanian,139,Romanian,139,lung,liver,plămîn,plămîni negre
2891,shift6916,Polysemy,2,ACCEPTED,→,turkey,3465,fool,1336,Spanish,158,Spanish,158,"(Honduras, Mexico, El Salvador, Louisiana, Texas) turkey","(Honduras, El Salvador) fool",guajolote,guajolote
2892,shift6916,Polysemy,3,ACCEPTED,→,turkey,3465,fool,1336,Spanish,158,Spanish,158,(Cuba) turkey,(Cuba) fool,guanajo,guanajo
2931,shift1368,Polysemy,2,ACCEPTED,—,foot,1338,unit of length,528,French,159,French,159,foot,length unit,pied,pied
2946,shift0057,Polysemy,10,ACCEPTED,—,boy,3666,servant,3997,Latin,245,Latin,245,"child, baby; boy","young servant, slave",puer,puer
2953,shift0057,Polysemy,17,ACCEPTED,—,boy,3666,servant,3997,Spanish,158,Spanish,158,"boy, youth",servant,muchacho,muchacho
2954,shift0057,Polysemy,18,ACCEPTED,→,boy,3666,servant,3997,French,159,French,159,boy,"servant (obs.), waiter",garçon,garçon
2959,shift0057,Polysemy,23,ACCEPTED,→,boy,3666,servant,3997,Romanian,139,Romanian,139,boy,valet,băiat,băiat
2977,shift0057,Polysemy,41,NEW,→,boy,3666,servant,3997,Spanish,158,Spanish,158,"boy, kid","boy who performs menial jobs in offices, shops and other establishments",chico,chico
2979,shift0057,Polysemy,43,NEW,→,boy,3666,servant,3997,Spanish,158,Spanish,158,"boy, lad, young man, youth","servant, helper, steward, manservant; (Argentina, Chile, Colombia, Peru) waiter, server",mozo,mozo
3001,shift6007,Polysemy,1,NEW,→,beard,3541,awn,2069,French,159,French,159,beard,"filaments that line certain plants, in particular the ears of grasses",barbe,barbe
3008,shift0677,Derivation,2,ACCEPTED,—,tailor&#39;s thimble,2116,foxglove (Digitalis L.),1361,Latin,245,Latin,245,thimble,"finger flower, digitalis",digitale,digitalis
3012,shift0677,Polysemy,6,ACCEPTED,→,tailor&#39;s thimble,2116,foxglove (Digitalis L.),1361,Romanian,139,Romanian,139,tailor's thimble,foxglove (Digitalis L.),degetar,degetar
3017,shift0677,Derivation,11,ACCEPTED,→,tailor&#39;s thimble,2116,foxglove (Digitalis L.),1361,Portuguese,117,Portuguese,117,tailor's thimble,foxglove (Digitalis L.),dedal,dedaleira
3053,shift7895,Derivation,2,ACCEPTED,→,miracle,674,to be surprised,2305,French,159,French,159,miracle,to surprise,merveille,émerveiller
3085,shift3756,Polysemy,1,NEW,—,breathing,3683,sigh,4075,Latin,245,Latin,245,act of manner of breathing,sigh,spiritus,spiritus
3086,shift5223,Polysemy,1,ACCEPTED,→,still (adv.),4269,nevertheless,1851,Spanish,158,Spanish,158,still (adv.),nevertheless,todavía,todavía
3088,shift5223,Polysemy,3,ACCEPTED,→,still (adv.),4269,nevertheless,1851,French,159,French,159,still (adv.),nevertheless,toujours,toujours
3095,shift5512,Derivation,5,ACCEPTED,←,to hide (tr.),2764,thief,2169,Latin,245,Latin,245,"by stealth, secretly, privily",thief,furtim,fur
3112,shift0260,Polysemy,8,ACCEPTED,—,to float,2637,to soar,3185,Portuguese,117,Portuguese,117,floating,flying,volante,volante
3113,shift0260,Polysemy,9,ACCEPTED,→,to float,2637,to soar,3185,Italian,161,Italian,161,"to float, keep, or have the ability to keep, on the surface of a liquid, a mass of water","referring to an aerostat, stay suspended in the air without going up or down",galleggiare,galleggiare
3119,shift8637,Derivation,4,NEW,→,seven,3999,Pleiades,410,Galician,817,Galician,817,seven,Pleiades,sete,Setestrelo
3125,shift0003,Polysemy,3,ACCEPTED,?,to find,2627,to have opinion,2752,French,159,French,159,to find,to have an opinion,trouver,trouver
3141,shift3082,Polysemy,1,ACCEPTED,→,fireplace,1293,fire,1286,Latin,245,Latin,245,fireplace,fire,focus,focus
3149,shift2607,Derivation,1,ACCEPTED,→,to go out,2708,to manage to do smth,2903,Italian,161,Italian,161,to go out,"to suceed, to manage",uscire,riuscire
3230,shift3596,Polysemy,1,ACCEPTED,→,tongue (body part),3400,cape,889,Latin,245,Latin,245,tongue,cape,lingua,lingua
3248,shift0007,Polysemy,6,ACCEPTED,—,"to turn, rotate (intr.)",3327,to become,2312,Latin,245,Latin,245,to spin,to transform,"verto, -ere","verto, -ere"
3251,shift0007,Polysemy,9,ACCEPTED,?,"to turn, rotate (intr.)",3327,to become,2312,Spanish,158,Spanish,158,to turn,to transform,volver,volver
3289,shift1930,Polysemy,6,NEW,→,"spring, fountain",4226,origin,4562,French,159,French,159,"spring, fountain",origin (n.),source,source
3298,shift4396,Polysemy,1,ACCEPTED,→,squirrel (Sciurus),4237,ladybird,145,Romanian,139,Romanian,139,squirrel (Sciurus),(Transilvania) ladybird,veveriță,veveriță
3310,shift6471,Semantic evolution,1,ACCEPTED,→,gardener,768,mole cricket (Gryllotalpa),695,Middle French,1242,Middle French,1242,gardener,mole cricket (Gryllotalpa),courtilliere,"courteliere (1547), courtilliere (near 1600)"
3349,shift6172,Derivation,1,NEW,→,bear (Ursus),3539,anteater,2006,Spanish,158,Spanish,158,bear (Ursus),"(Mexico, Guatemala, Honduras, Panama) anteater (Tamandua mexicana); (Venezeula, Bolovia, Uruguay) giant anteater (Myrmecophaga tridactyla)",oso,oso hormiguero
3350,shift6172,Polysemy,2,NEW,→,bear (Ursus),3539,anteater,2006,Catalan,312,Catalan,312,bear (Ursus),anteater,ós,ós formiguer
3355,shift2153,Derivation,1,ACCEPTED,→,spruce (Picea),4228,"horsetail, equisetum",1669,Romanian,139,Romanian,139,fur tree,"Equisetum arvense, Equisetum maximum",brad,brădişor
3367,shift8336,Polysemy,2,NEW,→,child (young person),959,protégé,484,Portuguese,117,Portuguese,117,"minor, usually an orphan, who is under the direction of a guardian",protégé,pupilo,pupilo
3384,shift3709,Polysemy,3,ACCEPTED,→,hare (Lepus),1562,cunning person,1157,French,159,French,159,rabbit,cunning person,lapin,lapin
3443,shift4702,Polysemy,1,NEW,→,length,190,longitude,251,Medieval Latin,44,Medieval Latin,44,length,longitude,longitudo,longitudo
3449,shift2044,Polysemy,3,ACCEPTED,→,thick,2167,"dense, thick (liquid)",4414,Spanish,158,Spanish,158,"fat, massive",thick,espeso,espeso
3454,shift2044,Polysemy,8,ACCEPTED,—,thick,2167,"dense, thick (liquid)",4414,Latin,245,Latin,245,"thick, fat",thick (liquid),crassus,crassus
3469,shift1186,Polysemy,6,ACCEPTED,—,long (size),246,long (period of time),245,Latin,245,Latin,245,"having (great) linear extent, long",long (of a period of time),longus,longus
3481,shift1186,Polysemy,18,ACCEPTED,—,long (size),246,long (period of time),245,French,159,French,159,long (size),long (period of time),long,long
3513,shift7865,Polysemy,7,ACCEPTED,→,sickle,4070,crescent,1134,Italian,161,Italian,161,"scythe, sickle",crescent,falce,falce
3525,shift6298,Polysemy,4,ACCEPTED,→,China,967,porcelain,442,Spanish,158,Spanish,158,China,porcelain,Chino,chino
3559,shift1696,Derivation,4,ACCEPTED,→,"to live, be alive",2855,food,1335,Latin,245,Latin,245,to live,food,"vivo, -ere",victualia
3561,shift1696,Derivation,6,ACCEPTED,→,"to live, be alive",2855,food,1335,French,159,French,159,"to live, be alive","food, provisions",vivre,vivres
3575,shift3292,Derivation,2,ACCEPTED,→,&lt;numeral&gt;,1815,&lt;military rank&gt;,558,Latin,245,Latin,245,hundred,military rank,centum,"centurio, ōnis"
3583,shift5173,Derivation,2,ACCEPTED,→,dust,4503,(gun)powder,758,Spanish,158,Spanish,158,dust,(gun)powder,polvo,polvora
3584,shift5173,Polysemy,3,ACCEPTED,→,dust,4503,(gun)powder,758,French,159,French,159,dust,(gun)powder,poudre,poudre
3616,shift0035,Polysemy,4,ACCEPTED,?,to see/to look at,3121,to have opinion,2752,Spanish,158,Spanish,158,NA,NA,ver,ver
3620,shift0035,Polysemy,8,ACCEPTED,—,to see/to look at,3121,to have opinion,2752,French,159,French,159,to look,"to consider, regard as",regarder,regarder
3622,shift0035,Polysemy,10,ACCEPTED,→,to see/to look at,3121,to have opinion,2752,French,159,French,159,to see,to have opinion,voir,voir
3625,shift0035,Semantic evolution,13,ACCEPTED,?,to see/to look at,3121,to have opinion,2752,French,159,French,159,"to stare, to gaze",to consider,considérer,considérer
3646,shift4999,Polysemy,1,ACCEPTED,→,shuttle (weaving instrument),4061,shuttle (in a sewing machine),4060,French,159,French,159,"in a loom, moving part generally formed of an elongated piece of wood and pointed at the ends, containing a spool and serving to pass the weft thread between the warp threads","in a sewing machine, part of the mechanism which contains the bobbin and directs the lower stitching thread",navette,navette
3649,shift2185,Derivation,1,ACCEPTED,→,to cut,2484,pain,284,French,159,French,159,to cut,colic,trancher,tranchées
3663,shift7693,Polysemy,1,ACCEPTED,→,smoke,4130,drunk,4488,Spanish,158,Spanish,158,smoke,drunkenness,humo,humo
3666,shift6859,Motivation,3,ACCEPTED,→,&lt;foreign country&gt;,1209,guinea pig (Cavia porcellus),860,Jèrriais (Jersey Norman French),1063,Jèrriais (Jersey Norman French),1063,Guinea,guinea pig (Cavia porcellus),Dginnée,couochon d&#39;la Dginnée
3667,shift6859,Motivation,4,ACCEPTED,→,&lt;foreign country&gt;,1209,guinea pig (Cavia porcellus),860,Spanish,158,Spanish,158,"(historical) The Western Hemisphere, during the early period of European colonization and exploration",guinea pig (Cavia porcellus),Indias,conejillo de Indias
3668,shift6859,Motivation,5,ACCEPTED,→,&lt;foreign country&gt;,1209,guinea pig (Cavia porcellus),860,Sicilian,1456,Sicilian,1456,India,guinea pig (Cavia porcellus),Innia,purciḍḍuzzu d&#39;Innia
3669,shift6859,Motivation,6,ACCEPTED,→,&lt;foreign country&gt;,1209,guinea pig (Cavia porcellus),860,Portuguese,117,Portuguese,117,India,guinea pig (Cavia porcellus),Índia,porquinho-da-índia
3673,shift6859,Motivation,10,ACCEPTED,→,&lt;foreign country&gt;,1209,guinea pig (Cavia porcellus),860,French,159,French,159,India,guinea pig (Cavia porcellus),Inde,cochon d&#39;Inde
3674,shift6859,Motivation,11,ACCEPTED,→,&lt;foreign country&gt;,1209,guinea pig (Cavia porcellus),860,Italian,161,Italian,161,India,guinea pig (Cavia porcellus),India,porcellino d&#39;India
3692,shift0930,Polysemy,2,ACCEPTED,?,to fall down,2605,case (grammar),900,Latin,245,Latin,245,"fall, episode",case,casus,casus
3696,shift0930,Polysemy,6,ACCEPTED,—,to fall down,2605,case (grammar),900,French,159,French,159,"case, event",case (grammar),cas,cas
3704,shift2015,Polysemy,6,ACCEPTED,→,hot,1673,angry,1997,Spanish,158,Spanish,158,"warm, hot","wicked, angry, hot tempered",caliente,caliente
3716,shift6216,Derivation,3,ACCEPTED,→,pig (Sus scrofa),369,Heterodon nasicus,1620,Spanish,158,Spanish,158,pig (Sus scrofa),Heterodon nasicus,cerdo,serpiente de hocico de cerdo occidenta
3717,shift6216,Derivation,4,ACCEPTED,→,pig (Sus scrofa),369,Heterodon nasicus,1620,Italian,161,Italian,161,pig (Sus scrofa),Heterodon nasicus,porco,serpente muso di porco occidentale
3740,shift5309,Polysemy,2,ACCEPTED,→,carriage,896,automobile,2062,Spanish,158,Spanish,158,cart,"(especially in Central America, the Caribbean, Colombia, Peru, Venezuela and all of Mexico except Central Mexico)) automobile",carro,carro
3742,shift5309,Semantic evolution,4,ACCEPTED,→,carriage,896,automobile,2062,French,159,French,159,(historical) car (wheeled vehicle usually pulled by a horse),car (motorized vehicle),voiture,voiture
3743,shift5309,Polysemy,5,ACCEPTED,→,carriage,896,automobile,2062,Spanish,158,Spanish,158,"carriage, coach (a wheeled vehicle, generally drawn by horse power)","(chiefly Spain, Mexico) car (a wheeled vehicle that moves independently)",coche,coche
3744,shift5309,Polysemy,6,ACCEPTED,→,carriage,896,automobile,2062,French,159,French,159,"chariot, carriage","(Acadian French, New Brunswick, Quebec, Louisiana, Cajun French, Missouri) car, auto",char,char
3776,shift3975,Polysemy,1,ACCEPTED,—,to divide into several parts,2541,to share,3138,French,159,French,159,to divide into several parts,to share,partager,partager
3782,shift3975,Polysemy,7,ACCEPTED,→,to divide into several parts,2541,to share,3138,Romanian,139,Romanian,139,to divide into several parts,to share,împărți,împărți
3784,shift3975,Polysemy,9,NEW,—,to divide into several parts,2541,to share,3138,French,159,French,159,to divide into several parts,to share,partager,partager
3794,shift0069,Polysemy,2,ACCEPTED,?,hot,1673,recent,1442,Latin,245,Latin,245,"warm, hot",fresh,calidus (caldus),calidus (caldus)
3804,shift1072,Cognates,2,ACCEPTED,—,light (n.),210,world,122,Romanian,139,Romanian,139,light,"world, universe",lumină,lume
3818,shift2524,Polysemy,2,ACCEPTED,←,"to inhabit, live",2793,to plough,2986,Latin,245,Latin,245,"to live, to dwell in","to till, cultivate, farm (land)","colo, -ere","colo, -ere"
3820,shift3211,Derivation,1,NEW,→,foot/leg,1340,plantain (Plantago),400,Latin,245,Latin,245,"foot, sole",ribwort,planta,plantago
3822,shift4726,Derivation,1,ACCEPTED,→,snake,4136,cannon (weapon),887,French,159,French,159,snake,medieval cannon,couleuvre,couleuvrine
3835,shift3126,Derivation,1,ACCEPTED,→,urban,546,cultivated (of person),1156,Latin,245,Latin,245,"city, town","courtesy, amiability",civitas,civilitas
3836,shift3126,Polysemy,2,ACCEPTED,→,urban,546,cultivated (of person),1156,Latin,245,Latin,245,urban life (mainly Roman),"culture, education, breeding, good manners,",urbanitas,urbanitas
3852,shift5334,Polysemy,9,ACCEPTED,←,orphan,4564,"poor, needy",437,Romanian,139,Romanian,139,orphan,"one who is poor, wretched",sărman,sărman
3858,shift0466,Polysemy,1,NEW,?,eye,3890,whirlpool,59,Romanian,139,Romanian,139,eye,whirlpool,ochi,ochi
3861,shift0045,Derivation,3,ACCEPTED,→,to see/to look at,3121,to seem,3122,Latin,245,Latin,245,to see,to seem,"video, -ere","videor, -eri"
3867,shift5159,Polysemy,1,ACCEPTED,→,mistress of a house,684,"mistress, paramour",685,French,159,French,159,mistress of a house,"mistress, paramour",maîtresse,maîtresse
3870,shift5893,Derivation,2,ACCEPTED,→,milk,657,Milky Way,659,Latin,245,Latin,245,feminine form of lacteus 'milky',Milky Way,‎lactea,Via Lactea
3883,shift0953,Polysemy,6,ACCEPTED,→,to see/to look at,3121,to hear / to listen,2759,Latin,245,Latin,245,to see,to hear,"video, -ere","video, -ere"
3890,shift2487,Polysemy,1,ACCEPTED,→,foot/leg,1340,branch (of a river),3671,Romanian,139,Romanian,139,leg,branch (of river),crac,crac
3913,shift1838,Polysemy,5,ACCEPTED,—,free of charge,1372,"vain, in vain",3746,Romanian,139,Romanian,139,"for free, for nothing",in vain,degeaba,degeaba
3953,shift0812,Derivation,5,ACCEPTED,→,wax,27,yellow,2079,Latin,245,Latin,245,wax,yellow,cera,cereus
3958,shift8180,Polysemy,1,ACCEPTED,→,to press,3002,"gloomy, depressed",796,Spanish,158,Spanish,158,to press down,to depress,deprimir,deprimir
3973,shift1235,Polysemy,1,NEW,→,maize,569,cone (fruit),1079,Romanian,139,Romanian,139,maize,cone (fruit),cucuruz,cucuruz
3994,shift3357,Polysemy,2,NEW,→,to go down,2704,"to humble, to abase",2775,Italian,161,Italian,161,to go down,"to humble, to abase",scendere,scendere
4020,shift1350,Polysemy,1,ACCEPTED,→,to go away,2700,to die,2517,Spanish,158,Spanish,158,to leave,to die,irse,irse
4021,shift1350,Polysemy,2,ACCEPTED,→,to go away,2700,to die,2517,Italian,161,Italian,161,"to leave, to withdraw",to die,andarsene,andarsene
4033,shift1350,Polysemy,14,ACCEPTED,→,to go away,2700,to die,2517,French,159,French,159,to leave,to die,s&#39;en aller,s&#39;en aller
4047,shift0576,Polysemy,1,ACCEPTED,?,young,2089,new,1852,Portuguese,117,Portuguese,117,young (person),new (thing),novo,novo
4081,shift4001,Derivation,1,ACCEPTED,→,blue,3634,novice,1889,French,159,French,159,blue,"rookie, new recruit; novice",bleu,bleu
4091,shift2670,Polysemy,7,ACCEPTED,→,&lt;animal&gt;,1916,white caps (on sea waves),64,French,159,French,159,ram,white horses (on the waves),mouton,moutons
4093,shift2670,Derivation,9,ACCEPTED,→,&lt;animal&gt;,1916,white caps (on sea waves),64,Italian,161,Italian,161,ewe lamb,white horses (on the waves),pecorella,pecorelle
4094,shift2670,Polysemy,10,ACCEPTED,→,&lt;animal&gt;,1916,white caps (on sea waves),64,Spanish,158,Spanish,158,doe kids,white horses (on the waves),cabrillas,cabrillas
4129,shift6603,Polysemy,15,ACCEPTED,→,sweet (taste),4358,pleasant,408,Romanian,139,Romanian,139,sweet (taste),"beautiful, cute, tender; (of beings) nice, pleasant in appearance or behavior; (about smell) aromatic, fragrant; (about voice, sounds, etc.) pleasant to the ear; melodious",dulce,dulce
4136,shift6603,Polysemy,22,NEW,→,sweet (taste),4358,pleasant,408,French,159,French,159,sweet (taste),pleasant,doux,doux
4139,shift8204,Polysemy,2,ACCEPTED,→,beautiful,3545,good (about weather),815,Italian,161,Italian,161,beautiful,good (about weather),bello,bello
4146,shift8204,Polysemy,9,NEW,→,beautiful,3545,good (about weather),815,French,159,French,159,beautiful,good (about weather),beau,beau
4158,shift2772,Polysemy,3,ACCEPTED,→,"ship, vessel",4039,shuttle (weaving instrument),4061,Medieval Latin,44,Medieval Latin,44,small ship,shuttle (loom),navicula,navicula
4180,shift3693,Derivation,6,ACCEPTED,→,yellow,2079,chanterelle,942,Romanian,139,Romanian,139,yellow,chanterelle,galben,gălbior
4182,shift2711,Derivation,2,ACCEPTED,→,to blow (about wind),2356,to winnow,3377,Italian,161,Italian,161,wind,to fan (corn),vento,ventilare
4183,shift2711,Derivation,3,ACCEPTED,→,to blow (about wind),2356,to winnow,3377,Spanish,158,Spanish,158,wind,to winnow,viento,aventar
4184,shift2711,Derivation,4,ACCEPTED,→,to blow (about wind),2356,to winnow,3377,Catalan,312,Catalan,312,wind,to winnow,vent,ventar
4185,shift2711,Derivation,5,ACCEPTED,→,to blow (about wind),2356,to winnow,3377,Latin,245,Latin,245,slight wind,to winnow,ventulus,"ventilo, -are"
4192,shift2895,Polysemy,1,ACCEPTED,→,yoke,2085,unit of area,527,Romanian,139,Romanian,139,yoke,"old unit of area (7,161 square meters)",jug,jug
4194,shift0967,Derivation,2,ACCEPTED,—,to stand,3211,to cost,2466,Latin,245,Latin,245,to stand,to cost,"sto, -are","consto, -are"
4214,shift0748,Polysemy,12,ACCEPTED,→,road,1486,"manner, way",581,Spanish,158,Spanish,158,"road, way",means (to achieve smth),camino,camino
4216,shift0748,Polysemy,14,ACCEPTED,→,road,1486,"manner, way",581,Italian,161,Italian,161,"road, way","way, means, method",strada,strada
4221,shift0748,Polysemy,19,ACCEPTED,→,road,1486,"manner, way",581,Latin,245,Latin,245,"road, way",means,via,via
4228,shift6167,Polysemy,1,NEW,→,fox (Vulpes vulpes),1360,coati,1020,Spanish,158,Spanish,158,fox (Vulpes vulpes),coati,zorro,(Colombia) zorro guache
4276,shift7478,Derivation,1,ACCEPTED,→,sea,3970,osprey (Pandion haliaёtus),4565,Latin,245,Latin,245,"sea (adj., fem.)",osprey (Pandion haliaёtus),marina,aquila marina
4283,shift1588,Polysemy,4,ACCEPTED,—,smell (n.),4128,"perfume, scent",351,French,159,French,159,"perfume, fragrance",perfume,parfum,parfum
4292,shift5934,Derivation,1,NEW,→,rooster,1497,trigger (of a gun),3439,Catalan,312,Catalan,312,rooster,trigger (of a gun),gall,gallet
4327,shift1478,Polysemy,7,ACCEPTED,→,black,3610,bad,3493,French,159,French,159,black,bad,noir,noir
4339,shift1197,Polysemy,2,ACCEPTED,→,tick (Acarina),2194,castor bean (Ricinus communis),904,Romanian,139,Romanian,139,mite,castor,căpuşă,căpuşă
4341,shift1197,Polysemy,4,ACCEPTED,?,tick (Acarina),2194,castor bean (Ricinus communis),904,Latin,245,Latin,245,a species of mite,castor,ricinus,ricinus
4356,shift5538,Derivation,3,ACCEPTED,→,common quail,1058,corn crake,1098,French,159,French,159,common quail,corn crake,caille,roi des cailles
4359,shift5538,Derivation,6,ACCEPTED,→,common quail,1058,corn crake,1098,Spanish,158,Spanish,158,common quail,corn crake,codorniz,rey de codornices
4360,shift5538,Derivation,7,ACCEPTED,→,common quail,1058,corn crake,1098,Portuguese,117,Portuguese,117,common quail,corn crake,codorniz,codornizão
4396,shift0220,Polysemy,2,ACCEPTED,→,strong,4304,strong (of liquid or smell),4305,French,159,French,159,"strong, solid",strong (taste),fort,fort
4449,shift0386,Polysemy,4,NEW,—,mud,739,swamp,4354,Romanian,139,Romanian,139,mud,swamp,mocirlă,mocirlă
4468,shift6897,Derivation,1,ACCEPTED,→,tears,2139,lily-of-the-valley (Convallaria majalis),216,Romanian,139,Romanian,139,tear,lily-of-the-valley (Convallaria majalis),lacrimă,lăcrimioară
4487,shift6115,Polysemy,3,ACCEPTED,→,greedy,844,stingy,4272,Spanish,158,Spanish,158,greedy,stingy,avaro,avaro
4494,shift2104,Polysemy,4,ACCEPTED,→,cold,1032,hostile,1672,Spanish,158,Spanish,158,cold,NA,frío,frío
4503,shift0123,Polysemy,1,ACCEPTED,→,Turk,3464,swearword,4356,Romanian,139,Romanian,139,"Turk, Turkish",swearword,turc,turc
4513,shift6220,Derivation,1,NEW,→,snub-nosed,4144,Heterodon nasicus,1620,French,159,French,159,snub (of nose),Heterodon nasicus,retroussé,couleuvre à nez retroussé
4559,shift8315,Motivation,1,NEW,→,roof,1493,sparrow,4187,Catalan,312,Catalan,312,roof,sparrow,teulada,teuladí
4584,shift0141,Polysemy,9,ACCEPTED,→,to drag,2548,"to charm, to delight",2421,French,159,French,159,to drag,"to charm, to delight",attirer,attirer
4636,shift3610,Derivation,1,ACCEPTED,→,to forget,2653,forget-me-not (flower),1352,French,159,French,159,forget,forget-me-not,oublier,ne-m&#39;oubliez-pas
4637,shift3610,Derivation,2,ACCEPTED,→,to forget,2653,forget-me-not (flower),1352,Spanish,158,Spanish,158,to forget,forget-me-not,olvidar,nomeolvides
4638,shift3610,Derivation,3,ACCEPTED,→,to forget,2653,forget-me-not (flower),1352,Italian,161,Italian,161,to forget,forget-me-not,scordarsi,nontiscordardimé
4647,shift3610,Derivation,12,ACCEPTED,→,to forget,2653,forget-me-not (flower),1352,Romanian,139,Romanian,139,to forget,forget-me-not (flower),uita,nu-mă-uita
4660,shift8181,Polysemy,2,ACCEPTED,→,"narrow, close",1827,"gloomy, depressed",796,Spanish,158,Spanish,158,narrowness or narrow passage,"sadness, anguish or fatigue",angostura,angostura
4669,shift1163,Polysemy,8,ACCEPTED,→,to work,3380,to plough,2986,Romanian,139,Romanian,139,to work,to cultivate the land,munci,munci
4746,shift2040,Polysemy,6,ACCEPTED,→,thin (of an object),2172,"delicate, subtle (person, question etc.)",4411,French,159,French,159,thin (of an object),"delicate, subtle (person, question etc.)",fin,fin
4754,shift0412,Polysemy,4,ACCEPTED,—,to emit smoke,2572,to smoke (tobacco),3180,French,159,French,159,"to smoke, to reek",to smoke,fumer,fumer
4819,shift3687,Polysemy,4,ACCEPTED,→,head,1578,classifier for spherical objects,993,Spanish,158,Spanish,158,head,"bulbo, cebolla; yam",cabeza,cabeza
4820,shift3687,Polysemy,5,ACCEPTED,→,head,1578,classifier for spherical objects,993,French,159,French,159,head,cabbage head,tête,tête
4821,shift3687,Polysemy,6,ACCEPTED,→,head,1578,classifier for spherical objects,993,Italian,161,Italian,161,head,"bulbo, cebolla",capo,capo
4837,shift2669,Derivation,6,ACCEPTED,→,&lt;animal&gt;,1916,cloud,1007,Spanish,158,Spanish,158,lamb,cloud,borrego,borreguillo
4839,shift2669,Derivation,8,ACCEPTED,→,&lt;animal&gt;,1916,cloud,1007,Italian,161,Italian,161,ewe lamb,fleece,pecorella,pecorelle
4843,shift0305,Polysemy,2,ACCEPTED,→,&lt;fruit&gt;,1211,bullet,3716,French,159,French,159,"prune, dried plum","projectile of a firearm, in particular a bullet from a rifle, from a revolver.",pruneau,pruneau
4845,shift0305,Cognates,4,ACCEPTED,→,&lt;fruit&gt;,1211,bullet,3716,Spanish,158,Spanish,158,"mulberry, blackberry",(Bolivia) bullet,mora,mora
4846,shift0305,Cognates,5,ACCEPTED,→,&lt;fruit&gt;,1211,bullet,3716,Spanish,158,Spanish,158,"(Venezuela, Colombia) soapberry, soapnut (Sapindus)",(Ecuador) bullet,pepo,pepo
4847,shift0305,Polysemy,6,ACCEPTED,→,&lt;fruit&gt;,1211,bullet,3716,Spanish,158,Spanish,158,almond (nut),(colloquial) bullet (usually pl. alméndolas),alméndola,alméndola
4850,shift4455,Polysemy,1,ACCEPTED,→,immature fish,1742,inexperienced,1771,Spanish,158,Spanish,158,immature fish,inexperienced,alevín,alevín
4869,shift2726,Polysemy,1,ACCEPTED,→,to baptize,2248,to dilute,2521,Spanish,158,Spanish,158,to baptize,"to dilute, to water (wine, milk)",bautizar,bautizar
4873,shift2574,Polysemy,4,ACCEPTED,—,guest,855,"stranger, foreign",4296,Latin,245,Latin,245,"guest, visitor","stranger, foreign",hospes,hospes
4893,shift1064,Polysemy,11,ACCEPTED,→,rooster,1497,cock (of a gun),1023,Romanian,139,Romanian,139,rooster,cock (of a gun),cocoş,cocoş
4974,shift1894,Polysemy,6,ACCEPTED,→,weakness,30,inclination to smth,1759,French,159,French,159,weak,inclination to smth,faible,faible
4975,shift1894,Polysemy,7,ACCEPTED,→,weakness,30,inclination to smth,1759,Italian,161,Italian,161,weak,inclination to smth,debole,debole
4976,shift1894,Polysemy,8,ACCEPTED,→,weakness,30,inclination to smth,1759,Spanish,158,Spanish,158,weakness,"soft spot, affection, inclination",debilidad,debilidad
5025,shift3874,Polysemy,1,ACCEPTED,→,god,804,"&lt;exclamation of surprise, pain or sorrow&gt;",3787,Romanian,139,Romanian,139,god,"<exclamation of fear, pain, despair, enthusiasm, surprise>",dumnezeu,Dumnezeule!
5034,shift0001,Polysemy,5,ACCEPTED,—,"to calculate, count",2393,to take into account,3272,French,159,French,159,"to calculate, count",to take into account,compter,compter
5061,shift0873,Polysemy,8,ACCEPTED,—,"hard, solid",1558,"severe, harsh",4003,French,159,French,159,"hard, solid","severe, shallow hearted",dur,dur
5083,shift3677,Derivation,1,ACCEPTED,→,good,814,"property, possessions",478,French,159,French,159,well,possessions,bien,biens
5107,shift4995,Polysemy,1,ACCEPTED,→,comb,1040,reed (in loom),1448,Spanish,158,Spanish,158,comb,reed (in loom),peine,peine
5109,shift4995,Polysemy,3,ACCEPTED,→,comb,1040,reed (in loom),1448,Latin,245,Latin,245,comb (for a hair),reed or sley of a weaver's loom,pecten,pecten
5110,shift4995,Polysemy,4,ACCEPTED,→,comb,1040,reed (in loom),1448,French,159,French,159,comb,reed (in loom),peigne,peigne
5111,shift4995,Polysemy,5,ACCEPTED,→,comb,1040,reed (in loom),1448,Portuguese,117,Portuguese,117,comb,reed (in loom),pente,pente
5112,shift4995,Polysemy,6,ACCEPTED,→,comb,1040,reed (in loom),1448,Romanian,139,Romanian,139,comb,"metal tool with large and sparse teeth, with which the weft is stuffed on carpets or on some thick woolen fabrics",pieptene,pieptene
5113,shift4995,Polysemy,7,ACCEPTED,→,comb,1040,reed (in loom),1448,Galician,817,Galician,817,comb,piece of the loom with a series of pugs through which the warp threads pass,peite,peite
5114,shift4995,Polysemy,8,ACCEPTED,→,comb,1040,reed (in loom),1448,Italian,161,Italian,161,comb,"in weaving, an accessory organ of the loom, in the shape of a comb, which has the function of regularly distributing all the warp threads over a given length, compressing the weft inserted against the fabric being formed, and obtaining a particular look and feel in the finished fabric",pettine,pettine
5130,shift8270,Polysemy,15,NEW,→,liver,236,courage,1113,Italian,161,Italian,161,liver,courage,fegato,fegato
5163,shift0134,Polysemy,2,ACCEPTED,→,shine (n.),4037,fame,1224,Spanish,158,Spanish,158,"shine, glitter","fame, glory",esplendor,esplendor
5178,shift2109,Derivation,2,ACCEPTED,→,to flow,2639,electricity,3826,Spanish,158,Spanish,158,to flow,current,fluir,fluido (eléctrico)
5204,shift8303,Derivation,1,ACCEPTED,→,sixth,4094,August,2054,Latin,245,Latin,245,sixth,August,sextus,sextilis
5265,shift2135,Polysemy,1,ACCEPTED,→,to break (tr.),2370,to change money,2420,French,159,French,159,to break,to change money (argot),casser,casser
5278,shift4665,Polysemy,2,NEW,→,pink,384,good,814,French,159,French,159,pink,"good, pleasant",rose,rose
5285,shift0342,Polysemy,1,ACCEPTED,→,to fall down,2605,to decrease drastically,2500,Latin,245,Latin,245,to fall,to go down,"cado, -ere","cado, -ere"
5292,shift0342,Polysemy,8,ACCEPTED,→,to fall down,2605,to decrease drastically,2500,French,159,French,159,to fall down,to decrease,tomber,tomber
5305,shift5147,Polysemy,2,ACCEPTED,→,stem (of a plant),4254,strain (microbiology),4293,Romanian,139,Romanian,139,stem (of a plant),strain (microbiology),tulpină,tulpină
5306,shift5147,Polysemy,3,ACCEPTED,→,stem (of a plant),4254,strain (microbiology),4293,Spanish,158,Spanish,158,"grapevine, grapevine stock; rootstalk",strain (microbiology),cepa,cepa
5307,shift5147,Polysemy,4,ACCEPTED,→,stem (of a plant),4254,strain (microbiology),4293,French,159,French,159,stump (of a tree),strain (microbiology),souche,souche
5319,shift1158,Derivation,2,ACCEPTED,—,head,1578,tadpole,2111,French,159,French,159,head,tadpole,tête,têtard
5327,shift3556,Polysemy,6,ACCEPTED,→,heart,1588,mind (n.),667,Latin,245,Latin,245,heart,"heart as centre of thought, memory, and other mental processes",cor,cor
5334,shift1456,Polysemy,2,ACCEPTED,→,to drink,2557,to smoke (tobacco),3180,Romanian,139,Romanian,139,to drink,to smoke,a bea,a bea
5363,shift7924,Derivation,3,ACCEPTED,→,flower,1323,May,609,Romanian,139,Romanian,139,flower,(popular) May,floare,florar
5368,shift2540,Polysemy,2,ACCEPTED,→,"common, shared by several people",1065,vulgar,3783,French,159,French,159,"ordinary, generally accepted, wide spread","rude, vulgar",vulgaire,vulgaire
5396,shift7892,Polysemy,1,ACCEPTED,→,raven,1433,brown meagre,3704,Romanian,139,Romanian,139,raven,brown meagre,corb,corb
5398,shift7892,Derivation,3,ACCEPTED,→,raven,1433,brown meagre,3704,Spanish,158,Spanish,158,"corvine, raven-like",brown meagre,corvino,corvina
5402,shift1070,Polysemy,1,ACCEPTED,—,cat,905,catkin,912,French,159,French,159,kitten,aglet,chaton,chaton
5431,shift6175,Derivation,1,NEW,→,bear (Ursus),3539,raccoon,1411,Spanish,158,Spanish,158,bear (Ursus),(Mexico) raccoon,oso,oso lavandero
5446,shift3812,Polysemy,3,ACCEPTED,—,&lt;military rank&gt;,558,bishop (chess),3602,Italian,161,Italian,161,standard-bearer,bishop (chess),alfiere,alfiere
5453,shift5777,Polysemy,6,ACCEPTED,→,curtain,1165,cataract (of the eye),909,Romanian,139,Romanian,139,curtain,(popular) cataract (of the eye),perdea,perdea
5467,shift3310,Polysemy,6,ACCEPTED,→,&lt;to treat with a sharp instrument&gt;,2102,to quarrel,3035,Spanish,158,Spanish,158,to plane,to whittle,acepillar,acepillar
5486,shift1521,Polysemy,7,ACCEPTED,→,head,1578,one piece (at counting),4544,French,159,French,159,head,one piece (at counting),tête,tête
5497,shift7464,Polysemy,2,NEW,→,in this way,1755,consequently,1084,Spanish,158,Spanish,158,in this way,consequently,así,así
5517,shift2507,Polysemy,3,ACCEPTED,→,&lt;bird&gt;,3478,talkative person,2120,Spanish,158,Spanish,158,американская свиязь (разновидность утки),chatterbox,chachalaca,chachalaca
5519,shift2507,Polysemy,5,ACCEPTED,→,&lt;bird&gt;,3478,talkative person,2120,Spanish,158,Spanish,158,chachalaca,chatterbox,guacharaca,guacharaca
5520,shift2507,Polysemy,6,ACCEPTED,→,&lt;bird&gt;,3478,talkative person,2120,Romanian,139,Romanian,139,jay,chatterbox (f.),gaiţă,gaiţă
5522,shift2507,Polysemy,8,ACCEPTED,←,&lt;bird&gt;,3478,talkative person,2120,Spanish,158,Spanish,158,"babble, chatterbox, parakeet",babbler,perico,perico
5523,shift2507,Polysemy,9,ACCEPTED,→,&lt;bird&gt;,3478,talkative person,2120,Spanish,158,Spanish,158,степной жаворонок,chatterbox (argot),calandria,calandria
5524,shift2507,Polysemy,10,ACCEPTED,→,&lt;bird&gt;,3478,talkative person,2120,Spanish,158,Spanish,158,rook,chatterbox,grajo,grajo
5526,shift2507,Polysemy,12,ACCEPTED,→,&lt;bird&gt;,3478,talkative person,2120,Italian,161,Italian,161,crow,chatterbox,cornacchia,cornacchia
5530,shift2507,Polysemy,16,ACCEPTED,←,&lt;bird&gt;,3478,talkative person,2120,Italian,161,Italian,161,gadwall,"chatterbox, babbler",cicalone,cicalone
5532,shift2507,Polysemy,18,ACCEPTED,←,&lt;bird&gt;,3478,talkative person,2120,Spanish,158,Spanish,158,waxbird,chatterbox,picotero,picotero
5533,shift2507,Polysemy,19,ACCEPTED,←,&lt;bird&gt;,3478,talkative person,2120,French,159,French,159,waxbird,chatterbox,jaseur,jaseur
5562,shift0964,Derivation,1,ACCEPTED,—,"to have, possess",2756,"to be, exist",2310,French,159,French,159,to have,to be (in an impersonal construction),avoir,y avoir
5572,shift8106,Polysemy,3,ACCEPTED,→,pig (Sus scrofa),369,guinea pig (Cavia porcellus),860,Jèrriais (Jersey Norman French),1063,Jèrriais (Jersey Norman French),1063,pig (Sus scrofa),guinea pig (Cavia porcellus),couochon,couochon d&#39;la Dginnée
5579,shift8106,Polysemy,10,ACCEPTED,→,pig (Sus scrofa),369,guinea pig (Cavia porcellus),860,Sicilian,1456,Sicilian,1456,"young swine, a piglet (contrasted with a porcu, an adult swine)",guinea pig (Cavia porcellus),ciuḍḍu,ciuḍḍu
5582,shift8106,Motivation,13,ACCEPTED,→,pig (Sus scrofa),369,guinea pig (Cavia porcellus),860,Portuguese,117,Portuguese,117,diminutive of porco 'pig',guinea pig (Cavia porcellus),porquinho,porquinho-da-índia
5591,shift8106,Motivation,22,ACCEPTED,→,pig (Sus scrofa),369,guinea pig (Cavia porcellus),860,French,159,French,159,pig (Sus scrofa),guinea pig (Cavia porcellus),cochon,cochon d&#39;Inde
5592,shift8106,Motivation,23,ACCEPTED,→,pig (Sus scrofa),369,guinea pig (Cavia porcellus),860,Italian,161,Italian,161,pig (Sus scrofa),guinea pig (Cavia porcellus),porcellino,porcellino d&#39;India
5596,shift8106,Polysemy,27,ACCEPTED,→,pig (Sus scrofa),369,guinea pig (Cavia porcellus),860,New Latin,1067,New Latin,1067,piglet,specific epithet of guinea pig (Cavia porcellus),porcellus,porcellus
5614,shift0148,Polysemy,3,NEW,→,"nut, hazel",1898,testicle,2161,Romanian,139,Romanian,139,"nut, hazel",(slang) testicle,alună,alună
5628,shift2993,Polysemy,1,ACCEPTED,→,"little, small",232,stupid,4312,Portuguese,117,Portuguese,117,"small, unimportant, insignificant,","stupid, dim",parvo,parvo
5631,shift4877,Derivation,1,ACCEPTED,→,spear,4191,spades (in cards),4183,Italian,161,Italian,161,pike,spades (in cards),picca,picche
5636,shift4877,Polysemy,6,ACCEPTED,→,spear,4191,spades (in cards),4183,Catalan,312,Catalan,312,(weaponry) pike,(card games) spade,pica,pica
5637,shift4877,Derivation,7,ACCEPTED,→,spear,4191,spades (in cards),4183,Spanish,158,Spanish,158,(weaponry) pike,spades (in cards),pica,picas
5638,shift4877,Polysemy,8,ACCEPTED,→,spear,4191,spades (in cards),4183,French,159,French,159,"pike, lance",spades (in cards),pique,pique
5640,shift4877,Polysemy,10,ACCEPTED,→,spear,4191,spades (in cards),4183,Romanian,139,Romanian,139,spear,spades (in cards),pică,pică
5650,shift4012,Polysemy,5,ACCEPTED,—,glass (material),791,drinking vessel,4481,Italian,161,Italian,161,glass (material),a drinking vessel,vetro,vetro
5652,shift4012,Polysemy,7,ACCEPTED,—,glass (material),791,drinking vessel,4481,French,159,French,159,glass (material),a drinking vessel,verre,verre
5661,shift2502,Derivation,3,ACCEPTED,→,milk,657,milt (of fish),666,Spanish,158,Spanish,158,milk,milt,leche,lecha
5668,shift2502,Derivation,10,ACCEPTED,→,milk,657,milt (of fish),666,French,159,French,159,milk,milt (of fish),lait,laite
5670,shift2502,Polysemy,12,ACCEPTED,→,milk,657,milt (of fish),666,Catalan,312,Catalan,312,milk,milt (of fish),llet,llet
5674,shift2502,Derivation,16,ACCEPTED,→,milk,657,milt (of fish),666,Romanian,139,Romanian,139,milk,"sexual products of male fish, with the appearance of a white gelatinous mass",lapte,lapți
5715,shift4864,Derivation,8,ACCEPTED,→,heart,1588,hearts (in cards),1589,Catalan,312,Catalan,312,heart,hearts (in cards),cor,cors
5718,shift4864,Polysemy,11,ACCEPTED,→,heart,1588,hearts (in cards),1589,French,159,French,159,heart,hearts (in cards),cœur,cœur
5719,shift4864,Derivation,12,ACCEPTED,→,heart,1588,hearts (in cards),1589,Galician,817,Galician,817,heart,hearts (in cards),corazón,corazóns
5721,shift4864,Derivation,14,ACCEPTED,→,heart,1588,hearts (in cards),1589,Italian,161,Italian,161,heart,hearts (in cards),cuore,cuori
5724,shift4864,Polysemy,17,ACCEPTED,→,heart,1588,hearts (in cards),1589,Romanian,139,Romanian,139,heart,hearts (in cards),inimă,inimă
5726,shift4864,Derivation,19,ACCEPTED,→,heart,1588,hearts (in cards),1589,Spanish,158,Spanish,158,heart,hearts (in cards),corazón,corazones
5737,shift4639,Polysemy,5,ACCEPTED,→,pain,284,disease,4442,French,159,French,159,pain,disease,mal,mal
5747,shift6435,Derivation,3,ACCEPTED,→,sour,4175,sorrel,4171,Old French,226,Old French,226,sour,sorrel,sur,"sorel, surele"
5752,shift1120,Polysemy,3,ACCEPTED,→,mask,602,larva,160,Latin,245,Latin,245,mask,maggot (biol.),larva,larva
5755,shift1960,Polysemy,3,ACCEPTED,→,soldier,4154,pawn (in chess),320,Spanish,158,Spanish,158,infantryman,pawn,peón,peón
5756,shift1960,Polysemy,4,ACCEPTED,→,soldier,4154,pawn (in chess),320,Anglo-Norman,862,Anglo-Norman,862,"walker, one who travels on foot",pawn (in chess),"paun; peoun, poun, poune, pounne","paun; peoun, poun, poune, pounne"
5760,shift1960,Polysemy,8,ACCEPTED,→,soldier,4154,pawn (in chess),320,Catalan,312,Catalan,312,footsoldier,pawn (in chess),peó,peó
5765,shift1960,Polysemy,13,ACCEPTED,→,soldier,4154,pawn (in chess),320,Galician,817,Galician,817,"pedestrian, infantryman, foot soldier",pawn (in chess),peón,peón
5769,shift1960,Polysemy,17,ACCEPTED,→,soldier,4154,pawn (in chess),320,Italian,161,Italian,161,"pedestrian, infantryman, foot soldier",pawn (in chess),pedone,pedone
5773,shift1960,Polysemy,21,ACCEPTED,→,soldier,4154,pawn (in chess),320,Portuguese,117,Portuguese,117,"pedestrian, infantry soldier",pawn (in chess),peão,peão
5775,shift1960,Polysemy,23,ACCEPTED,→,soldier,4154,pawn (in chess),320,Latin,245,Latin,245,soldier,(Late Latin) pawn (in chess),pedes,pedes
5827,shift2921,Polysemy,2,ACCEPTED,→,donkey,4463,siege engine,4073,Latin,245,Latin,245,wild donkey,stone fougasse,onager,onager
5829,shift5919,Derivation,1,NEW,→,"opening, hole",4551,Saint-John&#39;s-wort (Hypericum),3926,French,159,French,159,"opening, hole",Saint-John's-wort (Hypericum),pertuis,millepertuis
5857,shift2395,Semantic evolution,1,NEW,→,to pull hair,3016,to fight (war),2624,Spanish,158,Spanish,158,"to pull smn by the hair, to fight",to fight,pelear,pelear
5868,shift0960,Polysemy,2,ACCEPTED,→,to ask (for),2238,"to ask, inquire",2240,Spanish,158,Spanish,158,to ask,to aks (rare),pedir,pedir
5874,shift0960,Polysemy,8,ACCEPTED,—,to ask (for),2238,"to ask, inquire",2240,French,159,French,159,"to ask, beg","to ask, inquire",demander,demander
5885,shift6724,Polysemy,2,ACCEPTED,→,bridge,3689,bridge (of musical imstrument),3690,Spanish,158,Spanish,158,bridge,bridge (of musical imstrument),puente,puente
5886,shift6724,Polysemy,3,ACCEPTED,→,bridge,3689,bridge (of musical imstrument),3690,Italian,161,Italian,161,bridge,bridge (of musical imstrument),ponte,ponte
5888,shift6724,Polysemy,5,ACCEPTED,→,bridge,3689,bridge (of musical imstrument),3690,Catalan,312,Catalan,312,bridge,bridge (of musical imstrument),pont,pont
5889,shift6724,Derivation,6,ACCEPTED,→,bridge,3689,bridge (of musical imstrument),3690,Occitan,80,Occitan,80,bridge,bridge (of musical imstrument),pont,pontet
5893,shift3945,Polysemy,2,ACCEPTED,→,"to strike, hit",3234,"to swingle, scutch, felt",3263,Spanish,158,Spanish,158,"to beat, hit",to felt,abatanar,abatanar
5908,shift8421,Derivation,4,ACCEPTED,→,goat,803,bagpipes,3502,Occitan,80,Occitan,80,goat,bagpipes,cabro,cabreto
5929,shift2465,Polysemy,2,ACCEPTED,→,tree,3432,spear,4191,Latin,245,Latin,245,tree-trunk,spear-shaft,trabs,trabs
5944,shift8456,Derivation,1,NEW,→,court (of a sovereign),1114,parliament,303,Spanish,158,Spanish,158,court (of a sovereign),the bicameral legislative chambers of Spain,corte,Cortes Generales
5945,shift7434,Polysemy,1,ACCEPTED,→,"to appear, emerge",2231,"to rise (of Moon, Sun)",3090,Latin,245,Latin,245,"to appear, emerge","to rise (of Moon, Sun)",orior,orior
5998,shift1825,Polysemy,11,ACCEPTED,→,to fall down,2605,to attack,2243,French,159,French,159,to fall down,to attack,tomber,tomber
6010,shift8622,Polysemy,2,NEW,→,crab,1125,cancer (disease),884,Latin,245,Latin,245,crab,cancer (disease),cancer,cancer
6045,shift7077,Polysemy,3,ACCEPTED,—,breathing,3683,spirit (supernatural being),4208,Latin,245,Latin,245,breathing,spirit,spiritus,spiritus
6067,shift2415,Polysemy,3,ACCEPTED,—,"wide, broad",70,"lavish, generous",166,French,159,French,159,"wide, vast",generous,large,large
6074,shift4034,Polysemy,1,ACCEPTED,→,father,1242,big,3588,Spanish,158,Spanish,158,father,very big,padre,padre
6082,shift1067,Polysemy,3,ACCEPTED,→,to feel,2612,to hear / to listen,2759,Spanish,158,Spanish,158,to feel,"to hear, to perceive",sentir,sentir
6084,shift1067,Polysemy,5,ACCEPTED,—,to feel,2612,to hear / to listen,2759,Italian,161,Italian,161,to feel,to hear,sentire,sentire
6088,shift1067,Polysemy,9,ACCEPTED,—,to feel,2612,to hear / to listen,2759,Catalan,312,Catalan,312,to hear,to feel,sentir,sentir
6098,shift8393,Motivation,1,ACCEPTED,→,rooster,1497,sunrise,4338,Latin,245,Latin,245,rooster,"period of the early morning when roosters begin to crow, cockcrow, daybreak",gallus,gallicinium
6107,shift2727,Polysemy,1,ACCEPTED,→,&lt;fruit&gt;,1211,head,1578,French,159,French,159,black currant,head (argot),cassis,cassis
6108,shift2727,Polysemy,2,ACCEPTED,→,&lt;fruit&gt;,1211,head,1578,French,159,French,159,apple,"head, noddle (vern.)",pomme,pomme
6109,shift2727,Polysemy,3,ACCEPTED,→,&lt;fruit&gt;,1211,head,1578,French,159,French,159,a species of onion,"head, noddle (vern.)",ciboule,ciboule
6110,shift2727,Polysemy,4,ACCEPTED,→,&lt;fruit&gt;,1211,head,1578,French,159,French,159,pear,"head, face (vern.)",poire,poire
6111,shift2727,Polysemy,5,ACCEPTED,→,&lt;fruit&gt;,1211,head,1578,Italian,161,Italian,161,turnip,head (colloq.),rapa,rapa
6113,shift2727,Polysemy,7,ACCEPTED,→,&lt;fruit&gt;,1211,head,1578,French,159,French,159,coconut,"head, noddle (vern.)",coco,coco
6115,shift2727,Polysemy,9,ACCEPTED,→,&lt;fruit&gt;,1211,head,1578,French,159,French,159,strawberry,"head, noddle (vern.)",fraise,fraise
6116,shift2727,Polysemy,10,ACCEPTED,→,&lt;fruit&gt;,1211,head,1578,French,159,French,159,yam,"head, noddle, face (vern.)",patate,patate
6118,shift2727,Polysemy,12,ACCEPTED,→,&lt;fruit&gt;,1211,head,1578,French,159,French,159,cherry,"head, noddle, face (vern.)",cerise,cerise
6119,shift2727,Polysemy,13,ACCEPTED,→,&lt;fruit&gt;,1211,head,1578,French,159,French,159,melon,"head, noddle (vern.)",melon,melon
6120,shift2727,Polysemy,14,ACCEPTED,→,&lt;fruit&gt;,1211,head,1578,French,159,French,159,lemon,"head, noddle (vern.)",citron,citron
6137,shift7527,Derivation,5,ACCEPTED,→,thousand,2181,myriapod,757,Catalan,312,Catalan,312,thousand,myriapod,mil,milpeus
6141,shift7527,Derivation,9,ACCEPTED,→,thousand,2181,myriapod,757,French,159,French,159,thousand,myriapod,mille,mille-pattes
6142,shift7527,Derivation,10,ACCEPTED,→,thousand,2181,myriapod,757,Italian,161,Italian,161,thousand,myriapod,mille,millepiedi
6143,shift7527,Derivation,11,ACCEPTED,→,thousand,2181,myriapod,757,Spanish,158,Spanish,158,thousand,myriapod,mil,milpiés
6147,shift1508,Polysemy,1,NEW,→,barrel,3517,fat (adj.)(of a person),1239,Romanian,139,Romanian,139,"vat, keg, small barrel (sp. for wine)",fatty; plump woman,budaşcă,budaşcă
6149,shift1175,Polysemy,2,ACCEPTED,—,to cut,2484,"to calculate, count",2393,Latin,245,Latin,245,to mow,to calculate,"puto, -are","puto, -are"
6154,shift4162,Polysemy,1,NEW,—,to relieve,3060,to take off (tr.),3273,Latin,245,Latin,245,to relieve,to take off,"levo, -are","levo, -are"
6157,shift4528,Polysemy,3,ACCEPTED,←,bud (of a flower),3711,nipple (part of the breast),1868,Latin,245,Latin,245,rose-bud,"nipple, teat, on the breast of human beings and of animals",papilla,papilla
6185,shift2211,Polysemy,3,NEW,→,"to go, walk",2715,to suit (of clothes),3248,French,159,French,159,"to go, walk",to suit (of clothes),aller,aller
6186,shift2211,Polysemy,4,NEW,→,"to go, walk",2715,to suit (of clothes),3248,Spanish,158,Spanish,158,"to go, walk",to suit (of clothes),ir,ir
6187,shift2211,Polysemy,5,NEW,→,"to go, walk",2715,to suit (of clothes),3248,Italian,161,Italian,161,"to go, walk",to suit (of clothes),andare,andare
6214,shift0242,Polysemy,9,ACCEPTED,→,"to grasp, seize",2717,to understand,3331,Italian,161,Italian,161,to grasp,to understand,afferare,afferare
6223,shift0242,Polysemy,18,ACCEPTED,→,"to grasp, seize",2717,to understand,3331,Italian,161,Italian,161,to take,to understand,prendere,prendere
6224,shift0242,Polysemy,19,ACCEPTED,→,"to grasp, seize",2717,to understand,3331,French,159,French,159,to grasp,to understand,saisir,saisir
6254,shift0242,Polysemy,49,NEW,→,"to grasp, seize",2717,to understand,3331,Spanish,158,Spanish,158,"to grasp, seize",to understand,pillar,pillar
6261,shift3607,Polysemy,2,ACCEPTED,—,skull,4104,pottery fragment,446,Spanish,158,Spanish,158,skull,"fragment, peace",casco,casco
6266,shift4106,Polysemy,3,ACCEPTED,→,hare (Lepus),1562,pacemaker (running),281,Italian,161,Italian,161,rabbit,pacemaker (running),lepre,lepre
6267,shift4106,Polysemy,4,ACCEPTED,→,hare (Lepus),1562,pacemaker (running),281,French,159,French,159,hare (Lepus),pacemaker (running),lièvre,lièvre
6268,shift4106,Polysemy,5,ACCEPTED,→,hare (Lepus),1562,pacemaker (running),281,Spanish,158,Spanish,158,hare (Lepus),pacemaker (running),liebre,liebre
6269,shift4106,Polysemy,6,ACCEPTED,→,hare (Lepus),1562,pacemaker (running),281,Portuguese,117,Portuguese,117,hare (Lepus),pacemaker (running),coelho,coelho
6279,shift2603,Polysemy,2,ACCEPTED,→,to stand,3211,to stop (intr.),3225,Latin,245,Latin,245,to stand,to stop,"consisto, -ere","consisto, -ere"
6285,shift4024,Polysemy,1,NEW,—,father,1242,perfect person,348,Romanian,139,Romanian,139,father,"(jokingly) man who incarnates the highest qualities, who is above others, overwhelms all",tată,tată
6286,shift3692,Polysemy,1,NEW,—,chain (n.),936,warp,11,French,159,French,159,chain (n.),warp,chaîne,chaîne
6289,shift2998,Semantic evolution,1,ACCEPTED,→,"handle, gripe",1552,wing,92,Portuguese,117,Portuguese,117,handle,wing,asa,asa
6311,shift1341,Polysemy,1,ACCEPTED,→,"naked, bare",1819,"poor, needy",437,Latin,245,Latin,245,naked,poor,nudus,nudus
6718,shift5220,Derivation,5,ACCEPTED,→,wind,88,flatus,1316,Spanish,158,Spanish,158,wind,flatus,viento,ventosidad
6731,shift6211,Derivation,1,NEW,→,horn,1657,Vipera latastei,3772,Portuguese,117,Portuguese,117,horned,Vipera latastei,cornudo,víbora-cornuda
6736,shift5581,Derivation,1,ACCEPTED,→,tail,2113,fox (Vulpes vulpes),1360,Spanish,158,Spanish,158,tail,fox (Vulpes vulpes),rabo,"raboso, raposa"
6778,shift1695,Polysemy,5,ACCEPTED,→,to push,3024,to induce,2789,Romanian,139,Romanian,139,to push,to sway smb for smth,a împinge,a împinge
6779,shift1695,Polysemy,6,ACCEPTED,—,to push,3024,to induce,2789,French,159,French,159,to push,to induce,pousser,pousser
6783,shift1819,Polysemy,3,ACCEPTED,→,to harness,2739,to force to work,2650,French,159,French,159,to harness,to force to work,atteler,atteler
6806,shift6727,Derivation,1,ACCEPTED,→,horse,1661,bridge (of musical imstrument),3690,French,159,French,159,horse (Equus caballus),bridge (of musical imstrument),cheval,chevalet
6809,shift6727,Derivation,4,ACCEPTED,→,horse,1661,bridge (of musical imstrument),3690,Portuguese,117,Portuguese,117,horse (Equus caballus),bridge (of musical imstrument),cavalo,cavalete
6812,shift5676,Polysemy,1,ACCEPTED,—,room,1496,cell (in biology),924,French,159,French,159,"room (of prison, monastery)",cell (in biology),cellule,cellule
6813,shift5676,Polysemy,2,ACCEPTED,→,room,1496,cell (in biology),924,Galician,817,Galician,817,room (of monastery),cell (in biology),célula,célula
6817,shift5676,Polysemy,6,ACCEPTED,—,room,1496,cell (in biology),924,New Latin,1067,New Latin,1067,"small room, room in prison",cell (in biology),cellula,cellula
6830,shift1122,Derivation,1,ACCEPTED,?,near,1835,close (of relations),1002,Latin,245,Latin,245,next to (preposition),friend,am-,amicus
6861,shift0487,Polysemy,3,ACCEPTED,→,mouth,735,eater,3805,Romanian,139,Romanian,139,mouth,eater,gură,gură
6868,shift0487,Polysemy,10,ACCEPTED,→,mouth,735,eater,3805,Spanish,158,Spanish,158,mouth,eater,boca,boca
6872,shift0487,Polysemy,14,ACCEPTED,→,mouth,735,eater,3805,French,159,French,159,mouth,eater,bouche,bouche
6873,shift2643,Polysemy,1,ACCEPTED,→,&lt;animal&gt;,1916,coward,1123,Spanish,158,Spanish,158,"guabina (river fish, edible)",coward,guabina,guabina
6874,shift2643,Polysemy,2,ACCEPTED,→,&lt;animal&gt;,1916,coward,1123,Spanish,158,Spanish,158,mouse (male),coward thief (argot),ratón,ratón
6875,shift2643,Polysemy,3,ACCEPTED,→,&lt;animal&gt;,1916,coward,1123,Spanish,158,Spanish,158,horned owl,coward,chincho,chincho
6876,shift2643,Polysemy,4,ACCEPTED,→,&lt;animal&gt;,1916,coward,1123,Italian,161,Italian,161,Italian dark green racer,coward,biacco,biacco
6877,shift2643,Polysemy,5,ACCEPTED,→,&lt;animal&gt;,1916,coward,1123,Spanish,158,Spanish,158,"monkey, ape (male)",coward,mona,mona
6879,shift2643,Polysemy,7,ACCEPTED,→,&lt;animal&gt;,1916,coward,1123,Spanish,158,Spanish,158,vulture,coward,aura,aura
6881,shift2643,Polysemy,9,ACCEPTED,→,&lt;animal&gt;,1916,coward,1123,Spanish,158,Spanish,158,американская блошка,coward,nigua,nigua
6883,shift2643,Polysemy,11,ACCEPTED,→,&lt;animal&gt;,1916,coward,1123,Spanish,158,Spanish,158,catfish,coward,bagre,bagre
6885,shift2643,Polysemy,13,ACCEPTED,→,&lt;animal&gt;,1916,coward,1123,Spanish,158,Spanish,158,hen,coward,gallina,gallina
6891,shift1713,Derivation,2,ACCEPTED,→,snake,4136,eel (Anguilla anguilla),3811,Romanian,139,Romanian,139,snake,eel,șarpe,șerpar
6893,shift1713,Polysemy,4,ACCEPTED,?,snake,4136,eel (Anguilla anguilla),3811,Latin,245,Latin,245,snake,eel,anguis,anguilla
6901,shift8459,Derivation,6,ACCEPTED,—,partridge,308,willow ptarmigan,86,French,159,French,159,partridge,willow ptarmigan,perdrix,perdrix blanche
6902,shift8459,Derivation,7,ACCEPTED,→,partridge,308,willow ptarmigan,86,Catalan,312,Catalan,312,partridge,willow ptarmigan,perdiu,perdiu boreal
6903,shift8459,Derivation,8,ACCEPTED,→,partridge,308,willow ptarmigan,86,Romanian,139,Romanian,139,partridge,willow ptarmigan,potârniche,potârniche albă
6910,shift0006,Polysemy,5,ACCEPTED,→,to think,3293,"to recall, recollect",3045,French,159,French,159,to think,"to recall, recollect",penser,penser
6912,shift0006,Derivation,7,NEW,→,to think,3293,"to recall, recollect",3045,French,159,French,159,to think,"to recall, recollect",penser,repenser
6922,shift2271,Polysemy,6,ACCEPTED,→,"air, atmosphere",1962,"ambience, vibe",1985,French,159,French,159,atmosphere,ambience,atmosphère,atmosphère
6925,shift2271,Polysemy,9,ACCEPTED,→,"air, atmosphere",1962,"ambience, vibe",1985,Romanian,139,Romanian,139,"air, atmosphere","ambience, mood that is created around someone or something",atmosferă,atmosferă
6936,shift0746,Polysemy,5,ACCEPTED,—,to see/to look at,3121,to understand,3331,Italian,161,Italian,161,to see/to look at,to understand,vedere,vedere
6942,shift0746,Polysemy,11,ACCEPTED,→,to see/to look at,3121,to understand,3331,French,159,French,159,to see,to understand,voir,voir
6959,shift4321,Polysemy,1,NEW,—,direction,4438,"meaning, sense",615,French,159,French,159,direction,"meaning, sense",sens,sens
6968,shift8470,Polysemy,1,ACCEPTED,→,flat cake,1313,"afterbirth, placenta",1953,New Latin,1067,New Latin,1067,flat cake,placenta,placenta,placenta
6978,shift6356,Derivation,1,NEW,→,abies (Abies),1920,hazel grouse (Tetrastes bonasia),1575,Romanian,139,Romanian,139,fir,hazel grouse (Tetrastes bonasia),brad,brădioară
6986,shift5674,Polysemy,1,ACCEPTED,→,room,1496,cell (of honeycomb),926,Latin,245,Latin,245,"small, simple dwelling apartments of men, a chamber, closet, cabinet, hut, cot, etc.; esp. of servants",cell (of honeycomb),cella,cella
7032,shift4718,Polysemy,9,ACCEPTED,→,root (of a plant),1499,root (arithmetic),1498,Medieval Latin,44,Medieval Latin,44,root (of a plant),root (arithmetic),radix,radix
7034,shift4718,Polysemy,11,ACCEPTED,→,root (of a plant),1499,root (arithmetic),1498,Catalan,312,Catalan,312,root (of a plant),root (arithmetic),arrel,arrel
7038,shift4718,Polysemy,15,ACCEPTED,→,root (of a plant),1499,root (arithmetic),1498,Italian,161,Italian,161,root (of a plant),root (arithmetic),radice,radice
7042,shift4718,Polysemy,19,ACCEPTED,→,root (of a plant),1499,root (arithmetic),1498,Portuguese,117,Portuguese,117,root (of a plant),root (arithmetic),raiz,raiz
7044,shift4718,Polysemy,21,ACCEPTED,→,root (of a plant),1499,root (arithmetic),1498,Spanish,158,Spanish,158,root (of a plant),root (arithmetic),raíz,raíz
7045,shift4718,Polysemy,22,ACCEPTED,→,root (of a plant),1499,root (arithmetic),1498,Galician,817,Galician,817,root (of a plant),root (arithmetic),raíz,raíz
7051,shift4718,Polysemy,28,ACCEPTED,→,root (of a plant),1499,root (arithmetic),1498,French,159,French,159,root (of a plant),root (arithmetic),racine,racine
7065,shift2999,Polysemy,1,NEW,→,apple,2018,city block,987,Spanish,158,Spanish,158,apple,city block,manzana,manzana
7069,shift0140,Polysemy,1,ACCEPTED,→,to take prisoner,3277,"to charm, to delight",2421,Romanian,139,Romanian,139,"to conquer, to capture, to take hold",to cause sympathy,a cuceri,a cuceri
7075,shift0140,Semantic evolution,7,ACCEPTED,—,to take prisoner,3277,"to charm, to delight",2421,French,159,French,159,"to steal, to carry away, to deprive of smth by force","to delight, to charm",ravir,ravir
7077,shift8453,Polysemy,1,ACCEPTED,→,whip,57,flagellum,1309,New Latin,1067,New Latin,1067,"whip, lash, scourge",long whiplike organelle,flagellum,flagellum
7081,shift8453,Polysemy,5,ACCEPTED,→,whip,57,flagellum,1309,Spanish,158,Spanish,158,whip,flagellum,flagelo,flagelo
7090,shift8453,Polysemy,14,ACCEPTED,→,whip,57,flagellum,1309,Romanian,139,Romanian,139,(rare) whip,flagellum,flagel,flagel
7098,shift8453,Polysemy,22,ACCEPTED,→,whip,57,flagellum,1309,Portuguese,117,Portuguese,117,whip,flagellum,flagelo,flagelo
7102,shift8453,Polysemy,26,ACCEPTED,→,whip,57,flagellum,1309,Italian,161,Italian,161,scourge,flagellum,flagello,flagello
7109,shift3119,Polysemy,1,ACCEPTED,→,&lt;profession&gt;,280,grasshopper (Tettigonioidea),835,Romanian,139,Romanian,139,mower,grasshopper,cosaş,cosaş
7117,shift6198,Derivation,1,ACCEPTED,→,rainbow,1421,Xenopeltis unicolor,554,French,159,French,159,rainbow,Xenopeltis unicolor,arc-en-ciel,serpent arc-en-ciel
7118,shift6198,Derivation,2,ACCEPTED,→,rainbow,1421,Xenopeltis unicolor,554,Italian,161,Italian,161,rainbow,Xenopeltis unicolor,arcobaleno,serpente arcobaleno
7179,shift3150,Polysemy,1,ACCEPTED,→,to fall down,2605,to suit (of clothes),3248,Romanian,139,Romanian,139,to fall,to suit (clothes),a cădea,a cădea
7181,shift3150,Polysemy,3,ACCEPTED,→,to fall down,2605,to suit (of clothes),3248,French,159,French,159,to fall down,to suit (of clothes),tomber,tomber
7182,shift3150,Polysemy,4,ACCEPTED,→,to fall down,2605,to suit (of clothes),3248,Portuguese,117,Portuguese,117,to fall down,to suit (of clothes),cair,cair
7186,shift5377,Derivation,3,NEW,→,cone (fruit),1079,crossbill (Loxia),1143,Catalan,312,Catalan,312,pinecone,red crossbill,pinya,trencapinyes
7195,shift0904,Polysemy,9,ACCEPTED,—,air,1961,wind,88,Spanish,158,Spanish,158,air,wind,aire,aire
7261,shift2158,Cognates,2,ACCEPTED,→,dew,4424,sundew (Drosera),4336,French,159,French,159,dew,sundew,rosée,rossolis
7280,shift0701,Polysemy,4,ACCEPTED,→,paper,297,document (n.),4457,French,159,French,159,paper,document (n.),papier,papier
7292,shift5696,Polysemy,1,ACCEPTED,→,&lt;capricorn beetle&gt;,863,kite (lightweight toy),1717,French,159,French,159,stag beetle,kite (lightweight toy),cerf-volant,cerf-volant
7294,shift1076,Polysemy,1,ACCEPTED,—,"to check, test",2424,to feel (an emotion),2613,French,159,French,159,to test,to feel,éprouver,éprouver
7298,shift3452,Polysemy,1,ACCEPTED,→,"naked, bare",1819,insolent,1788,Latin,245,Latin,245,naked,insolent,nudus,nudus
7305,shift5635,Derivation,1,NEW,→,hen,1607,ladybird,145,Romanian,139,Romanian,139,hen,ladybird,găină,găina-lui-Dumnezeu
7341,shift5065,Polysemy,3,ACCEPTED,→,grandmother,827,old woman,4536,Spanish,158,Spanish,158,grandmother,old woman,abuela,abuela
7365,shift3393,Polysemy,2,NEW,→,"precipice, abyss",453,hell,1601,Italian,161,Italian,161,abyss,hell,baratro,baratro
7366,shift3393,Polysemy,3,NEW,→,"precipice, abyss",453,hell,1601,Spanish,158,Spanish,158,abyss,hell,abismo,abismo
7377,shift3303,Polysemy,8,ACCEPTED,→,"lead, plumbum",173,pencil,341,Latin,245,Latin,245,"lead, plumbum",(New Latin) pencil,plumbum,plumbum
7391,shift2078,Polysemy,3,ACCEPTED,→,to cut,2484,to cut off relationships,2485,Spanish,158,Spanish,158,to cut,to cut off relationships,cortar,cortar
7395,shift3676,Polysemy,1,ACCEPTED,→,transparent,3427,comprehensible,1074,Spanish,158,Spanish,158,"light, well lit",clear,claro,claro
7403,shift3676,Polysemy,9,ACCEPTED,→,transparent,3427,comprehensible,1074,French,159,French,159,transparent,comprehensible,transparent,transparent
7406,shift1980,Polysemy,1,ACCEPTED,—,"ship, vessel",4039,to sail,3107,Latin,245,Latin,245,boat,to go by boat,navis,"navigo, -are"
7411,shift0451,Polysemy,1,ACCEPTED,—,eye,3890,window,89,Romanian,139,Romanian,139,eye,"ventilating window, window pane (""window eye"")",ochi,ochi
7427,shift4208,Polysemy,3,ACCEPTED,→,"yard, courtyard",2075,court (of a sovereign),1114,French,159,French,159,"courtyard, yard",royal court,cour,cour
7428,shift4208,Polysemy,4,ACCEPTED,→,"yard, courtyard",2075,court (of a sovereign),1114,Medieval Latin,44,Medieval Latin,44,courtyard,royal residence,curtis,curtis
7442,shift1866,Derivation,5,ACCEPTED,→,moon,708,menstruation,636,Latin,245,Latin,245,monthly; one month long,menstrual flux,menstruus,menstrua
7466,shift0554,Polysemy,4,ACCEPTED,→,"cunning, sly",1158,"devil, satan",4422,French,159,French,159,"cunning, sly","devil, satan",malin,malin
7494,shift0561,Derivation,6,ACCEPTED,—,hand/arm,1550,handful,1551,Galician,817,Galician,817,hand,handful,man,manchea
7497,shift0561,Derivation,9,ACCEPTED,—,hand/arm,1550,handful,1551,Spanish,158,Spanish,158,hand,handful,mano,manojo
7498,shift0561,Derivation,10,ACCEPTED,—,hand/arm,1550,handful,1551,Portuguese,117,Portuguese,117,hand/arm,handful,mão,mancheia
7499,shift0561,Derivation,11,ACCEPTED,—,hand/arm,1550,handful,1551,Romanian,139,Romanian,139,hand,handful,mână,mănunchi
7503,shift0561,Derivation,15,ACCEPTED,→,hand/arm,1550,handful,1551,Latin,245,Latin,245,hand,"handful, bundle",manus,manipulus
7504,shift0561,Derivation,16,ACCEPTED,—,hand/arm,1550,handful,1551,Italian,161,Italian,161,hand,handful,mano,manciata
7523,shift5479,Polysemy,4,ACCEPTED,→,to drink,2557,to drink alcohol,2558,Spanish,158,Spanish,158,to drink,to consume alcoholic beverages,beber,beber
7524,shift5479,Polysemy,5,ACCEPTED,→,to drink,2557,to drink alcohol,2558,Romanian,139,Romanian,139,to drink,to consume alcoholic beverages,a bea,a bea
7534,shift6140,Polysemy,1,ACCEPTED,→,cow,1122,chanterelle,942,Catalan,312,Catalan,312,diminutive of vaca (“cow”),chanterelle,vaqueta,vaqueta
7544,shift0550,Polysemy,4,ACCEPTED,→,heavy (of weight),1594,"stuffy, close",4310,French,159,French,159,heavy (of weight),"stuffy, close",lourd,lourd
7554,shift0028,Polysemy,2,ACCEPTED,→,"to get, obtain",2691,to receive visitors,3046,Spanish,158,Spanish,158,"to take, to get","to receive (guests, visitors)",recibir,recibir
7555,shift0028,Polysemy,3,ACCEPTED,?,"to get, obtain",2691,to receive visitors,3046,Italian,161,Italian,161,NA,NA,ricevere,ricevere
7556,shift0028,Polysemy,4,ACCEPTED,—,"to get, obtain",2691,to receive visitors,3046,French,159,French,159,"to get, obtain",to receive visitors,recevoir,recevoir
7574,shift3154,Polysemy,2,ACCEPTED,→,&lt;foreigner&gt;,1210,rooster,1497,Latin,245,Latin,245,gall,cock,gallus,gallus
7593,shift7220,Polysemy,16,ACCEPTED,←,boy,3666,child,957,Italian,161,Italian,161,"(baby) boy, young boy","child, baby, toddler, tot (male or of unspecified gender)",bambino,bambino
7615,shift0008,Polysemy,4,ACCEPTED,—,to know,2826,to know how,2827,French,159,French,159,to know,to be able of,savoir,savoir
7640,shift5921,Derivation,1,NEW,→,heart,1588,Saint-John&#39;s-wort (Hypericum),3926,Spanish,158,Spanish,158,heart,Saint-John's-wort (Hypericum),corazón,corazoncillo
7641,shift4074,Polysemy,1,ACCEPTED,→,next,1860,second (num.),3979,Latin,245,Latin,245,"going alone with one, following; following in order, next",second,secundus,secundus
7727,shift1129,Polysemy,4,ACCEPTED,?,coal,1018,smut (plant disease),4134,Spanish,158,Spanish,158,"blast, brand",smut,tizón,tizón
7728,shift1129,Polysemy,5,ACCEPTED,?,coal,1018,smut (plant disease),4134,Italian,161,Italian,161,coal,smut,carbone,carbone
7736,shift3242,Polysemy,5,ACCEPTED,→,neck,1837,neck (of bottle etc.),1839,Spanish,158,Spanish,158,neck,"neck, mouth (bottle, vessel)",cuello,cuello
7738,shift3242,Semantic evolution,7,ACCEPTED,→,neck,1837,neck (of bottle etc.),1839,French,159,French,159,neck,neck (of bottle etc.),col,col
7746,shift0054,Derivation,2,ACCEPTED,→,wind,88,window,89,Spanish,158,Spanish,158,wind,window,viento,ventana
7755,shift2746,Polysemy,3,ACCEPTED,→,to tie,3302,to begin (tr.),2332,Italian,161,Italian,161,to tie (up),"to contact, to get in touch",allacciare,allacciare
7756,shift2746,Polysemy,4,ACCEPTED,→,to tie,3302,to begin (tr.),2332,Spanish,158,Spanish,158,"to unite, to tie","to start (conversation, acquiantance),",trabar,trabar
7757,shift2746,Polysemy,5,ACCEPTED,→,to tie,3302,to begin (tr.),2332,French,159,French,159,to tie,to enter into relations,nouer,nouer
7784,shift1473,Derivation,5,ACCEPTED,→,"to grasp, seize",2717,to begin (tr.),2332,French,159,French,159,"to take, seize",to begin (tr.),prendre,s&#39;y prendre
7797,shift0817,Polysemy,2,ACCEPTED,→,taste (n.),2132,aesthetic perception,1951,French,159,French,159,taste,aesthetic perception,goût,goût
7811,shift1699,Polysemy,5,ACCEPTED,→,black,3610,illegal,1739,French,159,French,159,black,"illegal, unofficial",noir,noir
7831,shift4583,Polysemy,1,ACCEPTED,→,doll,4460,larva,160,Romanian,139,Romanian,139,doll,larva,păpușă,păpușă
7857,shift3300,Polysemy,4,ACCEPTED,→,heart,1588,"bowels, intestine",3664,Romanian,139,Romanian,139,"heart (anat.), heart as the seat of emotion",stomach,inimă,inimă
7874,shift6122,Derivation,3,NEW,→,second (num.),3979,Monday,698,Portuguese,117,Portuguese,117,second (num.),Monday,Segundо,Segunda-feira
7909,shift6197,Derivation,3,ACCEPTED,→,sunbeam,4334,Xenopeltis unicolor,554,Spanish,158,Spanish,158,(sun)beam,Xenopeltis unicolor,rayo (de sol),serpiente (de) rayo de sol
7910,shift6197,Derivation,4,ACCEPTED,→,sunbeam,4334,Xenopeltis unicolor,554,Italian,161,Italian,161,(sun)beam,Xenopeltis unicolor,raggio (di sole),serpente raggio di sole
7926,shift0762,Polysemy,1,ACCEPTED,—,to taste (tr.),3283,to feel (an emotion),2613,Italian,161,Italian,161,to taste,"to feel, to experience",assaggiare,assaggiare
7933,shift0762,Polysemy,8,ACCEPTED,—,to taste (tr.),3283,to feel (an emotion),2613,French,159,French,159,"to try, to taste","to feel, to experience",goûter,goûter
7959,shift5012,Derivation,2,ACCEPTED,—,place,392,instead of,1790,Spanish,158,Spanish,158,place,instead of,lugar,en lugar de
7960,shift5012,Derivation,3,ACCEPTED,—,place,392,instead of,1790,French,159,French,159,place,instead of,lieu,au lieu de
7974,shift2393,Derivation,1,ACCEPTED,→,"to strike, hit",3234,to fight (war),2624,Italian,161,Italian,161,to hit,to fight,battere,combattere
7977,shift2393,Polysemy,4,ACCEPTED,→,"to strike, hit",3234,to fight (war),2624,Latin,245,Latin,245,to pummel,to fight,"pugno, -are","pugno, -are"
7996,shift0061,Polysemy,13,ACCEPTED,→,straight,4292,correct (adj.),1105,Old French,226,Old French,226,rectilinear,"right, true",droit,droit
8023,shift5406,Semantic evolution,1,NEW,→,to cut,2484,to touch,3307,French,159,French,159,to cut (tr.),to touch,effleurer,effleurer
8035,shift3202,Derivation,2,ACCEPTED,→,bitter,3607,dandelion,4378,Spanish,158,Spanish,158,bitter,dandelion,amargo,amargón
8038,shift4651,Polysemy,2,ACCEPTED,→,sated with food,3939,to be fed up with,2271,Spanish,158,Spanish,158,sated by food,fed up with,harto,harto
8045,shift0947,Polysemy,1,ACCEPTED,—,acorn,1936,date (Phoenix dactylifera),4386,Latin,245,Latin,245,acorn,"drupe, stone fruit",glans,glans
8049,shift5606,Derivation,3,ACCEPTED,→,horse,1661,mantis,582,Portuguese,117,Portuguese,117,little horse (dim. form cavalo),mantis,cavalinho,cavalinho-de-deus
8051,shift5606,Derivation,5,ACCEPTED,→,horse,1661,mantis,582,French,159,French,159,horse,(dialect) mantis,cheval,cheval du diable
8054,shift0163,Polysemy,3,ACCEPTED,?,to return (tr.),3081,to answer,2228,Portuguese,117,Portuguese,117,"to turn back, to return",to respond,tornar,tornar
8066,shift5547,Polysemy,4,ACCEPTED,→,to struggle,3235,ruff (bird),1519,Italian,161,Italian,161,"fighter, combatant",ruff (bird),combattente,combattente
8067,shift5547,Polysemy,5,ACCEPTED,→,to struggle,3235,ruff (bird),1519,Spanish,158,Spanish,158,fighter,ruff (bird),combatiente,combatiente
8068,shift5547,Polysemy,6,ACCEPTED,→,to struggle,3235,ruff (bird),1519,Romanian,139,Romanian,139,brawler,ruff (bird),bătăuș,bătăuș
8083,shift2816,Derivation,1,ACCEPTED,→,bald,3504,skull,4104,Latin,245,Latin,245,bald,skull,calvus,calva
8084,shift1801,Polysemy,1,ACCEPTED,→,eyelash,3898,"edge, border",3810,Italian,161,Italian,161,eye lash,"edge (bluff, abyss)",cìglio,cìglio
8086,shift1347,Polysemy,1,ACCEPTED,→,to fall asleep,2604,to grow numb,2725,Spanish,158,Spanish,158,to fall aspleep,"to get numb (leg, hand, )",dormirse,dormirse
8096,shift1347,Polysemy,11,NEW,→,to fall asleep,2604,to grow numb,2725,Italian,161,Italian,161,to fall asleep,to grow numb,addormentarsi,addormentarsi
8107,shift0617,Polysemy,5,ACCEPTED,→,sky,4106,palate,290,Romanian,139,Romanian,139,sky,palate,cer,cer
8111,shift1062,Polysemy,3,ACCEPTED,?,dog,4458,whore,67,Latin,245,Latin,245,she-wolf,prostitute,lupa,lupa
8113,shift1062,Polysemy,5,ACCEPTED,→,dog,4458,whore,67,Romanian,139,Romanian,139,bitch,"bitch, whore",căţea,căţea
8147,shift2767,Polysemy,2,ACCEPTED,→,to pull up (a plant),3017,"to destroy, annihilate",2514,Spanish,158,Spanish,158,to pull weeds,"to destroy, to eradicate evil",escardar,escardar
8156,shift0864,Polysemy,4,ACCEPTED,→,bad,3493,good,814,French,159,French,159,bad,good,terrible,terrible
8157,shift0864,Polysemy,5,ACCEPTED,→,bad,3493,good,814,French,159,French,159,"evil, bad","good, great",méchant,méchant
8174,shift4958,Derivation,2,ACCEPTED,→,"passionate, zealous",314,jealous,1180,Spanish,158,Spanish,158,to strive,to be jealous,celo,celos
8176,shift4958,Internal cognates,4,NEW,→,"passionate, zealous",314,jealous,1180,French,159,French,159,zeal,jealousy,zèle,jalousie
8177,shift4958,Microevolution,5,NEW,→,"passionate, zealous",314,jealous,1180,Italian,161,Italian,161,eagerness,jealousy,gelosia,gelosia
8206,shift0686,Polysemy,7,ACCEPTED,—,early,3795,shortly,4051,French,159,French,159,early,shortly,tôt,tôt
8257,shift1082,Polysemy,1,ACCEPTED,—,servant,3997,jack (playing card),1171,French,159,French,159,"servant, butler","knave, jack",valet,valet
8274,shift0217,Polysemy,2,ACCEPTED,→,to shear,3141,"to destroy, annihilate",2514,French,159,French,159,to shave,"to destroy completely, demolish",raser,raser
8306,shift0878,Derivation,10,ACCEPTED,?,cattle,914,"property, possessions",478,Latin,245,Latin,245,cattle,"possessions, wealth",pecus,pecunia
8339,shift5519,Derivation,2,NEW,→,magpie (Pica pica),567,jay,1179,Galician,817,Galician,817,magpie (Pica pica),jay,pega,pega marxa
8344,shift5681,Derivation,1,NEW,→,"sack, bag",3908,"to discharge, dismiss",2527,French,159,French,159,"sack, bag","to discharge, dismiss",sac,saquer
8354,shift1330,Derivation,2,ACCEPTED,→,to burn (tr.),2385,nettle (Urtica),1849,Latin,245,Latin,245,to burn,nettle,"uro, -ere",urtica
8387,shift3273,Polysemy,1,ACCEPTED,→,&lt;vessel&gt;,3742,fool,1336,Spanish,158,Spanish,158,"glass, bowl, dish","fool, stupid",turumba,turumba
8388,shift3273,Polysemy,2,ACCEPTED,→,&lt;vessel&gt;,3742,fool,1336,Spanish,158,Spanish,158,eathern jug (for water),"fool, idiot",múcura,múcura
8448,shift2367,Polysemy,3,ACCEPTED,→,&lt;animal&gt;,1916,spot of reflected light,4218,Spanish,158,Spanish,158,rat,plash of sunlight,rato,ratita
8455,shift2367,Derivation,10,ACCEPTED,→,&lt;animal&gt;,1916,spot of reflected light,4218,Catalan,312,Catalan,312,<animal>,spot of reflected light,rato,rateta
8475,shift5486,Derivation,1,NEW,→,rooster,1497,crested lark,1135,French,159,French,159,rooster,(dialect) crested lark,coq,coklouvi
8480,shift5520,Derivation,1,NEW,→,acorn,1936,jay,1179,Italian,161,Italian,161,acorn,jay,ghianda,ghiandaia
8482,shift1157,Derivation,2,ACCEPTED,→,horse,1661,&lt;orthopteran&gt;,4509,Italian,161,Italian,161,horse,"locust, grasshopper",cavallo,cavalleta
8497,shift4009,Polysemy,3,ACCEPTED,→,father,1242,father-in-law,1244,Latin,245,Latin,245,father,father-in-law (husband's and wife's father),pater,pater
8498,shift4009,Polysemy,4,ACCEPTED,→,father,1242,father-in-law,1244,Romanian,139,Romanian,139,father,given by son-in-law or daughter-in-law to father-in-law,tată,tată
8522,shift3131,Polysemy,1,ACCEPTED,→,miracle,674,mirror,675,Occitan,80,Occitan,80,miracle,mirror,miralh,miralh
8527,shift2343,Polysemy,2,SUSPENDED,→,"to pull, to draw",3018,"to resemble, be alike",3073,Italian,161,Italian,161,"to pull, to draw",to be alike,ritirare,ritirare
8531,shift0459,Polysemy,1,ACCEPTED,→,eye,3890,"spot, pip (on playing cards or dice)",4219,Romanian,139,Romanian,139,eye,pip,ochi,ochi
8548,shift2065,Polysemy,6,ACCEPTED,—,"branch, twig",3672,part,306,French,159,French,159,"branch, twig",part,branche,branche
8572,shift5846,Polysemy,1,NEW,→,poisonous,424,magic,564,Latin,245,Latin,245,poisonous,"sorcerous, magic, magical",veneficus,veneficus
8577,shift2778,Polysemy,3,ACCEPTED,→,hand/arm,1550,"power, authority",450,Portuguese,117,Portuguese,117,hand,"power, domination",mão,mão
8578,shift2778,Polysemy,4,ACCEPTED,→,hand/arm,1550,"power, authority",450,Spanish,158,Spanish,158,arm,"influence, power",brazo,brazo
8579,shift2778,Polysemy,5,ACCEPTED,→,hand/arm,1550,"power, authority",450,Spanish,158,Spanish,158,hand,"power, patronage, influence",mano,mano
8580,shift2778,Polysemy,6,ACCEPTED,→,hand/arm,1550,"power, authority",450,Portuguese,117,Portuguese,117,arm,"strength, power, might",braço,braço
8583,shift2778,Polysemy,9,ACCEPTED,→,hand/arm,1550,"power, authority",450,Italian,161,Italian,161,hand,"will, authority, protection",mano,mano
8584,shift2778,Polysemy,10,ACCEPTED,→,hand/arm,1550,"power, authority",450,Italian,161,Italian,161,arm,"symbol of power, strength, authority",braccio,braccio
8599,shift3872,Polysemy,2,ACCEPTED,→,father,1242,&lt;priest&gt;,279,Spanish,158,Spanish,158,father,priest,padre,padre
8610,shift3872,Polysemy,13,ACCEPTED,→,father,1242,&lt;priest&gt;,279,Italian,161,Italian,161,father,priest,padre,padre
8620,shift4542,Derivation,3,ACCEPTED,→,finger-ring,1284,ring finger,1483,Romanian,139,Romanian,139,finger-ring,ring finger,inel,inelar
8621,shift4542,Internal cognates,4,ACCEPTED,→,finger-ring,1284,ring finger,1483,Spanish,158,Spanish,158,finger-ring,ring finger,anillo,anular
8623,shift4542,Internal cognates,6,ACCEPTED,—,finger-ring,1284,ring finger,1483,Portuguese,117,Portuguese,117,finger-ring,ring finger,anel,anular
8624,shift4542,Internal cognates,7,ACCEPTED,→,finger-ring,1284,ring finger,1483,French,159,French,159,finger-ring,ring finger,anneau,annulaire
8627,shift4542,Derivation,10,ACCEPTED,→,finger-ring,1284,ring finger,1483,Latin,245,Latin,245,finger-ring,ring finger,anus,anularius
8628,shift4542,Internal cognates,11,ACCEPTED,→,finger-ring,1284,ring finger,1483,Italian,161,Italian,161,finger-ring,ring finger,anello,anulare
8629,shift4542,Internal cognates,12,ACCEPTED,→,finger-ring,1284,ring finger,1483,Catalan,312,Catalan,312,finger-ring,ring finger,anell,anular
8630,shift4542,Internal cognates,13,ACCEPTED,→,finger-ring,1284,ring finger,1483,Galician,817,Galician,817,finger-ring,ring finger,anel,anular
8645,shift3081,Polysemy,1,ACCEPTED,→,single-eyed,4086,squint-eyed,4236,Latin,245,Latin,245,one-eyed,squint eyed,luscus,luscus
8682,shift4014,Polysemy,4,ACCEPTED,→,father,1242,founder,1358,Latin,245,Latin,245,father,founder,pater,pater
8683,shift4014,Polysemy,5,ACCEPTED,—,father,1242,founder,1358,Romanian,139,Romanian,139,father,"a man considered as ancestor, founder of a dynasty, a nation, etc.",tată,tată
8694,shift4014,Polysemy,16,ACCEPTED,→,father,1242,founder,1358,Italian,161,Italian,161,father,founder,padre,padre
8695,shift4014,Polysemy,17,ACCEPTED,→,father,1242,founder,1358,Spanish,158,Spanish,158,father,founder,padre,padre
8696,shift4014,Polysemy,18,ACCEPTED,→,father,1242,founder,1358,Portuguese,117,Portuguese,117,father,founder,pai,pai
8703,shift3745,Semantic evolution,1,ACCEPTED,—,eyelid,3899,eyelash,3898,Latin,245,Latin,245,eyelid,eyelash,cilium,cilium
8705,shift3745,Semantic evolution,3,ACCEPTED,—,eyelid,3899,eyelash,3898,Romanian,139,Romanian,139,eyelid,eyelash,geană,geană
8733,shift8635,Motivation,2,NEW,→,baby chicken,3484,Pleiades,410,Romanian,139,Romanian,139,baby chicken,Pleiades,pui,Cloșca cu Pui
8737,shift0224,Polysemy,4,ACCEPTED,→,strength,4301,army,2030,Spanish,158,Spanish,158,strength,army,fuerza,fuerzas (plural)
8748,shift2796,Polysemy,3,ACCEPTED,→,light (n.),210,vision,3776,Italian,161,Italian,161,light,glance,luce,luce
8790,shift6129,Polysemy,1,ACCEPTED,→,soon,4167,early,3795,Italian,161,Italian,161,soon,early,presto,presto
8791,shift6129,Polysemy,2,ACCEPTED,→,soon,4167,early,3795,Spanish,158,Spanish,158,soon,early,pronto,pronto
8800,shift6981,Polysemy,1,ACCEPTED,→,dog,4458,dog-rose,4459,Latin,245,Latin,245,dog,dog-rose,canis,Rosa canina
8805,shift6981,Derivation,6,ACCEPTED,→,dog,4458,dog-rose,4459,Portuguese,117,Portuguese,117,dog,dog-rose,cão,rosa-de-cão
8806,shift6981,Derivation,7,ACCEPTED,→,dog,4458,dog-rose,4459,Spanish,158,Spanish,158,dog (adj.),dog-rose,perruno,rosal perruno
8807,shift6981,Derivation,8,ACCEPTED,→,dog,4458,dog-rose,4459,French,159,French,159,dog,dog-rose,chien,rosier des chiens
8827,shift0919,Polysemy,18,NEW,→,"to raise, lift (tr.)",3037,to build,2383,Galician,817,Galician,817,"to lift up, to elevate, to raise","to build, to erect",erguer,erguer
8828,shift0919,Polysemy,19,NEW,→,"to raise, lift (tr.)",3037,to build,2383,Galician,817,Galician,817,"to lift, raise",to build,alzar,alzar
8865,shift2691,Derivation,35,ACCEPTED,←,mouse,733,rat,1431,Spanish,158,Spanish,158,mouse,rat,ratón,rata
8874,shift2691,Syncretism,44,ACCEPTED,—,mouse,733,rat,1431,Italian,161,Italian,161,mouse,rat,topo,topo
8885,shift2173,Polysemy,2,NEW,→,lung,272,"medusa, jellyfish",625,Latin,245,Latin,245,lung,"a lung-like marine creature, app. a kind of jellyfish","pulmo, -onis","pulmo, -onis"
8890,shift2528,Polysemy,3,ACCEPTED,—,"to get, obtain",2691,"to defeat, win",2501,Spanish,158,Spanish,158,"to get, to acquire, to earn",to win,ganar,ganar
8892,shift2528,Polysemy,5,ACCEPTED,→,"to get, obtain",2691,"to defeat, win",2501,French,159,French,159,to get money,to win,gagner,gagner
8911,shift8373,Derivation,2,ACCEPTED,→,goat,803,supporting device,4343,Latin,245,Latin,245,goat,"in mechanics, short pieces of timber inclining to each other, which support something, supports, props, stays",caper,capreolus
8913,shift8373,Polysemy,4,ACCEPTED,→,goat,803,supporting device,4343,Romanian,139,Romanian,139,goat,sawhorse,capră,capră
8939,shift3195,Derivation,1,ACCEPTED,→,&lt;foot-wear&gt;,1208,lady&#39;s slipper (Cypripedium),144,French,159,French,159,shoe,Cypripedium calceolus,soulier,soulier de Notre-Dame
8942,shift3195,Derivation,4,ACCEPTED,→,&lt;foot-wear&gt;,1208,lady&#39;s slipper (Cypripedium),144,Italian,161,Italian,161,bootee,Cypripedium calceolus,scarpetta,scarpetta di Venere
8947,shift3195,Derivation,9,ACCEPTED,→,&lt;foot-wear&gt;,1208,lady&#39;s slipper (Cypripedium),144,Romanian,139,Romanian,139,"Încălțăminte ușoară (fără călcâi), care se poartă în casă",Cypripedium calceolus,papuc,papucul-doamnei
8950,shift3195,Derivation,12,ACCEPTED,→,&lt;foot-wear&gt;,1208,lady&#39;s slipper (Cypripedium),144,French,159,French,159,wooden shoe,lady's slipper,sabot,sabot-de-Vénus
8951,shift3195,Derivation,13,ACCEPTED,→,&lt;foot-wear&gt;,1208,lady&#39;s slipper (Cypripedium),144,Spanish,158,Spanish,158,slipper,Cypripedium calceolus,zapatilla,zapatilla de dama
8969,shift0973,Polysemy,3,ACCEPTED,—,to stand up,3216,"to revolt, rebel",3085,Latin,245,Latin,245,to stand up,to rebel (against smn),"insurgo, -ere","insurgo, -ere"
8975,shift0973,Polysemy,9,ACCEPTED,?,to stand up,3216,"to revolt, rebel",3085,Spanish,158,Spanish,158,"rise, increase",rebellion,alzamiento,alzamiento
9008,shift0393,Polysemy,2,ACCEPTED,—,arc,2024,rainbow,1421,Latin,245,Latin,245,arc,rainbow,arcus,arcus
9078,shift0958,Derivation,6,ACCEPTED,?,mouse,733,muscle,747,Latin,245,Latin,245,mouse,muscle,mus,musculus
9089,shift1309,Polysemy,2,ACCEPTED,?,monarch,696,queen (bee),1903,Italian,161,Italian,161,queen,queen bee,regina,regina
9098,shift1309,Polysemy,11,ACCEPTED,→,monarch,696,queen (bee),1903,French,159,French,159,queen,queen (bee),reine,reine
9108,shift8448,Polysemy,7,ACCEPTED,→,root (of a plant),1499,root (of a word),1500,Catalan,312,Catalan,312,root (of a plant),root (of a word),arrel,arrel
9113,shift8448,Polysemy,12,ACCEPTED,→,root (of a plant),1499,root (of a word),1500,Italian,161,Italian,161,root (of a plant),root (of a word),radice,radice
9114,shift8448,Polysemy,13,ACCEPTED,→,root (of a plant),1499,root (of a word),1500,Portuguese,117,Portuguese,117,root (of a plant),root (of a word),raiz,raiz
9115,shift8448,Polysemy,14,ACCEPTED,→,root (of a plant),1499,root (of a word),1500,Galician,817,Galician,817,root (of a plant),root (of a word),raíz,raíz
9116,shift8448,Polysemy,15,ACCEPTED,→,root (of a plant),1499,root (of a word),1500,Spanish,158,Spanish,158,root (of a plant),root (of a word),raíz,raíz
9181,shift1388,Derivation,3,ACCEPTED,?,nettle (Urtica),1849,nettle-rash,1850,Latin,245,Latin,245,nettle,hives,urtica,urticaria
9186,shift7045,Derivation,4,ACCEPTED,→,whip,57,flagellate,1308,New Latin,1067,New Latin,1067,whip,flagellates,flagellum,Flagellata
9197,shift1773,Polysemy,3,ACCEPTED,—,"can, to be able",882,strong,4304,Latin,245,Latin,245,"to be in power, to be able",to be strong,valeo,valeo
9262,shift7317,Polysemy,7,ACCEPTED,—,to play (intr.),2981,to play (a musical instrument),2980,French,159,French,159,to play (intr.),to play (a musical instrument),jouer,jouer
9275,shift6412,Polysemy,2,NEW,→,nausea,1832,disgusting,4444,French,159,French,159,to cause nausea,to be disgusting,lever le coeur,lever le coeur
9276,shift8551,Derivation,1,ACCEPTED,→,to open one&#39;s mouth,2951,to be surprised,2305,Old French,226,Old French,226,to open one's mouth,to surprise,baer,ébahir
9289,shift5819,Polysemy,1,ACCEPTED,→,"human, person",1683,person (grammar),357,Latin,245,Latin,245,person,person (grammar),persona,persona
9313,shift0374,Polysemy,2,ACCEPTED,—,to hide (tr.),2764,to steal,3220,Romanian,139,Romanian,139,"to hide, to conceal","to steal, to snatch",a dosi,a dosi
9323,shift1405,Polysemy,4,ACCEPTED,→,to practice witchcraft,2994,"to charm, to delight",2421,Romanian,139,Romanian,139,witchery,charm,farmec,farmec
9326,shift1405,Polysemy,7,ACCEPTED,—,to practice witchcraft,2994,"to charm, to delight",2421,Spanish,158,Spanish,158,to put a jinx on,"to charm, to captivate",fascinar,fascinar
9327,shift1405,Polysemy,8,ACCEPTED,—,to practice witchcraft,2994,"to charm, to delight",2421,Spanish,158,Spanish,158,to bewitch,"to delight, to charm",encantar,encantar
9328,shift1405,Polysemy,9,ACCEPTED,→,to practice witchcraft,2994,"to charm, to delight",2421,French,159,French,159,to bewitch,"to charm, to delight",charmer,charmer
9330,shift1405,Polysemy,11,ACCEPTED,—,to practice witchcraft,2994,"to charm, to delight",2421,Spanish,158,Spanish,158,to bewitch,"to charm, to captivate",hechizar,hechizar
9337,shift1405,Polysemy,18,ACCEPTED,→,to practice witchcraft,2994,"to charm, to delight",2421,Spanish,158,Spanish,158,"wizard, magician","charming, fascinating",brujo,brujo
9345,shift2134,Polysemy,2,ACCEPTED,→,to break (tr.),2370,to infringe,2792,Spanish,158,Spanish,158,to break,"to break (silence, law)",quebrar,quebrar
9346,shift2134,Polysemy,3,ACCEPTED,→,to break (tr.),2370,to infringe,2792,Italian,161,Italian,161,to break,to break,rompere,rompere
9359,shift3299,Derivation,2,NEW,→,belly,3572,to be angry,2255,Latin,245,Latin,245,stomach,"to be angry, annoyed",stomachus,stomachari
9363,shift4591,Polysemy,4,ACCEPTED,→,eggplant (Solanum melongena),3814,tomato (Solanum lycopersicum),3396,Romanian,139,Romanian,139,eggplant (Solanum melongena),tomato (Solanum lycopersicum),pătlăgea,pătlăgea
9373,shift2789,Polysemy,4,ACCEPTED,→,&lt;animal&gt;,1916,fat (adj.)(of a person),1239,French,159,French,159,boar (between 2 and 3 years old),fatso,ragot,ragot
9375,shift2789,Polysemy,6,ACCEPTED,—,&lt;animal&gt;,1916,fat (adj.)(of a person),1239,Italian,161,Italian,161,"wether, gelded ram","fatso, blimp",bozzone,bozzone
9401,shift0430,Derivation,6,ACCEPTED,←,water-melon (Cucurbita citrullus),23,melon (Cucumis melo),630,French,159,French,159,watermelon,melon,melon d&#39;eau,melon
9403,shift0430,Polysemy,8,ACCEPTED,—,water-melon (Cucurbita citrullus),23,melon (Cucumis melo),630,Romanian,139,Romanian,139,watermelon,melon,pepene verde,pepene galbe
9407,shift2696,Polysemy,2,ACCEPTED,→,shapeless,4019,"ugly, unpleasant",502,Romanian,139,Romanian,139,"shapeless, amorphous",ugly,deform,deform
9409,shift2696,Polysemy,4,ACCEPTED,→,shapeless,4019,"ugly, unpleasant",502,Italian,161,Italian,161,"shapeless, amorphous",ugly (rare),informe,informe
9426,shift4808,Semantic evolution,3,ACCEPTED,→,to marry,2904,husband,1694,Latin,245,Latin,245,to marry,husband,"marito, -are",maritus
9427,shift4808,Derivation,4,ACCEPTED,→,to marry,2904,husband,1694,Catalan,312,Catalan,312,to marry,husband,maridar,marit
9428,shift4808,Internal cognates,5,ACCEPTED,→,to marry,2904,husband,1694,French,159,French,159,to marry,husband,marier,mari
9429,shift4808,Derivation,6,ACCEPTED,→,to marry,2904,husband,1694,Italian,161,Italian,161,to marry,husband,maritàre,marito
9430,shift4808,Derivation,7,ACCEPTED,→,to marry,2904,husband,1694,Spanish,158,Spanish,158,(rare) to marry,husband,maridar,marido
9431,shift4808,Polysemy,8,ACCEPTED,→,to marry,2904,husband,1694,Aromanian,1231,Aromanian,1231,to marry,husband,mãrit,mãrit
9432,shift4808,Derivation,9,ACCEPTED,→,to marry,2904,husband,1694,Dalmatian,1247,Dalmatian,1247,to marry,husband,martur,marait
9433,shift4808,Derivation,10,ACCEPTED,→,to marry,2904,husband,1694,Friulian,836,Friulian,836,to marry,husband,maridâ,marît
9434,shift4808,Derivation,11,ACCEPTED,→,to marry,2904,husband,1694,Istriot,1248,Istriot,1248,to marry,husband,maridà,mareî
9435,shift4808,Derivation,12,ACCEPTED,→,to marry,2904,husband,1694,Occitan,80,Occitan,80,to marry,husband,maridar,marit
9436,shift4808,Derivation,13,ACCEPTED,→,to marry,2904,husband,1694,Portuguese,117,Portuguese,117,to marry,husband,maridar,marido
9437,shift4808,Derivation,14,ACCEPTED,→,to marry,2904,husband,1694,Romanian,139,Romanian,139,"to marry, specifically to marry off or offer a girl in marriage","(archaic, regional) husband, married man",mărita,mărit
9464,shift1250,Polysemy,3,ACCEPTED,→,pit,389,tomb,3397,French,159,French,159,"hole, pit",tomb,fosse,fosse
9468,shift1250,Polysemy,7,ACCEPTED,—,pit,389,tomb,3397,Romanian,139,Romanian,139,"hole, pit",tomb,groapă,groapă
9500,shift8230,Motivation,3,ACCEPTED,→,mallow,573,hollyhock,1638,Catalan,312,Catalan,312,mallow,hollyhock,malva,malva reial
9501,shift8230,Motivation,4,ACCEPTED,→,mallow,573,hollyhock,1638,Italian,161,Italian,161,mallow,hollyhock,malva,malvarosa
9504,shift8230,Motivation,7,ACCEPTED,→,mallow,573,hollyhock,1638,Spanish,158,Spanish,158,mallow,hollyhock,malva,malva real
9506,shift8230,Polysemy,9,ACCEPTED,→,mallow,573,hollyhock,1638,Romanian,139,Romanian,139,mallow,hollyhock,nalbă,nalbă
9515,shift0086,Derivation,3,ACCEPTED,→,to call,2396,to cause,2410,Latin,245,Latin,245,to call,to cause,"voco, -are","provoco, -are"
9524,shift3112,Polysemy,4,ACCEPTED,→,fruit,1393,"result, outcome",1464,Latin,245,Latin,245,fruit,result,fructus,fructus
9525,shift3112,Polysemy,5,ACCEPTED,→,fruit,1393,"result, outcome",1464,French,159,French,159,fruit,"result, outcome",fruit,fruit
9540,shift1655,Polysemy,3,ACCEPTED,→,to touch,3307,to reach,3040,Spanish,158,Spanish,158,to touch,to reach,tocar,tocar
9547,shift5408,Polysemy,1,NEW,→,to perceive smell,2969,to know,2826,Spanish,158,Spanish,158,"to smell, scent",to know,saber,saber
9549,shift4164,Polysemy,1,ACCEPTED,→,glass (material),791,eye,3890,Spanish,158,Spanish,158,glass (material),(slang) eye,vidrio,vidrio
9561,shift1340,Polysemy,10,ACCEPTED,→,hair,1541,hair (of animals),1542,Spanish,158,Spanish,158,hair,hair (of animals),pelo,pelo
9572,shift1038,Polysemy,7,ACCEPTED,→,"mute, dumb",755,stupid,4312,Spanish,158,Spanish,158,dumb,stupid,mudo,mudo
9578,shift3262,Polysemy,4,ACCEPTED,→,star,4247,celebrity,922,Spanish,158,Spanish,158,star,star,estrella,estrella
9589,shift3262,Polysemy,15,NEW,→,star,4247,celebrity,922,Italian,161,Italian,161,star,celebrity,stella,stella
9590,shift3262,Polysemy,16,NEW,→,star,4247,celebrity,922,Portuguese,117,Portuguese,117,star,celebrity,estrela,estrela
9591,shift3262,Polysemy,17,NEW,→,star,4247,celebrity,922,Catalan,312,Catalan,312,star,celebrity,estrella,estrella
9592,shift3262,Polysemy,18,NEW,→,star,4247,celebrity,922,French,159,French,159,star,artist particularly known and appreciated by the public.,étoile,étoile
9603,shift5480,Polysemy,1,ACCEPTED,→,to gnaw,2696,to cause moral suffering,2411,Latin,245,Latin,245,to gnaw,to cause moral suffering,"rodo, -ere","rodo, -ere"
9604,shift5480,Polysemy,2,ACCEPTED,→,to gnaw,2696,to cause moral suffering,2411,Italian,161,Italian,161,to gnaw,to anger or irritate,rodere,rodere
9605,shift5480,Polysemy,3,ACCEPTED,→,to gnaw,2696,to cause moral suffering,2411,Romanian,139,Romanian,139,"to break with the teeth, with the mouth, little by little, fragments of a hard object (usually of a food, for eating)","to worry unceasingly (of moods, thoughts, feelings, etc.)",roade,roade
9612,shift5480,Polysemy,10,ACCEPTED,→,to gnaw,2696,to cause moral suffering,2411,Spanish,158,Spanish,158,"of an animal: to cut small and superficially, with the teeth or other similar oral organs, the food","to annoy, afflict or torment internally and frequently.",roer,roer
9613,shift5480,Polysemy,11,ACCEPTED,→,to gnaw,2696,to cause moral suffering,2411,Spanish,158,Spanish,158,to bite repeatedly,"to disturb someone internally, to disturb, alter or unsettle the conscience",remorder,remorder
9614,shift5480,Polysemy,12,ACCEPTED,→,to gnaw,2696,to cause moral suffering,2411,Portuguese,117,Portuguese,117,to gnaw,to cause moral suffering,roer,roer
9619,shift5480,Polysemy,17,ACCEPTED,→,to gnaw,2696,to cause moral suffering,2411,French,159,French,159,to gnaw,to cause moral suffering,ronger,ronger
9625,shift0042,Polysemy,1,ACCEPTED,—,to smile,3178,to please,2984,Italian,161,Italian,161,to smile,to like,sorridere,sorridere
9626,shift0042,Polysemy,2,ACCEPTED,—,to smile,3178,to please,2984,French,159,French,159,to smile,to like,sourire,sourire
9628,shift0042,Polysemy,4,ACCEPTED,→,to smile,3178,to please,2984,Romanian,139,Romanian,139,to smile,"to match desires, to attract, to seduce, to satisfy",surâde,surâde
9629,shift0042,Polysemy,5,ACCEPTED,→,to smile,3178,to please,2984,Romanian,139,Romanian,139,to smile,to be favorable,zâmbi,zâmbi
9672,shift1457,Polysemy,4,ACCEPTED,—,bow (weapon),3659,rainbow,1421,Latin,245,Latin,245,bow,rainbow,arcus,arcus
9687,shift8025,Derivation,11,ACCEPTED,→,silver,4081,mercury,640,Romanian,139,Romanian,139,silver,mercury,argint,argint viu
9698,shift5228,Polysemy,1,ACCEPTED,→,grandfather,826,soldier who is approaching demobilization,4156,Italian,161,Italian,161,grandfather,"(military slang) soldier who is approaching demobilization boasting his length of service and sometimes resorting to intimidation, obtains privileges and requires recruits to carry out duties that would be incumbent on him",nonno,nonno
9724,shift0865,Polysemy,23,NEW,→,blunt,3637,stupid,4312,Latin,245,Latin,245,blunt,stupid,hebes,hebes
9730,shift6504,Derivation,1,ACCEPTED,→,John the Baptist,1191,cockchafer,1024,Catalan,312,Catalan,312,John the Baptist,cockchafer,Sant Joan,escarabat de Sant Joan
9731,shift6504,Derivation,2,ACCEPTED,→,John the Baptist,1191,cockchafer,1024,Spanish,158,Spanish,158,John the Baptist,cockchafer,San Juan,escarabajo sanjuanero
9744,shift1673,Polysemy,1,ACCEPTED,→,bitter,3607,bitterling,3608,Latin,245,Latin,245,bitter,bitterling,amarus,amarus
9753,shift5556,Derivation,4,ACCEPTED,→,squirrel (Sciurus),4237,common chipmunk,1051,Catalan,312,Catalan,312,squirrel (Sciurus),common chipmunk,esquirol,esquirol llistat
9757,shift5556,Derivation,8,ACCEPTED,→,squirrel (Sciurus),4237,common chipmunk,1051,Spanish,158,Spanish,158,squirrel (Sciurus),common chipmunk,ardilla,ardilla listada
9761,shift5556,Derivation,12,ACCEPTED,→,squirrel (Sciurus),4237,common chipmunk,1051,Romanian,139,Romanian,139,squirrel (Sciurus),common chipmunk,veveriță,veveriță siberiană
9774,shift0344,Polysemy,11,ACCEPTED,→,to wound (tr.),3384,to offend (tr.),2948,French,159,French,159,to wound (tr.),to offend (tr.),blesser,blesser
9787,shift6215,Derivation,4,ACCEPTED,→,"spade, shovel",4182,Chionactis occipitalis,968,Spanish,158,Spanish,158,"spade, shovel",Chionactis occipitalis,pala,culebra nariz de pala del noroeste
9791,shift6509,Derivation,3,ACCEPTED,→,cockchafer,1024,rose chafer,1507,French,159,French,159,cockchafer,rose chafer,hanneton,hanneton des roses
9792,shift6509,Polysemy,4,ACCEPTED,→,cockchafer,1024,rose chafer,1507,Italian,161,Italian,161,cockchafer,"(colloquial, proscribed) rose chafer",maggiolino,maggiolino
9793,shift6509,Derivation,5,ACCEPTED,→,cockchafer,1024,rose chafer,1507,Romanian,139,Romanian,139,cockchafer,(regional) rose chafer,cărăbuș,cărăbuș-verde
9818,shift2154,Derivation,19,ACCEPTED,→,apple,2018,potato,445,Romanian,139,Romanian,139,apple,(dialect) potato,poamă,poamă-de-pământ
9819,shift2154,Polysemy,20,ACCEPTED,→,apple,2018,potato,445,Romanian,139,Romanian,139,apple,(dialect) potato,măr,măr
9826,shift2043,Polysemy,3,ACCEPTED,—,thick,2167,fat (adj.)(of a person),1239,Latin,245,Latin,245,"thick, fat","fat, obese",crassus,crassus
9844,shift8216,Polysemy,1,ACCEPTED,→,"as, like",2038,when,56,French,159,French,159,"as, like",when,comme,comme
9849,shift8216,Polysemy,6,ACCEPTED,→,"as, like",2038,when,56,Spanish,158,Spanish,158,"as, like",when,como,como
9850,shift8216,Polysemy,7,ACCEPTED,→,"as, like",2038,when,56,Italian,161,Italian,161,"as, like",when,come,come
9860,shift6823,Polysemy,6,ACCEPTED,→,cow,1122,woman,109,Romanian,139,Romanian,139,vacă,"derogatory epithet for a person, especially a fat, insensitive or stupid woman; lazy and bad woman",vacă,Kuh
9864,shift6823,Polysemy,10,ACCEPTED,→,cow,1122,woman,109,Portuguese,117,Portuguese,117,cow,"(informal, derogatory) a ugly or very fat woman; (Informal, derogatory) woman considered shameless",vaca,vaca
9871,shift4290,Polysemy,2,ACCEPTED,→,to stand,3211,to consist of,2453,Latin,245,Latin,245,to stand,to contain,"sto, -are","consisto, -ere"
9882,shift3868,Polysemy,7,ACCEPTED,→,father,1242,term of address to a man,2154,Romanian,139,Romanian,139,father,term of address for a child (or a young person) to mark a relationship of familiarity and sympathy,tată,tată
9883,shift3868,Polysemy,8,ACCEPTED,→,father,1242,term of address to a man,2154,Romanian,139,Romanian,139,father,term of address to a (older) man in respect or affection,tată,tată
9913,shift2627,Derivation,2,ACCEPTED,→,door,4466,on the outside,4541,Latin,245,Latin,245,door,"outside, in the street",foris,foris
9926,shift5695,Polysemy,10,ACCEPTED,→,dragon,4475,kite (lightweight toy),1717,Romanian,139,Romanian,139,dragon,kite (lightweight toy),zmeu,zmeu
9940,shift3064,Semantic evolution,1,ACCEPTED,→,to kiss,2821,to copulate,2462,French,159,French,159,(dated outside Canada) to kiss,"(vulgar slang, transitive, intransitive) to fuck",baiser,baiser
9945,shift1319,Polysemy,2,ACCEPTED,→,to fall down,2605,"to set (of Moon, Sun)",3129,Latin,245,Latin,245,to fall,to go under (sun),"occido, -ere","occido, -ere"
9949,shift1319,Polysemy,6,ACCEPTED,—,to fall down,2605,"to set (of Moon, Sun)",3129,Latin,245,Latin,245,to fall,to go under (sun),"cado, -ere","cado, -ere"
9958,shift3408,Polysemy,1,ACCEPTED,→,throat,2186,neck (of bottle etc.),1839,French,159,French,159,"throat, gorge, farynx",neck (bottle),gorge,gorge
9961,shift3408,Polysemy,4,ACCEPTED,→,throat,2186,neck (of bottle etc.),1839,Spanish,158,Spanish,158,"throat, farynx","neck (bottle, etc )",gollete,gollete
9975,shift2637,Polysemy,1,ACCEPTED,→,smoke,4130,house,1678,Romanian,139,Romanian,139,smoke,"home, yard, household",fum,fum
9976,shift2637,Derivation,2,ACCEPTED,→,smoke,4130,house,1678,Spanish,158,Spanish,158,smoke,"home, fireside, Penates",humo,humos
9979,shift0802,Polysemy,1,NEW,—,owl,4574,"ugly, unpleasant",502,Romanian,139,Romanian,139,"owl, eagle-owl, little owl",ugly woman,bufniţă,bufniţă
9982,shift5940,Polysemy,1,ACCEPTED,→,dog,4458,cock (of a gun),1023,Portuguese,117,Portuguese,117,dog,cock (of a gun),cão,cão
9984,shift5940,Polysemy,3,ACCEPTED,→,dog,4458,cock (of a gun),1023,Italian,161,Italian,161,dog,cock (of a gun),cane,cane
9985,shift5940,Polysemy,4,ACCEPTED,→,dog,4458,cock (of a gun),1023,French,159,French,159,dog,cock (of a gun),chien,chien
9992,shift5191,Derivation,3,ACCEPTED,→,bark (of a tree),3515,to tan (hides),3282,Old French,226,Old French,226,pulped oak bark used in the tanning process,to tan (to turn hide into leather),tan,taner
9993,shift5191,Derivation,4,ACCEPTED,→,bark (of a tree),3515,to tan (hides),3282,Anglo-Norman,862,Anglo-Norman,862,"tan, crushed bark",to tan (leather),tan,taner
9999,shift0477,Polysemy,6,ACCEPTED,→,mouth,735,mouth (of a river),736,Latin,245,Latin,245,mouth,river mouth,"os, oris","os, oris"
10002,shift0477,Polysemy,9,ACCEPTED,—,mouth,735,mouth (of a river),736,French,159,French,159,mouth,river mouth,bouche,bouche
10011,shift1093,Derivation,4,ACCEPTED,→,mouse,733,bat,3529,French,159,French,159,mouse,bat,souris,chauve-souris
10032,shift2807,Polysemy,1,ACCEPTED,→,blue,3634,sad,3912,Romanian,139,Romanian,139,blue,"depressed, sad, melancholic",albastru,albastru
10043,shift4150,Polysemy,8,ACCEPTED,→,elder,3819,boss,3651,Medieval Latin,44,Medieval Latin,44,elder,"lord, sir",senior,senior
10058,shift1676,Derivation,4,ACCEPTED,→,to blink (by eyes),2352,"instant, moment",1789,Romanian,139,Romanian,139,"to blink, to wink",instant,a clipi,clipă
10064,shift7811,Motivation,5,ACCEPTED,→,gold,807,pyrite,500,Portuguese,117,Portuguese,117,gold,pyrite,ouro,ouro-dos-tolos
10067,shift7811,Motivation,8,ACCEPTED,→,gold,807,pyrite,500,Spanish,158,Spanish,158,gold,pyrite,oro,oro de los pobres
10068,shift7811,Motivation,9,ACCEPTED,→,gold,807,pyrite,500,Italian,161,Italian,161,gold,pyrite,oro,oro degli stolti
10069,shift7811,Motivation,10,ACCEPTED,→,gold,807,pyrite,500,Romanian,139,Romanian,139,gold,pyrite,aur,aurul nebunilor
10073,shift1905,Polysemy,4,ACCEPTED,→,bed,3549,river-bed,1485,Italian,161,Italian,161,bed,river bed,letto,letto
10074,shift1905,Polysemy,5,ACCEPTED,→,bed,3549,river-bed,1485,French,159,French,159,bed,river-bed,lit,lit
10075,shift1905,Polysemy,6,ACCEPTED,→,bed,3549,river-bed,1485,Catalan,312,Catalan,312,bed,river-bed,llit,llit
10077,shift1905,Polysemy,8,ACCEPTED,→,bed,3549,river-bed,1485,Spanish,158,Spanish,158,bed,river-bed,lecho,lecho
10078,shift1905,Polysemy,9,ACCEPTED,→,bed,3549,river-bed,1485,Portuguese,117,Portuguese,117,(poetic or archaic) bed,river-bed,leito,leito
10089,shift5569,Polysemy,3,ACCEPTED,→,thousand,2181,"many, much",584,Romanian,139,Romanian,139,thousand,very large number,mie,mie
10095,shift8053,Polysemy,2,ACCEPTED,→,&lt;ethnic group&gt;,3786,Romani,1492,Spanish,158,Spanish,158,Egyptian,(obsolete) Gipsy,egiptano,egiptano
10098,shift8053,Polysemy,5,ACCEPTED,→,&lt;ethnic group&gt;,3786,Romani,1492,French,159,French,159,Bohemian (of or from Bohemia),Gipsy,bohémien,bohémien
10099,shift8053,Polysemy,6,ACCEPTED,→,&lt;ethnic group&gt;,3786,Romani,1492,Spanish,158,Spanish,158,Flemish,"of a cultural manifestation, or of its interpreter: Of a popular Andalusian character, and often linked to the Romani people",flamenco,flamenco
10107,shift7468,Derivation,1,NEW,→,to seize,3123,clothes,1005,Latin,245,Latin,245,"to hold, to have",dress,habeō,"habitus, -ūs"
10130,shift6305,Derivation,1,ACCEPTED,→,piglet,371,cowrie,1124,Italian,161,Italian,161,piglet,cowrie,porcello,porcellana
10149,shift0671,Polysemy,1,ACCEPTED,→,pumpkin,490,head,1578,Italian,161,Italian,161,pumpkin,head-noddle,cocuzza,cocuzza
10150,shift0671,Polysemy,2,ACCEPTED,—,pumpkin,490,head,1578,Romanian,139,Romanian,139,"gourd, calabash",noddle; skull,tigvă,tigvă
10151,shift0671,Polysemy,3,ACCEPTED,→,pumpkin,490,head,1578,Italian,161,Italian,161,pumpkin,"head, noddle",zucca,zucca
10152,shift0671,Polysemy,4,ACCEPTED,→,pumpkin,490,head,1578,Romanian,139,Romanian,139,pumpkin,skull; head,curcubetă,curcubetă
10154,shift0671,Polysemy,6,ACCEPTED,→,pumpkin,490,head,1578,Spanish,158,Spanish,158,"pumpkin, calabash",head,totuma,totuma
10157,shift0671,Polysemy,9,ACCEPTED,→,pumpkin,490,head,1578,French,159,French,159,pumpkin,"big head, noddle",citrouille,citrouille
10158,shift0671,Polysemy,10,ACCEPTED,→,pumpkin,490,head,1578,French,159,French,159,bitter pumpkin,"head, noddle",coloquinte,coloquinte
10159,shift0671,Polysemy,11,ACCEPTED,→,pumpkin,490,head,1578,Romanian,139,Romanian,139,pumpkin,"head, noddle",dovleac,dovleac
10160,shift0671,Polysemy,12,ACCEPTED,→,pumpkin,490,head,1578,Romanian,139,Romanian,139,pumpkin,"head, noddle",bostan,bostan
10161,shift0671,Polysemy,13,ACCEPTED,→,pumpkin,490,head,1578,Spanish,158,Spanish,158,pumpkin (Cucurbita argyrosperma),"noddle, thinking mug",ayote,ayote
10168,shift1448,Polysemy,3,ACCEPTED,→,world,122,people (pl.),344,French,159,French,159,world,people (pl.),monde,monde
10208,shift0146,Derivation,5,ACCEPTED,→,shame,4017,genitalia,777,Spanish,158,Spanish,158,"shame, disgrace",genitalia,vergüenza,vergüenzas
10215,shift5633,Polysemy,1,NEW,→,"witch, sorceress",100,ladybird,145,Romanian,139,Romanian,139,"witch, sorceress",(dialect) ladybird,vrăjitoare,vrăjitoare
10225,shift1074,Derivation,1,ACCEPTED,—,to be born,2259,"people, nation",345,Latin,245,Latin,245,to be born,"tribe, people","nascor, nasci",natio
10229,shift3155,Polysemy,1,ACCEPTED,→,air,1961,appearance; look,2016,Romanian,139,Romanian,139,air,appearance,aer,aer
10240,shift5631,Derivation,2,NEW,→,cow,1122,"firebug, Pyrrhocoris apterus",1291,Romanian,139,Romanian,139,cow,"firebug, Pyrrhocoris apterus",vacă,vaca-Domnului
10254,shift5733,Polysemy,4,ACCEPTED,→,high (location),1623,high-pitched,1625,Spanish,158,Spanish,158,high,high-pitched (having a high frequency of vibrations),alto,alto
10274,shift4228,Semantic evolution,1,ACCEPTED,→,winter,94,"mist, fog",683,Italian,161,Italian,161,winter,"mist, fog",bruma,bruma
10275,shift4228,Semantic evolution,2,ACCEPTED,→,winter,94,"mist, fog",683,Spanish,158,Spanish,158,winter,"haze, especially costal fog",bruma,bruma
10280,shift4206,Polysemy,2,ACCEPTED,—,to go up,2713,to stand up,3216,Italian,161,Italian,161,to go up,to stand up,levarsi,levarsi
10297,shift2492,Polysemy,6,ACCEPTED,→,&lt;name of person&gt;,1811,monarch,696,Latin,245,Latin,245,"cognomen in the Julian gens, esp. that of C. Julius Caesar (102-44 B.C.), inherited as a cognomen by Octavian and by succeeding emperors",emperor,Caesar,Caesar
10400,shift6510,Derivation,3,NEW,→,green,845,rose chafer,1507,Romanian,139,Romanian,139,green,(regional) rose chafer,verde,cărăbuș-verde
10404,shift3148,Derivation,1,ACCEPTED,→,bull,3715,water beetle,17,Romanian,139,Romanian,139,bull,waterleaf beetle,bou,bou-de-baltă
10407,shift6815,Polysemy,2,SUSPENDED,→,girl,786,whore,67,French,159,French,159,girl,whore,fille,fille
10425,shift2112,Polysemy,4,ACCEPTED,—,drone,4484,"idler, loafer",1736,Spanish,158,Spanish,158,drone,loafer,zángano,zángano
10428,shift2112,Polysemy,7,ACCEPTED,→,drone,4484,"idler, loafer",1736,Romanian,139,Romanian,139,drone (n.),the epithet given to a man who does not want to work and lives from the work of others.,trântor,trântor
10441,shift2359,Derivation,3,ACCEPTED,→,to give birth,2693,parents,302,Latin,245,Latin,245,"bear, beget",parents,"pario, -ere",parentes
10446,shift2359,Derivation,8,ACCEPTED,→,to give birth,2693,parents,302,Latin,245,Latin,245,beget,"begetter, father","gigno, -ere",genitor
10454,shift4997,Polysemy,1,ACCEPTED,—,ray,1438,spoke of wheel,4214,Latin,245,Latin,245,ray,spoke of wheel,radius,radius
10458,shift4997,Polysemy,5,NEW,—,ray,1438,spoke of wheel,4214,French,159,French,159,"ray, beam (of light, etc.) [from 1474]",spoke (of wheel) [from 1538],rayon,rayon
10459,shift4997,Polysemy,6,NEW,—,ray,1438,spoke of wheel,4214,Italian,161,Italian,161,"ray, beam, shaft (of light, etc.)",spoke (of a wheel),raggio,raggio
10460,shift4997,Polysemy,7,NEW,—,ray,1438,spoke of wheel,4214,Italian,161,Italian,161,(obsolete) ray,(regional) spoke (part of a wheel),razzo,razzo
10461,shift4997,Polysemy,8,NEW,—,ray,1438,spoke of wheel,4214,Portuguese,117,Portuguese,117,"beam, ray (of light or radiation)",spoke (of a wheel),raio,raio
10462,shift4997,Polysemy,9,NEW,—,ray,1438,spoke of wheel,4214,Spanish,158,Spanish,158,ray,spoke of wheel,rayo,rayo
10463,shift4997,Polysemy,10,NEW,—,ray,1438,spoke of wheel,4214,Galician,817,Galician,817,sunbeam,spoke of wheel,raio,raio
10465,shift4710,Polysemy,2,ACCEPTED,→,dog,4458,police officer,430,Italian,161,Italian,161,"hound, gundog",(rare) police officer,bracco,bracco
10512,shift5494,Polysemy,1,NEW,→,fan (hand-held),1228,common redstart,1059,Spanish,158,Spanish,158,fan,common redstart,abanico,abanico
10531,shift2151,Polysemy,8,NEW,→,deep,4404,profound,473,French,159,French,159,deep,profound,profond,profond
10535,shift1152,Polysemy,4,ACCEPTED,→,mortal,713,"human, person",1683,French,159,French,159,mortal,human being,mortel,mortel
10541,shift3156,Polysemy,1,ACCEPTED,→,active,1939,clever,999,Romanian,139,Romanian,139,"vivacios, quick, nimble",smart,ager,ager
10552,shift0936,Polysemy,2,ACCEPTED,—,low (size),264,quiet (vs. loud),1909,French,159,French,159,low,"quiet, soft, low",bas,bas
10560,shift0936,Polysemy,10,NEW,→,low (size),264,quiet (vs. loud),1909,Italian,161,Italian,161,low (size),quiet (vs. loud),basso,basso
10567,shift6616,Polysemy,1,NEW,→,he,1577,husband,1694,Romanian,139,Romanian,139,(rare) he,(popular) husband,dânsul,dânsul
10575,shift7454,Polysemy,8,ACCEPTED,→,white,62,"white of an eye, sclera",65,Italian,161,Italian,161,white,white of an eye,bianco,bianco
10576,shift7454,Polysemy,9,ACCEPTED,→,white,62,"white of an eye, sclera",65,Portuguese,117,Portuguese,117,white,white of an eye,branco,branco
10577,shift7454,Polysemy,10,ACCEPTED,→,white,62,"white of an eye, sclera",65,French,159,French,159,white,white of an eye,blanc,blanc
10592,shift2477,Derivation,4,ACCEPTED,→,"country, land",1109,farmer,1235,Romanian,139,Romanian,139,"country, land",peasant,ţara,ţăran
10593,shift2477,Derivation,5,ACCEPTED,→,"country, land",1109,farmer,1235,Italian,161,Italian,161,country region,peasant,contado,contadino
10594,shift2477,Derivation,6,ACCEPTED,→,"country, land",1109,farmer,1235,French,159,French,159,country,peasant,pays,paysan
10627,shift7021,Polysemy,1,NEW,→,peacock,325,arrogant,2032,Romanian,139,Romanian,139,peacock,"arrogant person, characterized by beauty and lack of intelligence",păun,păun
10662,shift4874,Derivation,2,ACCEPTED,→,clover,1012,clubs (in cards),1015,Catalan,312,Catalan,312,clover,clubs (in cards),trèvol,trèvols
10665,shift4874,Polysemy,5,ACCEPTED,→,clover,1012,clubs (in cards),1015,French,159,French,159,clover,clubs (in cards),trèfle,trèfle
10666,shift4874,Derivation,6,ACCEPTED,→,clover,1012,clubs (in cards),1015,Galician,817,Galician,817,clover,clubs (in cards),trevo,trevos
10679,shift5412,Semantic evolution,1,NEW,→,pale,291,"sick, ill",4069,French,159,French,159,pale,"ill, sick, not well",pâle,pâle
10683,shift1040,Derivation,4,ACCEPTED,→,"to spring, jump",3201,to dance,2489,Latin,245,Latin,245,"to spring, leap",to dance,"salio, -ire","salto, -are"
10700,shift5971,Polysemy,1,NEW,→,"to raise, lift (tr.)",3037,to winnow,3377,Galician,817,Galician,817,"to raise, lift (tr.)",to winnow,alzar,alzar
10701,shift5971,Polysemy,2,NEW,→,"to raise, lift (tr.)",3037,to winnow,3377,Galician,817,Galician,817,"to raise, lift (tr.)",to winnow,erguer,erguer
10715,shift8362,Derivation,3,ACCEPTED,←,bride,3687,bridegroom,3688,Romanian,139,Romanian,139,bride,bridegroom,mireasă,mire
10716,shift8362,Derivation,4,ACCEPTED,—,bride,3687,bridegroom,3688,Spanish,158,Spanish,158,bride,bridegroom,novia,novio
10717,shift8362,Derivation,5,ACCEPTED,—,bride,3687,bridegroom,3688,Portuguese,117,Portuguese,117,bride,bridegroom,noiva,noivo
10744,shift2063,Polysemy,8,ACCEPTED,→,to think,3293,to intend,2798,French,159,French,159,to think,to intend,penser,penser
10796,shift5539,Derivation,3,ACCEPTED,→,monarch,696,corn crake,1098,French,159,French,159,monarch,corn crake,roi,roi des cailles
10798,shift5539,Derivation,5,ACCEPTED,→,monarch,696,corn crake,1098,Spanish,158,Spanish,158,monarch,corn crake,rey,rey de codornices
10829,shift6163,Polysemy,1,NEW,→,fox (Vulpes vulpes),1360,opossum,4553,Spanish,158,Spanish,158,fox (Vulpes vulpes),"(Mexico, South-East) opossum",zorro,zorro
10867,shift0589,Polysemy,1,ACCEPTED,→,&lt;wooden object&gt;,3,fool,1336,French,159,French,159,log,blockhead,bûche,bûche
10868,shift0589,Polysemy,2,ACCEPTED,→,&lt;wooden object&gt;,3,fool,1336,Latin,245,Latin,245,"trunk (tree), stump, log",fool,caudex,caudex
10871,shift0589,Polysemy,5,ACCEPTED,→,&lt;wooden object&gt;,3,fool,1336,Spanish,158,Spanish,158,"log, block",boor,zoquete,zoquete
10875,shift0589,Polysemy,9,ACCEPTED,→,&lt;wooden object&gt;,3,fool,1336,French,159,French,159,stump,"fool, blockhead (colloq.)",souche,souche
10880,shift0589,Polysemy,14,ACCEPTED,→,&lt;wooden object&gt;,3,fool,1336,Romanian,139,Romanian,139,"log, block",stupid person,butuc,butuc
10881,shift0589,Polysemy,15,ACCEPTED,→,&lt;wooden object&gt;,3,fool,1336,Spanish,158,Spanish,158,"log, beam",blockhead,leño,leño
10884,shift0589,Polysemy,18,ACCEPTED,→,&lt;wooden object&gt;,3,fool,1336,Italian,161,Italian,161,"log, chunk","ninny, dupe",tondone,tondone
10886,shift2072,Polysemy,1,ACCEPTED,→,fruit,1393,fetus,1266,Latin,245,Latin,245,fruit,foetus,fructus,fructus
10895,shift5178,Derivation,2,ACCEPTED,→,to move,2925,to make a move (in a game),2880,Romanian,139,Romanian,139,to move,"a move (in a chess, backgammon, etc)",mișca,mișcare
10896,shift5178,Polysemy,3,ACCEPTED,→,to move,2925,to make a move (in a game),2880,Romanian,139,Romanian,139,to move,to make a move (in a chess),muta,muta
10903,shift8021,Polysemy,2,ACCEPTED,→,child,957,servant,3997,Romanian,139,Romanian,139,child,(obsolete) servant,copil,copil
10908,shift8021,Polysemy,7,NEW,→,child,957,servant,3997,Jèrriais (Jersey Norman French),1063,Jèrriais (Jersey Norman French),1063,child,"cabin boy, a boy or young man who is employed to serve as an attendant for passengers or crew members on a ship",mousse,mousse
10918,shift1981,Derivation,2,ACCEPTED,→,sea,3970,to sail,3107,Portuguese,117,Portuguese,117,sea,to sail,mar,marear
10939,shift1928,Polysemy,4,ACCEPTED,→,tribe,3435,kind (n.),1710,Latin,245,Latin,245,"lineage, descent","kind, type, class",genus,genus
10943,shift3753,Polysemy,2,ACCEPTED,—,breathing,3683,smell (n.),4128,Latin,245,Latin,245,breath,smell,spiritus,spiritus
10964,shift3079,Polysemy,1,ACCEPTED,→,sadness,3915,love,262,Romanian,139,Romanian,139,melancholy,love,dor,dor
11000,shift3717,Derivation,5,ACCEPTED,→,to go up,2713,to go upstream,2714,Italian,161,Italian,161,to go up,to go against the river stream,salire,risalire
11037,shift1455,Derivation,2,ACCEPTED,→,to call,2396,to name,2937,French,159,French,159,to call,"to call, to name",appeler,s&#39;appeler
11039,shift1455,Polysemy,4,ACCEPTED,→,to call,2396,to name,2937,Italian,161,Italian,161,to call; to send for,"to call, to give a name",chiamare,chiamare
11059,shift5692,Polysemy,1,ACCEPTED,→,star,4247,kite (lightweight toy),1717,Catalan,312,Catalan,312,star,kite (lightweight toy),estel,estel
11061,shift8177,Motivation,1,NEW,→,lemon,188,mock-orange,687,Romanian,139,Romanian,139,lemon,mock-orange,lămâi,lămâița
11071,shift3086,Polysemy,1,ACCEPTED,→,to calm down,2397,to pay,2963,Medieval Latin,44,Medieval Latin,44,"to make peace between contending parties, to appease, satisfy a claimant or creditor",to pay a debt,pacare,pacare
11084,shift0840,Polysemy,3,ACCEPTED,→,mountain,728,forest,1351,Spanish,158,Spanish,158,mountain,forest,monte,monte
11107,shift1313,Polysemy,1,ACCEPTED,?,pig (Sus scrofa),369,bad person,3496,Spanish,158,Spanish,158,pig,rascal,cerdo,cerdo
11108,shift1313,Polysemy,2,ACCEPTED,?,pig (Sus scrofa),369,bad person,3496,Spanish,158,Spanish,158,pig,rascal,chancho,chancho
11110,shift1313,Polysemy,4,ACCEPTED,?,pig (Sus scrofa),369,bad person,3496,Spanish,158,Spanish,158,pig,rascal,marrano,marrano
11115,shift1313,Polysemy,9,ACCEPTED,?,pig (Sus scrofa),369,bad person,3496,Spanish,158,Spanish,158,pig,"rude person, cad, rascal",puerco,puerco
11132,shift4799,Polysemy,3,ACCEPTED,—,middle,652,half,1544,Spanish,158,Spanish,158,middle,half,medio,medio
11143,shift3204,Polysemy,1,ACCEPTED,—,"loach (fish, Misgurnus)",238,eel (Anguilla anguilla),3811,Romanian,139,Romanian,139,loach,eel,chişсar,chişсar
11144,shift3204,Polysemy,2,ACCEPTED,—,"loach (fish, Misgurnus)",238,eel (Anguilla anguilla),3811,Romanian,139,Romanian,139,loach (Misgurnus fossilis),eel (Anguilla anguilla),ţipar,ţipar
11230,shift7492,Derivation,8,ACCEPTED,→,badger (Meles),3501,honey badger,1643,Italian,161,Italian,161,badger (Meles),honey badger,tasso,tasso del miele
11233,shift7492,Derivation,11,ACCEPTED,—,badger (Meles),3501,honey badger,1643,Spanish,158,Spanish,158,badger (Meles),honey badger,tejón,tejón de miel
11246,shift0678,Polysemy,6,ACCEPTED,→,strength,4301,"power, authority",450,Latin,245,Latin,245,"force, might","political power, influence",potentia,potentia
11254,shift3821,Cognates,2,ACCEPTED,—,crane (Grus),1129,well sweep,43,Portuguese,117,Portuguese,117,stork,well sweep,cegonha,cegonha
11262,shift0722,Polysemy,5,ACCEPTED,→,glass (material),791,bottle,3653,Romanian,139,Romanian,139,glass (material),bottle,sticlă,sticlă
11275,shift4442,Derivation,1,ACCEPTED,→,to throw,3296,shuttle (weaving instrument),4061,Catalan,312,Catalan,312,to throw,shuttle (weaving instrument),llançar,llançadora
11276,shift4442,Derivation,2,ACCEPTED,→,to throw,3296,shuttle (weaving instrument),4061,Portuguese,117,Portuguese,117,to throw,shuttle (weaving instrument),lançar,lançadeira
11277,shift4442,Derivation,3,ACCEPTED,→,to throw,3296,shuttle (weaving instrument),4061,Spanish,158,Spanish,158,to throw,shuttle (weaving instrument),lanzar,lanzadera
11292,shift6111,Polysemy,1,ACCEPTED,→,god,804,Sunday,4335,Latin,245,Latin,245,of god,Sunday,dominicus,dominicus
11325,shift1836,Polysemy,4,ACCEPTED,—,friend,1380,beloved,3574,French,159,French,159,friend,lover,ami,ami
11331,shift2631,Polysemy,1,ACCEPTED,—,to thrust (into),3299,to ache,2214,Spanish,158,Spanish,158,to jab (with a needle etc),NA,pinchar,pinchar
11333,shift2631,Polysemy,3,ACCEPTED,→,to thrust (into),3299,to ache,2214,Romanian,139,Romanian,139,to jab,to stab (pain),a înţepa,a înţepa
11334,shift2631,Polysemy,4,ACCEPTED,→,to thrust (into),3299,to ache,2214,Romanian,139,Romanian,139,"to stab (a sharp instrument), to stabber",to stab (pain),a înjunghia,a înjunghia
11337,shift2631,Polysemy,7,ACCEPTED,→,to thrust (into),3299,to ache,2214,Romanian,139,Romanian,139,to jab,to stab (pain),a împunge,a împunge
11338,shift2631,Polysemy,8,ACCEPTED,—,to thrust (into),3299,to ache,2214,Spanish,158,Spanish,158,to jab (with a needle etc),"to stab, growing sometimes stronger (pain)",punzar,punzar
11397,shift8619,Polysemy,3,NEW,→,to write,3387,"to order, command",2953,Latin,245,Latin,245,"to write before, in front, or previously, to prefix in writing","to order, appoint, direct, command, prescribe","praescribo, praescribere","praescribo, praescribere"
11399,shift8549,Derivation,2,NEW,→,"lead, plumbum",173,mirror,675,Italian,161,Italian,161,"lead, plumbum",(archaic) mirror,piombo,piombato vetro
11403,shift6466,Derivation,2,NEW,→,scorpion,3962,mole cricket (Gryllotalpa),695,Spanish,158,Spanish,158,scorpion,mole cricket (Gryllotalpa),alacrán,alacrán cebollero
11405,shift3962,Polysemy,2,ACCEPTED,↔,old woman,4536,"witch, sorceress",100,Spanish,158,Spanish,158,"ugly, evil-looking, or frightening old woman",witch,bruja,bruja
11408,shift1907,Polysemy,1,ACCEPTED,→,black,3610,sad,3912,Occitan,80,Occitan,80,blackness,sadness,negror,negror
11413,shift1907,Polysemy,6,ACCEPTED,→,black,3610,sad,3912,French,159,French,159,black,"sad, pessimistic, unhappy",noir,noir
11415,shift1907,Polysemy,8,NEW,→,black,3610,sad,3912,Latin,245,Latin,245,black,"gloomy, sad, dismal, unfortunate",ater,ater
11421,shift1372,Polysemy,1,ACCEPTED,→,stick (n.),4267,unit of length,528,Italian,161,Italian,161,cane,length unit (about 2 m),canna,canna
11429,shift1372,Polysemy,9,ACCEPTED,→,stick (n.),4267,unit of length,528,Spanish,158,Spanish,158,"rod, cane, pole",length unit,vara,vara
11430,shift1372,Polysemy,10,ACCEPTED,→,stick (n.),4267,unit of length,528,Latin,245,Latin,245,"perch, pole, stick",length unit (5 feet),pertica,pertica
11449,shift8457,Polysemy,2,ACCEPTED,—,yoke,2085,marriage,595,Latin,245,Latin,245,yoke,fig. a yoke of marriage,iugum,iugum
11451,shift2798,Polysemy,1,ACCEPTED,→,&lt;profession&gt;,280,talkative person,2120,French,159,French,159,darner,chatterbox,ravaudeur,ravaudeur
11452,shift2798,Polysemy,2,ACCEPTED,→,&lt;profession&gt;,280,talkative person,2120,Spanish,158,Spanish,158,teeth plucker,quack,sacamolero,sacamolero
11453,shift2798,Polysemy,3,ACCEPTED,←,&lt;profession&gt;,280,talkative person,2120,French,159,French,159,advocate,chatterbox,baveux,baveux
11454,shift2798,Polysemy,4,ACCEPTED,→,&lt;profession&gt;,280,talkative person,2120,Spanish,158,Spanish,158,romance singer,chatterbox; lier,romancero,romancero
11455,shift2798,Polysemy,5,ACCEPTED,→,&lt;profession&gt;,280,talkative person,2120,Spanish,158,Spanish,158,bachelor,"chatterbox, babbler",bachiller,bachiller
11456,shift2798,Polysemy,6,ACCEPTED,→,&lt;profession&gt;,280,talkative person,2120,French,159,French,159,concierge,chatterbox; news monger,pipelet,pipelet
11461,shift2798,Polysemy,11,ACCEPTED,→,&lt;profession&gt;,280,talkative person,2120,Italian,161,Italian,161,"fabler, fabulist",chatterbox,favoleggiatore,favoleggiatore
11465,shift5704,Derivation,1,NEW,→,son,4163,noble,1870,Spanish,158,Spanish,158,son,noble,hijo,hidalgo
11486,shift1370,Polysemy,3,ACCEPTED,—,forearm,1346,unit of length,528,Latin,245,Latin,245,"lower part of the arm, elbow",cubit (=length unit),ulna,ulna
11489,shift1370,Polysemy,6,ACCEPTED,—,forearm,1346,unit of length,528,Spanish,158,Spanish,158,elbow,length unit,codo,codo
11510,shift3157,Polysemy,1,ACCEPTED,→,active,1939,"keen (of senses, mind)",1704,Romanian,139,Romanian,139,"vivacios, quick, nimble",sharp (sight),ager,ager
11516,shift5248,Polysemy,1,NEW,—,foxglove (Digitalis L.),1361,Saint-John&#39;s-wort (Hypericum),3926,Galician,817,Galician,817,foxglove (Digitalis L.),Saint-John's-wort (Hypericum),abeluria,abeluria
11530,shift6508,Derivation,7,ACCEPTED,→,gold,807,rose chafer,1507,French,159,French,159,feminine singular of the past participle of dorer 'to gild',rose chafer,dorée,cétoine dorée
11531,shift6508,Derivation,8,ACCEPTED,→,gold,807,rose chafer,1507,Italian,161,Italian,161,"feminine singular of dorato 'gilt, gilded; golden'",rose chafer,dorata,cetonia dorata
11540,shift6171,Derivation,1,ACCEPTED,→,bear (Ursus),3539,kinkajou,1714,Spanish,158,Spanish,158,bear (Ursus),(Mexico) kinkajou,oso,oso melero
11559,shift2036,Polysemy,10,ACCEPTED,—,thin (of an object),2172,lean,178,French,159,French,159,thin (of an object),lean,mince,mince
11563,shift5361,Polysemy,1,NEW,→,chalk,937,pencil,341,French,159,French,159,chalk,pencil,craie,crayon
11571,shift2992,Polysemy,1,ACCEPTED,—,slow (adj.),4120,"dense, thick (liquid)",4414,Latin,245,Latin,245,"(of progress, etc.) Laborious, sluggish, slow","(of substances) dense, solid, compact, (of liquids) thick, viscous",spissus,spissus
11573,shift6190,Polysemy,1,ACCEPTED,←,middle,652,lap,155,Latin,245,Latin,245,lap,centre,gremium,gremium
11580,shift2770,Polysemy,1,ACCEPTED,→,sizing tool,4095,"rule, regulations",1521,Latin,245,Latin,245,"straight piece of wood, ruler; measuringrod","rule, pattern, model, example",regula,regula
11584,shift2770,Polysemy,5,ACCEPTED,→,sizing tool,4095,"rule, regulations",1521,French,159,French,159,sizing tool,"rule, regulations",règle,règle
11585,shift2770,Polysemy,6,ACCEPTED,→,sizing tool,4095,"rule, regulations",1521,Spanish,158,Spanish,158,ruler,"rule, law, norm; principle; (monastic) rules",regla,regla
11586,shift2770,Polysemy,7,ACCEPTED,→,sizing tool,4095,"rule, regulations",1521,Portuguese,117,Portuguese,117,ruler,"rule, norm",regra,regra
11587,shift2770,Polysemy,8,ACCEPTED,→,sizing tool,4095,"rule, regulations",1521,Latin,245,Latin,245,"a square, employed by carpenters, masons, etc., for making right angles","a rule, pattern, precept:",norma,norma
11589,shift2400,Cognates,2,ACCEPTED,?,earth,3798,"human, person",1683,Latin,245,Latin,245,NA,NA,humus,homo
11593,shift1343,Polysemy,3,ACCEPTED,→,wing,92,fin,1281,Romanian,139,Romanian,139,wing,fin,aripă,aripă
11597,shift1343,Polysemy,7,ACCEPTED,?,wing,92,fin,1281,Spanish,158,Spanish,158,winglet,fin,aleta,aleta
11620,shift1335,Polysemy,1,ACCEPTED,?,powerless,451,furious,1402,Latin,245,Latin,245,"weak, strenghtless",furious,impotens,impotens
11621,shift1335,Polysemy,2,ACCEPTED,←,powerless,451,furious,1402,Romanian,139,Romanian,139,"futile, vain",restive,abraş,abraş
11625,shift8371,Polysemy,1,NEW,→,to suffer,3244,"to be ill, sick",2278,French,159,French,159,to suffer,"to be ill, sick",souffrir,souffrir
11627,shift8337,Polysemy,1,NEW,→,child (young person),959,uvula,553,Romanian,139,Romanian,139,child (of age),uvula,copil,copil
11633,shift0133,Derivation,4,ACCEPTED,→,Mercury,639,Wednesday,39,French,159,French,159,the planet Mercury,Wednesday,Mercure,mercredi
11636,shift0133,Derivation,7,NEW,→,Mercury,639,Wednesday,39,Italian,161,Italian,161,Mercury,Wednesday,Mercurio,Mercoledì
11639,shift0133,Derivation,10,NEW,→,Mercury,639,Wednesday,39,Spanish,158,Spanish,158,Mercury,Wednesday,Mercurio,Miercoles
11647,shift0133,Derivation,18,NEW,→,Mercury,639,Wednesday,39,Corsican,900,Corsican,900,Mercury,Wednesday,Mercuriu,Marcuri
11676,shift1602,Polysemy,3,NEW,→,soul,4172,"phantom, ghost",361,French,159,French,159,spirit,"phantom, ghost",esprit,esprit
11696,shift6527,Polysemy,4,ACCEPTED,→,rust (n.),1528,rust (plant disease),1529,Italian,161,Italian,161,rust (n.),rust (plant disease),ruggine,ruggine
11718,shift5911,Polysemy,1,NEW,→,"to decorticate, debark",2498,"to skin, flay",3163,Catalan,312,Catalan,312,"to decorticate, debark","to skin, flay",escorxar,escorxar
11720,shift5911,Polysemy,3,NEW,→,"to decorticate, debark",2498,"to skin, flay",3163,Old French,226,Old French,226,"to decorticate, debark","to skin, flay",escorchier,escorchier
11734,shift6133,Derivation,10,ACCEPTED,→,rain,1420,umbrella,504,Portuguese,117,Portuguese,117,rain,umbrella,chuva,guarda-chuva
11744,shift3149,Polysemy,2,ACCEPTED,→,wooden object,116,pack of cards,282,Romanian,139,Romanian,139,"log, block",deck of cards,butuc,butuc
11746,shift2648,Polysemy,2,ACCEPTED,—,chaff,934,useless thing,550,Italian,161,Italian,161,"chaff; husk, pod","stuff of little value, of no importance",loppa,loppa
11747,shift2648,Polysemy,3,ACCEPTED,→,chaff,934,useless thing,550,Romanian,139,Romanian,139,chaff,"something worthless, unimportant",pleavă,pleavă
11761,shift1589,Polysemy,3,ACCEPTED,→,end,3837,ending (in grammar),3838,Spanish,158,Spanish,158,"end, termination",ending,terminación,terminación
11787,shift2625,Polysemy,2,ACCEPTED,→,"to mix, stir",2920,to spoil (tr.),3198,Latin,245,Latin,245,"to mix, stir",to spoil (tr.),"turbo, -are","turbo, -are"
11791,shift2119,Derivation,2,ACCEPTED,→,monkey,703,to imitate,2781,Italian,161,Italian,161,"monkey, ape","to mimic, to play the ape",scimmia,scimmiottare
11796,shift2119,Derivation,7,ACCEPTED,→,monkey,703,to imitate,2781,French,159,French,159,monkey,"to imitate, mimic",singe,singer
11798,shift2119,Derivation,9,ACCEPTED,→,monkey,703,to imitate,2781,Romanian,139,Romanian,139,"monkey, ape",to imitate,maimuţă,a maimuţări
11801,shift5778,Polysemy,2,ACCEPTED,→,"mist, fog",683,cataract (of the eye),909,Portuguese,117,Portuguese,117,deep fog,cataract (of the eye),caligem,caligem
11823,shift7071,Polysemy,1,NEW,→,old woman,4536,midwife,656,Romanian,139,Romanian,139,old woman,midwife,moașă,moașă
11829,shift1771,Polysemy,3,ACCEPTED,→,to tread,3313,to copulate,2462,Romanian,139,Romanian,139,"to tread, to trample, to tramp",to copulate (birds),a călca,a călca
11838,shift0977,Polysemy,2,ACCEPTED,→,&lt;vessel&gt;,3742,head,1578,French,159,French,159,"bowl, eathern cup, pot","head, noddle (vern.)",terrine,terrine
11839,shift0977,Polysemy,3,ACCEPTED,→,&lt;vessel&gt;,3742,head,1578,Spanish,158,Spanish,158,large vessel,head (colloq.),tatuca,tatuca
11840,shift0977,Polysemy,4,ACCEPTED,→,&lt;vessel&gt;,3742,head,1578,French,159,French,159,money-box,"head, noddle (vern.)",tirelire,tirelire
11844,shift0977,Polysemy,8,ACCEPTED,→,&lt;vessel&gt;,3742,head,1578,Spanish,158,Spanish,158,"pumpkin, calabash","head, noddle",mate,mate
11845,shift0977,Cognates,9,ACCEPTED,—,&lt;vessel&gt;,3742,head,1578,Latin,245,Latin,245,bowl for sacrifices,head,capis,caput
11846,shift0977,Polysemy,10,ACCEPTED,→,&lt;vessel&gt;,3742,head,1578,French,159,French,159,teapot,"head, noddle (vern.)",théière,théière
11847,shift0977,Polysemy,11,ACCEPTED,→,&lt;vessel&gt;,3742,head,1578,French,159,French,159,"vial, flask, jar","head, noddle (vern.)",fiole,fiole
11869,shift3924,Polysemy,4,ACCEPTED,—,market,593,square (in a town),4234,Latin,245,Latin,245,market,a public square in a centre of a town,forum,forum
11887,shift6165,Polysemy,1,NEW,→,fox (Vulpes vulpes),1360,vagina,3745,Spanish,158,Spanish,158,fox (Vulpes vulpes),"(Nicarigua, vulgar) vulva",zorro,zorro
11895,shift8609,Polysemy,2,NEW,→,ray,1438,radius (geometry),1416,Portuguese,117,Portuguese,117,ray,radius (geometry),raio,raio
11899,shift8609,Polysemy,6,NEW,—,ray,1438,radius (geometry),1416,Latin,245,Latin,245,beam or ray of any shining object; of the sun,"semidiameter, radius of a circle",radius,radius
11901,shift8609,Polysemy,8,NEW,→,ray,1438,radius (geometry),1416,French,159,French,159,ray,(geometry) radius [from 1639],rayon,rayon
11902,shift8609,Polysemy,9,NEW,→,ray,1438,radius (geometry),1416,Italian,161,Italian,161,ray,radius (geometry),raggio,raggio
11903,shift8609,Polysemy,10,NEW,→,ray,1438,radius (geometry),1416,Galician,817,Galician,817,ray,radius (geometry),raio,raio
11965,shift0421,Polysemy,2,ACCEPTED,→,&lt;vessel&gt;,3742,pelvis,339,Romanian,139,Romanian,139,basin,pelvis,bazin,bazin
11967,shift0421,Polysemy,4,ACCEPTED,→,&lt;vessel&gt;,3742,pelvis,339,Latin,245,Latin,245,washing bowl,pelvis,pelvis,pelvis
11981,shift4680,Derivation,4,ACCEPTED,→,horse,1661,dragonfly,4476,Romanian,139,Romanian,139,horse,(popular / folk) dragonfly,cal,cal-de-apă
11983,shift4680,Derivation,6,ACCEPTED,→,horse,1661,dragonfly,4476,Galician,817,Galician,817,horse,dragonfly,cabalo,cabalo do demo
11985,shift4680,Derivation,8,ACCEPTED,→,horse,1661,dragonfly,4476,Catalan,312,Catalan,312,horse,dragonfly,cavall,cavall de serp
12023,shift4216,Polysemy,3,ACCEPTED,→,"to follow, go after smb.",2649,"to adhere, support",2221,Spanish,158,Spanish,158,to go after smb.,to be adherent,seguir,seguir
12024,shift4216,Polysemy,4,ACCEPTED,→,"to follow, go after smb.",2649,"to adhere, support",2221,Italian,161,Italian,161,to go after smb.,to be adherent,seguire,seguire
12029,shift6164,Polysemy,1,NEW,→,fox (Vulpes vulpes),1360,cockroach,1025,Spanish,158,Spanish,158,fox (Vulpes vulpes),(Panama) cockroach,zorro,zorro
12031,shift3421,Polysemy,2,ACCEPTED,→,second (num.),3979,second (measure of time),3978,Medieval Latin,44,Medieval Latin,44,second (fem.),second (measure of time),secunda,secunda
12039,shift2184,Polysemy,5,ACCEPTED,→,"stranger, foreign",4296,strange,4295,Latin,245,Latin,245,"stranger, foreign",strange,extraneus,extraneus
12040,shift2184,Polysemy,6,ACCEPTED,→,"stranger, foreign",4296,strange,4295,Catalan,312,Catalan,312,"alien (not part of a particular family, clan, nation, or other social group)",strange; unusual; odd,estrany,estrany
12041,shift2184,Polysemy,7,ACCEPTED,→,"stranger, foreign",4296,strange,4295,French,159,French,159,"(obsolete) stranger, foreign",strange,étrange,étrange
12042,shift2184,Polysemy,8,ACCEPTED,→,"stranger, foreign",4296,strange,4295,Spanish,158,Spanish,158,"foreign, alien, extraneous","strange, unusual, odd, weird, bizarre",extraño,extraño
12043,shift2184,Polysemy,9,ACCEPTED,→,"stranger, foreign",4296,strange,4295,Galician,817,Galician,817,"strange; foreign; stranger; foreigner, outsider","weird, odd, peculiar",estraño,estraño
12121,shift6579,Derivation,2,ACCEPTED,→,pillow,376,bearing (mechanical device),3544,French,159,French,159,cushion,bearing (mechanical device),coussin,coussinet
12122,shift6579,Derivation,3,ACCEPTED,→,pillow,376,bearing (mechanical device),3544,Italian,161,Italian,161,"cushion, pillow",bearing (mechanical device),cuscino,cuscinetto
12123,shift6579,Derivation,4,ACCEPTED,→,pillow,376,bearing (mechanical device),3544,Spanish,158,Spanish,158,cushion,bearing (mechanical device),cojín,cojinete
12125,shift4745,Derivation,1,NEW,→,honour,1647,salary,3928,Latin,245,Latin,245,honour,salary,honor,honorarium
12148,shift2335,Polysemy,2,ACCEPTED,—,"cavity, hollow",920,sinus (math.),4088,Latin,245,Latin,245,"изогнутость, кривизна, пазуха, залив, карман",NA,sinus,sinus
12155,shift1391,Polysemy,6,ACCEPTED,→,to sing,3157,to glorify,2695,Latin,245,Latin,245,to sing,"to sing, to glorify","cano, -ere","cano, -ere"
12165,shift1391,Polysemy,16,ACCEPTED,→,to sing,3157,to glorify,2695,French,159,French,159,to sing,to glorify,chanter,chanter
12183,shift7280,Polysemy,4,ACCEPTED,→,sabbath,3905,meeting of witches,627,Portuguese,117,Portuguese,117,sabbath,meeting of witches,"sabá, sabbat","sabá, sabbat"
12184,shift7280,Internal cognates,5,ACCEPTED,—,sabbath,3905,meeting of witches,627,Italian,161,Italian,161,sabbath,meeting of witches,Shabbat,sabba
12188,shift7280,Polysemy,9,ACCEPTED,→,sabbath,3905,meeting of witches,627,French,159,French,159,sabbath,meeting of witches,sabbat,sabbat
12253,shift1854,Polysemy,7,ACCEPTED,→,to sway,3256,"to worry, be agitated",3382,Romanian,139,Romanian,139,"to oscillate,",to worry,a se agita,a se agita
12260,shift7381,Derivation,3,ACCEPTED,→,cold,1032,January,1176,Romanian,139,Romanian,139,cold weather,(folk) January,ger,gerar
12280,shift4616,Polysemy,1,NEW,→,any,2012,bad,3493,Spanish,158,Spanish,158,"any, whatever",bad,cualquiera,cualquiera
12286,shift4226,Polysemy,1,ACCEPTED,→,beak,3536,well sweep,43,Romanian,139,Romanian,139,"beak, bill",well sweep,clobaţ,clobaţ
12304,shift3608,Polysemy,13,ACCEPTED,→,"to raise, lift (tr.)",3037,to abolish,2209,Spanish,158,Spanish,158,"to raise, lift (tr.)",to abolish,levantar,levantar
12308,shift1261,Polysemy,1,ACCEPTED,—,to shake,3136,"to strike, hit",3234,Spanish,158,Spanish,158,to shake,to beat,sacudir,sacudir
12319,shift4108,Polysemy,2,ACCEPTED,→,green,845,healthy,1585,Latin,245,Latin,245,green,strong,viridis,viridis
12345,shift6764,Polysemy,1,NEW,→,frog,1384,Ranunculus,1426,Latin,245,Latin,245,little frog,Ranunculus (a plant),rānunculus,rānunculus
12354,shift3077,Polysemy,3,ACCEPTED,—,"grain, seed",823,freckle,1370,French,159,French,159,lens,freckle,lentille,lentille
12357,shift4225,Polysemy,2,ACCEPTED,—,whirlpool,59,whirlwind,60,Latin,245,Latin,245,"swirling mass of water, whirlpool, eddy",whirlwind,vertex,vertex
12380,shift0390,Derivation,1,ACCEPTED,→,eyebrow,3897,eyelash,3898,French,159,French,159,eye lash,eyebrow,cil,sourcil
12449,shift5634,Polysemy,1,NEW,→,cuckoo,1154,ladybird,145,Romanian,139,Romanian,139,diminutive of cuc 'cuckoo',(dialect) ladybird,cucușor,cucușor
12453,shift4315,Polysemy,1,NEW,→,fireplace,1293,house,1678,Romanian,139,Romanian,139,"stove, fireplace",home,vatră,vatră
12454,shift4315,Polysemy,2,NEW,→,fireplace,1293,house,1678,French,159,French,159,fireplace,house,foyer,foyer
12455,shift4315,Polysemy,3,NEW,—,fireplace,1293,house,1678,Spanish,158,Spanish,158,fireplace,house,hogar,hogar
12475,shift2579,Polysemy,2,ACCEPTED,→,line,219,line (in poetry),220,Latin,245,Latin,245,"furrow, row, line","verse, poem",versus,versus
12485,shift0203,Polysemy,5,NEW,—,jealous,1180,envious,3848,French,159,French,159,jealousy,envy,jalousie,jalousie
12508,shift1078,Polysemy,3,ACCEPTED,→,lean,178,fatless,1245,French,159,French,159,lean,lean (meat),maigre,maigre
12523,shift2074,Derivation,5,ACCEPTED,—,to plant,2979,plant (biol.),398,Latin,245,Latin,245,"to plant, set (garden vegetables); to transfer, set (vegetables, young trees)","any vegetable production that serves to propagate the species; a sprout, shoot, twig, sprig, sucker, graft, scion, slip; cutting a young tree, a shrub that may be transplanted","planto, plantare",planta
12524,shift2074,Derivation,6,ACCEPTED,→,to plant,2979,plant (biol.),398,Old French,226,Old French,226,"to plant, put (a seed or plant) in the ground",plant (biol.),planter,plante
12525,shift2074,Derivation,7,ACCEPTED,→,to plant,2979,plant (biol.),398,French,159,French,159,"to plant, put (a seed or plant) in the ground",plant (biol.),planter,plante
12529,shift2074,Derivation,11,ACCEPTED,→,to plant,2979,plant (biol.),398,Spanish,158,Spanish,158,"to plant, put (a seed or plant) in the ground",plant (biol.),plantar,planta
12530,shift2074,Derivation,12,ACCEPTED,→,to plant,2979,plant (biol.),398,Romanian,139,Romanian,139,"to plant, put (a seed or plant) in the ground",plant (biol.),planta,plantă
12541,shift2474,Derivation,1,ACCEPTED,→,to see/to look at,3121,ambush,1986,Romanian,139,Romanian,139,"watch for, spy",ambush,a pîndi,pîndă
12560,shift1234,Polysemy,1,ACCEPTED,—,to defend,2503,to prohibit,3007,French,159,French,159,to protect,"to prohibit, to ban",défendre,défendre
12589,shift3864,Polysemy,6,ACCEPTED,→,mother,720,original,4563,Italian,161,Italian,161,mother,original,madre,madre
12613,shift6193,Polysemy,7,ACCEPTED,→,to ring (tr.),3088,to make a telephone call,2882,Romanian,139,Romanian,139,to ring,(informal) to make a telephone call,sona,sona
12646,shift5053,Polysemy,11,ACCEPTED,→,to answer,2228,to correspond,2464,French,159,French,159,to answer,to be compatible,répondre,répondre
12649,shift5053,Polysemy,14,ACCEPTED,→,to answer,2228,to correspond,2464,Latin,245,Latin,245,"to speak an answer to a question, replay","to correspond in form, function etc., be a match or counterpart (to); to correspond in size, amount, measurements etc. (to); to correspond in position (to)","respondeo, -ere","respondeo, -ere"
12651,shift5053,Polysemy,16,ACCEPTED,→,to answer,2228,to correspond,2464,Portuguese,117,Portuguese,117,to answer,to be compatible,responder,responder
12652,shift5053,Polysemy,17,ACCEPTED,→,to answer,2228,to correspond,2464,Romanian,139,Romanian,139,to answer,to correspond,răspunde,răspunde
12653,shift5053,Polysemy,18,ACCEPTED,→,to answer,2228,to correspond,2464,Spanish,158,Spanish,158,to answer,to correspond,responder,responder
12662,shift5762,Polysemy,1,ACCEPTED,→,line,219,trait,3425,French,159,French,159,line,trait,trait,trait
12684,shift8339,Polysemy,1,NEW,→,lizard,237,uvula,553,Romanian,139,Romanian,139,lizard (Lacerta viridis),(regional) uvula,gușter,gușter
12686,shift4254,Derivation,1,ACCEPTED,→,chestnut,955,potato,445,Galician,817,Galician,817,chestnut,potato,castaña,castaña mariña
12706,shift4395,Polysemy,1,ACCEPTED,→,squirrel (Sciurus),4237,weasel (Mustella nivalis),33,Romanian,139,Romanian,139,squirrel (Sciurus),(popular) weasel (Mustella nivalis),veveriță,veveriță
12714,shift6711,Polysemy,1,ACCEPTED,→,mint (coins producing),671,side of a coin,4072,Spanish,158,Spanish,158,mint (coins producing),(Argentina) side of a coin,ceca,ceca
12719,shift2948,Polysemy,2,ACCEPTED,→,sharp,4022,"passionate, zealous",314,Latin,245,Latin,245,sharp,"acting vigorously, energetic, active, brave; excited, keen, eager, enthusiastic; passionate, excitable",acer,acer
12742,shift1103,Polysemy,8,ACCEPTED,→,thin (of an object),2172,high-pitched,1625,French,159,French,159,thin (of an object),high-pitched (of sound),grêle,grêle
12754,shift8391,Polysemy,1,ACCEPTED,→,height (of a person),1599,waist,5,French,159,French,159,stature,waist,taille,taille
12768,shift3580,Polysemy,2,ACCEPTED,—,foot/leg,1340,stem (of a plant),4254,Latin,245,Latin,245,a foot of man or beast,the stalk or pedicle of a fruit,"pes, pedis","pes, pedis"
12852,shift2908,Polysemy,1,ACCEPTED,→,cat,905,vagina,3745,French,159,French,159,cat,cunt (vulg.),chat,chat
12872,shift6302,Polysemy,5,NEW,→,anvil (of a blacksmith),2010,"incus, anvil bone",1764,New Latin,1067,New Latin,1067,anvil (of a blacksmith),anvil bone,incus,incus
12875,shift6302,Polysemy,8,NEW,→,anvil (of a blacksmith),2010,"incus, anvil bone",1764,Catalan,312,Catalan,312,anvil (of a blacksmith),anvil bone,enclusa,enclusa
12880,shift6302,Polysemy,13,NEW,→,anvil (of a blacksmith),2010,"incus, anvil bone",1764,French,159,French,159,anvil (of a blacksmith),anvil bone,enclume,enclume
12884,shift6302,Polysemy,17,NEW,→,anvil (of a blacksmith),2010,"incus, anvil bone",1764,Spanish,158,Spanish,158,anvil (of a blacksmith),anvil bone,yunque,yunque
12885,shift6302,Polysemy,18,NEW,→,anvil (of a blacksmith),2010,"incus, anvil bone",1764,Romanian,139,Romanian,139,anvil (of a blacksmith),anvil bone,nicovală,nicovală
12886,shift6302,Polysemy,19,NEW,→,anvil (of a blacksmith),2010,"incus, anvil bone",1764,Portuguese,117,Portuguese,117,anvil (of a blacksmith),anvil bone,bigorna,bigorna
12890,shift6302,Polysemy,23,NEW,→,anvil (of a blacksmith),2010,"incus, anvil bone",1764,Italian,161,Italian,161,anvil (of a blacksmith),anvil bone,incudine,incudine
12975,shift5691,Polysemy,1,ACCEPTED,→,comet,1043,kite (lightweight toy),1717,Spanish,158,Spanish,158,comet,"flat and very light framework on which paper or cloth is spread and pasted, with a tail of ribbons or pieces of paper, which, fastened with a very long thread, is thrown into the air so that the wind raises it, as a fun for children",cometa,cometa
13000,shift5567,Polysemy,2,ACCEPTED,→,"wild, untamed",82,"rude, impolite",1517,Spanish,158,Spanish,158,"wild, untamed",(about a person) wild; rude,salvaje,salvaje
13001,shift5567,Polysemy,3,ACCEPTED,→,"wild, untamed",82,"rude, impolite",1517,Spanish,158,Spanish,158,wild (of animal),"wild, rough (i.e. not quite civilized)",montaraz,montaraz
13002,shift5567,Polysemy,4,ACCEPTED,→,"wild, untamed",82,"rude, impolite",1517,Spanish,158,Spanish,158,feral (having returned to the wild) med,(about a person) wild; rude,cimarrón,cimarrón
13003,shift5567,Polysemy,5,ACCEPTED,→,"wild, untamed",82,"rude, impolite",1517,Italian,161,Italian,161,"wild, untamed","rude, ill-mannered",selvaggio,selvaggio
13004,shift5567,Polysemy,6,ACCEPTED,→,"wild, untamed",82,"rude, impolite",1517,Italian,161,Italian,161,"wild, untamed",rude,selvatico,selvatico
13005,shift5567,Polysemy,7,ACCEPTED,→,"wild, untamed",82,"rude, impolite",1517,Portuguese,117,Portuguese,117,"wild, untamed","ill-mannered, rude",selvagem,selvagem
13006,shift5567,Polysemy,8,ACCEPTED,→,"wild, untamed",82,"rude, impolite",1517,French,159,French,159,"wild, untamed",wild (of a person),sauvage,sauvage
13008,shift5567,Polysemy,10,ACCEPTED,→,"wild, untamed",82,"rude, impolite",1517,Latin,245,Latin,245,not tamed or domesticated (of animals),"boorish, coarse, clumsy, uncivilizated; also unsophisticated, simple (of persons; of speech, behaviour, qualities etc.)",agrestis,agrestis
13009,shift5567,Polysemy,11,ACCEPTED,→,"wild, untamed",82,"rude, impolite",1517,Latin,245,Latin,245,"undomesticated, not tame, wild","uncivilized, barbarous, rude, rough; not amenable to restraint, disobedient, unruly; high-spirited, unsubdued; aggresive, fierce, ferocious, warlike; savage; cruel, ruthless, inhuman",ferus,ferus
13014,shift5567,Polysemy,16,ACCEPTED,→,"wild, untamed",82,"rude, impolite",1517,Brazilian Portuguese,284,Brazilian Portuguese,284,an untamed horse,uncouth; crude (of a person),bagual,bagual
13015,shift5567,Polysemy,17,ACCEPTED,→,"wild, untamed",82,"rude, impolite",1517,Portuguese,117,Portuguese,117,"feral, wild","uneducated, uncivilized",bravio,bravio
13016,shift5567,Polysemy,18,ACCEPTED,→,"wild, untamed",82,"rude, impolite",1517,Portuguese,117,Portuguese,117,"wild, predatory","rustic, uncultivated",fero,fero
13027,shift0102,Polysemy,5,ACCEPTED,→,white,62,silver,4081,French,159,French,159,white,a name for a small silver coin,blanc,blanc
13072,shift5210,Semantic evolution,1,ACCEPTED,→,always,1982,nevertheless,1851,Portuguese,117,Portuguese,117,(obsolete) always,nevertheless,todavia,todavia
13074,shift4244,Polysemy,1,NEW,—,to intoxicate,2799,"to charm, to delight",2421,French,159,French,159,"to intoxicate, make drunk","to charm, to delight",enivrer,enivrer
13075,shift6459,Polysemy,1,NEW,→,&lt;young animal&gt;,2072,mole cricket (Gryllotalpa),695,Catalan,312,Catalan,312,cub (young of various animals),mole cricket (Gryllotalpa),cadell,cadell
13083,shift3574,Polysemy,1,ACCEPTED,→,lap,155,vagina,3745,Latin,245,Latin,245,"a person's lap or bosom (esp. as the place in which a child, etc., is held)",the female genital parts,gremium,gremium
13123,shift6581,Derivation,15,ACCEPTED,→,sour,4175,acid,1934,New Latin,1067,New Latin,1067,sour,acid,acidus,acidum
13131,shift6581,Polysemy,23,ACCEPTED,→,sour,4175,acid,1934,Spanish,158,Spanish,158,having a sour or vinegar taste,acid,ácido,ácido
13151,shift1520,Polysemy,1,ACCEPTED,?,rare,1428,sparse,4188,Italian,161,Italian,161,rare (thin),rare (in time),rado,rado
13161,shift7196,Motivation,3,ACCEPTED,→,gold,807,goldenrod,811,Portuguese,117,Portuguese,117,gold,goldenrod,ouro,vara-de-ouro
13163,shift7196,Motivation,5,ACCEPTED,→,gold,807,goldenrod,811,Romanian,139,Romanian,139,gold,goldenrod,aur,vargă-de-aur
13177,shift3810,Polysemy,7,ACCEPTED,→,horse,1661,knight (chess),1722,Italian,161,Italian,161,horse (Equus caballus),knight (chess),cavallo,cavallo
13192,shift2626,Polysemy,3,ACCEPTED,→,"to mix, stir",2920,to make disordered,2887,Latin,245,Latin,245,"to mix, stir",to make disordered,"turbo, turbare","turbo, turbare"
13211,shift1164,Polysemy,3,ACCEPTED,—,to suffer,3244,to work,3380,French,159,French,159,work,"grief, suffering",peine,peine
13213,shift1164,Derivation,5,ACCEPTED,—,to suffer,3244,to work,3380,Spanish,158,Spanish,158,"labour, work","sufferings, torments",trabajo,trabajos
13215,shift1164,Polysemy,7,ACCEPTED,—,to suffer,3244,to work,3380,Latin,245,Latin,245,work,"distress, suffering, pain, disease",labor,labor
13226,shift1164,Polysemy,18,ACCEPTED,—,to suffer,3244,to work,3380,Spanish,158,Spanish,158,suffering,"hard work, labour, toil",ñacay,ñacay
13242,shift0029,Polysemy,4,ACCEPTED,→,"to get, obtain",2691,to become infected,2319,Spanish,158,Spanish,158,"to take, to catch, to hold, to get",to become infected,coger,coger
13243,shift0029,Polysemy,5,ACCEPTED,→,"to get, obtain",2691,to become infected,2319,Italian,161,Italian,161,"to take, to hold, to get",to become infected,prendere,prendere
13254,shift0029,Polysemy,16,ACCEPTED,→,"to get, obtain",2691,to become infected,2319,French,159,French,159,"to get, obtain",to become infected,attraper,attraper
13258,shift2129,Polysemy,1,ACCEPTED,→,white,62,&lt;cold steel&gt;,865,Spanish,158,Spanish,158,white,<cold steel>,blanco,(arma) blanca
13262,shift2129,Motivation,5,NEW,→,white,62,&lt;cold steel&gt;,865,French,159,French,159,white armour,plate armour,arme blanche,arme blanche
13290,shift2521,Polysemy,4,ACCEPTED,→,&lt;clothes&gt;,864,menstruation,636,Spanish,158,Spanish,158,shirt,period (obs.),camisa,camisa
13296,shift1701,Derivation,1,ACCEPTED,→,breathing,3683,animal,1999,Latin,245,Latin,245,breath,animal,anima,"animal, -ālis"
13300,shift1701,Polysemy,5,ACCEPTED,→,breathing,3683,animal,1999,Romanian,139,Romanian,139,breathing,"living being, live creature; people",suflare,suflare
13314,shift2416,Polysemy,2,ACCEPTED,→,&lt;foreigner&gt;,1210,buckwheat,3710,French,159,French,159,Saracen,buckwheat,sarrasin,sarrasin
13336,shift8636,Polysemy,1,NEW,→,hen,1607,Pleiades,410,Romanian,139,Romanian,139,dim. from găină 'hen',Pleiades,găinușă,găinușă
13337,shift8636,Motivation,2,NEW,→,hen,1607,Pleiades,410,Romanian,139,Romanian,139,broody hen,Pleiades,cloșcă,Cloșca cu Pui
13357,shift1336,Derivation,3,ACCEPTED,—,to plough,2986,draught animal,4478,Latin,245,Latin,245,to plough,draught animals,"arātro, artro, -āre",armentum
13394,shift2183,Polysemy,16,ACCEPTED,—,"to follow, go after smb.",2649,to act according to,2218,Spanish,158,Spanish,158,to follow,to act according to smth,seguir,seguir
13396,shift2183,Polysemy,18,ACCEPTED,→,"to follow, go after smb.",2649,to act according to,2218,French,159,French,159,to follow,to act according to,suivre,suivre
13411,shift2183,Polysemy,33,ACCEPTED,→,"to follow, go after smb.",2649,to act according to,2218,French,159,French,159,to follow,to act according to,suivre,suivre
13413,shift2183,Polysemy,35,ACCEPTED,→,"to follow, go after smb.",2649,to act according to,2218,Italian,161,Italian,161,to follow,to act according to,seguire,seguire
13415,shift2183,Polysemy,37,ACCEPTED,→,"to follow, go after smb.",2649,to act according to,2218,Portuguese,117,Portuguese,117,to follow,to act according to,seguir,seguir
13471,shift6148,Polysemy,2,ACCEPTED,→,pear,328,guava,853,Portuguese,117,Portuguese,117,pear,"name that the Portuguese gave to the guava tree, when it was acclimatized in India",pera,pera
13515,shift8266,Polysemy,2,ACCEPTED,→,old man,4534,father,1242,Portuguese,117,Portuguese,117,(informal) old man,(informal) father,velhote,velhote
13518,shift8266,Polysemy,5,ACCEPTED,→,old man,4534,father,1242,Spanish,158,Spanish,158,old man,(slang) one's father,viejo,viejo
13520,shift8266,Polysemy,7,ACCEPTED,→,old man,4534,father,1242,Galician,817,Galician,817,old man,(informal) father,vello,vello
13525,shift0053,Polysemy,2,ACCEPTED,—,time,2200,weather,34,French,159,French,159,time,weather,temps,temps
13535,shift0053,Polysemy,12,NEW,—,time,2200,weather,34,Spanish,158,Spanish,158,time,weather,tiempo,tiempo
13536,shift0053,Polysemy,13,NEW,→,time,2200,weather,34,Medieval Latin,44,Medieval Latin,44,time,(rare) weather,tempus,tempus
13537,shift0053,Polysemy,14,NEW,—,time,2200,weather,34,Italian,161,Italian,161,time,weather,tempo,tempo
13538,shift0053,Polysemy,15,NEW,→,time,2200,weather,34,Galician,817,Galician,817,time,weather,tempo,tempo
13539,shift0053,Polysemy,16,NEW,—,time,2200,weather,34,Portuguese,117,Portuguese,117,time,weather (state of the atmosphere at a specific time and place),tempo,tempo
13542,shift0053,Polysemy,19,NEW,—,time,2200,weather,34,Sicilian,1456,Sicilian,1456,time,weather,tempu,tempu
13543,shift0053,Polysemy,20,NEW,—,time,2200,weather,34,Romanian,139,Romanian,139,time,weather,timp,timp
13544,shift0053,Polysemy,21,NEW,—,time,2200,weather,34,Catalan,312,Catalan,312,time,weather,temps,temps
13545,shift0053,Polysemy,22,NEW,—,time,2200,weather,34,Romanian,139,Romanian,139,time,weather,vreme,vreme
13560,shift6546,Derivation,4,ACCEPTED,→,face,1214,mask,602,Catalan,312,Catalan,312,face,mask,cara,careta
13561,shift6546,Derivation,5,ACCEPTED,→,face,1214,mask,602,Portuguese,117,Portuguese,117,face,mask,cara,careta
13571,shift5637,Derivation,4,ACCEPTED,→,god,804,ladybird,145,Romanian,139,Romanian,139,god,ladybird,Dumnezeu,vaca-lui-Dumnezeu
13572,shift5637,Derivation,5,ACCEPTED,→,god,804,ladybird,145,Romanian,139,Romanian,139,god,ladybird,Domnul,boul-Domnului
13577,shift4769,Polysemy,1,ACCEPTED,→,owl,4574,police officer,430,Spanish,158,Spanish,158,"(El Salvador, Guatemala, Honduras, Mexico, New Mexico) owl","(colloquial, dated, Mexico) policeman",tecolote,tecolote
13584,shift8215,Polysemy,1,ACCEPTED,→,"as, like",2038,because of,3548,French,159,French,159,"as, like",because of,comme,comme
13586,shift8215,Polysemy,3,ACCEPTED,→,"as, like",2038,because of,3548,Spanish,158,Spanish,158,"as, like",because of,como,como
13589,shift3167,Polysemy,1,ACCEPTED,→,to push,3024,to bribe,2375,Romanian,139,Romanian,139,to push,to bribe,a împinge,a împinge
13596,shift5152,Polysemy,3,ACCEPTED,→,man (male),574,"&lt;exclamation of surprise, pain or sorrow&gt;",3787,Spanish,158,Spanish,158,man,exclamation of surprise or objection,hombre,hombre
13598,shift4420,Polysemy,1,ACCEPTED,→,duck,4495,newspaper hoax,1859,French,159,French,159,duck,"newspaper hoax, false or misleading report or story",canard,canard
13608,shift0063,Polysemy,2,ACCEPTED,?,storm,4288,winter,94,Latin,245,Latin,245,"windstorm, downpour",winter (rainy season),hiems,hiems
13616,shift0299,Polysemy,3,ACCEPTED,→,"naked, bare",1819,"deprived of, lacking",4416,Latin,245,Latin,245,naked,naked,nudus,nudus
13619,shift2427,Derivation,1,NEW,→,to tremble,3315,aspen,2044,Italian,161,Italian,161,to tremble,aspen,tremare,tremolo
13665,shift1494,Polysemy,7,ACCEPTED,→,to perceive smell,2969,to have smell,2754,Romanian,139,Romanian,139,to perceive an odor,to have (and spread) an odor,mirosi,mirosi
13723,shift0429,Polysemy,3,ACCEPTED,←,water-melon (Cucurbita citrullus),23,pumpkin,490,Romanian,139,Romanian,139,watermelon,pumpkin,bostan,bostan
13738,shift5146,Polysemy,1,ACCEPTED,→,goat,803,drinking vessel,4481,Romanian,139,Romanian,139,goat,"special glass of beer, with a handle, with a capacity of 300 ml",țap,țap
13797,shift0560,Polysemy,4,ACCEPTED,→,"to mix, stir",2920,to confuse (with),2450,French,159,French,159,"to mix, stir",to confuse (with),mélanger,mélanger
13807,shift2632,Polysemy,3,ACCEPTED,—,to thrust (into),3299,to sting,3224,Romanian,139,Romanian,139,to jab,to bite (insect),a înţepa,a înţepa
13808,shift2632,Polysemy,4,ACCEPTED,—,to thrust (into),3299,to sting,3224,Latin,245,Latin,245,to jab,to bite,"pungo, -ere","pungo, -ere"
13809,shift2632,Polysemy,5,ACCEPTED,—,to thrust (into),3299,to sting,3224,French,159,French,159,to jab (with a needle etc),to bite,piquer,piquer
13814,shift8341,Polysemy,1,NEW,→,lizard,237,croup (illness),1146,Romanian,139,Romanian,139,lizard,(regional) croup (illness),gușter,gușter
13820,shift7639,Derivation,3,NEW,→,to judge,2811,territorial entity,2160,Romanian,139,Romanian,139,to judge,county (administrative division in Romania),judeca,județ
13828,shift6457,Derivation,4,NEW,→,mole (Talpa),694,mole cricket (Gryllotalpa),695,Portuguese,117,Portuguese,117,mole (Talpa),mole cricket (Gryllotalpa),toupeira,grilo-toupeira
13829,shift6457,Derivation,5,NEW,→,mole (Talpa),694,mole cricket (Gryllotalpa),695,Spanish,158,Spanish,158,mole (Talpa),mole cricket (Gryllotalpa),topo,grillo topo
13835,shift6457,Derivation,11,NEW,→,mole (Talpa),694,mole cricket (Gryllotalpa),695,French,159,French,159,mole (Talpa),mole cricket (Gryllotalpa),taupe,taupette
13837,shift2981,Derivation,2,ACCEPTED,→,"little, small",232,little finger,231,French,159,French,159,"little, small",little finger,petit,petit doigt
13839,shift2981,Polysemy,4,ACCEPTED,→,"little, small",232,little finger,231,Portuguese,117,Portuguese,117,minimum (to the lowest degree),little finger,mínimo,mínimo
13850,shift2981,Derivation,15,ACCEPTED,→,"little, small",232,little finger,231,Romanian,139,Romanian,139,"little, small",little finger,mic,deget mic
13878,shift4876,Derivation,1,NEW,→,sword,4369,spades (in cards),4183,Portuguese,117,Portuguese,117,sword,"spade, shovel",espada,espadas
13911,shift6741,Derivation,29,ACCEPTED,→,man (male),574,male (animal),571,Romanian,139,Romanian,139,man (male),male (animal),bărbat,bărbătuș
13914,shift6741,Polysemy,32,ACCEPTED,→,man (male),574,male (animal),571,Spanish,158,Spanish,158,man (male),male (animal),macho,macho
13915,shift6741,Polysemy,33,ACCEPTED,—,man (male),574,male (animal),571,Portuguese,117,Portuguese,117,man (male),male (animal),macho,macho
13945,shift5047,Internal cognates,4,ACCEPTED,—,mother,720,grandmother,827,Romanian,139,Romanian,139,"(Moldova, familiar) mother","(Muntenia, Oltenia) grandmother",mamaie,mamaie
13949,shift4344,Polysemy,2,ACCEPTED,→,Mercury,639,mercury,640,French,159,French,159,Mercury,mercury,Mercure,mercure
13951,shift4344,Polysemy,4,ACCEPTED,→,Mercury,639,mercury,640,Catalan,312,Catalan,312,Mercury,mercury,Mercuri,mercuri
13952,shift4344,Polysemy,5,ACCEPTED,→,Mercury,639,mercury,640,Galician,817,Galician,817,Mercury,mercury,Mercurio,mercurio
13953,shift4344,Polysemy,6,ACCEPTED,→,Mercury,639,mercury,640,Occitan,80,Occitan,80,Mercury,mercury,Mercuri,mercuri
13954,shift4344,Polysemy,7,ACCEPTED,→,Mercury,639,mercury,640,Friulian,836,Friulian,836,Mercury,mercury,Mercuri,mercuri
13956,shift4344,Polysemy,9,ACCEPTED,→,Mercury,639,mercury,640,Italian,161,Italian,161,Mercury,mercury,Mercurio,mercurio
13958,shift4344,Polysemy,11,ACCEPTED,→,Mercury,639,mercury,640,Spanish,158,Spanish,158,Mercury,mercury,Mercurio,mercurio
13960,shift4344,Polysemy,13,ACCEPTED,→,Mercury,639,mercury,640,Romanian,139,Romanian,139,Mercury,mercury,Mercur,mercur
13961,shift4344,Polysemy,14,ACCEPTED,→,Mercury,639,mercury,640,Portuguese,117,Portuguese,117,Mercury,mercury,Mercúrio,mercúrio
13963,shift0535,Polysemy,1,ACCEPTED,—,elbow,3817,bend (of a river),3579,Latin,245,Latin,245,elbow,"bend, curve",cubitus,cubitus
13967,shift0535,Polysemy,5,ACCEPTED,→,elbow,3817,bend (of a river),3579,French,159,French,159,elbow,bend (of a river),coude,coude
13995,shift3494,Polysemy,16,ACCEPTED,→,&lt;young animal&gt;,2072,child (son or daughter),958,Italian,161,Italian,161,young monkey,child,scimmiotto,scimmiotto
14008,shift3494,Polysemy,29,ACCEPTED,←,&lt;young animal&gt;,2072,child (son or daughter),958,French,159,French,159,a very young animal,a very young child,bébé,bébé
14015,shift2673,Polysemy,2,ACCEPTED,→,head,1578,money,700,Latin,245,Latin,245,head,capital,caput,caput
14025,shift8620,Polysemy,1,NEW,→,crab,1125,Cancer (constellation),883,Latin,245,Latin,245,crab,Cancer (constellation),cancer,Cancer
14041,shift8620,Polysemy,17,NEW,→,crab,1125,Cancer (constellation),883,Catalan,312,Catalan,312,crab,Cancer (constellation),cranc,Cranc
14042,shift4596,Polysemy,1,ACCEPTED,→,lentil,194,lens,192,Medieval Latin,44,Medieval Latin,44,lentil (Lens culinaris),lens,lens,lens
14054,shift4596,Polysemy,13,ACCEPTED,→,lentil,194,lens,192,French,159,French,159,lentil,lens,lentille,lentille
14055,shift4596,Polysemy,14,ACCEPTED,→,lentil,194,lens,192,Italian,161,Italian,161,lentil,lens,lente,lente
14070,shift3168,Derivation,2,ACCEPTED,→,earring,3797,spindle (Euonymus),4204,Romanian,139,Romanian,139,earring,spindle wood,cercel,cerceii-babei
14093,shift2486,Polysemy,1,ACCEPTED,→,foot/leg,1340,spur of mountain,4230,Romanian,139,Romanian,139,leg,"offshoot (hill, mountain)",crac,crac
14097,shift5411,Polysemy,1,NEW,—,nephew,1845,descendant,4417,Italian,161,Italian,161,nephew,descendant,nipote,nipote
14108,shift0074,Polysemy,7,ACCEPTED,→,spruce (Picea),4228,abies (Abies),1920,Romanian,139,Romanian,139,fur tree,silver fir,brad,brad
14124,shift1537,Polysemy,4,ACCEPTED,→,"rag, duster",1418,clothes,1005,Spanish,158,Spanish,158,"rag, duster","(figurative) clothing, clothes",trapo,trapo
14129,shift8233,Motivation,4,ACCEPTED,→,rose,1505,hollyhock,1638,Italian,161,Italian,161,rose,hollyhock,rosa,malvarosa
14131,shift8233,Motivation,6,ACCEPTED,→,rose,1505,hollyhock,1638,Spanish,158,Spanish,158,rose,(dialect) hollyhock,rosa,malva rosa
14134,shift8233,Motivation,9,ACCEPTED,→,rose,1505,hollyhock,1638,French,159,French,159,rose,hollyhock,rose,rose trémière
14148,shift6394,Polysemy,6,ACCEPTED,→,"sick, ill",4069,fan (sport),1229,Italian,161,Italian,161,typhoid patient,"passionate about a sport genre, ardent supporter of a sports team or athlete",tifoso,tifoso
14155,shift1123,Polysemy,2,ACCEPTED,→,"to soil, make dirty",3187,"to disgrace, dishonor",2532,Romanian,139,Romanian,139,"to soil, to stain, to make dirty","to disgrace, to tar, to tarnish",a înnegri,a înnegri
14162,shift1123,Polysemy,9,ACCEPTED,?,"to soil, make dirty",3187,"to disgrace, dishonor",2532,Italian,161,Italian,161,"to soil, to make dirty, to stain","to dishonor, to abuse",sporcare,sporcare
14166,shift1123,Polysemy,13,ACCEPTED,→,"to soil, make dirty",3187,"to disgrace, dishonor",2532,French,159,French,159,"to soil, make dirty","to disgrace, dishonor",salir,salir
14173,shift1107,Polysemy,3,ACCEPTED,?,"to smear, anoint",3176,to bribe,2375,Spanish,158,Spanish,158,"to oil, to smear",to bribe,untar,untar
14176,shift1107,Polysemy,6,ACCEPTED,→,"to smear, anoint",3176,to bribe,2375,French,159,French,159,lubricate,to bribe,graisser,graisser
14177,shift1107,Polysemy,7,ACCEPTED,→,"to smear, anoint",3176,to bribe,2375,Romanian,139,Romanian,139,to oil,to bribe,a unge,a unge
14198,shift0625,Polysemy,8,ACCEPTED,—,noise,1872,rumour,1522,French,159,French,159,"noise, sound, buzz, crack",rumour,bruit,bruit
14199,shift0625,Polysemy,9,ACCEPTED,?,noise,1872,rumour,1522,Latin,245,Latin,245,"subdued noise, rumble","rumour, gossip",rumor,rumor
14201,shift0625,Polysemy,11,ACCEPTED,—,noise,1872,rumour,1522,Italian,161,Italian,161,noise,"noise, rumour",strepito,strepito
14208,shift1104,Polysemy,2,ACCEPTED,→,"to end, finish",2577,to kill,2820,Romanian,139,Romanian,139,"to finish, to complete",to kill (colloq.),a găti,a găti
14256,shift7990,Polysemy,1,NEW,→,tent,2151,auricle,2060,Italian,161,Italian,161,tent,auricle,padiglione,padiglione
14257,shift7990,Polysemy,2,NEW,→,tent,2151,auricle,2060,Portuguese,117,Portuguese,117,tent,auricle,pavilhão,pavilhão
14258,shift7990,Polysemy,3,NEW,→,tent,2151,auricle,2060,French,159,French,159,tent,auricle,pavillon,pavillon
14266,shift6502,Polysemy,5,ACCEPTED,→,rose,1505,rose chafer,1507,Romanian,139,Romanian,139,rose,rose chafer,trandafir,gândacul-de-trandafir
14282,shift7088,Derivation,2,ACCEPTED,→,to call,2396,"to recall, recollect",3045,French,159,French,159,to call,"to recall, recollect",appeler,se rappeler
14284,shift1324,Polysemy,2,NEW,→,to scratch (when itches),3115,to quarrel,3035,Italian,161,Italian,161,to clean with a horse comb,"to criticize harshly, to rebuke",stigliare,stigliare
14306,shift7772,Polysemy,2,NEW,→,"lunch, midday meal",271,"dinner, evening meal",4437,Spanish,158,Spanish,158,"lunch, midday meal","dinner, evening meal",comida,comida
14307,shift7772,Polysemy,3,NEW,→,"lunch, midday meal",271,"dinner, evening meal",4437,French,159,French,159,"(dated, regional) lunch, midday meal","dinner, evening meal",dîner,dîner
14318,shift0740,Derivation,1,ACCEPTED,→,to lead,2834,to cause,2410,French,159,French,159,"to lead, to conduct","to take somewhere, to lead to smth",mener,amener
14333,shift1509,Derivation,1,ACCEPTED,→,yellow,2079,hepatitis,1609,Romanian,139,Romanian,139,yellow,jaundice,galben,gălbinare
14356,shift6223,Polysemy,1,NEW,→,"to gather, collect",2667,to read,3042,Latin,245,Latin,245,"to gather, collect",to read,"lego, -ere","lego, -ere"
14359,shift0668,Derivation,1,ACCEPTED,→,girl,786,pupil (of an eye),493,Portuguese,117,Portuguese,117,girl,pupil,menina,menina
14363,shift0668,Polysemy,5,ACCEPTED,?,girl,786,pupil (of an eye),493,Italian,161,Italian,161,foster daughter,pupil,pupilla,pupilla
14367,shift0668,Derivation,9,ACCEPTED,→,girl,786,pupil (of an eye),493,Spanish,158,Spanish,158,girl,pupil,niña,niña
14376,shift3445,Polysemy,2,ACCEPTED,→,alone,1976,"only, just",4547,Latin,245,Latin,245,alone,"only, just",solus,solus
14379,shift3445,Polysemy,5,ACCEPTED,→,alone,1976,"only, just",4547,French,159,French,159,alone,"only, just",seul,seul
14405,shift0563,Polysemy,6,ACCEPTED,—,man (male),574,"human, person",1683,French,159,French,159,man,person,homme,homme
14423,shift0563,Polysemy,24,NEW,—,man (male),574,"human, person",1683,Asturian,1549,Asturian,1549,man (male),person,home,home
14493,shift3304,Derivation,3,ACCEPTED,→,bell,3568,bellflower (Campanula),3570,Italian,161,Italian,161,bell,bellflower,campana,campanula
14497,shift3304,Derivation,7,ACCEPTED,→,bell,3568,bellflower (Campanula),3570,Romanian,139,Romanian,139,bell,bellflower,clopot,clopoţel
14506,shift6918,Polysemy,1,ACCEPTED,→,spotted,4221,guinea fowl,859,Portuguese,117,Portuguese,117,spotted (fem.),guinea fowl,pintada,pintada
14512,shift4073,Polysemy,1,ACCEPTED,→,to lie (posture),2848,to copulate,2462,French,159,French,159,"to lay, to lay down, to spend the night",to have sexual relationship with smn,coucher,coucher
14515,shift4073,Polysemy,4,ACCEPTED,→,to lie (posture),2848,to copulate,2462,Latin,245,Latin,245,"to take one's rest, to sleep; to retire for the night",to lie (with) for sexual intercourse,"cubo, -are","cubo, -are"
14528,shift2698,Polysemy,3,ACCEPTED,←,net (n.),1848,spider,4199,French,159,French,159,fishing net (with square cells),spider,araignée,araignée
14537,shift3107,Polysemy,1,NEW,→,horse,1661,wave,26,Italian,161,Italian,161,big horse,sea wave,cavallone,cavallone
14555,shift0532,Polysemy,6,ACCEPTED,→,flank (body part),1310,mountain slope,732,French,159,French,159,flank (body part),mountain slope,flanc,flanc
14558,shift0428,Polysemy,2,ACCEPTED,←,melon (Cucumis melo),630,pumpkin,490,Romanian,139,Romanian,139,melon,pumpkin,bostan,bostan
14565,shift8026,Derivation,1,NEW,→,dowry,4474,live-in son-in-law,233,Romanian,139,Romanian,139,dowry,live-in son-in-law,zestre,zestraș
14569,shift2635,Polysemy,1,ACCEPTED,→,"grain, seed",823,pip (disease of birds),386,Spanish,158,Spanish,158,"grain, seed",pip (med.),pepita,pepita
14570,shift0172,Polysemy,1,ACCEPTED,—,puppy (of a dog),495,inexperienced,1771,Italian,161,Italian,161,puppy,puppy (fig.),cucciolo,cucciolo
14574,shift0172,Polysemy,5,ACCEPTED,→,puppy (of a dog),495,inexperienced,1771,Spanish,158,Spanish,158,puppy,"greenhorn, brat (neg.)",cachorro,cachorro
14625,shift3859,Polysemy,3,ACCEPTED,→,fire,1286,to shoot,3149,Spanish,158,Spanish,158,fire,shooting (of weapons),fuego,fuego
14642,shift5791,Polysemy,1,ACCEPTED,→,palm (body part),292,palm (tree),293,Latin,245,Latin,245,palm of a hand,palm (tree),palma,palma
14644,shift5791,Polysemy,3,ACCEPTED,—,palm (body part),292,palm (tree),293,Catalan,312,Catalan,312,palm (body part),palm (tree),palma,palma
14646,shift5791,Polysemy,5,ACCEPTED,→,palm (body part),292,palm (tree),293,Galician,817,Galician,817,palm (body part),palm (tree),palma,palma
14647,shift5791,Polysemy,6,ACCEPTED,—,palm (body part),292,palm (tree),293,Spanish,158,Spanish,158,palm (body part),palm (tree),palma,palma
14648,shift5791,Polysemy,7,NEW,—,palm (body part),292,palm (tree),293,Portuguese,117,Portuguese,117,palm (body part),palm (tree),palma,palma
14649,shift5791,Polysemy,8,NEW,—,palm (body part),292,palm (tree),293,Italian,161,Italian,161,palm (body part),palm (tree),palma,palma
14650,shift5791,Polysemy,9,NEW,—,palm (body part),292,palm (tree),293,Romanian,139,Romanian,139,palm (body part),(dated) palm leaf,palmă,palmă
14665,shift4619,Derivation,1,ACCEPTED,—,earlier,3794,rather (preference),1432,French,159,French,159,earlier,better,plus tôt,plutôt
14669,shift2496,Polysemy,1,NEW,→,to put shoes on,3031,to deceive,2494,Romanian,139,Romanian,139,to put shoes on,"to deceive, to fool",a încălţa,a încălţa
14699,shift3673,Polysemy,2,ACCEPTED,→,"fearful, dreadful",1247,"ugly, unpleasant",502,Spanish,158,Spanish,158,"horrible, terrible",ugly (colloq.),horroroso,horroroso
14700,shift3673,Polysemy,3,ACCEPTED,→,"fearful, dreadful",1247,"ugly, unpleasant",502,Italian,161,Italian,161,"horrible, terrible, awful",disgusting,spaventoso,spaventoso
14712,shift4251,Polysemy,3,ACCEPTED,→,egg,3813,potato,445,Romanian,139,Romanian,139,egg,(dialect) potato,ou,ou
14720,shift1721,Polysemy,3,ACCEPTED,→,hot,1673,active,1939,Romanian,139,Romanian,139,"hot, ardent, torrid","fervent, passionate",înfocat,înfocat
14737,shift1176,Derivation,1,ACCEPTED,—,to see/to look at,3121,envious,3848,Latin,245,Latin,245,to see,envy,"video, -ere",invidia
14743,shift1227,Polysemy,3,ACCEPTED,—,to thrust (into),3299,"to butt, to hit with the horns",2389,Romanian,139,Romanian,139,to jab (with a needle etc),to gore,a împunge,a împunge
14745,shift4417,Polysemy,2,ACCEPTED,→,fruit,1393,testicle,2161,French,159,French,159,"prune, dried plum",testicle,pruneau,pruneau
14759,shift1601,Polysemy,5,ACCEPTED,→,shadow,4010,"phantom, ghost",361,Spanish,158,Spanish,158,shadow,ghost,sombra,sombra
14776,shift3073,Polysemy,2,ACCEPTED,→,"bile, gall",3589,poison,422,Latin,245,Latin,245,bile,poison,fel,fel
14785,shift2984,Polysemy,2,ACCEPTED,→,"little, small",232,boy,3666,Spanish,158,Spanish,158,"little, small",boy,chico,chico
14862,shift4449,Polysemy,3,ACCEPTED,→,monarch,696,king (a playing card),1713,Catalan,312,Catalan,312,monarch,king (a playing card),rei,rei
14863,shift4449,Polysemy,4,ACCEPTED,→,monarch,696,king (a playing card),1713,Romanian,139,Romanian,139,monarch,king (a playing card),rege,rege
14893,shift0807,Polysemy,9,ACCEPTED,→,"rough, uneven",1510,"rude, impolite",1517,French,159,French,159,"rough, uneven","rude, impolite",rude,rude
14896,shift3013,Polysemy,1,NEW,—,to take,3268,to drink,2557,Portuguese,117,Portuguese,117,"to take, to get, to captivate",to drink,tomar,tomar
14905,shift3407,Polysemy,1,ACCEPTED,—,neck,1837,throat,2186,Romanian,139,Romanian,139,neck,throat,gât,gât
14917,shift0969,Polysemy,1,NEW,→,to strain,3231,to intend,2798,Latin,245,Latin,245,"tension, strain",intention,intentio,intentio
14918,shift8398,Derivation,1,ACCEPTED,→,eight,3816,October,4521,Latin,245,Latin,245,eight,October,octo,october
14932,shift0495,Polysemy,5,ACCEPTED,—,nose,1879,front part,1389,French,159,French,159,nose,"nose, tip; tailshaft; cap, ledge); (aviation) part located at the tip of the fuselage of an aircraft",nez,nez
14968,shift2485,Polysemy,1,NEW,→,foot/leg,1340,elongated object,3830,Romanian,139,Romanian,139,leg,prong,crac,crac
14979,shift1147,Polysemy,5,ACCEPTED,—,fox (Vulpes vulpes),1360,cunning person,1157,Spanish,158,Spanish,158,fox,"cunning fox, dodger, swindler",zorro,zorro
14981,shift1147,Derivation,7,ACCEPTED,—,fox (Vulpes vulpes),1360,cunning person,1157,Latin,245,Latin,245,fox,cunning fox,vulpes,vulpio
15026,shift3087,Polysemy,1,ACCEPTED,→,to change money,2420,to change (tr.),2417,Latin,245,Latin,245,to change,to change,"cambio, -āre","cambio, -āre"
15029,shift4064,Polysemy,3,ACCEPTED,→,year,2077,harvest,1565,Italian,161,Italian,161,year,"the harvest, the production of one year's fruits, or even of the leaves (as in the case of the mulberry)",annata,annata
15030,shift4064,Polysemy,4,ACCEPTED,←,year,2077,harvest,1565,Latin,245,Latin,245,"the time of harvest, harvest-time; poet. transf. for a year","a reaping and ingathering of the fruits of the earth; tThe harvested crops, the harvest",messis,messis
15041,shift0927,Polysemy,4,ACCEPTED,→,doll,4460,chrysalis,976,Latin,245,Latin,245,doll,pupa,pupa,pupa
15047,shift2377,Polysemy,1,ACCEPTED,→,sphere; ball,4196,bullet,3716,Italian,161,Italian,161,ball,bullet,pallottola,pallottola
15051,shift2377,Polysemy,5,ACCEPTED,→,sphere; ball,4196,bullet,3716,French,159,French,159,ball,bullet,balle,balle
15084,shift2407,Polysemy,2,ACCEPTED,→,pigeon (Columba),370,maize,569,Romanian,139,Romanian,139,pigeon,"corn, maize",porumb,porumb
15116,shift4005,Polysemy,2,ACCEPTED,—,bee swarm,3556,crowd (of people),1148,Spanish,158,Spanish,158,bee swarm,crowd (of people),enjambre,enjambre
15117,shift4005,Polysemy,3,ACCEPTED,—,bee swarm,3556,crowd (of people),1148,Italian,161,Italian,161,bee swarm,crowd (of people),sciame,sciame
15123,shift0027,Polysemy,2,ACCEPTED,—,"to get, obtain",2691,to contain,2455,Italian,161,Italian,161,"to get, obtain",to contain,ricevere,ricevere
15124,shift0027,Polysemy,3,ACCEPTED,→,"to get, obtain",2691,to contain,2455,Spanish,158,Spanish,158,to get,"to hold, to accept",recibir,recibir
15125,shift0027,Polysemy,4,ACCEPTED,→,"to get, obtain",2691,to contain,2455,French,159,French,159,"to get, obtain",to contain,recevoir,recevoir
15144,shift4198,Polysemy,6,ACCEPTED,—,copper,1093,bronze,3694,Latin,245,Latin,245,copper,bronze,"aes, aeris","aes, aeris"
15156,shift6661,Polysemy,2,ACCEPTED,→,to say,3112,to mean,2907,French,159,French,159,to say,to mean,dire,dire
15197,shift1180,Polysemy,6,ACCEPTED,→,to hold (in hands),2771,to have opinion,2752,French,159,French,159,to hold (in hands),to have opinion,tenir,tenir
15212,shift3628,Derivation,1,ACCEPTED,→,hand/arm,1550,"handle, gripe",1552,French,159,French,159,fist,grip handle (sword),poing,poignée
15217,shift3628,Derivation,6,ACCEPTED,→,hand/arm,1550,"handle, gripe",1552,Italian,161,Italian,161,hand,handle,mano,manico
15224,shift3041,Polysemy,3,ACCEPTED,—,"country, land",1109,village,3765,Italian,161,Italian,161,"country, land; territory",village,paese,paese
15225,shift3041,Polysemy,4,ACCEPTED,→,"country, land",1109,village,3765,Romanian,139,Romanian,139,"Territory inhabited by a people organized from an administrative and political point of view in a state; e.g. ext. state; region, county, territory","(as opposed to the city) rural environment, village.",țară,țară
15257,shift2611,Polysemy,2,ACCEPTED,—,"mute, dumb",755,animal,1999,Romanian,139,Romanian,139,non-speaking,(obsolete) animal,necuvântător,necuvântător
15265,shift7771,Polysemy,1,NEW,→,otter (Lutra lutra),4569,"nutria, coypu",1899,Spanish,158,Spanish,158,otter (Lutra lutra),"(Argentina) nutria, coypu",nutria,nutria
15281,shift1647,Derivation,2,ACCEPTED,→,breathing,3683,soul,4172,Latin,245,Latin,245,"to blow, to breathe",spirit,spirare,spiritus
15284,shift1647,Polysemy,5,ACCEPTED,→,breathing,3683,soul,4172,Latin,245,Latin,245,breath,soul,anima,anima
15303,shift1065,Polysemy,1,ACCEPTED,—,to bind,2345,to oblige,2945,Latin,245,Latin,245,to tie,to bind,"obligo, -are","obligo, -are"
15360,shift0350,Polysemy,1,ACCEPTED,—,to fence,2622,to defend,2503,Latin,245,Latin,245,"1) обносить забором, огораживать [Дворецкий 1996: 680]","2) to protect, to guard, to enclose","saepio, -ire","saepio, -ire"
15383,shift3192,Polysemy,2,ACCEPTED,→,&lt;hat&gt;,1534,aconite,1935,French,159,French,159,hood,aconite monkshood (Aconitum napellus),capuchon,capuchon
15395,shift1203,Polysemy,4,ACCEPTED,?,nail (body part),1816,hoof,1650,Latin,245,Latin,245,"nail, claw",hoof,unguis,unguis
15425,shift0450,Polysemy,6,ACCEPTED,—,eye,3890,"opening, hole",4551,French,159,French,159,eye,"hole; ear (needle), nostril, cave (cheese)",œil,œil
15429,shift0450,Polysemy,10,ACCEPTED,?,eye,3890,"opening, hole",4551,Portuguese,117,Portuguese,117,eye,"hole; ear (needle), nostril, cave (cheese)",olho,olho
15448,shift5835,Polysemy,1,ACCEPTED,→,"pellicle, membrane",338,"film, movie",1280,Spanish,158,Spanish,158,"pellicle, membrane","film, movie",película,película
15449,shift5835,Polysemy,2,ACCEPTED,→,"pellicle, membrane",338,"film, movie",1280,Portuguese,117,Portuguese,117,"pellicle, membrane","film, movie",película,película
15452,shift5835,Polysemy,5,ACCEPTED,→,"pellicle, membrane",338,"film, movie",1280,Catalan,312,Catalan,312,film (thin layer),"film, movie",pel·lícula,pel·lícula
15455,shift7473,Polysemy,1,NEW,→,stoker,4275,driver (of a motorized vehicle),4482,French,159,French,159,(rail transport) stoker; fireman,driver (of a motorized vehicle),chauffeur,chauffeur
15465,shift1925,Polysemy,4,ACCEPTED,→,simple,4082,stupid,4312,French,159,French,159,simple,"stupid, naive",simple,simple
15480,shift2473,Derivation,1,NEW,→,forest,1351,ambush,1986,Italian,161,Italian,161,forest,ambush,bosco,imboscata
15545,shift1148,Polysemy,8,ACCEPTED,→,to cool down (intr.),2460,to calm down,2397,French,159,French,159,to cool down (intr.),to calm down,refroidir,refroidir
15567,shift0794,Polysemy,8,ACCEPTED,→,dry,4491,lean,178,French,159,French,159,"dry, withered, dried","gaunt, lean, thin",sec,sec
15587,shift6340,Derivation,1,NEW,→,cork,1097,Boletus edulis,3644,Catalan,312,Catalan,312,cork,pine bolete (Boletus pinophilus),suro,sureny
15607,shift0166,Polysemy,1,ACCEPTED,→,skirt,4102,woman,109,Italian,161,Italian,161,skirt,woman (fig.),gonna,gonna
15608,shift0166,Polysemy,2,ACCEPTED,→,skirt,4102,woman,109,Romanian,139,Romanian,139,skirt,woman (colloq.),fustă,fustă
15609,shift0166,Polysemy,3,ACCEPTED,→,skirt,4102,woman,109,French,159,French,159,skirt,woman (fig.),jupe,jupe
15611,shift0166,Polysemy,5,ACCEPTED,→,skirt,4102,woman,109,Spanish,158,Spanish,158,skirt,woman (generally pl. faldas),falda,falda
15620,shift6207,Derivation,4,ACCEPTED,→,&lt;noise&gt;,1814,Bitis arietans,3606,Spanish,158,Spanish,158,to snort,Bitis arietans,bufar,víbora bufadora
15621,shift6207,Derivation,5,ACCEPTED,→,&lt;noise&gt;,1814,Bitis arietans,3606,Spanish,158,Spanish,158,to blow,Bitis arietans,soplar,víbora sopladora
15622,shift6207,Derivation,6,ACCEPTED,→,&lt;noise&gt;,1814,Bitis arietans,3606,Italian,161,Italian,161,to blow,Bitis arietans,soffiare,vipera soffiante
15639,shift8433,Polysemy,3,ACCEPTED,→,empty,3835,nonsense,1874,Latin,245,Latin,245,"empty, vacant, void","(figurative) groundless, baseless, meaningless, pointless",vanus,vanus
15640,shift8433,Polysemy,4,ACCEPTED,→,empty,3835,nonsense,1874,Latin,245,Latin,245,empty,"worthless; foolish, inane",inanis,inanis
15645,shift3132,Polysemy,2,ACCEPTED,—,"witch, sorceress",100,butterfly,3734,Romanian,139,Romanian,139,witch,hawk moth (Acherontia atropos),strigă,strigă
15707,shift4537,Derivation,21,ACCEPTED,→,middle,652,middle finger,653,Latin,245,Latin,245,middle,middle finger,medius,digitus medius
15712,shift4537,Derivation,26,ACCEPTED,→,middle,652,middle finger,653,Portuguese,117,Portuguese,117,middle,middle finger,médio,dedo médio
15713,shift4537,Derivation,27,ACCEPTED,→,middle,652,middle finger,653,Romanian,139,Romanian,139,middle,middle finger,mijlociu,deget mijlociu
15782,shift4537,Derivation,96,ACCEPTED,→,middle,652,middle finger,653,French,159,French,159,middle; center,middle finger,milieu,doigt du milieu
15783,shift4537,Derivation,97,ACCEPTED,→,middle,652,middle finger,653,Spanish,158,Spanish,158,middle,middle finger,medio,dedo de en medio
15820,shift0473,Polysemy,2,ACCEPTED,→,eye,3890,supervision,4341,Portuguese,117,Portuguese,117,eye,"caution, vigilance",olho,olho
15828,shift2606,Polysemy,1,ACCEPTED,→,to put,3025,"to establish, found",2586,Latin,245,Latin,245,to put,to found,"statuo, -ere","statuo, -ere"
15835,shift6014,Derivation,5,ACCEPTED,→,hand/arm,1550,to tame (animal),3281,Latin,245,Latin,245,hand,to tame (animal),manus,"mansuesco, -ere"
15868,shift1979,Derivation,2,ACCEPTED,→,sail (n.),3920,to sail,3107,Portuguese,117,Portuguese,117,sail,to sail,vela,velejar
15885,shift5418,Derivation,1,NEW,→,wax,27,match (for fire),605,Spanish,158,Spanish,158,wax,match (for fire),cera,cerilla
15886,shift5418,Derivation,2,NEW,→,wax,27,match (for fire),605,Italian,161,Italian,161,wax,match (for fire),cera,cerino
15902,shift1003,Polysemy,16,NEW,→,light (of weight),211,lung,272,Galician,817,Galician,817,light (of weight),lung,livián,livián
15903,shift1003,Polysemy,17,NEW,→,light (of weight),211,lung,272,Spanish,158,Spanish,158,light (of weight),lung,liviano,liviano
15908,shift4033,Polysemy,2,NEW,→,father,1242,beginning,3564,Italian,161,Italian,161,father,beginning,padre,padre
15914,shift1868,Derivation,1,ACCEPTED,→,road,1486,Milky Way,659,Romanian,139,Romanian,139,road,Milky Way,drum,Drumul robilor
15917,shift1868,Derivation,4,ACCEPTED,→,road,1486,Milky Way,659,Romanian,139,Romanian,139,"way, road",Milky Way,cale,Calea Lactee
15922,shift1868,Derivation,9,ACCEPTED,→,road,1486,Milky Way,659,Latin,245,Latin,245,road,Milky Way,via,via lactea
15951,shift4538,Derivation,9,ACCEPTED,→,long (size),246,middle finger,653,Romanian,139,Romanian,139,long (size),middle finger,lung,degetul lung
15957,shift3933,Polysemy,5,ACCEPTED,→,&lt;horned animal&gt;,1538,beautiful girl,3546,Romanian,139,Romanian,139,female deer,"a supple young girl or woman, with lively and elegant movements",ciută,ciută
15960,shift1985,Polysemy,1,ACCEPTED,→,silver,4081,money,700,French,159,French,159,silver,money,argent,argent
16008,shift1985,Polysemy,49,NEW,→,silver,4081,money,700,Brazilian Portuguese,284,Brazilian Portuguese,284,silver,money,prata,prata
16009,shift1985,Polysemy,50,NEW,→,silver,4081,money,700,Galician,817,Galician,817,silver,money,prata,prata
16011,shift1985,Polysemy,52,NEW,→,silver,4081,money,700,Romanian,139,Romanian,139,silver,money,argint,argint
16028,shift1985,Polysemy,69,NEW,—,silver,4081,money,700,Spanish,158,Spanish,158,silver,(America) money,plata,plata
16081,shift0368,Polysemy,1,ACCEPTED,—,to put into the ground,3027,to bury,2388,Romanian,139,Romanian,139,"to bury, to embed",to bury,a îngropa,a îngropa
16089,shift0368,Polysemy,9,ACCEPTED,→,to put into the ground,3027,to bury,2388,French,159,French,159,to put into the ground,to bury,enterrer,enterrer
16112,shift2646,Polysemy,2,ACCEPTED,—,"to unfold, unwind",3334,to develop,2516,French,159,French,159,"unroll, unwrap",to develop,développer,développer
16113,shift2646,Polysemy,3,ACCEPTED,—,"to unfold, unwind",3334,to develop,2516,Italian,161,Italian,161,"disentangle, unwrap, to open",to develop,sviluppare,sviluppare
16114,shift2646,Polysemy,4,ACCEPTED,—,"to unfold, unwind",3334,to develop,2516,Spanish,158,Spanish,158,"unroll, unwrap",to develop,desarrollar,desarrollar
16136,shift2628,Derivation,2,ACCEPTED,→,door,4466,foreign,1348,Latin,245,Latin,245,door,foreign,foris,foraneus
16144,shift8484,Polysemy,1,ACCEPTED,→,inkwell,1780,squid,4235,Italian,161,Italian,161,"inkwell, pencil box",(obsolete) squid,calamaio,calamaio
16146,shift8484,Polysemy,3,ACCEPTED,—,inkwell,1780,squid,4235,French,159,French,159,"writing utensil box, pencil box",squid,calmar,calmar
16152,shift1167,Semantic evolution,2,ACCEPTED,→,to tremble,3315,to fear,2610,French,159,French,159,to tremble,to be afraid,craindre,craindre
16157,shift1167,Polysemy,7,ACCEPTED,—,to tremble,3315,to fear,2610,French,159,French,159,to tremble,to be afraid,trembler,trembler
16158,shift1167,Polysemy,8,ACCEPTED,—,to tremble,3315,to fear,2610,Latin,245,Latin,245,"to tremble, to be feverish",to be afraid,"pavito, -are","pavito, -are"
16174,shift2466,Derivation,1,ACCEPTED,→,leek,181,club (a weapon),1013,Portuguese,117,Portuguese,117,leek,club,porro,porra
16187,shift7194,Polysemy,1,NEW,→,spleen (anat.),4210,alternate-leaved golden-saxifrage,1979,Romanian,139,Romanian,139,spleen (anat.),(popular) alternate-leaved golden saxifrage (Chrysosplenium alternifolium),splină,splină
16232,shift5487,Polysemy,1,NEW,→,flute,1326,Eurasian skylark,3863,Romanian,139,Romanian,139,"flute, fluer; children's pipe, whistle",Eurasian skylark (Alauda arvensis,fluierătoare,fluierătoare
16276,shift4585,Polysemy,1,NEW,→,to nail,2936,to stare,3217,Romanian,139,Romanian,139,to nail,to stare,ţintui,ţintui
16278,shift3855,Derivation,2,NEW,→,"stranger, foreign",4296,to deprive,2509,Latin,245,Latin,245,stranger,to deprive,aliēnus,"aliēno, -āre"
16296,shift1920,Polysemy,3,ACCEPTED,→,monkey,703,"ugly, unpleasant",502,French,159,French,159,"monkey, ape (female)",ugly woman,guenon,guenon
16297,shift1920,Polysemy,4,ACCEPTED,→,monkey,703,"ugly, unpleasant",502,French,159,French,159,"monkey, ape",plain person,singe,singe
16298,shift1920,Polysemy,5,ACCEPTED,→,monkey,703,"ugly, unpleasant",502,French,159,French,159,macaque,ugly creature,macaque,macaque
16299,shift1920,Polysemy,6,ACCEPTED,—,monkey,703,"ugly, unpleasant",502,Romanian,139,Romanian,139,monkey,plain person,coşcodan,coşcodan
16300,shift1920,Polysemy,7,ACCEPTED,—,monkey,703,"ugly, unpleasant",502,French,159,French,159,magot,ugly man,magot,magot
16315,shift5224,Polysemy,3,ACCEPTED,—,child (son or daughter),958,child (young person),959,French,159,French,159,child (son or daughter),child (of age),enfant,enfant
16410,shift3602,Derivation,2,ACCEPTED,→,day,4391,today,3393,French,159,French,159,day,today,jour,aujourd&#39;hui
16413,shift3602,Derivation,5,ACCEPTED,—,day,4391,today,3393,Latin,245,Latin,245,day,today,dies,hodie
16425,shift3391,Polysemy,1,ACCEPTED,→,light (of weight),211,not strong (of liquid or smell),1882,French,159,French,159,light,"weak (wine, coffee, tea)",léger,léger
16428,shift4831,Polysemy,1,NEW,→,trumpet,3450,"trunk, proboscis (of elephant)",3452,Spanish,158,Spanish,158,trunk (body part),trunk of an elephant; proboscis of a mosquito or tapir,trompa,trompa
16437,shift7812,Motivation,3,ACCEPTED,→,fool,1336,pyrite,500,Portuguese,117,Portuguese,117,fool,pyrite,tolo,ouro-dos-tolos
16438,shift7812,Motivation,4,ACCEPTED,→,fool,1336,pyrite,500,Portuguese,117,Portuguese,117,fool,pyrite,parvo,ouro-dos-parvos
16439,shift7812,Motivation,5,ACCEPTED,→,fool,1336,pyrite,500,Spanish,158,Spanish,158,fool,pyrite,tonto,oro de los tontos
16440,shift7812,Motivation,6,ACCEPTED,→,fool,1336,pyrite,500,Spanish,158,Spanish,158,crazy person; madman,pyrite,loco,oro de los locos
16441,shift7812,Motivation,7,ACCEPTED,→,fool,1336,pyrite,500,Italian,161,Italian,161,stupid or foolish person,pyrite,stolto,oro degli stolti
16442,shift7812,Motivation,8,ACCEPTED,→,fool,1336,pyrite,500,Romanian,139,Romanian,139,fool,pyrite,nebun,aurul nebunilor
16444,shift2201,Derivation,1,NEW,→,to drink,2557,gratuity,836,French,159,French,159,to drink,tips,boire,pourboire
16448,shift5431,Polysemy,1,ACCEPTED,—,to feel,2612,to have smell,2754,French,159,French,159,to feel,to smell,sentir,sentir
16464,shift0366,Polysemy,14,ACCEPTED,→,heavy (of weight),1594,difficult,4433,Romanian,139,Romanian,139,heavy,"hard, difficult",greu,greu
16465,shift0366,Polysemy,15,ACCEPTED,→,heavy (of weight),1594,difficult,4433,French,159,French,159,heavy (of weight),difficult,lourd,lourd
16537,shift0869,Polysemy,5,ACCEPTED,—,hot,1673,fever,1267,Latin,245,Latin,245,to heat,fever,fovere,febris
16553,shift0743,Polysemy,5,ACCEPTED,—,to weigh (tr.),3369,to think,3293,Latin,245,Latin,245,to weight,"to judge, to value","pondero, -are","pondero, -are"
16554,shift0743,Derivation,6,ACCEPTED,—,to weigh (tr.),3369,to think,3293,Latin,245,Latin,245,to balance,"to think over, to reflect","libro, -are","libro, -are"
16557,shift0743,Polysemy,9,ACCEPTED,→,to weigh (tr.),3369,to think,3293,French,159,French,159,to weigh (intr.),to examine attentively,peser,peser
16560,shift0743,Polysemy,12,NEW,→,to weigh (tr.),3369,to think,3293,Spanish,158,Spanish,158,to weigh (tr.),"to consider, think over",pesar,pesar
16567,shift5918,Polysemy,5,ACCEPTED,→,blood,3630,Saint-John&#39;s-wort (Hypericum),3926,Spanish,158,Spanish,158,blood,Saint-John's-wort (Hypericum),sangre,hierba de la sangre
16597,shift3221,Polysemy,6,ACCEPTED,→,"lord, master",254,god,804,Latin,245,Latin,245,NA,NA,dominus,dominus
16600,shift3221,Polysemy,9,ACCEPTED,→,"lord, master",254,god,804,French,159,French,159,lord,god,seigneur,seigneur
16614,shift1165,Polysemy,2,ACCEPTED,—,to work,3380,to give birth,2693,French,159,French,159,work,labour,travail,travail
16650,shift1799,Polysemy,1,ACCEPTED,→,to call,2396,to make a telephone call,2882,Italian,161,Italian,161,to call,to phone,chiamare,chiamare
16654,shift1799,Polysemy,5,ACCEPTED,→,to call,2396,to make a telephone call,2882,French,159,French,159,"to call (somebody), to make respond",to make a telephone call,appeler,appeler
16664,shift5617,Derivation,1,ACCEPTED,→,key (of a door),1705,keystone,1706,French,159,French,159,Alternative spelling of clé 'key',keystone,clef,clef de voûte
16668,shift5617,Derivation,5,ACCEPTED,→,key (of a door),1705,keystone,1706,Catalan,312,Catalan,312,key (of a door),keystone,clau,clau de volta
16669,shift5617,Polysemy,6,ACCEPTED,→,key (of a door),1705,keystone,1706,Galician,817,Galician,817,key (of a door),keystone,clave,clave
16670,shift5617,Derivation,7,ACCEPTED,→,key (of a door),1705,keystone,1706,Italian,161,Italian,161,key (of a door),keystone,chiave,chiave di volta
16671,shift5617,Polysemy,8,ACCEPTED,→,key (of a door),1705,keystone,1706,Spanish,158,Spanish,158,lock (n.),keystone,clave,clave
16675,shift5617,Derivation,12,ACCEPTED,→,key (of a door),1705,keystone,1706,Romanian,139,Romanian,139,key (of a door),keystone,cheie,cheie de boltă
16679,shift6213,Derivation,2,ACCEPTED,→,milk,657,Lampropeltis triangulum,152,French,159,French,159,milk-related,Lampropeltis triangulum,laitier,serpent laitier de l’Est
16680,shift6213,Derivation,3,ACCEPTED,→,milk,657,Lampropeltis triangulum,152,Italian,161,Italian,161,milk,Lampropeltis triangulum,latte,serpente del latte
16731,shift5613,Polysemy,2,ACCEPTED,→,left,183,left (political),184,French,159,French,159,left,"left-wing parties − socialists, communists",gauche,gauche
16735,shift5613,Polysemy,6,ACCEPTED,→,left,183,left (political),184,Portuguese,117,Portuguese,117,left,left (political),esquerda,esquerda
16763,shift6512,Polysemy,3,NEW,→,bumblebee,3719,cockchafer,1024,Romanian,139,Romanian,139,bumblebee,(regional) cockchafer,bondar,bondar
16767,shift8083,Polysemy,1,NEW,→,wheel,54,knee-cap,1719,Medieval Latin,44,Medieval Latin,44,small wheel,knee-cap,rotula,rotula
16771,shift0452,Polysemy,4,ACCEPTED,→,eye,3890,"cavity, hollow",920,French,159,French,159,eye,cavity,œil,œil
16780,shift5745,Derivation,7,ACCEPTED,→,"to calculate, count",2393,computer,1075,Spanish,158,Spanish,158,"to calculate, count",computer,computar,computador
16807,shift0926,Derivation,5,ACCEPTED,→,barley,3516,sty (on the eye),4313,Latin,245,Latin,245,barley,purulent inflammation fo an oil bag,hordeum,hordeolum
16816,shift0926,Derivation,14,ACCEPTED,→,barley,3516,sty (on the eye),4313,French,159,French,159,barley,sty (on the eye),orge,orgelet
16862,shift3247,Polysemy,3,ACCEPTED,→,to go down,2704,to get off a vehicle,2683,Spanish,158,Spanish,158,to descend,"to get out of (car), to get off (train, ship)",bajar,bajar
16865,shift3247,Polysemy,6,ACCEPTED,→,to go down,2704,to get off a vehicle,2683,French,159,French,159,to descend,"to dismount a horse, to get out of the carriage etc",descendre,descendre
16866,shift3247,Polysemy,7,ACCEPTED,→,to go down,2704,to get off a vehicle,2683,Romanian,139,Romanian,139,to descend,"to get off (train, bus, carriage)",a coborî,a coborî
16867,shift3247,Polysemy,8,ACCEPTED,→,to go down,2704,to get off a vehicle,2683,Italian,161,Italian,161,to go down,to get off a vehicle,scendere,scendere
16870,shift1722,Semantic evolution,3,ACCEPTED,→,alive,1970,active,1939,French,159,French,159,alive,"active, quick",vif,vif
16878,shift4512,Polysemy,1,ACCEPTED,→,candle,885,spark plug,4185,French,159,French,159,candle,spark plug,bougie,bougie
16881,shift4512,Polysemy,4,ACCEPTED,→,candle,885,spark plug,4185,Spanish,158,Spanish,158,candle,spark plug,bujía,bujía
16932,shift4462,Derivation,1,ACCEPTED,→,fat (adj.)(of a person),1239,pregnant,456,French,159,French,159,fat (adj.)(of a person),pregnancy,gros,grossesse
16948,shift6015,Polysemy,9,ACCEPTED,→,foot/leg,1340,leg (furniture),186,Spanish,158,Spanish,158,"paw, foot, leg (of an animal)",leg (of furniture),pata,pata
16949,shift6015,Polysemy,10,ACCEPTED,→,foot/leg,1340,leg (furniture),186,Romanian,139,Romanian,139,foot/leg,leg (furniture),picior,picior
16983,shift1323,Polysemy,1,ACCEPTED,→,dark (adj.),4382,"gloomy, depressed",796,French,159,French,159,dark,"gloomy, displeased",sombre,sombre
16994,shift1323,Polysemy,12,NEW,→,dark (adj.),4382,"gloomy, depressed",796,Spanish,158,Spanish,158,"shade, darkness","melancholy, depression",sombra,sombra
17006,shift0932,Polysemy,10,ACCEPTED,→,heart,1588,centre,930,French,159,French,159,heart,"centre, middle",cœur,cœur
17015,shift7502,Derivation,2,ACCEPTED,→,wind,88,chickenpox,956,Romanian,139,Romanian,139,wind,chickenpox,vânt,vărsat de vânt
17026,shift5391,Polysemy,1,NEW,→,key (of a door),1705,"tap, faucet",2128,Spanish,158,Spanish,158,key (of a door),"tap, faucet",llave,llave
17028,shift5407,Polysemy,1,NEW,→,to feel,2612,to regret,3055,Spanish,158,Spanish,158,to feel,to regret,sentir,sentir
17053,shift6714,Polysemy,1,ACCEPTED,→,"ship, vessel",4039,side of a coin,4072,Latin,245,Latin,245,"ship, vessel",side of a coin,navia,navia
17054,shift3165,Polysemy,1,ACCEPTED,→,puppy (of a dog),495,clove (of a garlic),1010,Romanian,139,Romanian,139,puppy,garlic colve,căţel,căţel
17060,shift2212,Polysemy,6,ACCEPTED,→,foot,1338,mountain foot,729,Romanian,139,Romanian,139,leg,foot (mountain),crac,crac
17079,shift2783,Polysemy,5,ACCEPTED,→,"to move, to shift, to transfer",2933,to translate,3311,Latin,245,Latin,245,"to transfer, to move",to translate,"traduco, -ere","traduco, -ere"
17090,shift2776,Polysemy,1,ACCEPTED,→,bird,3594,omen,4539,Latin,245,Latin,245,bird,"bird as an omen or source of omens; an augury, omen, portent",avis,avis
17098,shift2513,Polysemy,3,ACCEPTED,→,&lt;hat&gt;,1534,"caul, amniotic sac",915,French,159,French,159,veil,amnionic membrane,voile,voile
17099,shift2513,Polysemy,4,ACCEPTED,→,&lt;hat&gt;,1534,"caul, amniotic sac",915,French,159,French,159,"cap, night cap",amnionic membrane,coiffe,coiffe
17135,shift3093,Polysemy,1,ACCEPTED,→,"miserable, unhappy",680,leper,196,Old French,226,Old French,226,"unhappy, miserable",leper,mesel,mesel
17156,shift6203,Derivation,1,NEW,→,fragile,1362,Anguis fragilis,1998,French,159,French,159,fragile,Anguis fragilis,fragile,orvet fragile
17174,shift2150,Polysemy,3,ACCEPTED,—,to sail,3107,to fly,2642,Spanish,158,Spanish,158,"to sail, to navigate (on boat or other ship)","to fly (on balloon, airplane or other flying vehicle)",navegar,navegar
17175,shift2150,Polysemy,4,ACCEPTED,→,to sail,3107,to fly,2642,Romanian,139,Romanian,139,"to sail, to navigate (on boat or other ship)","to fly (on balloon, airplane or other flying vehicle)",naviga,naviga
17176,shift2150,Polysemy,5,ACCEPTED,→,to sail,3107,to fly,2642,Italian,161,Italian,161,to navigate (on boat or other ship),"by extension, also of aircraft",navigare,navigare
17177,shift2150,Polysemy,6,ACCEPTED,→,to sail,3107,to fly,2642,Italian,161,Italian,161,to navigate with a sailing ship,"to fly with a glider, gliding",veleggiare,veleggiare
17178,shift2150,Polysemy,7,ACCEPTED,—,to sail,3107,to fly,2642,Latin,245,Latin,245,"to swim; (of things) to be carried on the surface of water, float; also of ships and of their passengers",applied to the flight of birds,"no, nare / nato, -are","no, nare / nato, -are"
17202,shift1637,Polysemy,3,ACCEPTED,?,sheath,4026,pod,419,Spanish,158,Spanish,158,sheath,pod,vaina,vaina
17212,shift2238,Polysemy,9,ACCEPTED,—,"hard, solid",1558,difficult,4433,French,159,French,159,"hard, solid",difficult,dur,dur
17225,shift2735,Polysemy,1,ACCEPTED,→,bee,3555,"industrious, diligent person",1768,Spanish,158,Spanish,158,bee,hard working person,abeja,abeja
17227,shift6496,Polysemy,1,NEW,→,"hazy, turbid, opaque",1576,"suspicious, questionable",4352,French,159,French,159,"vague, turbid, hazy","bad; suspicious, troubling",louche,louche
17235,shift3946,Polysemy,1,ACCEPTED,→,standart-bearer,4246,&lt;military rank&gt;,558,French,159,French,159,standart-bearer in an infantry corps,Officer whose rank is immediately below that of lieutenant and corresponds to those of second lieutenant (enseigne de vaisseau de 2eclasse) or lieutenant (enseigne de vaisseau de 1reclasse) in the army.,enseigne,enseigne
17252,shift5627,Derivation,4,ACCEPTED,→,"Mary, mother of Jesus",601,ladybird,145,Catalan,312,Catalan,312,"Mary, mother of Jesus",ladybird,Maria,marieta
17253,shift5627,Derivation,5,ACCEPTED,→,"Mary, mother of Jesus",601,ladybird,145,Romanian,139,Romanian,139,"Mary, mother of Jesus",ladybird,Maria,Măria-popei
17258,shift5627,Derivation,10,ACCEPTED,→,"Mary, mother of Jesus",601,ladybird,145,Spanish,158,Spanish,158,form of Maria 'Mary',ladybird,Marica,mariquita
17275,shift0128,Derivation,2,ACCEPTED,→,Venus,3757,Friday,1378,French,159,French,159,the planet Venus,Friday,Vénus,vendredi
17281,shift0128,Derivation,8,NEW,→,Venus,3757,Friday,1378,Italian,161,Italian,161,Venus,Friday,Venera,Venerdi
17285,shift0128,Derivation,12,NEW,→,Venus,3757,Friday,1378,Romanian,139,Romanian,139,Venus,Friday,Veneris,Vineri
17293,shift0128,Derivation,20,NEW,→,Venus,3757,Friday,1378,Corsican,900,Corsican,900,Venus,Friday,Venere,Vennari
17294,shift0128,Derivation,21,NEW,→,Venus,3757,Friday,1378,Corsican,900,Corsican,900,Venus,Friday,Venere,Vennari
17298,shift0773,Polysemy,3,ACCEPTED,←,"to shine, glitter",3145,to see/to look at,3121,Romanian,139,Romanian,139,to shine,to look,a vedea,a vedea
17305,shift5236,Polysemy,5,ACCEPTED,→,brother,3700,member of religious organisation,634,Catalan,312,Catalan,312,brother,member of a religious congregation,germà,germà
17346,shift1399,Polysemy,3,ACCEPTED,—,dirty,4440,bad (ethically),3494,French,159,French,159,dirty,"disgusting, hideous",sale,sale
17348,shift1399,Polysemy,5,ACCEPTED,—,dirty,4440,bad (ethically),3494,Italian,161,Italian,161,dirty,"disgusting, nasty, false",sporco,sporco
17351,shift1399,Polysemy,8,ACCEPTED,—,dirty,4440,bad (ethically),3494,Spanish,158,Spanish,158,dirty,"evil, sinful (thoughts), bad (conscience), unfair (play), filthy",sucio,sucio
17365,shift5679,Polysemy,1,ACCEPTED,→,mine (underground tunnel),669,mine (explosive device),668,French,159,French,159,mine (underground tunnel),mine (explosive device),mine,mine
17368,shift5679,Polysemy,4,ACCEPTED,→,mine (underground tunnel),669,mine (explosive device),668,Spanish,158,Spanish,158,mine (excavation from which ore is taken),mine (explosive device),mina,mina
17373,shift5679,Polysemy,9,ACCEPTED,→,mine (underground tunnel),669,mine (explosive device),668,Italian,161,Italian,161,"mine tunnel, and, by extension, underground tunnel dug by the assailants of a fortress to penetrate it, or by the defenders to make a sortie; cavity, artificially opened with special tools, manual or mechanical, in which an explosive charge is placed and detonated by means of a fuse appropriately clogged, in order to split and break down rocks and walls","military device essentially consisting of an explosive charge which, triggered by various types of devices, explodes immediately or with a predetermined delay upon the occurrence of certain circumstances",mina,mina
17398,shift5678,Polysemy,4,ACCEPTED,→,monster (abnormal creature),704,cruel,1151,Galician,817,Galician,817,monster,very cruel person,monstro,monstro
17399,shift5678,Polysemy,5,ACCEPTED,→,monster (abnormal creature),704,cruel,1151,French,159,French,159,"individual whose morphology is abnormal, either by excess or defect of an organ, or by abnormal position of the limbs","person who arouses fear by his cruelty, his perversion.",monstre,monstre
17400,shift5678,Polysemy,6,ACCEPTED,→,monster (abnormal creature),704,cruel,1151,Spanish,158,Spanish,158,being that presents anomalies or notable deviations with respect to its species.,very cruel and wicked person.,monstruo,monstruo
17402,shift5678,Polysemy,8,ACCEPTED,→,monster (abnormal creature),704,cruel,1151,Romanian,139,Romanian,139,"fantastic or real being whose conformation is out of the ordinary, frightening, terrifying, repulsive due to its proportions, ugly appearance, etc.","person with serious moral defects, especially cruelty",monstru,monstru
17405,shift6130,Polysemy,1,NEW,→,ready,1439,quick,1908,Italian,161,Italian,161,ready,"fast, quick, nimble",presto,presto
17411,shift8252,Polysemy,1,NEW,→,mother,720,river-bed,1485,Galician,817,Galician,817,mother,river-bed,madre,madre
17412,shift8252,Polysemy,2,NEW,→,mother,720,river-bed,1485,Occitan,80,Occitan,80,mother,river-bed,mair,mair
17423,shift2545,Polysemy,4,ACCEPTED,→,low (location),263,low (social),265,Latin,245,Latin,245,low,"poor, ignoble",humilis,humilis
17434,shift0976,Polysemy,3,ACCEPTED,—,thread,2182,wire (n.),96,Spanish,158,Spanish,158,cord,wire,cable,cable
17435,shift0976,Polysemy,4,ACCEPTED,→,thread,2182,wire (n.),96,Romanian,139,Romanian,139,"thread, rope",wire (n.),fir,fir
17460,shift5775,Polysemy,4,ACCEPTED,→,bow (weapon),3659,"bow, fiddlestick",3660,Catalan,312,Catalan,312,bow (weapon),"bow, fiddlestick",arc,arc
17462,shift5775,Derivation,6,ACCEPTED,→,bow (weapon),3659,"bow, fiddlestick",3660,French,159,French,159,bow (weapon),"bow, fiddlestick",arc,archet
17465,shift5775,Polysemy,9,ACCEPTED,→,bow (weapon),3659,"bow, fiddlestick",3660,Italian,161,Italian,161,bow (weapon),"bow, fiddlestick",arco,arco
17469,shift5775,Polysemy,13,ACCEPTED,→,bow (weapon),3659,"bow, fiddlestick",3660,Portuguese,117,Portuguese,117,bow (weapon),"bow, fiddlestick",arco,arco
17470,shift5775,Derivation,14,ACCEPTED,→,bow (weapon),3659,"bow, fiddlestick",3660,Romanian,139,Romanian,139,bow (weapon),"bow, fiddlestick",arc,arcuș
17472,shift5775,Polysemy,16,ACCEPTED,→,bow (weapon),3659,"bow, fiddlestick",3660,Spanish,158,Spanish,158,bow (weapon),"bow, fiddlestick",arco,arco
17524,shift0184,Polysemy,9,ACCEPTED,→,to sleep,3169,to copulate,2462,Latin,245,Latin,245,"to lie down or to be lying down, recline, to be in bed or on one's couch; to take one's rest, to sleep; to retire for the night",to lie (with) for sexual intercourse,"cubo, -are","cubo, -are"
17539,shift1641,Polysemy,3,ACCEPTED,?,to throw,3296,to shoot,3149,Italian,161,Italian,161,NA,NA,tirare,tirare
17541,shift1641,Polysemy,5,ACCEPTED,?,to throw,3296,to shoot,3149,Spanish,158,Spanish,158,"to throw, to launch",to shoot,disparar,disparar
17547,shift1641,Polysemy,11,NEW,→,to throw,3296,to shoot,3149,Spanish,158,Spanish,158,to throw,to shoot,tirar,tirar
17582,shift5283,Derivation,6,ACCEPTED,—,husband,1694,wife,73,French,159,French,159,husband,wife,époux,épouse
17610,shift8246,Polysemy,1,NEW,→,cow,1122,police officer,430,French,159,French,159,cow,police officer,vache,vache
17644,shift6330,Polysemy,5,NEW,→,hammer,1545,"hammer bone, malleus",1546,New Latin,1067,New Latin,1067,hammer,"hammer bone, malleus",malleus,malleus
17662,shift1575,Polysemy,4,ACCEPTED,→,grandchild,824,nephew,1845,Latin,245,Latin,245,grandchild,nephew,nepos,nepos
17663,shift5761,Derivation,1,ACCEPTED,→,court (of a sovereign),1114,polite,431,French,159,French,159,court (of a sovereign),"polite, courteous",cour,courtois
17669,shift5761,Derivation,7,ACCEPTED,→,court (of a sovereign),1114,polite,431,Italian,161,Italian,161,court (of a sovereign),polite,corte,cortese
17670,shift5761,Derivation,8,ACCEPTED,→,court (of a sovereign),1114,polite,431,Portuguese,117,Portuguese,117,court (of a sovereign),polite,corte,cortês
17671,shift5761,Derivation,9,ACCEPTED,→,court (of a sovereign),1114,polite,431,Spanish,158,Spanish,158,court (of a sovereign),polite,corte,cortés
17690,shift4359,Polysemy,1,ACCEPTED,→,to say,3112,to like,2852,French,159,French,159,to tell,to like,dire,dire
17697,shift2837,Polysemy,4,ACCEPTED,→,iron,1806,iron (for pressing clothes),1807,Italian,161,Italian,161,iron,iron,ferro,ferro
17701,shift7181,Motivation,1,NEW,→,executioner,3884,shrike,4058,Spanish,158,Spanish,158,executioner,shrike,verdugo,verdugo
17702,shift7181,Motivation,2,NEW,→,executioner,3884,shrike,4058,Catalan,312,Catalan,312,"executioner, hangman",great grey shrike,botxí,botxí
17703,shift7902,Polysemy,1,NEW,→,"to be caught, found",2262,to be surprised,2305,French,159,French,159,"to be caught, found",to be surprised,surprendre,surprendre
17710,shift0160,Polysemy,3,ACCEPTED,→,salad,3927,lettuce,201,French,159,French,159,dishes made up of raw garden herbs seasoned with a vinaigrette sauce that is generally served at the end of a meal after the main course,"cultivated vegetable plant of which there are many varieties (lettuce, batavia, chicory, frisee, romaine, escarole, etc.) and whose leaves are eaten raw or cooked",salade,salade
17711,shift0160,Polysemy,4,ACCEPTED,→,salad,3927,lettuce,201,Italian,161,Italian,161,salad,generic name of various herbs whose leaves are eaten raw and variously seasoned,insalata,insalata
17715,shift0160,Polysemy,8,ACCEPTED,→,salad,3927,lettuce,201,Portuguese,117,Portuguese,117,salad,"(Portugal, popular) lettuce",salada,salada
17716,shift0160,Polysemy,9,ACCEPTED,→,salad,3927,lettuce,201,Romanian,139,Romanian,139,salad,lettuce,salată,salată
17767,shift0169,Polysemy,1,ACCEPTED,→,tribunal,3436,territorial entity,2160,Romanian,139,Romanian,139,(archaic) tribunal,administrative unit in Romania,județ,județ
17769,shift3151,Polysemy,1,ACCEPTED,→,&lt;vessel&gt;,3742,columbine (Aquilegia),1039,Romanian,139,Romanian,139,pail,columbine,căldăruşă,căldăruşă
17772,shift5884,Polysemy,1,NEW,—,"to pull, to draw",3018,to shoot,3149,French,159,French,159,"to pull, to draw",to shoot,tirer,tirer
17806,shift0592,Polysemy,6,ACCEPTED,→,to fall down,2605,to fail,2600,French,159,French,159,to fall down,to be unsuccessful,tomber,tomber
17812,shift0504,Polysemy,1,ACCEPTED,?,ear,3792,listener,228,Latin,245,Latin,245,ear,listener (poet.),auris,auris
17817,shift1804,Derivation,3,ACCEPTED,→,to be awake,2258,to guard,2731,Latin,245,Latin,245,"to be awake, vigilant",guard,"vigilo, -are",vigilia
17849,shift4264,Polysemy,1,ACCEPTED,→,belly,3572,river-bed,1485,Catalan,312,Catalan,312,belly; object that forms a cavity (ex. hull of ship).,river-bed,buc,buc
17880,shift8268,Polysemy,5,ACCEPTED,→,old man,4534,term of address to a man,2154,Spanish,158,Spanish,158,old man,"(Mexico) a certain guy or man, especially adult or almost; (Mexico) sweetheart, honey (substitute for a male name)",viejo,viejo
17906,shift5030,Derivation,22,NEW,→,mother,720,motherland,724,Italian,161,Italian,161,mother,"motherland, homeland",madre,madrepatria
17909,shift5030,Derivation,25,NEW,→,mother,720,motherland,724,Portuguese,117,Portuguese,117,mother,motherland,mãe,pátria-mãe
17924,shift4230,Polysemy,2,ACCEPTED,—,to sow,3190,to cause,2410,French,159,French,159,to sow,to cause,semer,semer
17932,shift6908,Semantic evolution,2,ACCEPTED,→,guinea fowl,859,turkey,3465,New Latin,1067,New Latin,1067,guinea fowl,turkey,meleagris,meleagris
17948,shift7638,Derivation,3,ACCEPTED,→,&lt;ethnic group&gt;,3786,&lt;clothes&gt;,864,Spanish,158,Spanish,158,Chinese,trousers made from a twill fabric (Chino cloth),chino,chinos
17949,shift7638,Polysemy,4,ACCEPTED,→,&lt;ethnic group&gt;,3786,&lt;clothes&gt;,864,French,159,French,159,"(dated) Croat, (modern) horse of Croatian race",necktie,cravate,cravate
17953,shift0060,Polysemy,4,ACCEPTED,—,straight,4292,right (vs. left),1481,French,159,French,159,straight,right,droit,droit
17956,shift3146,Polysemy,1,ACCEPTED,—,"nestling, baby bird",1847,bud (of a flower),3711,Romanian,139,Romanian,139,"duckling, gosling",bud,boboc,boboc
17966,shift0392,Polysemy,8,ACCEPTED,→,beautiful,3545,good,814,French,159,French,159,beautiful,satisfactory,beau,beau
18001,shift0739,Polysemy,3,ACCEPTED,—,to lead,2834,"to govern, control, rule",2716,Latin,245,Latin,245,"to lead, to conduct",to head,"duco, -ere","duco, -ere"
18013,shift0079,Polysemy,3,ACCEPTED,→,"to turn, rotate (tr.)",3328,to distort,2538,Latin,245,Latin,245,to turn over,"to spoil, damage","perverto, -ere","perverto, -ere"
18015,shift6151,Polysemy,1,ACCEPTED,→,cone (fruit),1079,pineapple,383,Spanish,158,Spanish,158,cone (fruit),pineapple,piña,piña
18018,shift6151,Polysemy,4,ACCEPTED,→,cone (fruit),1079,pineapple,383,Catalan,312,Catalan,312,pinecone,pineapple,pinya,pinya
18038,shift0011,Polysemy,6,ACCEPTED,?,"to calculate, count",2393,to tell,3289,Portuguese,117,Portuguese,117,to reckon,"to tell, to narrate",contar,contar
18041,shift0011,Cognates,9,ACCEPTED,—,"to calculate, count",2393,to tell,3289,French,159,French,159,to count,"to tell, to narrate",compter,raconter
18053,shift2483,Polysemy,1,ACCEPTED,→,&lt;musician&gt;,561,&lt;orthopteran&gt;,4509,Romanian,139,Romanian,139,itinerate lute player,field cricket,cobzar,cobzar
18074,shift1586,Derivation,2,ACCEPTED,—,to find,2627,to be situated,2299,French,159,French,159,to find,to be situated,trouver,se trouver
18079,shift1586,Derivation,7,NEW,→,to find,2627,to be situated,2299,Spanish,158,Spanish,158,to find,to be situated,encontrar,encontrarse
18124,shift6705,Polysemy,1,ACCEPTED,→,head,1578,side of a coin,4072,Italian,161,Italian,161,head,side of a coin,testa,testa
18129,shift6705,Polysemy,6,ACCEPTED,→,head,1578,side of a coin,4072,Latin,245,Latin,245,head,side of a coin,caput,caput
18141,shift6550,Polysemy,6,ACCEPTED,→,&lt;hat&gt;,1534,mushroom cap,749,French,159,French,159,hat,head of a mushroom,chapeau,chapeau
18142,shift6550,Polysemy,7,ACCEPTED,→,&lt;hat&gt;,1534,mushroom cap,749,Galician,817,Galician,817,hat,head of a mushroom,sombreiro,sombreiro
18143,shift6550,Polysemy,8,ACCEPTED,→,&lt;hat&gt;,1534,mushroom cap,749,Spanish,158,Spanish,158,hat,head of a mushroom,sombrero,sombrero
18145,shift6550,Derivation,10,ACCEPTED,→,&lt;hat&gt;,1534,mushroom cap,749,Italian,161,Italian,161,hat,head of a mushroom,cappello,cappella
18177,shift8436,Polysemy,4,ACCEPTED,→,neck,1837,neck (of a musical instrument),1838,Romanian,139,Romanian,139,neck,neck (of a musical instrument),gât,gât
18189,shift5755,Polysemy,2,ACCEPTED,—,"mist, fog",683,"steam, vapour",4251,Romanian,139,Romanian,139,"mist, fog","steam, vapour",abur,abur
18196,shift3089,Semantic evolution,5,ACCEPTED,→,spring (season),4224,summer,4330,Galician,817,Galician,817,(archaic) late spring and early summer,summer,verán,verán
18208,shift1418,Polysemy,12,ACCEPTED,→,expensive,3885,"dear, darling",4397,French,159,French,159,expensive,lovely,cher,cher
18212,shift3727,Polysemy,1,ACCEPTED,—,"to raise, lift (tr.)",3037,"to remove, eliminate",3067,Italian,161,Italian,161,"to raise, lift (tr.)","to remove, eliminate",levare,levare
18213,shift3127,Polysemy,1,ACCEPTED,—,&lt;animal&gt;,1916,greedy,844,French,159,French,159,rat,penny father,rat,rat
18214,shift3127,Polysemy,2,ACCEPTED,→,&lt;animal&gt;,1916,greedy,844,Spanish,158,Spanish,158,"anaconda, boa","greedy guts, penny-father",lampalagua,lampalagua
18216,shift3127,Cognates,4,ACCEPTED,—,&lt;animal&gt;,1916,greedy,844,Spanish,158,Spanish,158,crawfish,"greedy guts, penny-father",juey,juey
18217,shift3127,Polysemy,5,ACCEPTED,→,&lt;animal&gt;,1916,greedy,844,Spanish,158,Spanish,158,caiman,"skinflint, penny-father (vern.)",caimán,caimán
18234,shift0828,Polysemy,2,ACCEPTED,→,to hold (in hands),2771,to contain,2455,Latin,245,Latin,245,"to take, to get",to hold,"capio, -ere","capio, -ere"
18239,shift0828,Derivation,7,ACCEPTED,→,to hold (in hands),2771,to contain,2455,Latin,245,Latin,245,to hold,to contain,"teneo, -ere","contineo, -ere"
18240,shift0828,Polysemy,8,ACCEPTED,—,to hold (in hands),2771,to contain,2455,Latin,245,Latin,245,to grasp,"to maintain, to have","comprehendo, -ere","comprehendo, -ere"
18247,shift6146,Polysemy,1,NEW,→,ready,1439,soon,4167,Spanish,158,Spanish,158,"ready, prepared",soon,presto,presto
18248,shift6146,Polysemy,2,NEW,→,ready,1439,soon,4167,Portuguese,117,Portuguese,117,"ready, prepared",soon,presto,presto
18302,shift0460,Polysemy,3,ACCEPTED,→,eye,3890,spectacles,4192,Italian,161,Italian,161,eye,eye glasses (playful),occhio,occhio
18317,shift7111,Polysemy,2,ACCEPTED,→,middle,652,means,617,French,159,French,159,middle,means,moyen,moyen
18320,shift7111,Polysemy,5,ACCEPTED,→,middle,652,means,617,Spanish,158,Spanish,158,middle,(in the plural) means,medio,medio
18358,shift8338,Derivation,1,NEW,→,"human, person",1683,uvula,553,Romanian,139,Romanian,139,"human, person",uvula,om,omușor
18367,shift1433,Derivation,9,ACCEPTED,→,back (body part),3485,behind,3566,Spanish,158,Spanish,158,back (body part),behind,espalda,a las espaldas
18375,shift0031,Polysemy,4,ACCEPTED,→,free,1371,"can, to be able",882,French,159,French,159,free,able to do sth.,libre,libre
18411,shift5196,Polysemy,2,ACCEPTED,→,saint,3922,"devil, satan",4422,Romanian,139,Romanian,139,"saint (dim., with definite article)","devil, satan",sfîntulețul,sfîntulețul
18441,shift1312,Polysemy,1,ACCEPTED,→,pig (Sus scrofa),369,slattern,4109,Spanish,158,Spanish,158,pig,pig (untidy person),cerdo,cerdo
18442,shift1312,Polysemy,2,ACCEPTED,?,pig (Sus scrofa),369,slattern,4109,Spanish,158,Spanish,158,pig,pig (untidy person),chancho,chancho
18446,shift1312,Polysemy,6,ACCEPTED,?,pig (Sus scrofa),369,slattern,4109,Romanian,139,Romanian,139,pig,"sloven, untidy person",porc,porc
18447,shift1312,Polysemy,7,ACCEPTED,?,pig (Sus scrofa),369,slattern,4109,Spanish,158,Spanish,158,pig,pig (untidy person),puerco,puerco
18448,shift1312,Polysemy,8,ACCEPTED,?,pig (Sus scrofa),369,slattern,4109,Spanish,158,Spanish,158,pig,pig (untidy person),cochino,cochino
18449,shift1312,Polysemy,9,ACCEPTED,?,pig (Sus scrofa),369,slattern,4109,Spanish,158,Spanish,158,pig,pig (untidy person),marrano,marrano
18450,shift1312,Polysemy,10,ACCEPTED,→,pig (Sus scrofa),369,slattern,4109,French,159,French,159,pig (Sus scrofa),untidy person,cochon,cochon
18461,shift2926,Polysemy,4,ACCEPTED,→,girl,786,"female servant, maid",1258,Spanish,158,Spanish,158,"girl, maiden",female servant,muchacha,muchacha
18572,shift2979,Derivation,2,ACCEPTED,→,"little, small",232,girl,786,Spanish,158,Spanish,158,"little, small (fem.)",girl,chica,chica
18573,shift7599,Polysemy,1,ACCEPTED,—,reed,1447,arrow,2033,Latin,245,Latin,245,shaft of an arrow,arrow,harundo,harundo
18604,shift2370,Polysemy,2,ACCEPTED,—,to make noise,2891,to quarrel,3035,Spanish,158,Spanish,158,noise,"wrangle, quarrel, argument",ruido,ruido
18614,shift1073,Polysemy,2,ACCEPTED,—,direction,4438,"sense, perception",3988,French,159,French,159,"side, direction","feeling; meaning, mind",sens,sens
18620,shift0137,Polysemy,4,ACCEPTED,—,to suffer,3244,to endure,2578,Spanish,158,Spanish,158,to suffer,to endure,sufrir,sufrir
18621,shift0137,Polysemy,5,ACCEPTED,—,to suffer,3244,to endure,2578,Italian,161,Italian,161,to suffer,to endure,patire,patire
18623,shift0137,Polysemy,7,ACCEPTED,—,to suffer,3244,to endure,2578,Portuguese,117,Portuguese,117,to suffer,to endure,padecer,padecer
18624,shift0137,Polysemy,8,ACCEPTED,—,to suffer,3244,to endure,2578,Latin,245,Latin,245,"to suffer, to undergo","to bear with equanimity, to tolerate, to put up with","patior, pati","patior, pati"
18632,shift6297,Semantic evolution,1,ACCEPTED,→,porcelain,442,plate (a serving dish),404,Romanian,139,Romanian,139,(obsolete) porcelain,plate (a serving dish),farfurie,farfurie
18642,shift6166,Derivation,1,NEW,→,fox (Vulpes vulpes),1360,police officer,430,Spanish,158,Spanish,158,fox (Vulpes vulpes),municipal agent in charge of controlling compliance with traffic regulations,zorro,zorro gris
18645,shift0073,Polysemy,1,ACCEPTED,→,sweet (taste),4358,fresh (of water),1377,Latin,245,Latin,245,sweet,sweet water,dulcis,aqua dulcis
18646,shift0073,Polysemy,2,ACCEPTED,→,sweet (taste),4358,fresh (of water),1377,French,159,French,159,sweet,fresh (of water),doux,doux
18665,shift6911,Derivation,4,ACCEPTED,→,&lt;foreign country&gt;,1209,guinea fowl,859,Portuguese,117,Portuguese,117,country in South Africa,guinea fowl,Angola,galinha d&#39;angola
18666,shift6911,Derivation,5,ACCEPTED,→,&lt;foreign country&gt;,1209,guinea fowl,859,Catalan,312,Catalan,312,country in West Africa,guinea fowl,Guinea,gallina de guinea
18670,shift6911,Derivation,9,ACCEPTED,→,&lt;foreign country&gt;,1209,guinea fowl,859,Galician,817,Galician,817,Guinea,guinea fowl,Guiné,galiña de guiné
18674,shift6911,Derivation,13,ACCEPTED,→,&lt;foreign country&gt;,1209,guinea fowl,859,Spanish,158,Spanish,158,country in West Africa,guinea fowl,Guinea,gallina de Guinea
18682,shift4295,Polysemy,5,ACCEPTED,—,story,4290,history,1632,French,159,French,159,story,history,histoire,histoire
18689,shift4295,Polysemy,12,ACCEPTED,—,story,4290,history,1632,Italian,161,Italian,161,story,history,storia,storia
18690,shift4295,Polysemy,13,ACCEPTED,—,story,4290,history,1632,Spanish,158,Spanish,158,story,history,historia,historia
18700,shift3619,Polysemy,2,ACCEPTED,→,strong,4304,healthy,1585,Latin,245,Latin,245,strong,healthy,validus,validus
18707,shift2490,Polysemy,1,ACCEPTED,→,brothel,3699,"disorder, mess",4446,French,159,French,159,brothel,mess,bordel,bordel
18708,shift2490,Polysemy,2,ACCEPTED,→,brothel,3699,"disorder, mess",4446,Italian,161,Italian,161,brothel,mess,casino,casino
18722,shift0391,Polysemy,2,ACCEPTED,—,good,814,"kind, good-hearted",1711,French,159,French,159,good,kind,bon,bon
18731,shift0846,Polysemy,1,ACCEPTED,→,to fall down,2605,strike of lightning,4302,Latin,245,Latin,245,"to fall over, to be felled, to fall to earth",to strike (lightning),"cado, -ere","cado, -ere"
18733,shift0846,Polysemy,3,ACCEPTED,→,to fall down,2605,strike of lightning,4302,French,159,French,159,to fall down,to strike (of lightning),tomber,tomber
18734,shift0846,Polysemy,4,ACCEPTED,→,to fall down,2605,strike of lightning,4302,Spanish,158,Spanish,158,to fall down,to strike (of lightning),cayer,cayer
18745,shift1297,Polysemy,2,ACCEPTED,→,dew,4424,rain,1420,Spanish,158,Spanish,158,dew,light rain,rocío,rocío
18757,shift1384,Derivation,3,ACCEPTED,—,to break (tr.),2370,buckthorn (Frangula),3709,Latin,245,Latin,245,to break,buckthorn,"frango, -ere",frangula
18764,shift5689,Derivation,2,ACCEPTED,→,kite,1716,kite (lightweight toy),1717,Catalan,312,Catalan,312,kite,kite (lightweight toy),milà,milotxa
18777,shift2714,Polysemy,9,ACCEPTED,—,liver,236,location of emotions,239,Latin,245,Latin,245,liver,liver as the seat of passion,jecur,jecur
18780,shift2714,Polysemy,12,ACCEPTED,→,liver,236,location of emotions,239,Romanian,139,Romanian,139,liver,location of emotions,ficat,ficat
18809,shift2714,Polysemy,41,ACCEPTED,—,liver,236,location of emotions,239,Aromanian,1231,Aromanian,1231,liver,(figuratively) soul,hicat,hicat
18854,shift4246,Polysemy,1,ACCEPTED,→,truffle,3448,potato,445,Occitan,80,Occitan,80,truffle,potato,trufa,trufa
18870,shift0646,Polysemy,3,ACCEPTED,→,to play (intr.),2981,dance (n.),4377,Romanian,139,Romanian,139,to play,to dance,a juca,a juca
18882,shift8334,Derivation,1,ACCEPTED,→,"little, small",232,child,957,Catalan,312,Catalan,312,small,"(western Catalan, Tarragona) child",xic,xiquet
18887,shift8334,Polysemy,6,ACCEPTED,→,"little, small",232,child,957,French,159,French,159,"little, small",little one; child,petit,petit
18890,shift8334,Polysemy,9,ACCEPTED,→,"little, small",232,child,957,Portuguese,117,Portuguese,117,"little, small",(colloquial) child,pequeno,pequeno
18893,shift8334,Polysemy,12,ACCEPTED,→,"little, small",232,child,957,Spanish,158,Spanish,158,"little, small","child, kid",chico,chico
18923,shift8334,Polysemy,42,ACCEPTED,→,"little, small",232,child,957,Romanian,139,Romanian,139,"little, small","child, baby",mic,mic
18925,shift8334,Polysemy,44,ACCEPTED,—,"little, small",232,child,957,Aromanian,1231,Aromanian,1231,"little, small","child, baby",njic,njic
18942,shift6707,Polysemy,1,ACCEPTED,→,pillar,375,side of a coin,4072,French,159,French,159,pillar,side of a coin,pile,pile
18993,shift4961,Semantic evolution,1,ACCEPTED,→,always,1982,still (adv.),4269,Spanish,158,Spanish,158,(dated) always,still,todavía,todavía
18995,shift4961,Polysemy,3,ACCEPTED,→,always,1982,still (adv.),4269,French,159,French,159,always,still (adv.),toujours,toujours
19012,shift4539,Polysemy,2,ACCEPTED,→,big,3588,middle finger,653,French,159,French,159,"greater, larger; adult",middle finger,majeur,majeur
19013,shift4539,Derivation,3,ACCEPTED,→,big,3588,middle finger,653,Spanish,158,Spanish,158,bigger,middle finger,mayor,dedo mayor
19014,shift4539,Derivation,4,ACCEPTED,→,big,3588,middle finger,653,Portuguese,117,Portuguese,117,bigger,middle finger,maior,dedo maior
19055,shift3166,Polysemy,1,ACCEPTED,→,to sing,3157,rooster,1497,Romanian,139,Romanian,139,singer,cock,cântător,cântător
19059,shift3166,Derivation,5,NEW,→,to sing,3157,rooster,1497,French,159,French,159,to sing,rooster,chanter,chanteclair
19076,shift8414,Derivation,1,ACCEPTED,→,November,1888,October,4521,Romanian,139,Romanian,139,(popular/folk usage) November,(popular/folk usage) October,brumar,brumărel
19103,shift5797,Polysemy,1,ACCEPTED,—,"scale, squama",3951,cataract (of the eye),909,Latin,245,Latin,245,"a scale (of a fish, serpent, etc.).",A cataract in the eye,squama,squama
19113,shift1245,Polysemy,5,ACCEPTED,—,quick,1908,clever,999,Spanish,158,Spanish,158,clever,quick,listo,listo
19164,shift0346,Polysemy,11,ACCEPTED,—,dream (during sleep),4479,daydream (n.),4393,Romanian,139,Romanian,139,dream,daydream,vis,vis
19166,shift0346,Polysemy,13,ACCEPTED,—,dream (during sleep),4479,daydream (n.),4393,French,159,French,159,dream,dream,rêve,rêve
19180,shift0346,Polysemy,27,ACCEPTED,—,dream (during sleep),4479,daydream (n.),4393,Italian,161,Italian,161,dream (during sleep),daydream (n.),sogno,sogno
19181,shift0346,Polysemy,28,ACCEPTED,—,dream (during sleep),4479,daydream (n.),4393,Spanish,158,Spanish,158,dream (during sleep),daydream (n.),sueño,sueño
19182,shift0346,Polysemy,29,ACCEPTED,—,dream (during sleep),4479,daydream (n.),4393,Portuguese,117,Portuguese,117,dream (during sleep),daydream (n.),sonho,sonho
19202,shift1424,Derivation,3,ACCEPTED,→,house,1678,to marry,2904,Spanish,158,Spanish,158,"house, home",to marry,casa,casarse
19207,shift2053,Polysemy,3,ACCEPTED,→,"to light, to kindle (the fire)",2851,to provoke,3014,Romanian,139,Romanian,139,to make fire,"to incite, to stir up",a aţâţa,a aţâţa
19210,shift2053,Polysemy,6,ACCEPTED,→,"to light, to kindle (the fire)",2851,to provoke,3014,French,159,French,159,"to light, to kindle (the fire)",to provoke,attiser,attiser
19221,shift1077,Polysemy,2,ACCEPTED,?,greasy,838,fat (adj.)(of a person),1239,Italian,161,Italian,161,fat,fat (person),grasso,grasso
19236,shift1077,Polysemy,17,ACCEPTED,→,greasy,838,fat (adj.)(of a person),1239,French,159,French,159,greasy,fat (adj.)(of a person),gras,gras
19238,shift1411,Polysemy,1,ACCEPTED,→,low (location),263,meek,626,Latin,245,Latin,245,low,"humble, obedient",humilis,humilis
19247,shift0933,Polysemy,4,ACCEPTED,→,man (male),574,husband,1694,Romanian,139,Romanian,139,man,husband,bărbat,bărbat
19268,shift0933,Polysemy,25,ACCEPTED,→,man (male),574,husband,1694,Latin,245,Latin,245,man,husband,vir,vir
19296,shift0933,Polysemy,53,NEW,—,man (male),574,husband,1694,Asturian,1549,Asturian,1549,man (male),husband,home,home
19297,shift0933,Polysemy,54,NEW,—,man (male),574,husband,1694,Asturian,1549,Asturian,1549,man (male),husband,home,home
19298,shift0933,Polysemy,55,NEW,—,man (male),574,husband,1694,Aromanian,1231,Aromanian,1231,man (male),husband,bãrbat,bãrbat
19380,shift0933,Polysemy,137,NEW,→,man (male),574,husband,1694,Latin,245,Latin,245,man (male),husband,vir,vir
19381,shift0933,Polysemy,138,NEW,—,man (male),574,husband,1694,Old French,226,Old French,226,man (male),husband,baron,baron
19399,shift0943,Polysemy,10,ACCEPTED,→,to take,3268,to buy,2390,French,159,French,159,to take,to buy,prendre,prendre
19419,shift1565,Polysemy,6,ACCEPTED,—,to suck,3243,to drink,2557,Spanish,158,Spanish,158,to suck,to sip (colloq.),chupar,chupar
19449,shift5565,Polysemy,11,ACCEPTED,→,"wild, untamed",82,violent,3769,French,159,French,159,"(of animals, especially wild animals) who has the instinct to kill or attack humans or other animals; which is deemed naturally cruel","bloodthirsty, cruel, brutal; which denotes fury, harshness, intransigence;",féroce,féroce
19452,shift5565,Polysemy,14,ACCEPTED,→,"wild, untamed",82,violent,3769,Romanian,139,Romanian,139,"beast, wild animal","a cruel, fierce man",bestie,bestie
19460,shift6517,Derivation,1,NEW,→,&lt;name of person&gt;,1811,rose chafer,1507,Romanian,139,Romanian,139,<name of person>,rose chafer,Ileana,ileană
19462,shift7731,Derivation,2,NEW,→,hoar-frost,1633,grey,846,Romanian,139,Romanian,139,hoar-frost,grey,brumă,brumăriu
19473,shift3125,Polysemy,5,ACCEPTED,→,rural,1524,vulgar,3783,Latin,245,Latin,245,rural,"unrefined, boorish, coarse",rusticus,rusticus
19474,shift3125,Polysemy,6,ACCEPTED,→,rural,1524,vulgar,3783,French,159,French,159,rural,"vulgar, clumsy",campagnard,campagnard
19480,shift7989,Polysemy,1,NEW,→,fin,1281,auricle,2060,New Latin,1067,New Latin,1067,fin,auricle,pinna,pinna
19487,shift3074,Polysemy,2,ACCEPTED,→,bowel,3663,string (of a musical instrument),4303,Italian,161,Italian,161,intestine (lamb),string (from the lamb's intestine),minugia,minugia
19502,shift6022,Polysemy,5,ACCEPTED,→,heel (of a foot),1596,heel (of bread),1598,Romanian,139,Romanian,139,heel (of a foot),piece of bread cut from the edge,călcâi,călcâi
19522,shift2808,Polysemy,1,ACCEPTED,→,"wide, broad",70,slow (adj.),4120,Italian,161,Italian,161,wide,slow (mus.),largo,largo
19525,shift2715,Polysemy,2,ACCEPTED,—,back (body part),3485,surface,4345,Latin,245,Latin,245,back,surface,dorsum,dorsum
19549,shift1467,Derivation,4,ACCEPTED,→,heart,1588,brave,3675,French,159,French,159,heart,courage,cœur,courage
19552,shift1467,Polysemy,7,ACCEPTED,→,heart,1588,brave,3675,Romanian,139,Romanian,139,heart,courage,inimă,inimă
19563,shift8613,Polysemy,1,NEW,→,radius (geometry),1416,radius (bone),1415,Latin,245,Latin,245,radius (geometry),exterior bone of the forearm,radius,radius
19566,shift8613,Polysemy,4,NEW,→,radius (geometry),1416,radius (bone),1415,Spanish,158,Spanish,158,radius (geometry),radius (bone),radio,radio
19567,shift8613,Polysemy,5,NEW,→,radius (geometry),1416,radius (bone),1415,Catalan,312,Catalan,312,radius (geometry),radius (bone),radi,radi
19584,shift6169,Motivation,2,ACCEPTED,→,nose,1879,coati,1020,New Latin,1067,New Latin,1067,nose,coati,nasum,nasua
19593,shift2304,Derivation,2,ACCEPTED,→,heart,1588,by heart,3740,Portuguese,117,Portuguese,117,heart,by heart,cor,cor
19594,shift2304,Derivation,3,ACCEPTED,→,heart,1588,by heart,3740,French,159,French,159,heart,by heart,cœur,par cœur
19607,shift1318,Polysemy,1,ACCEPTED,?,to lie down,2849,"to set (of Moon, Sun)",3129,Romanian,139,Romanian,139,to lie,to go under (sun),a culca,a culca
19608,shift1318,Polysemy,2,ACCEPTED,—,to lie down,2849,"to set (of Moon, Sun)",3129,French,159,French,159,to lie,to set (of the sun),se coucher,se coucher
19623,shift0666,Polysemy,7,ACCEPTED,→,soul,4172,"human, person",1683,French,159,French,159,soul,person,âme,âme
19682,shift8127,Polysemy,37,NEW,→,female breast,1255,udder,501,Old French,226,Old French,226,"chest, breast",udder,piz,piz
19685,shift2720,Polysemy,2,NEW,→,shepherd,4031,fool,1336,French,159,French,159,"shepherd, cattleman","ignoramus, rude person",vacher,vacher
19701,shift8340,Polysemy,1,ACCEPTED,→,lizard,237,oesophagus,4522,Romanian,139,Romanian,139,lizard (Lacerta viridis),(regional) oesophagus,gușter,gușter
19702,shift2679,Polysemy,1,ACCEPTED,→,&lt;animal&gt;,1916,fool,1336,French,159,French,159,pigeon,simpleton (colloq.),pigeon,pigeon
19703,shift2679,Polysemy,2,ACCEPTED,→,&lt;animal&gt;,1916,fool,1336,Latin,245,Latin,245,cuckoo,"ninny, dupe",cuculus,cuculus
19704,shift2679,Polysemy,3,ACCEPTED,→,&lt;animal&gt;,1916,fool,1336,French,159,French,159,turkey cock,fool (colloq.),dindon,dindon
19705,shift2679,Polysemy,4,ACCEPTED,—,&lt;animal&gt;,1916,fool,1336,Spanish,158,Spanish,158,turkey cock,"fool, blockhead",guajolote,guajolote
19706,shift2679,Polysemy,5,ACCEPTED,→,&lt;animal&gt;,1916,fool,1336,Spanish,158,Spanish,158,mocking bird,fool,sinsonte,sinsonte
19707,shift2679,Polysemy,6,ACCEPTED,→,&lt;animal&gt;,1916,fool,1336,Spanish,158,Spanish,158,catfish,nitwit,bagre,bagre
19708,shift2679,Polysemy,7,ACCEPTED,→,&lt;animal&gt;,1916,fool,1336,Latin,245,Latin,245,mule,"fool, blockhead",mulus,mulus
19710,shift2679,Polysemy,9,ACCEPTED,→,&lt;animal&gt;,1916,fool,1336,Spanish,158,Spanish,158,guanaco,"simpleton, poop",guanaco,guanaco
19712,shift2679,Polysemy,11,ACCEPTED,→,&lt;animal&gt;,1916,fool,1336,Spanish,158,Spanish,158,lamb,ninny,borrego,borrego
19713,shift2679,Polysemy,12,ACCEPTED,→,&lt;animal&gt;,1916,fool,1336,Italian,161,Italian,161,"curlew, whimbrel","fool, dupe, gaper",chiurlo,chiurlo
19715,shift2679,Polysemy,14,ACCEPTED,→,&lt;animal&gt;,1916,fool,1336,Spanish,158,Spanish,158,fish,fool,peje,peje
19716,shift2679,Polysemy,15,ACCEPTED,→,&lt;animal&gt;,1916,fool,1336,Spanish,158,Spanish,158,drone,"blockhead, idiot, dolt",zángano,zángano
19720,shift2679,Polysemy,19,ACCEPTED,→,&lt;animal&gt;,1916,fool,1336,Occitan,80,Occitan,80,ram,stupid person,pec,pec
19723,shift2679,Polysemy,22,ACCEPTED,→,&lt;animal&gt;,1916,fool,1336,Romanian,139,Romanian,139,bull,"blockhead, dolt",bou,bou
19724,shift2679,Polysemy,23,ACCEPTED,→,&lt;animal&gt;,1916,fool,1336,Spanish,158,Spanish,158,siskin,nitwit,chirote,chirote
19727,shift2679,Polysemy,26,ACCEPTED,→,&lt;animal&gt;,1916,fool,1336,Italian,161,Italian,161,"wether, gelded ram","fool, loony (fig. rude)",castrone,castrone
19742,shift5413,Polysemy,4,ACCEPTED,←,tongue (body part),3400,clapper of a bell,989,Portuguese,117,Portuguese,117,(informal) tongue (body part),clapper of a bell,badalo,badalo
19743,shift5413,Polysemy,5,ACCEPTED,→,tongue (body part),3400,clapper of a bell,989,Romanian,139,Romanian,139,tongue (body part),clapper of a bell,limbă,limbă
19748,shift5413,Polysemy,10,ACCEPTED,→,tongue (body part),3400,clapper of a bell,989,Spanish,158,Spanish,158,tongue (body part),clapper of a bell,lenqua,lenqua
19764,shift7758,Derivation,5,ACCEPTED,→,hand/arm,1550,"to govern, control, rule",2716,Portuguese,117,Portuguese,117,hand,to manage,mão,manejar
19765,shift7758,Derivation,6,ACCEPTED,→,hand/arm,1550,"to govern, control, rule",2716,Italian,161,Italian,161,hand/arm,"to manage, administer",mano,maneggiàre
19766,shift7758,Derivation,7,ACCEPTED,→,hand/arm,1550,"to govern, control, rule",2716,Spanish,158,Spanish,158,hand,to manage,mano,manejar
19770,shift3052,Derivation,1,NEW,→,to grow numb,2725,stupid,4312,Latin,245,Latin,245,"to be or become physically powerless, numb, paralysed, or sim.; be deprived of one's faculties","foolish, dull-witted, brainless","stupeo, -ere",stupidus
19792,shift0968,Polysemy,6,ACCEPTED,—,bad,3493,evil (adj.),3874,French,159,French,159,bad,evil,mauvais,mauvais
19793,shift0968,Polysemy,7,ACCEPTED,—,bad,3493,evil (adj.),3874,Italian,161,Italian,161,bad,evil,malo,malo
19794,shift0968,Polysemy,8,ACCEPTED,?,bad,3493,evil (adj.),3874,Italian,161,Italian,161,bad,evil,cattivo,cattivo
19830,shift0584,Polysemy,1,NEW,→,"to grasp, seize",2717,"to conceive, to become pregnant",2447,Latin,245,Latin,245,"to take in, to catch","(of women and female animals) to receive in the womb, conceive","concipio, concipere","concipio, concipere"
19831,shift0584,Polysemy,2,NEW,→,"to grasp, seize",2717,"to conceive, to become pregnant",2447,Old French,226,Old French,226,to tie,"to conceive, to become pregnant",conceivre,conceivre
19832,shift3043,Derivation,1,ACCEPTED,→,dark (adj.),4382,"fearful, dreadful",1247,Latin,245,Latin,245,"black, dark-coloured","terrible in appearance or aspect, frightful, dreadful",ater,atrox
19879,shift0860,Polysemy,47,NEW,→,old man,4534,husband,1694,Spanish,158,Spanish,158,old man,"(Mexico) a male sexual companion or partner, occasional or stable; husband",viejo,viejo
19899,shift1160,Polysemy,7,ACCEPTED,→,&lt;foreigner&gt;,1210,cockroach,1025,Sardinian,74,Sardinian,74,Catalan,cockroach,cadalánu,cadalánu
19902,shift1160,Polysemy,10,ACCEPTED,→,&lt;foreigner&gt;,1210,cockroach,1025,French,159,French,159,a German,cockroach,Allemand,allemand
19928,shift1160,Polysemy,36,ACCEPTED,→,&lt;foreigner&gt;,1210,cockroach,1025,Italian,161,Italian,161,Russian,(dialect) cockroach,Russo,russo
19929,shift1160,Polysemy,37,ACCEPTED,→,&lt;foreigner&gt;,1210,cockroach,1025,Italian,161,Italian,161,(dialect) Slavonian,(dialect) cockroach,sciavo,sciavo
19934,shift1160,Polysemy,42,ACCEPTED,→,&lt;foreigner&gt;,1210,cockroach,1025,Romanian,139,Romanian,139,Russian,(rare) cockroach Blattella germanica,rus,rus
19935,shift1160,Polysemy,43,ACCEPTED,→,&lt;foreigner&gt;,1210,cockroach,1025,Romanian,139,Romanian,139,Prussian,(rare) cockroach Blatta orientalis,prus,prus
19936,shift1160,Polysemy,44,ACCEPTED,→,&lt;foreigner&gt;,1210,cockroach,1025,Romanian,139,Romanian,139,Swabian,cockroach Blatta orientalis,șvab,șvab
19944,shift4330,Derivation,2,ACCEPTED,→,white,62,bed-clothes,3551,Romanian,139,Romanian,139,white,bed-clothes,alb,albitură
19998,shift0049,Polysemy,3,ACCEPTED,—,"to walk, wander",3350,"to loaf, do nothing",2858,French,159,French,159,"to walk, wander","to loaf, do nothing",flâner,flâner
20003,shift0474,Derivation,1,ACCEPTED,→,eye,3890,evil eye,3875,Spanish,158,Spanish,158,eye,"hex, jinx",ojo,aojo
20007,shift0474,Derivation,5,ACCEPTED,→,eye,3890,evil eye,3875,Romanian,139,Romanian,139,eye,"hex, jinx",ochi,deochi
20049,shift1407,Derivation,4,ACCEPTED,→,hawk (Accipiter),1569,hawkweed (Hieracium),1570,French,159,French,159,sparrowhawk (Accipiter nisus),hawkweed (Hieracium),épervier,épervière
20081,shift2120,Polysemy,2,ACCEPTED,—,to come,2439,to happen,2735,Latin,245,Latin,245,to come,to happen,"advenio, -īre","advenio, -īre"
20082,shift2120,Polysemy,3,ACCEPTED,—,to come,2439,to happen,2735,French,159,French,159,to come,to happen,arriver,arriver
20086,shift2641,Polysemy,2,ACCEPTED,→,finger/toe,1285,unit of length,528,French,159,French,159,thumb,inch,pouce,pouce
20088,shift2641,Polysemy,4,ACCEPTED,→,finger/toe,1285,unit of length,528,Spanish,158,Spanish,158,finger,"ancient length unit, a little less than 1.8 cm",dedo,dedo
20092,shift2641,Polysemy,8,ACCEPTED,→,finger/toe,1285,unit of length,528,Romanian,139,Romanian,139,finger,"length unit, appr. = 25 mm",deget,deget
20099,shift6691,Polysemy,2,ACCEPTED,→,dinner fork,4436,"wishbone, merrythought",98,New Latin,1067,New Latin,1067,small two-pronged fork,"(ornithology) The forked bone formed by the fusion of the clavicles in birds, the wishbone or merrythought",furcula,furcula
20100,shift6691,Polysemy,3,ACCEPTED,→,dinner fork,4436,"wishbone, merrythought",98,French,159,French,159,dinner fork,part of the skeleton of birds located between the two wings and formed by the fusion of the two clavicles,fourchette,fourchette
20102,shift6691,Polysemy,5,ACCEPTED,→,dinner fork,4436,"wishbone, merrythought",98,Italian,161,Italian,161,fork,"wishbone, merrythought",forcella,forcella
20111,shift1967,Polysemy,7,ACCEPTED,→,to pass by,2961,to pass (of time),2960,Spanish,158,Spanish,158,to come through,to pass by (time),pasar,pasar
20114,shift1967,Polysemy,10,ACCEPTED,→,to pass by,2961,to pass (of time),2960,French,159,French,159,to pass by,to pass (of time),passer,passer
20126,shift1416,Polysemy,1,NEW,?,abundance,1929,harvest,1565,Spanish,158,Spanish,158,harvest,abundance,cosecha,cosecha
20132,shift5379,Derivation,5,ACCEPTED,→,cross (n.),1142,sacrum (bone),3911,Romanian,139,Romanian,139,cross (n.),(popular) sacrum (bone),crucea,crucea-șalelor
20133,shift5379,Derivation,6,ACCEPTED,→,cross (n.),1142,sacrum (bone),3911,Romanian,139,Romanian,139,cross (n.),sacrum (bone),crucea,osul crucii
20175,shift0515,Polysemy,14,ACCEPTED,→,head,1578,peak of mountain,326,French,159,French,159,head,top,tête,tête
20208,shift7294,Polysemy,2,ACCEPTED,→,Advent,1948,December,4401,Aragones,1689,Aragones,1689,Advent,December,"Aviento, Avient","aviento, avient"
20209,shift7294,Polysemy,3,ACCEPTED,→,Advent,1948,December,4401,Asturian,1549,Asturian,1549,Advent,December,avientu,avientu
20210,shift7294,Polysemy,4,ACCEPTED,→,Advent,1948,December,4401,Leonese,1690,Leonese,1690,Advent,December,avientu,avientu
20215,shift6710,Polysemy,1,ACCEPTED,→,"seal, stamp",3974,side of a coin,4072,Spanish,158,Spanish,158,"seal, stamp","(Bolivia, Chile, Colombia, Peru, Venezuela) side of a coin",sello,sello
20217,shift2160,Polysemy,1,ACCEPTED,→,"human, person",1683,servant,3997,Italian,161,Italian,161,person,servant,uomo,uomo
20248,shift5011,Derivation,2,NEW,—,to come,2439,to become,2312,French,159,French,159,to come,to become,venir,devenir
20264,shift8435,Polysemy,2,NEW,→,arm,2027,neck (of a musical instrument),1838,Portuguese,117,Portuguese,117,arm,neck (of a musical instrument),braço,braço
20275,shift2683,Polysemy,3,ACCEPTED,→,"light, bright, clear",212,loud,259,Latin,245,Latin,245,clear in colour,clear in sound,clarus,clarus
20290,shift6598,Polysemy,2,ACCEPTED,→,limit,217,definition,4409,Latin,245,Latin,245,"to bound, set bounds to, limit","to define, explain, designate by limiting","definio, definire","definio, definire"
20298,shift4384,Polysemy,1,ACCEPTED,—,bellows,3571,pot,444,Spanish,158,Spanish,158,bellows,(Chili) pot,pava,pava
20300,shift4159,Polysemy,2,ACCEPTED,—,"to raise, lift (tr.)",3037,to take off (tr.),3273,French,159,French,159,"to raise, lift (tr.)",to take off,lever,lever
20301,shift4159,Polysemy,3,ACCEPTED,—,"to raise, lift (tr.)",3037,to take off (tr.),3273,French,159,French,159,"to raise, lift (tr.)",to take off,enlever,enlever
20302,shift4159,Polysemy,4,ACCEPTED,—,"to raise, lift (tr.)",3037,to take off (tr.),3273,Italian,161,Italian,161,"to raise, lift (tr.)",to take off,levare,levare
20303,shift4159,Polysemy,5,ACCEPTED,←,"to raise, lift (tr.)",3037,to take off (tr.),3273,Latin,245,Latin,245,"to raise, lift (tr.)",to take off,"levo, -are","levo, -are"
20310,shift3719,Polysemy,2,ACCEPTED,—,to go up,2713,"to revolt, rebel",3085,Italian,161,Italian,161,to go up,"to revolt, rebel",sollevare,sollevare
20311,shift3719,Polysemy,3,ACCEPTED,—,to go up,2713,"to revolt, rebel",3085,Spanish,158,Spanish,158,to go up,"to revolt, rebel",levantar,levantar
20340,shift3663,Polysemy,2,ACCEPTED,→,"acrobat, equilibrist",1937,cunning person,1157,Italian,161,Italian,161,"those who perform in squares, circuses or shanties in exercises of skill, dexterity or in musical or comic numbers","quack, charlatan",saltimbanco,saltimbanco
20341,shift3663,Polysemy,3,ACCEPTED,—,"acrobat, equilibrist",1937,cunning person,1157,Romanian,139,Romanian,139,"acrobat, equilibrist",one who seeks to deceive,acrobat,acrobat
20400,shift5029,Internal cognates,15,NEW,→,father,1242,motherland,724,Catalan,312,Catalan,312,father,motherland,pare,pàtria
20403,shift5029,Internal cognates,18,NEW,→,father,1242,motherland,724,French,159,French,159,father,motherland,père,patrie
20404,shift5029,Internal cognates,19,NEW,→,father,1242,motherland,724,Galician,817,Galician,817,father,motherland,"padre, pai",patria
20407,shift5029,Internal cognates,22,NEW,→,father,1242,motherland,724,Italian,161,Italian,161,father,motherland,padre,patria
20410,shift5029,Derivation,25,NEW,→,father,1242,motherland,724,Latin,245,Latin,245,father,motherland,pater,patria
20414,shift5029,Internal cognates,29,NEW,→,father,1242,motherland,724,Occitan,80,Occitan,80,father,motherland,paire,patria
20416,shift5029,Internal cognates,31,NEW,→,father,1242,motherland,724,Portuguese,117,Portuguese,117,father,motherland,pai,pátria
20418,shift5029,Internal cognates,33,NEW,→,father,1242,motherland,724,Spanish,158,Spanish,158,father,motherland,padre,patria
20449,shift1476,Derivation,1,ACCEPTED,→,"to remain, stay",3062,corpse,1103,Italian,161,Italian,161,to remain,relics,restare,resti
20493,shift4960,Polysemy,1,ACCEPTED,→,wing,92,outbuilding,4570,Latin,245,Latin,245,wing,outbuilding,ala,ala
20512,shift1376,Polysemy,3,ACCEPTED,→,"stairs, ladder",4241,stirrup,4273,Romanian,139,Romanian,139,stairs,stirrup,scară,scară
20534,shift4621,Polysemy,2,NEW,→,to spoil (tr.),3198,to pamper,2959,French,159,French,159,to spoil (tr.),to pamper,gâter,gâter
20538,shift7115,Polysemy,3,ACCEPTED,→,digit (mathematics),4434,"cipher, code",982,Portuguese,117,Portuguese,117,number,secret writing,cifra,cifra
20539,shift7115,Polysemy,4,ACCEPTED,→,digit (mathematics),4434,"cipher, code",982,Italian,161,Italian,161,digit (mathematics),"cipher, code",cifra,cifra
20540,shift7115,Polysemy,5,ACCEPTED,→,digit (mathematics),4434,"cipher, code",982,Spanish,158,Spanish,158,digit (mathematics),"cipher, code",cifra,cifra
20541,shift7115,Polysemy,6,ACCEPTED,→,digit (mathematics),4434,"cipher, code",982,Catalan,312,Catalan,312,numeral (a symbol that is not a word and represents a number),cipher (a method of transforming a text in order to conceal its meaning),xifra,xifra
20565,shift0602,Polysemy,4,ACCEPTED,?,firewood,1294,"wood, timber",114,French,159,French,159,NA,NA,bois,bois
20576,shift1530,Polysemy,5,ACCEPTED,→,&lt;plant (biol.)&gt;,277,brown,3703,Italian,161,Italian,161,chestnut (fruit and tree),brown,marron,marron
20583,shift3159,Polysemy,2,ACCEPTED,→,"to bend, bow (intr.)",2340,to obey,2943,Romanian,139,Romanian,139,"to bend, to incline, to slant","to obey, to resign",a se apleca,a se apleca
20603,shift0505,Polysemy,4,ACCEPTED,—,throat,2186,ravine,1434,French,159,French,159,throat,gorge,gorge,gorge
20609,shift0337,Polysemy,4,ACCEPTED,→,"to strike, hit",3234,to astonish,2241,French,159,French,159,"to beat, hit",to surprise,frapper,frapper
20611,shift0337,Polysemy,6,NEW,→,"to strike, hit",3234,to astonish,2241,French,159,French,159,"to beat, hit","to shock, astonish",choquer,choquer
20657,shift4178,Polysemy,2,ACCEPTED,←,to shoot,3149,strike of lightning,4302,Italian,161,Italian,161,"(fig.) to shoot, to strike with firearms",to strike (of lightning),fulminare,fulminare
20675,shift1861,Polysemy,1,ACCEPTED,?,heavy (of weight),1594,"bass, low-pitched voice",3526,Latin,245,Latin,245,heavy,"low pitched, rich, hollow",gravis,gravis
20681,shift2297,Polysemy,4,NEW,→,to believe in,2337,to trust,3316,French,159,French,159,to believe in,to trust,croire,croire
20682,shift2297,Polysemy,5,NEW,→,to believe in,2337,to trust,3316,Spanish,158,Spanish,158,to believe in,to trust,creer,creer
20683,shift2297,Polysemy,6,NEW,→,to believe in,2337,to trust,3316,Italian,161,Italian,161,to believe in,to trust,credere,credere
20700,shift6159,Polysemy,1,NEW,→,fox (Vulpes vulpes),1360,skunk,4105,Spanish,158,Spanish,158,fox (Vulpes vulpes),"(Bolivia, Costa Rica, Cuba, Ecuador, Honduras, Paraguay, Perú, Republica Dominicana, Venezuela) skunk",zorro,zorro
20706,shift1934,Polysemy,3,ACCEPTED,—,"mangy, scabby",580,bad,3493,Italian,161,Italian,161,"mangy, scabby","which involves annoyances, risks, difficulties (che comporta fastidi, rischi, difficoltà)",rognoso,rognoso
20710,shift1241,Polysemy,1,NEW,?,to cough,2467,to grumble,2730,French,159,French,159,to cough,to grudge (colloq.),tousser,tousser
20713,shift2784,Polysemy,2,ACCEPTED,→,to trade,3309,to deceive,2494,Portuguese,117,Portuguese,117,merchant,rogue,tratante,tratante
20714,shift2784,Polysemy,3,ACCEPTED,—,to trade,3309,to deceive,2494,Old French,226,Old French,226,to make and exchange,to deceive,barater,barater
20715,shift1708,Polysemy,1,ACCEPTED,→,blue,3634,bruise,3705,French,159,French,159,blue,bruise,bleu,bleu
20737,shift0034,Polysemy,5,ACCEPTED,→,to hear / to listen,2759,to obey,2943,Romanian,139,Romanian,139,to listen,to obey,a asculta,a asculta
20749,shift0034,Polysemy,17,ACCEPTED,→,to hear / to listen,2759,to obey,2943,Latin,245,Latin,245,"to listen, to hear","to obey, pay attention to","audio, -īre","audio, -īre"
20775,shift0034,Polysemy,43,ACCEPTED,→,to hear / to listen,2759,to obey,2943,Latin,245,Latin,245,to hear / to listen (esp. attentively),to obey,"ausculto, -āre","ausculto, -āre"
20849,shift0034,Polysemy,117,ACCEPTED,→,to hear / to listen,2759,to obey,2943,Catalan,312,Catalan,312,to hear / to listen,to obey,escoltar,escoltar
20854,shift0034,Polysemy,122,ACCEPTED,→,to hear / to listen,2759,to obey,2943,Italian,161,Italian,161,to listen,to obey,ascoltàre,ascoltàre
20867,shift0034,Polysemy,135,ACCEPTED,→,to hear / to listen,2759,to obey,2943,Venetian,1589,Venetian,1589,to hear / to listen,to obey,scoltar,scoltar
20968,shift0034,Polysemy,236,NEW,→,to hear / to listen,2759,to obey,2943,Portuguese,117,Portuguese,117,to hear,to obey,ouvir,ouvir
20993,shift0966,Polysemy,8,ACCEPTED,—,woman,109,wife,73,French,159,French,159,woman,wife,femme,femme
21056,shift5497,Derivation,1,NEW,→,forest,1351,common redstart,1059,Romanian,139,Romanian,139,"wood, forest",common redstart,codru,codraş
21103,shift2062,Polysemy,3,ACCEPTED,—,end,3837,"aim, goal",1960,Italian,161,Italian,161,end,"aim, goal",fino,fino
21105,shift2062,Polysemy,5,ACCEPTED,—,end,3837,"aim, goal",1960,French,159,French,159,end,"aim, goal",fin,fin
21106,shift2493,Polysemy,1,ACCEPTED,→,intact,1796,normal,1876,Romanian,139,Romanian,139,intact,"normal, sane",întreg,întreg
21107,shift2493,Polysemy,2,ACCEPTED,—,intact,1796,normal,1876,Romanian,139,Romanian,139,"intact, undamaged",sane,teafăr,teafăr
21121,shift1057,Polysemy,3,ACCEPTED,→,"box, container",3665,coffin,1030,Romanian,139,Romanian,139,box,coffin,sicriu,sicriu
21145,shift2512,Polysemy,2,ACCEPTED,→,&lt;clothes&gt;,864,"caul, amniotic sac",915,Spanish,158,Spanish,158,shirt,"birth membrane, fetal membrane",camisa,camisa
21148,shift2512,Polysemy,5,ACCEPTED,→,&lt;clothes&gt;,864,"caul, amniotic sac",915,Romanian,139,Romanian,139,shirt,caul (dialect),cămaşă,cămaşă
21163,shift8191,Polysemy,8,ACCEPTED,→,"to calculate, count",2393,to intend,2798,French,159,French,159,"to calculate, count",to intend,compter,compter
21164,shift2157,Polysemy,1,NEW,→,&lt;fruit&gt;,1211,pupil (of an eye),493,French,159,French,159,black thorn,pupil,prunelle,prunelle
21179,shift2467,Polysemy,3,ACCEPTED,→,&lt;tree&gt;,2104,spear,4191,Latin,245,Latin,245,cornel,"spear, dogwood dart",cornus,cornus
21180,shift2467,Polysemy,4,ACCEPTED,→,&lt;tree&gt;,2104,spear,4191,Latin,245,Latin,245,fur tree,spear,abies,abies
21213,shift8265,Polysemy,1,NEW,→,old man,4534,ancestor,1990,Aromanian,1231,Aromanian,1231,old man,ancestor,aush,aush
21216,shift6495,Polysemy,2,ACCEPTED,→,lame,149,bad,3493,French,159,French,159,to limp,"to be bad, to not work properly",clocher,clocher
21217,shift6495,Polysemy,3,ACCEPTED,→,lame,149,bad,3493,French,159,French,159,"to limp, be lame","to be bad, to not work properly",boiter,boiter
21220,shift6495,Polysemy,6,ACCEPTED,→,lame,149,bad,3493,Spanish,158,Spanish,158,lame person,"(of an immaterial thing) poorly founded, or incomplete",cojo,cojo
21225,shift7069,Polysemy,1,NEW,—,midwife,656,godmother,806,Spanish,158,Spanish,158,midwife,godmother,comadre,comadre
21234,shift4768,Polysemy,1,ACCEPTED,→,herring,1619,police officer,430,Spanish,158,Spanish,158,herring,"(República Dominicana, informal) police officer",arenque,arenque
21261,shift2155,Polysemy,10,ACCEPTED,→,&lt;foreigner&gt;,1210,giant,781,Romanian,139,Romanian,139,"jew (dialect., In the standard lang. evreu )",fairy tale giant,jidov,jidov
21262,shift2155,Semantic evolution,11,ACCEPTED,→,&lt;foreigner&gt;,1210,giant,781,French,159,French,159,a Hungarian man,orc,hongre,ogre
21271,shift6306,Polysemy,1,ACCEPTED,→,cowrie,1124,porcelain,442,Italian,161,Italian,161,"cowrie, name of species of molluscs of the genus Cypraea and their characteristic shiny shell used for ornamental work",porcelain,porcellana,porcellana
21273,shift2639,Polysemy,1,ACCEPTED,→,smoke,4130,aberration of mind,1919,Romanian,139,Romanian,139,smoke,inebriety (metaphoric),fum,fum
21284,shift3953,Derivation,2,ACCEPTED,→,animal,1999,fool,1336,French,159,French,159,animal,stupid,bête,bête
21287,shift8151,Derivation,1,ACCEPTED,→,sweet cherry,4359,June,1200,Romanian,139,Romanian,139,sweet cherry,(popular) June,cireașă,cireșar
21288,shift8151,Derivation,2,ACCEPTED,→,sweet cherry,4359,June,1200,Aromanian,1231,Aromanian,1231,sweet cherry,June,cireashã,cirishar
21290,shift7814,Motivation,1,ACCEPTED,→,"poor, needy",437,pyrite,500,Spanish,158,Spanish,158,"poor, needy",pyrite,pobre,oro de los pobres
21293,shift3274,Polysemy,1,ACCEPTED,→,stammerer,4245,fool,1336,Spanish,158,Spanish,158,bunny,nitwit,mudenco,mudenco
21329,shift8377,Derivation,1,ACCEPTED,→,seven,3999,September,3996,Latin,245,Latin,245,seven,September,septem,September
21344,shift3706,Polysemy,5,ACCEPTED,→,mother,720,"&lt;exclamation of surprise, pain or sorrow&gt;",3787,Spanish,158,Spanish,158,mother,"Denote admiration, surprise, etc.",madre,madre
21379,shift6704,Polysemy,1,ACCEPTED,→,face,1214,side of a coin,4072,Portuguese,117,Portuguese,117,face,side of a coin,cara,cara
21380,shift6704,Polysemy,2,ACCEPTED,→,face,1214,side of a coin,4072,French,159,French,159,face,side of a coin,face,face
21381,shift6704,Polysemy,3,ACCEPTED,→,face,1214,side of a coin,4072,Spanish,158,Spanish,158,face,side of a coin,cara,cara
21382,shift6704,Polysemy,4,ACCEPTED,→,face,1214,side of a coin,4072,Catalan,312,Catalan,312,face,side of a coin,cara,cara
21420,shift4253,Polysemy,1,ACCEPTED,→,"nut, hazel",1898,potato,445,Romanian,139,Romanian,139,"nut, hazel",(dialect) potato,alună,alună
21422,shift1626,Polysemy,2,ACCEPTED,—,short (size),4048,brief,3691,Latin,245,Latin,245,short,"brief, short",brevis,brevis
21428,shift1626,Polysemy,8,ACCEPTED,→,short (size),4048,brief,3691,Spanish,158,Spanish,158,short,brief,corto,corto
21429,shift1626,Polysemy,9,ACCEPTED,—,short (size),4048,brief,3691,Romanian,139,Romanian,139,short,"brief, short",scurt,scurt
21430,shift1626,Polysemy,10,ACCEPTED,→,short (size),4048,brief,3691,French,159,French,159,short (size),brief,court,court
21446,shift1017,Polysemy,10,ACCEPTED,→,straight,4292,honest,1640,French,159,French,159,rectilinear,honest,droit,droit
21454,shift0058,Polysemy,1,ACCEPTED,→,right (vs. left),1481,competent,1069,Latin,245,Latin,245,right,"dexterous, skilful",dexter,dexter
21482,shift3130,Polysemy,2,ACCEPTED,→,&lt;animal&gt;,1916,bully,3718,Spanish,158,Spanish,158,bear,"bully, fighting cock",oso,oso
21484,shift1390,Polysemy,1,ACCEPTED,—,to boil (intr.),2361,"to ferment, yeast",2623,French,159,French,159,to boil,to ferment (new wine),bouillir,bouillir
21509,shift1097,Polysemy,2,ACCEPTED,?,heavy (of weight),1594,very,3761,Latin,245,Latin,245,heavy,high degree,gravis,gravis
21514,shift6152,Polysemy,2,NEW,→,pineapple,383,hand grenade,1549,Brazilian Portuguese,284,Brazilian Portuguese,284,pineapple,(military slang) hand grenade,abacaxi,abacaxi
21516,shift3121,Polysemy,1,ACCEPTED,→,to clean,2428,"to castrate, geld",2406,Romanian,139,Romanian,139,to clean,to castrate,a curăţa,a curăţa
21558,shift7191,Derivation,2,ACCEPTED,→,cold,1032,November,1888,Romanian,139,Romanian,139,frost,(popular/folk usage) November,brumă,brumar
21560,shift7191,Derivation,4,ACCEPTED,→,cold,1032,November,1888,Aromanian,1231,Aromanian,1231,"frost (cover of minute ice crystals); hoarfrost, rime",November,brumã,"Brumar, Brumaru"
21580,shift0913,Polysemy,5,ACCEPTED,—,to make scratches,2896,"to draw, paint",2551,Latin,245,Latin,245,"to draw, to engrave",to write,"scribo, -ere","scribo, -ere"
21584,shift5429,Polysemy,3,ACCEPTED,→,to make deaf,2886,"to stun, to knock out",3238,Romanian,139,Romanian,139,to make deaf,"to stun, to knock out",asurzi,asurzi
21585,shift5429,Polysemy,4,ACCEPTED,→,to make deaf,2886,"to stun, to knock out",3238,Spanish,158,Spanish,158,to make deaf,to stun an animal before slaughter,atronar,atronar
21596,shift1102,Polysemy,10,ACCEPTED,→,soft (adj.),4151,tender (adj.),2146,French,159,French,159,soft (adj.),tender (adj.),tendre,tendre
21605,shift3277,Polysemy,2,ACCEPTED,→,zebra,128,pedestrian crossing,333,Italian,161,Italian,161,zebra,pedestiran crossing,zebra,zebra
21608,shift3277,Derivation,5,ACCEPTED,→,zebra,128,pedestrian crossing,333,Catalan,312,Catalan,312,zebra,pedestrian crossing,zebra,pas de zebra
21609,shift3277,Derivation,6,ACCEPTED,→,zebra,128,pedestrian crossing,333,Spanish,158,Spanish,158,zebra,pedestrian crossing,cebra,paso de cebra
21619,shift2372,Polysemy,3,ACCEPTED,→,day,4391,24 hours,4581,French,159,French,159,day,24 hours,jour,jour
21651,shift4881,Derivation,1,NEW,→,flower,1323,clubs (in cards),1015,Italian,161,Italian,161,flower,clubs (in cards),fiore,fiori
21653,shift1302,Polysemy,1,NEW,—,closed,1003,dark (adj.),4382,Romanian,139,Romanian,139,closed,dark,închis,închis
21663,shift0638,Polysemy,3,ACCEPTED,—,empty,3835,"vain, in vain",3746,Latin,245,Latin,245,empty,vain,vanum,vanum
21667,shift0638,Polysemy,7,ACCEPTED,→,empty,3835,"vain, in vain",3746,Romanian,139,Romanian,139,empty,vain,deşert,deşert
21687,shift6027,Polysemy,2,NEW,→,to lead,2834,to have opinion,2752,Latin,245,Latin,245,to lead,to have opinion,"duco, -ere","duco, -ere"
21688,shift7288,Motivation,1,ACCEPTED,→,ten,2144,December,4401,Latin,245,Latin,245,ten,December,decem,decembris
21692,shift1301,Polysemy,3,ACCEPTED,—,open (adj.),4548,"light, bright, clear",212,Romanian,139,Romanian,139,open,"bright, light",deschis,deschis
21716,shift0482,Polysemy,19,ACCEPTED,→,mouth,735,"opening, hole",4551,French,159,French,159,mouth,"opening, hole",bouche,bouche
21717,shift0482,Polysemy,20,ACCEPTED,→,mouth,735,"opening, hole",4551,Latin,245,Latin,245,mouth,opening; entrance,os,os
21746,shift6221,Polysemy,1,ACCEPTED,→,"mute, dumb",755,child (young person),959,Latin,245,Latin,245,mute,child (of age),infans,infans
21754,shift4102,Polysemy,3,ACCEPTED,—,mirror,675,mirror (website),676,French,159,French,159,mirror,a copy of an internet page to be used if the original is down,miroir,miroir
21755,shift4102,Polysemy,4,ACCEPTED,→,mirror,675,mirror (website),676,Romanian,139,Romanian,139,mirror,a copy of an internet page to be used if the original is down,oglindă,oglindă
21756,shift4102,Polysemy,5,ACCEPTED,→,mirror,675,mirror (website),676,Portuguese,117,Portuguese,117,mirror,copy of an internet page,espelho,espelho
21757,shift4102,Polysemy,6,ACCEPTED,→,mirror,675,mirror (website),676,Catalan,312,Catalan,312,mirror,copy of an internet page,mirall,mirall
21758,shift4102,Polysemy,7,ACCEPTED,→,mirror,675,mirror (website),676,Galician,817,Galician,817,mirror,copy of an internet page,espello,espello
21759,shift4102,Polysemy,8,ACCEPTED,→,mirror,675,mirror (website),676,Spanish,158,Spanish,158,mirror,copy of an internet page,espejo,espejo
21777,shift5530,Polysemy,2,ACCEPTED,→,leaf,174,"leaf (of door, window)",175,Spanish,158,Spanish,158,leaf,"in doors, windows, screens, etc., each of the parts that open and close",hoja,hoja
21789,shift2672,Polysemy,2,ACCEPTED,→,plant (biol.),398,(gun)powder,758,Romanian,139,Romanian,139,"grass, plant",gunpowder,iarbă,iarbă
21798,shift2462,Polysemy,3,ACCEPTED,—,&lt;foreigner&gt;,1210,child before baptism,960,Spanish,158,Spanish,158,moor,a child before baptism,moro,moro
21810,shift0695,Polysemy,11,ACCEPTED,→,"to strike, hit",3234,"to defeat, win",2501,Romanian,139,Romanian,139,"to beat, to hit","to win, to defeat",a bate,a bate
21819,shift3072,Derivation,3,NEW,→,dog,4458,mole cricket (Gryllotalpa),695,Brazilian Portuguese,284,Brazilian Portuguese,284,diminutive of cachorro 'dog',(rare) mole cricket (Gryllotalpa),cachorrinho,cachorrinho-da-terra
21829,shift8449,Polysemy,1,ACCEPTED,—,to be surprised,2305,to be afraid,2253,Spanish,158,Spanish,158,to be surprised,to be afraid,asombrarse,asombrarse
21855,shift5422,Polysemy,1,NEW,—,dyer&#39;s greenweed (Genista tinctoria),4506,woad (Isatis tinctoria),106,Romanian,139,Romanian,139,dyer's greenweed (Genista tinctoria),woad (Isatis tinctoria),drob,drob
21872,shift3680,Polysemy,1,ACCEPTED,→,"to do, act",2545,to speak,3193,French,159,French,159,"to do, to make",to speak,faire,faire
21880,shift3680,Polysemy,9,ACCEPTED,→,"to do, act",2545,to speak,3193,Latin,245,Latin,245,to do,"to utter (sound, words)","facio, facere","facio, facere"
21885,shift6168,Polysemy,1,NEW,→,badger (Meles),3501,coati,1020,Spanish,158,Spanish,158,badger (Meles),"(Ecuador, Bolivia) coati",tejón,tejón
21886,shift4875,Derivation,1,NEW,→,coin,1031,diamonds (in cards),4429,Portuguese,117,Portuguese,117,gold coin,diamonds (in cards),ouro,ouros
21900,shift5484,Derivation,1,NEW,→,hood,1648,crested lark,1135,Spanish,158,Spanish,158,hood,crested lark,cogollo,cogujada
21906,shift7904,Semantic evolution,1,ACCEPTED,→,"textile, cloth",2162,sail (n.),3920,Latin,245,Latin,245,wave,sail (n.),velum,velum
21908,shift7904,Polysemy,3,NEW,→,"textile, cloth",2162,sail (n.),3920,Romanian,139,Romanian,139,"canvas, cloth","(""de corabie"") sail (n.)",pânză,pânză
21915,shift8122,Polysemy,2,NEW,→,spleen (anat.),4210,melancholy,628,Catalan,312,Catalan,312,spleen (anat.),slowness and indolence to act,melsa,melsa
21918,shift1392,Polysemy,3,ACCEPTED,→,face,1214,page,283,Romanian,139,Romanian,139,face,page,faţă,faţă
21931,shift1113,Polysemy,8,ACCEPTED,→,taste (n.),2132,inclination to smth,1759,French,159,French,159,taste,inclination to smth,goût,goût
21935,shift1113,Polysemy,12,ACCEPTED,→,taste (n.),2132,inclination to smth,1759,Latin,245,Latin,245,taste,inclination to smth,gustis,gustis
21966,shift4966,Derivation,3,NEW,—,blow,3633,immediately,1743,French,159,French,159,blow,immediately,coup,d&#39;un coup
21969,shift4779,Polysemy,3,NEW,—,foot,1338,time (instance),2201,Latin,245,Latin,245,foot,"one time, once",vicis,vicis
22002,shift4245,Polysemy,1,ACCEPTED,→,sweet potato (Ipomoea batatas),4361,potato,445,Spanish,158,Spanish,158,sweet potato (Ipomoea batatas),potato,patata,patata
22031,shift2491,Polysemy,2,ACCEPTED,—,mental hospital,637,"disorder, mess",4446,Romanian,139,Romanian,139,asylum,"mess, bedlam",balamuc,balamuc
22054,shift5001,Polysemy,1,ACCEPTED,→,reed,1447,reed (in loom),1448,Latin,245,Latin,245,"reed, cane (taller than canna)","comb made of reed, which brought the threads of the web into their place",arundo (harundo),arundo (harundo)
22061,shift1692,Polysemy,6,ACCEPTED,→,to fall down,2605,"to fall (of rain, snow)",2603,French,159,French,159,to fall,"to fall (of rain, snow)",tomber,tomber
22062,shift1692,Polysemy,7,ACCEPTED,→,to fall down,2605,"to fall (of rain, snow)",2603,Latin,245,Latin,245,to fall,"to fall (snow, rain)","cado, -ere","cado, -ere"
22065,shift1692,Polysemy,10,ACCEPTED,→,to fall down,2605,"to fall (of rain, snow)",2603,Italian,161,Italian,161,to fall down,"to fall (of rain, snow)",cadere,cadere
22069,shift5848,Derivation,1,ACCEPTED,→,father,1242,middle finger,653,Portuguese,117,Portuguese,117,father,middle finger,pai,pai-de-todos
22072,shift6467,Derivation,1,ACCEPTED,→,cricket (insect),1136,mole cricket (Gryllotalpa),695,Spanish,158,Spanish,158,cricket (insect),mole cricket (Gryllotalpa),grillo,grillo cebollero
22074,shift6467,Derivation,3,ACCEPTED,→,cricket (insect),1136,mole cricket (Gryllotalpa),695,Galician,817,Galician,817,cricket (insect),mole cricket (Gryllotalpa),grilo,grilo ceboleiro
22076,shift6467,Polysemy,5,ACCEPTED,→,cricket (insect),1136,mole cricket (Gryllotalpa),695,Portuguese,117,Portuguese,117,cricket (insect),mole cricket (Gryllotalpa),grilo,grilo-toupeira
22098,shift3685,Polysemy,4,ACCEPTED,→,"to untie, unbind",3338,to explain,2593,Latin,245,Latin,245,untie,to explain,"absolvo, -ere","absolvo, -ere"
22137,shift5511,Derivation,3,ACCEPTED,→,neck,1837,Eurasian wryneck,3865,Portuguese,117,Portuguese,117,neck,Eurasian wryneck,colo,torcicolo
22139,shift5511,Derivation,5,ACCEPTED,→,neck,1837,Eurasian wryneck,3865,Italian,161,Italian,161,neck,Eurasian wryneck,collo,torcicollo
22140,shift5511,Derivation,6,ACCEPTED,→,neck,1837,Eurasian wryneck,3865,French,159,French,159,neck,Eurasian wryneck,col,torcol
22141,shift5511,Derivation,7,ACCEPTED,→,neck,1837,Eurasian wryneck,3865,Catalan,312,Catalan,312,neck,Eurasian wryneck,coll,colltort
22143,shift6351,Derivation,2,ACCEPTED,→,partridge,308,common quail,1058,Catalan,312,Catalan,312,partridge,common quail,guatlla,guatlla pintada
22148,shift1683,Derivation,2,ACCEPTED,?,monarch,696,goldcrest,808,Latin,245,Latin,245,king,kinglet,rex,regulus
22152,shift2849,Polysemy,1,ACCEPTED,→,to seem,3122,to boast,2360,French,159,French,159,to seem,to show off,paraître,paraître
22155,shift6910,Derivation,2,NEW,→,pharaoh,362,guinea fowl,859,Italian,161,Italian,161,pharaoh,guinea fowl,faraone,faraona
22161,shift6024,Polysemy,1,ACCEPTED,→,corner,1100,heel (of bread),1598,Romanian,139,Romanian,139,"corner, nook; angle",heel (of bread),colț,colț
22173,shift7020,Semantic evolution,1,ACCEPTED,→,peacock,325,turkey,3465,Spanish,158,Spanish,158,peacock,turkey,pavo,pavo
22198,shift1976,Polysemy,2,ACCEPTED,→,"to make, create",2902,to give birth,2693,French,159,French,159,"to do, to make",to give birth,faire,faire
22223,shift0132,Derivation,5,ACCEPTED,→,moon,708,Monday,698,French,159,French,159,moon,Monday,lune,lundi
22232,shift0132,Derivation,14,ACCEPTED,→,moon,708,Monday,698,Corsican,900,Corsican,900,moon,Monday,Luna,Luni
22234,shift0132,Derivation,16,NEW,→,moon,708,Monday,698,Italian,161,Italian,161,moon,Monday,Luna,Lunedi
22235,shift0132,Derivation,17,NEW,→,moon,708,Monday,698,Spanish,158,Spanish,158,moon,Monday,Luna,Lunes
22237,shift0132,Derivation,19,NEW,→,moon,708,Monday,698,Romanian,139,Romanian,139,moon,Monday,Luni,Lunis
22262,shift5234,Polysemy,1,NEW,→,Turk,3464,"heathen, pagan",1591,Romanian,139,Romanian,139,"Turk, Turkish",(regional) pagan,turc,turc
22270,shift5272,Polysemy,4,ACCEPTED,→,jay,1179,siberian jay,4065,Spanish,158,Spanish,158,jay,siberian jay,arrendajo,arrendajo siberiano
22283,shift4748,Derivation,1,NEW,→,bull,3715,common bullfinch,1048,French,159,French,159,bull,bullfinch (Pyrrhula pyrrhula),bœuf,bouvreuil
22286,shift7234,Polysemy,1,NEW,→,"spring, fountain",4226,fontanelle,1334,Old French,226,Old French,226,"small spring, fountain",fontanelle,fontenelle,fontenelle
22288,shift7234,Polysemy,3,NEW,→,"spring, fountain",4226,fontanelle,1334,Medieval Latin,44,Medieval Latin,44,little spring or fountain,fontanelle,fonticulus,fonticulus
22296,shift2239,Polysemy,8,ACCEPTED,←,full,1396,drunk,4488,Latin,245,Latin,245,(poet) full,drunk,ebrius,ebrius
22381,shift0759,Polysemy,5,ACCEPTED,→,"to turn, rotate (intr.)",3327,to feel dizzy,2615,Latin,245,Latin,245,"spinning, going round",dizziness,vertigo,vertigo
22419,shift2089,Polysemy,6,ACCEPTED,—,dust,4503,pollen,433,French,159,French,159,dust,pollen,poussière,poussière
22433,shift1087,Polysemy,10,ACCEPTED,→,"to untie, unbind",3338,to solve (a problem),3188,Latin,245,Latin,245,to untie,to solve,"solvo, -ere","solvo, -ere"
22451,shift3904,Polysemy,2,NEW,→,pigeon (Columba),370,moth,719,Spanish,158,Spanish,158,pigeon (Columba),moth,paloma,paloma
22467,shift0056,Derivation,3,ACCEPTED,→,to sting,3224,spicy,4198,French,159,French,159,to sting,spicy,piquer,piquant
22468,shift0056,Derivation,4,ACCEPTED,→,to sting,3224,spicy,4198,Spanish,158,Spanish,158,to sting,spicy,picar,picante
22469,shift5398,Derivation,1,ACCEPTED,→,good,814,"sweets, candy",4364,French,159,French,159,good,"sweets, candy",bon,bonbon
22478,shift2881,Polysemy,3,ACCEPTED,—,thick,2167,big,3588,French,159,French,159,"thick, fat","big, large",gros,gros
22486,shift1337,Polysemy,3,ACCEPTED,→,attack (n.),2050,attack of disease,2051,Latin,245,Latin,245,attack,"fit, attack (disease)",insultus,insultus
22489,shift5050,Polysemy,1,ACCEPTED,→,"brood, hatch",3695,children,963,French,159,French,159,"chicks in the nest; brood, hatch",(familiar) children,nichée,nichée
22493,shift3144,Polysemy,1,ACCEPTED,→,to throw,3296,to kick,2819,Romanian,139,Romanian,139,to throw,"to kick out, to fling out heels",a azvârli,a azvârli
22511,shift0498,Polysemy,3,ACCEPTED,—,nose,1879,sense of smell,3987,French,159,French,159,nose,"nose, sense of smell",nez,nez
22521,shift3817,Polysemy,4,ACCEPTED,→,"horseman, rider",1666,knight (chess),1722,French,159,French,159,"horseman, rider",knight (chess),cavalier,cavalier
22525,shift3083,Polysemy,1,ACCEPTED,→,enemy,3840,war,9,Latin,245,Latin,245,enemy,military campaign,hostis,hostis
22536,shift0457,Polysemy,5,ACCEPTED,→,eye,3890,"spot, stain",4220,Romanian,139,Romanian,139,eye,spot of light; fat drop; each of the colored dots on the dice; (regional) colored spot on the peacock's tail,ochi,ochi
22581,shift7708,Derivation,1,NEW,→,"nut, hazel",1898,smooth snake,4133,Romanian,139,Romanian,139,hazel (tree / shrub),smooth snake,alun,șarpe de alun
22604,shift0993,Polysemy,5,ACCEPTED,?,to know,2826,to understand,3331,Spanish,158,Spanish,158,to know,to understand,conocer,conocer
22618,shift3341,Polysemy,2,NEW,→,omen,4539,monster (abnormal creature),704,Latin,245,Latin,245,sign,monster,monstrum,monstrum
22622,shift6210,Derivation,1,NEW,→,snout,4139,Vipera latastei,3772,Spanish,158,Spanish,158,having a snout,Vipera latastei,hocicudo,víbora hocicuda
22627,shift8485,Polysemy,4,ACCEPTED,→,contents,1087,content,1086,French,159,French,159,contents,content,contenu,contenu
22628,shift8485,Polysemy,5,ACCEPTED,→,contents,1087,content,1086,Spanish,158,Spanish,158,contents (that which is inside a container),"content (of a text, artwork or media production)",contenido,contenido
22629,shift8485,Polysemy,6,ACCEPTED,→,contents,1087,content,1086,Portuguese,117,Portuguese,117,contents,content,conteúdo,conteúdo
22649,shift6178,Polysemy,1,NEW,→,cow,1122,tapir,2129,Spanish,158,Spanish,158,cow,"(Ecuador, Peru) tapir",vaca,sachavaca
22655,shift0783,Polysemy,1,ACCEPTED,→,to fall asleep,2604,to die,2517,Romanian,139,Romanian,139,to fall aspleep,to die (fig.),a adormi,a adormi
22663,shift4223,Derivation,1,ACCEPTED,→,frog,1384,pondweed,435,Romanian,139,Romanian,139,frog,pondweed,broască,broscariţă
22669,shift1174,Derivation,2,ACCEPTED,→,to see/to look at,3121,to be surprised,2305,Spanish,158,Spanish,158,to look,to be surprised,mirar,admirar
22675,shift2806,Polysemy,4,ACCEPTED,→,sour,4175,sad,3912,Romanian,139,Romanian,139,sour,"gloomy, sad",acru,acru
22683,shift0131,Derivation,4,ACCEPTED,→,Mars,597,Tuesday,3458,French,159,French,159,the planet Mars,Tuesday,Mars,mardi
22687,shift0131,Derivation,8,NEW,→,Mars,597,Tuesday,3458,Italian,161,Italian,161,Mars,Tuesday,Marte,Martedì
22688,shift0131,Derivation,9,NEW,→,Mars,597,Tuesday,3458,Spanish,158,Spanish,158,Mars,Tuesday,Marte,Martes
22699,shift0131,Derivation,20,NEW,→,Mars,597,Tuesday,3458,Corsican,900,Corsican,900,Mars,Tuesday,Marte,Marti
22719,shift3746,Derivation,1,ACCEPTED,—,to sit,3160,buttock,3737,Italian,161,Italian,161,to sit,buttock (n.),sedere,sedere
22756,shift5939,Derivation,1,NEW,→,cricket (insect),1136,trigger (of a gun),3439,Italian,161,Italian,161,cricket (insect),trigger (of a gun),grillo,grilletto
22806,shift0856,Polysemy,21,ACCEPTED,—,moon,708,month,706,Romanian,139,Romanian,139,moon,month,lună,lună
23003,shift0856,Polysemy,218,NEW,→,moon,708,month,706,Latin,245,Latin,245,moon,(fig.) month,luna,luna
23218,shift0856,Polysemy,433,NEW,→,moon,708,month,706,Aromanian,1231,Aromanian,1231,moon,month,lunã,lunã
23254,shift2022,Polysemy,1,ACCEPTED,—,"to awaken, wake up",2246,to cause,2410,Italian,161,Italian,161,to wake up,"to waken, to excite",svegliare,svegliare
23256,shift2022,Polysemy,3,ACCEPTED,→,"to awaken, wake up",2246,to cause,2410,Romanian,139,Romanian,139,to wake up,"to cause, to generate, to evoke",a deştepta,a deştepta
23260,shift2022,Polysemy,7,ACCEPTED,→,"to awaken, wake up",2246,to cause,2410,French,159,French,159,to awaken,to cause,éveiller,éveiller
23273,shift1395,Derivation,5,ACCEPTED,→,cross (n.),1142,crossbill (Loxia),1143,French,159,French,159,cross (n.),crossbill (Loxia),croix,bec-croisé
23278,shift1395,Derivation,10,NEW,→,cross (n.),1142,crossbill (Loxia),1143,Portuguese,117,Portuguese,117,cross (n.),crossbill (Loxia),cruz,cruza-bico
23279,shift1395,Derivation,11,NEW,→,cross (n.),1142,crossbill (Loxia),1143,Italian,161,Italian,161,cross (n.),crossbill (Loxia),croce,crociere
23282,shift6709,Polysemy,1,ACCEPTED,→,cross (n.),1142,side of a coin,4072,Spanish,158,Spanish,158,cross (n.),side of a coin,cruz,cruz
23283,shift6709,Polysemy,2,ACCEPTED,→,cross (n.),1142,side of a coin,4072,Italian,161,Italian,161,cross (n.),side of a coin,croce,croce
23297,shift1061,Polysemy,2,ACCEPTED,—,hen,1607,whore,67,French,159,French,159,hen,prostitute,cocotte,cocotte
23298,shift1061,Polysemy,3,ACCEPTED,—,hen,1607,whore,67,French,159,French,159,hen,"bitch, whore",poule,poule
23316,shift1149,Derivation,1,ACCEPTED,?,red,1444,&lt;disease&gt;,4373,Italian,161,Italian,161,bright red,scarlet fever,scarlatto,scarlattina
23318,shift1149,Derivation,3,ACCEPTED,—,red,1444,&lt;disease&gt;,4373,French,159,French,159,red,measles,rouge,rougeole
23322,shift0269,Polysemy,1,ACCEPTED,→,to dig,2519,to investigate,2801,Spanish,158,Spanish,158,to dig (a hole); to trench,to ponder,cavar,cavar
23326,shift0269,Polysemy,5,ACCEPTED,—,to dig,2519,to investigate,2801,French,159,French,159,to unearth,to investigate,fouiller,fouiller
23338,shift4372,Polysemy,3,ACCEPTED,→,iron,1806,anchor,1991,Italian,161,Italian,161,iron,(rare) anchor,ferro,ferro
23339,shift4372,Polysemy,4,ACCEPTED,→,iron,1806,anchor,1991,Portuguese,117,Portuguese,117,iron,(rare) anchor,ferro,ferro
23378,shift5680,Polysemy,3,ACCEPTED,→,to make real,2893,to understand,3331,French,159,French,159,to make something real,to become aware of,réaliser,réaliser
23379,shift5680,Polysemy,4,ACCEPTED,→,to make real,2893,to understand,3331,Spanish,158,Spanish,158,to make something real,(Belize) to come to comprehend,realizar,realizar
23415,shift2405,Polysemy,3,ACCEPTED,→,August,2054,harvest,1565,Spanish,158,Spanish,158,August,"season in which grain is harvested; harvest, set of fruits that are collected",agosto,agosto
23430,shift5491,Derivation,2,ACCEPTED,→,red,1444,common redstart,1059,Romanian,139,Romanian,139,red,common redstart,roş,coadă-roşie
23439,shift8501,Derivation,1,ACCEPTED,→,nine,1867,November,1888,Latin,245,Latin,245,nine,November,novem,novembris
23449,shift1640,Derivation,3,ACCEPTED,→,alive,1970,quick,1908,Italian,161,Italian,161,alive,quick,vivo,vivace
23461,shift0296,Polysemy,2,ACCEPTED,→,forehead,1347,front part,1389,French,159,French,159,forehead,"front, front part",front,front
23474,shift4683,Polysemy,1,NEW,→,girl,786,dragonfly,4476,French,159,French,159,girl,damselfly,demoiselle,demoiselle
23497,shift5783,Polysemy,1,ACCEPTED,—,shoulder,4053,upper arm,541,Latin,245,Latin,245,shoulder,"upper arm, humerus",umerus (humerus),umerus (humerus)
23510,shift4398,Derivation,3,ACCEPTED,→,wolf,107,pike (fish),373,Romanian,139,Romanian,139,(popular) wolf (Canis lupus),pike (fish),lup,lupul-bălții
23541,shift2872,Syncretism,7,NEW,—,high (location),1623,"high (size), tall",1624,French,159,French,159,high (location),"high (size), tall",haut,haut
23552,shift5806,Derivation,1,ACCEPTED,→,net (n.),1848,retina,1466,Medieval Latin,44,Medieval Latin,44,"net, toils, network",retina,rete,retina
23563,shift7519,Derivation,1,NEW,→,sickle,4070,comma,1045,Late Latin,1147,Late Latin,1147,sickle,(grammar) a comma,sicilis,sicilicus
23564,shift8178,Polysemy,1,ACCEPTED,→,&lt;fruit&gt;,1211,glans penis,790,Latin,245,Latin,245,"acorn; any acorn-shaped fruit, beechnut, chestnut, etc.",glans penis,glans,glans
23570,shift8178,Polysemy,7,ACCEPTED,→,&lt;fruit&gt;,1211,glans penis,790,French,159,French,159,acorn,glans penis,gland,gland
23615,shift1171,Polysemy,4,ACCEPTED,→,heart,1588,location of emotions,239,Latin,245,Latin,245,heart,heart (the seat of emotion),cor,cor
23628,shift1171,Polysemy,17,ACCEPTED,→,heart,1588,location of emotions,239,French,159,French,159,heart,location of emotions,cœur,cœur
23665,shift1171,Polysemy,54,NEW,→,heart,1588,location of emotions,239,Portuguese,117,Portuguese,117,heart,emotions,coração,coração
23666,shift1171,Polysemy,55,NEW,→,heart,1588,location of emotions,239,Galician,817,Galician,817,heart,"he seat of human love and kindness; the seat of human fortitude, valor, spirit",corazón,corazón
23667,shift1171,Polysemy,56,NEW,→,heart,1588,location of emotions,239,Spanish,158,Spanish,158,heart,"emotions, kindness, spirit",corazón,corazón
23716,shift1171,Polysemy,105,NEW,→,heart,1588,location of emotions,239,Ligurian,1680,Ligurian,1680,heart,mind,cheu,cheu
23731,shift1171,Polysemy,120,NEW,→,heart,1588,location of emotions,239,Italian,161,Italian,161,heart,"emotion, kindness, moral effort, or spirit",cuore,cuore
23732,shift1171,Polysemy,121,NEW,→,heart,1588,location of emotions,239,Catalan,312,Catalan,312,heart,"seat of inner feeling, of suffering, of joy, of desire",cor,cor
23733,shift1171,Polysemy,122,NEW,←,heart,1588,location of emotions,239,Romanian,139,Romanian,139,heart,"(figurative, popular) soul",inimă,inimă
23817,shift4541,Derivation,3,ACCEPTED,→,third,2175,middle finger,653,Latin,245,Latin,245,third,middle finger,tertius,digitus tertius
23818,shift4541,Derivation,4,ACCEPTED,→,third,2175,middle finger,653,Romanian,139,Romanian,139,third,(anatomy) middle finger,al treilea,al treilea deget
23821,shift2725,Polysemy,1,ACCEPTED,→,to lengthen,2841,to dilute,2521,Italian,161,Italian,161,to lengthen,to dilute,allungare,allungare
23843,shift0319,Polysemy,3,ACCEPTED,→,to go up,2713,"to rise (of Moon, Sun)",3090,Italian,161,Italian,161,to go up,to rise (of heavenly bodies),salire,salire
23850,shift1373,Polysemy,3,ACCEPTED,→,bull,3715,bittern (Botaurus),3609,Romanian,139,Romanian,139,bull,bittern,bou,bou
23851,shift1373,Polysemy,4,ACCEPTED,→,bull,3715,bittern (Botaurus),3609,Romanian,139,Romanian,139,bull,bittern (Botaurus),buhai,buhai
23880,shift4161,Polysemy,1,ACCEPTED,—,to take off (tr.),3273,to move away,2927,French,159,French,159,to take off,to move away,enlever,enlever
23881,shift4161,Polysemy,2,ACCEPTED,—,to take off (tr.),3273,to move away,2927,Italian,161,Italian,161,to take off,to move away,levare,levare
23886,shift0088,Polysemy,1,ACCEPTED,→,Turk,3464,dandelion,4378,Romanian,139,Romanian,139,Turk,(regional)  dandelion,turc,turc
23887,shift4265,Polysemy,1,NEW,→,belly,3572,beehive,3558,Catalan,312,Catalan,312,belly,beehive,buc,buc
23897,shift1381,Polysemy,10,NEW,—,coast,1019,"edge, border",3810,French,159,French,159,coast,shore,bord,bord
23904,shift1986,Polysemy,3,ACCEPTED,→,greasy,838,fertile (soil),1263,Italian,161,Italian,161,fat,fertile,grasso,grasso
23912,shift1986,Polysemy,11,ACCEPTED,→,greasy,838,fertile (soil),1263,French,159,French,159,greasy,fertile (soil),gras,gras
23914,shift1917,Polysemy,1,ACCEPTED,→,belt,3576,rainbow,1421,Romanian,139,Romanian,139,belt,rainbow,brâu,brâu
23947,shift4686,Derivation,1,ACCEPTED,→,blind,3624,caecum (blind gut),871,Latin,245,Latin,245,blind,caecum (intestinum),caecus,caecum
23964,shift4686,Derivation,18,ACCEPTED,→,blind,3624,caecum (blind gut),871,Galician,817,Galician,817,blind,caecum (blind gut),cego,intestino cego
23971,shift4686,Polysemy,25,ACCEPTED,→,blind,3624,caecum (blind gut),871,Spanish,158,Spanish,158,blind,caecum (blind gut),ciego,ciego
23981,shift2152,Derivation,4,ACCEPTED,→,tail,2113,"horsetail, equisetum",1669,French,159,French,159,tail,bottlebrush,queue,queue-de-cheval
23982,shift2152,Derivation,5,ACCEPTED,→,tail,2113,"horsetail, equisetum",1669,Romanian,139,Romanian,139,tail,horsetail (Equisetum),coadă,coada-calului
23985,shift2152,Motivation,8,NEW,→,tail,2113,"horsetail, equisetum",1669,Catalan,312,Catalan,312,tail,"horsetail, equisetum",cua,cua de cavall
23988,shift2152,Motivation,11,NEW,→,tail,2113,"horsetail, equisetum",1669,Spanish,158,Spanish,158,tail,"horsetail, equisetum",cola,cola de caballo
24014,shift8524,Polysemy,2,ACCEPTED,—,consciousness,1082,"conscience, scruples",1081,Italian,161,Italian,161,consciousness,"conscience, scruples",coscienza,coscienza
24025,shift0849,Polysemy,10,ACCEPTED,→,heavy (of weight),1594,important,1746,Latin,245,Latin,245,heavy,important,gravis,gravis
24040,shift3989,Polysemy,2,ACCEPTED,—,"steam, vapour",4251,smell (n.),4128,Spanish,158,Spanish,158,steam (from the mouth),"pleasant smell, aroma, fragrance; unpleasant smell, stench",vaharada,vaharada
24046,shift3989,Polysemy,8,ACCEPTED,—,"steam, vapour",4251,smell (n.),4128,Latin,245,Latin,245,"vapor, steam,",smell,nidor,nidor
24047,shift3989,Polysemy,9,ACCEPTED,—,"steam, vapour",4251,smell (n.),4128,Spanish,158,Spanish,158,"steam, smoke","odor, smell; stench",tufo,tufo
24054,shift8483,Polysemy,1,NEW,→,&lt;foreigner&gt;,1210,blond person,3628,Brazilian Portuguese,284,Brazilian Portuguese,284,German (person from Germany or of German ancestry),(slang) a person with blond hair and fair skin,alemão,alemão
24055,shift8483,Polysemy,2,NEW,→,&lt;foreigner&gt;,1210,blond person,3628,Brazilian Portuguese,284,Brazilian Portuguese,284,Galician person,"(Northeast Brazil, Florianópolis, slang) blond person",galego,galego
24056,shift8483,Polysemy,3,NEW,→,&lt;foreigner&gt;,1210,blond person,3628,Brazilian Portuguese,284,Brazilian Portuguese,284,person from Poland,"(Paraná, slang) blond person",polaco,polaco
24059,shift4354,Polysemy,3,NEW,→,to itch,2806,to want,3353,French,159,French,159,to itch,to want,démanger,démanger
24069,shift0191,Polysemy,2,ACCEPTED,→,Turk,3464,moslem,715,Romanian,139,Romanian,139,Turk,(regional) moslem,turc,turc
24076,shift3287,Polysemy,7,ACCEPTED,→,yoke,2085,yoke (figuratively),2086,Latin,245,Latin,245,"a yoke by which a plough, chariot or sim. is drawn","(in fig. context) a yoke of bondage, subjection or sim.",iugum,iugum
24079,shift3287,Polysemy,10,ACCEPTED,→,yoke,2085,yoke (figuratively),2086,French,159,French,159,yoke,yoke (figuratively),joug,joug
24083,shift3287,Polysemy,14,ACCEPTED,→,yoke,2085,yoke (figuratively),2086,Romanian,139,Romanian,139,yoke,yoke (figuratively),jug,jug
24086,shift0291,Semantic evolution,2,NEW,→,"custom, habit",1168,menstruation,636,French,159,French,159,"custom, habit",menstruation,regles,regles
24119,shift1800,Polysemy,4,ACCEPTED,→,tail,2113,penis,343,Latin,245,Latin,245,tail,penis,cauda,cauda
24122,shift1800,Polysemy,7,ACCEPTED,—,tail,2113,penis,343,Latin,245,Latin,245,a tail,"the male sexual organ, penis",penis,penis
24163,shift0971,Polysemy,2,ACCEPTED,—,tail,2113,queue,1907,French,159,French,159,tail,queue,queue,queue
24164,shift0971,Polysemy,3,ACCEPTED,?,tail,2113,queue,1907,Spanish,158,Spanish,158,tail,queue,cola,cola
24167,shift0971,Polysemy,6,ACCEPTED,→,tail,2113,queue,1907,Romanian,139,Romanian,139,tail,queue,coadă,coadă
24171,shift6702,Polysemy,2,ACCEPTED,→,crown (n.),1149,side of a coin,4072,Portuguese,117,Portuguese,117,crown (n.),side of a coin,coroa,coroa
24207,shift5117,Polysemy,1,ACCEPTED,→,priest (Christianity),462,king (a playing card),1713,Romanian,139,Romanian,139,(popular) priest (Christianity),king (a playing card),popă,popă
24211,shift0715,Polysemy,3,ACCEPTED,→,big,3588,elder,3819,French,159,French,159,big,grown-up,grand,grand
24263,shift0055,Polysemy,5,ACCEPTED,?,sharp,4022,spicy,4198,Latin,245,Latin,245,sharp (object),spicy (food),acer,acer
24269,shift0055,Polysemy,11,ACCEPTED,—,sharp,4022,spicy,4198,Latin,245,Latin,245,"rugged, thorny","spicy, tart; sour",asper,asper
24277,shift2204,Polysemy,3,ACCEPTED,→,young person,2093,soldier,4154,Spanish,158,Spanish,158,young man,infantry man,infante,infante
24317,shift3588,Polysemy,17,NEW,→,"present, gift",457,talent,2118,Catalan,312,Catalan,312,"present, gift",talent,do,do
24320,shift3588,Polysemy,20,NEW,→,"present, gift",457,talent,2118,French,159,French,159,"present, gift","innate disposition, natural inclination (for something)",don,don
24322,shift3588,Polysemy,22,NEW,→,"present, gift",457,talent,2118,Italian,161,Italian,161,"present, gift",gift (a talent or natural ability),dono,dono
24325,shift3588,Polysemy,25,NEW,→,"present, gift",457,talent,2118,Occitan,80,Occitan,80,"present, gift",gift (a talent or natural ability),don,don
24327,shift6205,Derivation,1,NEW,→,crystal,1152,Anguis fragilis,1998,Spanish,158,Spanish,158,crystal,Anguis fragilis,cristal,culebrilla de cristal
24335,shift6125,Derivation,3,ACCEPTED,→,fifth,1275,Thursday,2191,Portuguese,117,Portuguese,117,fifth,Thursday,quinta,Quinta-feira
24337,shift6125,Motivation,5,ACCEPTED,→,fifth,1275,Thursday,2191,Medieval Latin,44,Medieval Latin,44,fifth,(Ecclesiastical Latin) Thursday,quinta,feria quinta
24338,shift6125,Motivation,6,ACCEPTED,→,fifth,1275,Thursday,2191,Mirandese,1637,Mirandese,1637,fifth,Thursday,quinta,quinta-feira
24339,shift6125,Motivation,7,ACCEPTED,→,fifth,1275,Thursday,2191,Galician,817,Galician,817,fifth,Thursday,quinta,quinta feira
24351,shift3503,Derivation,1,ACCEPTED,→,to see/to look at,3121,to visit,3345,Latin,245,Latin,245,"to see, notice, observe","to go to see, come to inspect","video, -ere","visito, -are"
24360,shift5576,Polysemy,3,ACCEPTED,→,glutton,798,wolverine,108,Italian,161,Italian,161,glutton,wolverine,ghiottone,ghiottone
24364,shift5576,Polysemy,7,ACCEPTED,→,glutton,798,wolverine,108,French,159,French,159,glutton,wolverine,glouton,glouton
24368,shift5576,Polysemy,11,ACCEPTED,→,glutton,798,wolverine,108,Spanish,158,Spanish,158,glutton,wolverine,glotón,glotón
24370,shift5576,Polysemy,13,ACCEPTED,→,glutton,798,wolverine,108,Catalan,312,Catalan,312,glutton,wolverine,golut,golut
24373,shift5092,Polysemy,1,ACCEPTED,→,"idler, loafer",1736,sloth (South American mammal),4119,Romanian,139,Romanian,139,"idler, lazy person",sloth (South American mammal),leneș,leneș
24378,shift5092,Polysemy,6,ACCEPTED,→,"idler, loafer",1736,sloth (South American mammal),4119,French,159,French,159,"idler, loafer",sloth (South American mammal),paresseux,paresseux
24387,shift5092,Polysemy,15,ACCEPTED,→,"idler, loafer",1736,sloth (South American mammal),4119,Brazilian Portuguese,284,Brazilian Portuguese,284,laziness; sloth,sloth (South American mammal),preguiça,preguiça
24389,shift5092,Polysemy,17,ACCEPTED,→,"idler, loafer",1736,sloth (South American mammal),4119,Spanish,158,Spanish,158,"lazy person, idler, loafer",sloth (South American mammal),perezoso,perezoso
24392,shift5092,Polysemy,20,ACCEPTED,→,"idler, loafer",1736,sloth (South American mammal),4119,Catalan,312,Catalan,312,"idler, loafer",sloth (South American mammal),peresós,peresós
24398,shift5092,Polysemy,26,ACCEPTED,→,"idler, loafer",1736,sloth (South American mammal),4119,Catalan,312,Catalan,312,lazy,sloth (South American mammal),peresós,peresós
24399,shift5092,Polysemy,27,ACCEPTED,→,"idler, loafer",1736,sloth (South American mammal),4119,Occitan,80,Occitan,80,lazy,sloth (South American mammal),peresós,peresós
24415,shift2703,Derivation,1,ACCEPTED,→,to lick,2847,spoon,4217,Latin,245,Latin,245,to lick,spoon,lingere,"ligula, lingula"
24424,shift6106,Derivation,3,ACCEPTED,→,milk,657,field sowthistle,1273,Spanish,158,Spanish,158,milk,field sowthistle (Sonchus arvensis),leche,lecherina
24442,shift1858,Polysemy,1,ACCEPTED,—,to go down,2704,"to set (of Moon, Sun)",3129,Romanian,139,Romanian,139,to descend,to go under,a coborî,a coborî
24445,shift1858,Polysemy,4,ACCEPTED,→,to go down,2704,"to set (of Moon, Sun)",3129,Italian,161,Italian,161,to go down,to set (of heavenly bodies),scendere,scendere
24446,shift1858,Polysemy,5,ACCEPTED,→,to go down,2704,"to set (of Moon, Sun)",3129,Italian,161,Italian,161,to go down,to set (of heavenly bodies),calare,calare
24467,shift1403,Polysemy,5,ACCEPTED,→,"to follow, go after smb.",2649,"to watch, look after",3358,Italian,161,Italian,161,to follow,"to watch, look after",seguire,seguire
24468,shift1403,Polysemy,6,ACCEPTED,→,"to follow, go after smb.",2649,"to watch, look after",3358,Portuguese,117,Portuguese,117,to follow,"to watch, look after",seguir,seguir
24471,shift1403,Polysemy,9,ACCEPTED,→,"to follow, go after smb.",2649,"to watch, look after",3358,French,159,French,159,to follow,"to watch, look after",suivre,suivre
24479,shift2702,Derivation,1,ACCEPTED,→,shell (of mollusc),4030,spoon,4217,Latin,245,Latin,245,"snail, snail-shell",a spoon (orig. one for extracting snails from their shells),coc(h)lea,coc(h)leare
24530,shift5051,Polysemy,3,ACCEPTED,→,grandfather,826,old man,4534,Spanish,158,Spanish,158,grandfather,old man,abuelo,abuelo
24535,shift5051,Polysemy,8,ACCEPTED,→,grandfather,826,old man,4534,Italian,161,Italian,161,grandfather,old man,nonno,nonno
24536,shift5051,Polysemy,9,ACCEPTED,→,grandfather,826,old man,4534,Portuguese,117,Portuguese,117,grandfather,old man,avô,avô
24554,shift5051,Polysemy,27,ACCEPTED,→,grandfather,826,old man,4534,Latin,245,Latin,245,grandfather,old man,avus,avus
24562,shift5051,Polysemy,35,NEW,—,grandfather,826,old man,4534,Aromanian,1231,Aromanian,1231,grandfather,old man,tot,tot
24565,shift5051,Polysemy,38,NEW,→,grandfather,826,old man,4534,Romanian,139,Romanian,139,"(rare, obsolete) grandfather","(rare, obsolete) old man",auș,auș
24566,shift5051,Polysemy,39,NEW,—,grandfather,826,old man,4534,Aromanian,1231,Aromanian,1231,grandfather,old man,pap,pap
24571,shift5614,Polysemy,2,ACCEPTED,→,right (vs. left),1481,right (political),1480,French,159,French,159,right (vs. left),"the parliamentarians who sit om right hemicycle of a parliamentary assembly; the ideas, the parties (traditionally conservative or reactionary) they represent, the public opinion that supports them",droit,droit
24574,shift5614,Polysemy,5,ACCEPTED,→,right (vs. left),1481,right (political),1480,Portuguese,117,Portuguese,117,right (vs. left),right (political),direita,direita
24589,shift2366,Polysemy,3,ACCEPTED,→,fire,1286,inflammation,1773,French,159,French,159,fire,inflammation,feu,feu
24591,shift2366,Polysemy,5,ACCEPTED,→,fire,1286,inflammation,1773,Latin,245,Latin,245,fire,"high temperature, fever",ignis,ignis
24592,shift2366,Polysemy,6,ACCEPTED,→,fire,1286,inflammation,1773,Romanian,139,Romanian,139,to catch fire,to inflame,a se aprinde,a se aprinde
24596,shift2366,Derivation,10,ACCEPTED,→,fire,1286,inflammation,1773,Latin,245,Latin,245,"flame, fire",inflammation (med.),flamma,inflammatio
24603,shift4685,Derivation,1,NEW,→,bottom,3654,caecum (blind gut),871,Latin,245,Latin,245,bottom,caecum (intestinum),fundus,fundulus
24694,shift1968,Polysemy,1,ACCEPTED,→,to flow,2639,to pass (of time),2960,Italian,161,Italian,161,to flow,to pass by (time),fluire,fluire
24716,shift7516,Polysemy,2,NEW,→,stick (n.),4267,comma,1045,Medieval Latin,44,Medieval Latin,44,"small rod, stick, wand, or staff","the slash mark ⟨/⟩, particularly (historical or obsolete) in its medieval use as a scratch comma",virgula,virgula
24744,shift0004,Polysemy,24,ACCEPTED,↔,to taste (tr.),3283,"to try, to attempt",3318,Spanish,158,Spanish,158,to taste,"to try, to attempt",probar,probar
24752,shift3747,Derivation,1,NEW,—,rib,1473,back (body part),3485,Portuguese,117,Portuguese,117,rib,back (body part),costa,costas
24780,shift5729,Polysemy,6,NEW,→,to emit smoke,2572,to smoke (meat or fish),3179,French,159,French,159,to emit smoke,to smoke (meat or fish),fumer,fumer
24801,shift1274,Derivation,1,ACCEPTED,→,"to wet, moisten",3371,to drink,2557,French,159,French,159,"to moisten, to wet",to get drunk,mouiller,se mouiller
24854,shift4703,Polysemy,1,ACCEPTED,→,width,72,latitude,164,Medieval Latin,44,Medieval Latin,44,width,latitude,latitudo,latitudo
24859,shift0355,Polysemy,2,ACCEPTED,—,soon,4167,recently,1443,French,159,French,159,recently,soon,tantôt,tantôt
24879,shift4331,Polysemy,3,ACCEPTED,—,mouse,733,computer mouse,1076,French,159,French,159,a small rodent,a small device that is controlled by hand and used to control the position of the cursor on the computer screen,souris,souris
24882,shift4331,Polysemy,6,ACCEPTED,→,mouse,733,computer mouse,1076,Spanish,158,Spanish,158,mouse,mouse (computer),ratón,ratón
24891,shift4331,Polysemy,15,ACCEPTED,→,mouse,733,computer mouse,1076,Portuguese,117,Portuguese,117,mouse,mouse (computer),rato,rato
24917,shift8539,Polysemy,1,ACCEPTED,→,elbow,3817,elbow piece (tube),3818,French,159,French,159,elbow,elbow piece (tube curve),coude,coude
24919,shift8539,Polysemy,3,ACCEPTED,→,elbow,3817,elbow piece (tube),3818,Romanian,139,Romanian,139,elbow,pipe fitting,cot,cot
24920,shift8539,Polysemy,4,ACCEPTED,→,elbow,3817,elbow piece (tube),3818,Spanish,158,Spanish,158,elbow,elbow piece (tube),codo,codo
24927,shift1124,Polysemy,4,ACCEPTED,→,"spot, stain",4220,disgrace,4443,Latin,245,Latin,245,"spot, stain","mark of shame or disgrace; a stigma, brand, or blight",macula,macula
24928,shift1124,Polysemy,5,ACCEPTED,→,"spot, stain",4220,disgrace,4443,Portuguese,117,Portuguese,117,"spot, stain",a flaw on one’s character or reputation,mácula,mácula
24947,shift6679,Polysemy,4,ACCEPTED,→,sling (weapon),4115,slingshot,4116,Italian,161,Italian,161,sling (weapon),slingshot,fionda,fionda
24948,shift6679,Polysemy,5,ACCEPTED,→,sling (weapon),4115,slingshot,4116,Italian,161,Italian,161,sling (weapon),slingshot,fionda,fionda
24949,shift6679,Polysemy,6,ACCEPTED,→,sling (weapon),4115,slingshot,4116,French,159,French,159,sling (weapon),slingshot,fronde,fronde
24951,shift6679,Polysemy,8,ACCEPTED,→,sling (weapon),4115,slingshot,4116,Portuguese,117,Portuguese,117,sling (weapon),slingshot,funda,funda
24954,shift6679,Polysemy,11,ACCEPTED,→,sling (weapon),4115,slingshot,4116,Spanish,158,Spanish,158,sling (weapon),(Argentina and Uruguay) slingshot,honda,honda
24955,shift6679,Polysemy,12,ACCEPTED,→,sling (weapon),4115,slingshot,4116,Galician,817,Galician,817,sling (weapon),slingshot,fonda,fonda
24956,shift6679,Polysemy,13,ACCEPTED,→,sling (weapon),4115,slingshot,4116,Romanian,139,Romanian,139,sling (weapon),slingshot,praștie,praștie
24978,shift2616,Polysemy,2,ACCEPTED,→,hot,1673,fresh,1376,Romanian,139,Romanian,139,warm,fresh,cald,cald
24984,shift6052,Polysemy,2,ACCEPTED,→,to forge,2652,to counterfeit,2469,French,159,French,159,to fashion metal with fire and a hammer,to falsify,forger,forger
24985,shift6052,Polysemy,3,ACCEPTED,→,to forge,2652,to counterfeit,2469,Galician,817,Galician,817,to forge,to create a forgery of,forxar,forxar
24986,shift6052,Polysemy,4,ACCEPTED,→,to forge,2652,to counterfeit,2469,Occitan,80,Occitan,80,to forge,to counterfeit,hargar,hargar
24987,shift6052,Polysemy,5,ACCEPTED,→,to forge,2652,to counterfeit,2469,Portuguese,117,Portuguese,117,to forge,to create a forgery of,forjar,forjar
25001,shift1051,Polysemy,5,ACCEPTED,?,mind (n.),667,memory,635,Latin,245,Latin,245,thought; consciousness,memory,memoria,memoria
25066,shift1706,Derivation,1,NEW,?,wood-louse,115,pig (Sus scrofa),369,Latin,245,Latin,245,pig,wood louse,porcellus,porcellio
25071,shift2162,Polysemy,3,ACCEPTED,→,white,62,blank,3621,French,159,French,159,white,empty,blanc,blanc
25074,shift2162,Polysemy,6,NEW,→,white,62,blank,3621,Portuguese,117,Portuguese,117,white,unfilled space on a form or in written text; voting ballot without any filling,branco,branco
25078,shift2122,Derivation,1,ACCEPTED,→,pumpkin,490,vegetable marrow,3750,Romanian,139,Romanian,139,pumpkin,vegetable marrow,bostan,bostanel
25079,shift2122,Derivation,2,ACCEPTED,→,pumpkin,490,vegetable marrow,3750,Romanian,139,Romanian,139,pumpkin,vegetable marrow,dovleac,dovlecel
25082,shift2122,Polysemy,5,ACCEPTED,?,pumpkin,490,vegetable marrow,3750,Italian,161,Italian,161,pumpkin,vegetable marrow,zucca,zucchino
25085,shift5245,Polysemy,1,ACCEPTED,—,bumblebee,3719,hornet,1660,Galician,817,Galician,817,bumblebee,hornet,abellón,abellón
25086,shift5245,Polysemy,2,ACCEPTED,—,bumblebee,3719,hornet,1660,Romanian,139,Romanian,139,bumblebee,hornet,bărzăun,bărzăun
25089,shift5245,Polysemy,5,NEW,—,bumblebee,3719,hornet,1660,Romanian,139,Romanian,139,bumblebee,hornet,bondar,bondar
25096,shift0683,Polysemy,1,ACCEPTED,—,air,1961,"melody, tune",629,French,159,French,159,air; atmosphere,"aria; tune, melody",air,air
25104,shift1531,Polysemy,3,NEW,→,stingy,4272,"scanty, scarce",3955,French,159,French,159,stingy,"scanty, poor",avare,avare
25113,shift2472,Derivation,5,ACCEPTED,→,to sit,3160,ambush,1986,Latin,245,Latin,245,to sit,ambush,"sedeo, -ere",insidiae
25114,shift3080,Polysemy,1,ACCEPTED,→,&lt;animal&gt;,1916,cunning person,1157,Spanish,158,Spanish,158,lizard,"cunning fox, dodger",lagarto,lagarto
25115,shift3080,Cognates,2,ACCEPTED,—,&lt;animal&gt;,1916,cunning person,1157,Spanish,158,Spanish,158,partridge (variety),cunning fox,macuco,macuco
25117,shift3080,Polysemy,4,ACCEPTED,→,&lt;animal&gt;,1916,cunning person,1157,Spanish,158,Spanish,158,bird,cunning fox,pájaro,pájaro
25123,shift3080,Polysemy,10,ACCEPTED,→,&lt;animal&gt;,1916,cunning person,1157,Spanish,158,Spanish,158,big snake,dodger (colloq.),culebrón,culebrón
25124,shift3080,Polysemy,11,ACCEPTED,→,&lt;animal&gt;,1916,cunning person,1157,Spanish,158,Spanish,158,crawfish,"cunning fox, dodger",jaiba,jaiba
25126,shift3080,Polysemy,13,ACCEPTED,→,&lt;animal&gt;,1916,cunning person,1157,Spanish,158,Spanish,158,caiman,cunning fox,caimán,caimán
25128,shift3080,Polysemy,15,ACCEPTED,→,&lt;animal&gt;,1916,cunning person,1157,Spanish,158,Spanish,158,lynx,"cunning fox, dodger",lince,lince
25129,shift3080,Polysemy,16,ACCEPTED,→,&lt;animal&gt;,1916,cunning person,1157,Spanish,158,Spanish,158,catfish,"cunning fox, dodger",bagre,bagre
25136,shift0005,Derivation,4,ACCEPTED,→,"to go, walk",2715,to find,2627,Latin,245,Latin,245,"to go, walk",to find,"venio, -ire","invenio, -ire"
25143,shift1643,Derivation,1,ACCEPTED,→,soul,4172,butterfly,3734,Latin,245,Latin,245,soul,night butterfly,anima,"animulus, animula"
25152,shift1059,Polysemy,1,NEW,←,buttock,3737,cheek,948,Romanian,139,Romanian,139,buttock,cheek,bucă,bucă
25162,shift2256,Polysemy,5,ACCEPTED,→,navel,1833,centre,930,Romanian,139,Romanian,139,belly button,center (colloq.),buric,buric
25190,shift4105,Polysemy,1,NEW,→,red,1444,"heading, title",1579,Latin,245,Latin,245,red ochre (as a pigment),"a chapter-heading in a book of law, painted red; meton. the actual chapter in such a word",rubrica,rubrica
25195,shift0945,Polysemy,2,NEW,—,sharp point,4023,mountain,728,Latin,245,Latin,245,sharpness,"spike, blade; mountain range crest",acies,atta
25213,shift0009,Polysemy,7,ACCEPTED,?,"to search, look for",3120,"to try, to attempt",3318,Italian,161,Italian,161,to look for,to try,cercare,cercare
25224,shift0009,Polysemy,18,ACCEPTED,→,"to search, look for",3120,"to try, to attempt",3318,French,159,French,159,"to search, to look for","to try, to attempt",chercher,chercher
25238,shift0041,Polysemy,1,ACCEPTED,—,to taste (tr.),3283,to like,2852,Italian,161,Italian,161,to taste,to like,gustare,gustare
25239,shift0041,Polysemy,2,NEW,→,to taste (tr.),3283,to like,2852,Spanish,158,Spanish,158,to taste,to be pleasing to; to like,gustar,gustar
25240,shift0041,Polysemy,3,NEW,→,to taste (tr.),3283,to like,2852,Portuguese,117,Portuguese,117,to taste,to be pleasing to; to like,gostar,gostar
25241,shift0041,Polysemy,4,NEW,→,to taste (tr.),3283,to like,2852,Galician,817,Galician,817,to taste,"to be pleased; to like, enjoy",gustar,gustar
25242,shift0041,Polysemy,5,NEW,→,to taste (tr.),3283,to like,2852,Romanian,139,Romanian,139,to taste,to enjoy something,gusta,gusta
25265,shift2488,Polysemy,2,ACCEPTED,→,&lt;profession&gt;,280,&lt;capricorn beetle&gt;,863,Romanian,139,Romanian,139,violinist (dialect),beetle (Saperda carcharis),scripcar,scripcar
25266,shift2488,Polysemy,3,ACCEPTED,→,&lt;profession&gt;,280,&lt;capricorn beetle&gt;,863,Romanian,139,Romanian,139,tailor,pruner (Cerambyx cerdo),croitor,croitor
25269,shift6124,Derivation,3,NEW,→,fourth,1359,Wednesday,39,Portuguese,117,Portuguese,117,fourth,Wednesday,Quarto,Quarta-feira
25313,shift3974,Derivation,3,ACCEPTED,→,fisherman,1302,osprey (Pandion haliaёtus),4565,Spanish,158,Spanish,158,fisherman (female),osprey (Pandion haliaёtus),pescadora,águila pescadora
25314,shift3974,Derivation,4,ACCEPTED,→,fisherman,1302,osprey (Pandion haliaёtus),4565,Portuguese,117,Portuguese,117,fisherman (female),osprey (Pandion haliaёtus),pesqueira,águia pesqueira
25320,shift3974,Derivation,10,ACCEPTED,→,fisherman,1302,osprey (Pandion haliaёtus),4565,Romanian,139,Romanian,139,fisherman,osprey (Pandion haliaёtus),pescar,vultur pescar
25321,shift3974,Derivation,11,ACCEPTED,→,fisherman,1302,osprey (Pandion haliaёtus),4565,Spanish,158,Spanish,158,fisherman,osprey (Pandion haliaёtus),pescador,gavilán pescador
25326,shift3974,Derivation,16,ACCEPTED,→,fisherman,1302,osprey (Pandion haliaёtus),4565,Italian,161,Italian,161,fisherman,osprey (Pandion haliaёtus),pescatore,falco pescatore
25328,shift3974,Derivation,18,ACCEPTED,→,fisherman,1302,osprey (Pandion haliaёtus),4565,French,159,French,159,fisherman,osprey (Pandion haliaёtus),pêcheur,balbuzard pêcheur
25354,shift8090,Polysemy,6,ACCEPTED,→,to play (intr.),2981,"to play (theater, movie)",2982,French,159,French,159,to play (intr.),to play (a role),jouer,jouer
25358,shift8090,Polysemy,10,ACCEPTED,→,to play (intr.),2981,"to play (theater, movie)",2982,Romanian,139,Romanian,139,to play (intr.),to act in a play or film; (about theater groups) to give a performance,juca,juca
25367,shift0741,Polysemy,4,ACCEPTED,→,"branch, twig",3672,tribe,3435,Latin,245,Latin,245,branch,branch (kinship),ramus,ramus
25388,shift5488,Polysemy,1,ACCEPTED,→,bully,3718,crested lark,1135,Romanian,139,Romanian,139,"rude, cocky man",crested lark,țopârlan,țopârlan
25389,shift5488,Polysemy,2,ACCEPTED,→,bully,3718,crested lark,1135,Romanian,139,Romanian,139,rude man,crested lark,modîrlan,modîrlan
25392,shift4397,Derivation,2,ACCEPTED,→,metal spike,644,pike (fish),373,French,159,French,159,"spike, pin; (jewellery) brooch, pin; (cooking) spit, skewer(cookery)",pike (fish),broche,brochet
25402,shift3158,Derivation,2,ACCEPTED,→,white,62,underwear,516,Romanian,139,Romanian,139,white,"linen (underwear, bed-clothes)",alb,albitură
25403,shift3158,Derivation,3,ACCEPTED,→,white,62,underwear,516,Italian,161,Italian,161,white,"underwear, linen",bianco,biancheria
25413,shift3963,Polysemy,2,NEW,—,owl,4574,"witch, sorceress",100,Spanish,158,Spanish,158,owl,witch,bruja,bruja
25433,shift5492,Derivation,3,ACCEPTED,→,tail,2113,common redstart,1059,Romanian,139,Romanian,139,tail,common redstart,coadă,coadă-roşie
25436,shift5492,Polysemy,6,ACCEPTED,→,tail,2113,common redstart,1059,Italian,161,Italian,161,tail,common redstart,coda,codirosso
25450,shift4335,Polysemy,1,NEW,→,erysipelas,3853,glasswort,792,Romanian,139,Romanian,139,eryspelas,common glasswort,brâncă,brâncă
25459,shift3886,Polysemy,2,ACCEPTED,→,lot,257,plot of land,411,Spanish,158,Spanish,158,lot,plot of land (ploughed field),suerte,suerte
25461,shift3886,Polysemy,4,ACCEPTED,→,lot,257,plot of land,411,Latin,245,Latin,245,lot,name of the basic unit of area in one system of land measurement,sors,sors
25463,shift2308,Derivation,1,ACCEPTED,→,to hang,2733,to weigh (intr.),3368,Latin,245,Latin,245,to hang,weight,"pendo, -ere",pondus
25487,shift3120,Polysemy,1,ACCEPTED,→,basket,3525,chest (body part),954,Romanian,139,Romanian,139,basket,chest,coş,coş
25495,shift8212,Derivation,1,ACCEPTED,→,June,1200,July,1198,Old French,226,Old French,226,June,July,juin,juignet
25496,shift8212,Derivation,2,ACCEPTED,→,June,1200,July,1198,Asturian,1549,Asturian,1549,June,July,xunu,xunetu
25497,shift8212,Derivation,3,ACCEPTED,→,June,1200,July,1198,Sicilian,1456,Sicilian,1456,June,July,giugnu,giugnettu
25503,shift0758,Polysemy,2,ACCEPTED,→,to fill (tr.),2626,to carry out,2402,Romanian,139,Romanian,139,to fill,to fulfil,a împlini,a împlini
25512,shift0758,Polysemy,11,ACCEPTED,—,to fill (tr.),2626,to carry out,2402,Latin,245,Latin,245,to fill,"to fulfil, to finish","compleo, -ere","compleo, -ere"
25523,shift6177,Polysemy,1,NEW,→,moose,709,tapir,2129,Spanish,158,Spanish,158,moose,(Mexico) tapir,ante,ante
25524,shift6177,Polysemy,2,NEW,→,moose,709,tapir,2129,Spanish,158,Spanish,158,moose,"(Costa Rica, Colombia, Venezuela, Ecuador, Argntina) tapir",danta,danta
25548,shift2544,Polysemy,6,ACCEPTED,→,high (location),1623,of high rank,4523,French,159,French,159,high (location),of high rank,haut,haut
25552,shift5563,Derivation,1,NEW,→,silver,4081,platinum,406,Spanish,158,Spanish,158,silver,platinum,plata,"(archaic) platina, (modern) platino"
25578,shift1118,Polysemy,7,ACCEPTED,?,nail (body part),1816,claw,995,Spanish,158,Spanish,158,nail,claw,uña,uña
25631,shift5698,Derivation,1,ACCEPTED,→,barrel,3517,kite (lightweight toy),1717,Spanish,158,Spanish,158,barrel,"(Argentina, Cuba, Uruguay) kite (lightweight toy)",barril,barrilete
25645,shift2267,Polysemy,4,ACCEPTED,→,insane,1784,"passionate, zealous",314,French,159,French,159,insane,passionate about,fou,fou
25651,shift1307,Derivation,3,ACCEPTED,?,blind,3624,mole (Talpa),694,Romanian,139,Romanian,139,blind,mole,orb,orbete
25659,shift3015,Polysemy,1,ACCEPTED,—,to taste (tr.),3283,to know,2826,Latin,245,Latin,245,to taste,"to be intelligent, show good sense, to know, understand","sapio, -ere","sapio, -ere"
25661,shift3015,Derivation,3,ACCEPTED,—,to taste (tr.),3283,to know,2826,French,159,French,159,to taste,to know,saveur,savoir
25663,shift3015,Polysemy,5,ACCEPTED,—,to taste (tr.),3283,to know,2826,Spanish,158,Spanish,158,to taste,to know,saber,saber
25666,shift2644,Polysemy,1,ACCEPTED,→,leaf,174,blade,3620,Spanish,158,Spanish,158,plant leaf,blade,hoja,hoja
25681,shift2759,Polysemy,1,ACCEPTED,→,"horseman, rider",1666,"&lt;noble rank, title&gt;",1813,Latin,245,Latin,245,horseman,member of the equites,eques,eques
25682,shift2759,Polysemy,2,ACCEPTED,→,"horseman, rider",1666,"&lt;noble rank, title&gt;",1813,Spanish,158,Spanish,158,horseman,nobleman,caballero,caballero
25692,shift1793,Derivation,5,ACCEPTED,→,man (male),574,courage,1113,Latin,245,Latin,245,man,"virility, courage",vir,virtus
25704,shift7773,Semantic evolution,2,ACCEPTED,→,breakfast,3679,"lunch, midday meal",271,French,159,French,159,"(dated, regional) breakfast","lunch, midday meal",déjeuner,déjeuner
25717,shift5936,Derivation,1,NEW,→,cat,905,trigger (of a gun),3439,Spanish,158,Spanish,158,cat,trigger (of a gun),gato,gatillo
25732,shift1043,Polysemy,5,ACCEPTED,→,to drag,2548,to steal,3220,Latin,245,Latin,245,"to draw, to pull","to carry away, to take away, to rob","traho, -ere","traho, -ere"
25741,shift8292,Derivation,4,ACCEPTED,→,liver,236,anger,1996,Italian,161,Italian,161,liver,angry,fegato,fegatoso
25750,shift3752,Polysemy,1,ACCEPTED,—,to blow,2355,to whisper,3375,French,159,French,159,to blow,"to whisper, prompt",souffler,souffler
25755,shift0022,Derivation,5,NEW,→,to come,2439,"to get, obtain",2691,Latin,245,Latin,245,to come,"growth, increase; yield, crop; result, outcome",venio,proventus
25781,shift0992,Polysemy,1,ACCEPTED,→,to see/to look at,3121,to have experience,2748,Spanish,158,Spanish,158,to see,"to witnessed, experience",ver,ver
25793,shift6551,Polysemy,3,ACCEPTED,→,head,1578,mushroom cap,749,French,159,French,159,head,head of a mushroom,tête,tête
25813,shift5612,Polysemy,1,ACCEPTED,→,red,1444,socialist or communist,4148,French,159,French,159,red,"who has left-wing views; usual, in particular, who is a communist or who professes far-left opinions",rouge,rouge
25820,shift5612,Polysemy,8,ACCEPTED,→,red,1444,socialist or communist,4148,Spanish,158,Spanish,158,red,"leftist, especially communist. In the Spanish civil war of 1936-1939, Republican.",rojo,rojo
25835,shift0855,Polysemy,4,ACCEPTED,—,to feed,2611,to bring up (children),2381,Latin,245,Latin,245,to breast feed,"to bring up, to take care","nutrio, -ire","nutrio, -ire"
25837,shift0855,Polysemy,6,ACCEPTED,?,to feed,2611,to bring up (children),2381,Spanish,158,Spanish,158,to feed,to bring up,criar,criar
25846,shift4136,Polysemy,1,NEW,→,hedgehog (Еrinaceus),1595,chestnut,955,Italian,161,Italian,161,hedgehog (Еrinaceus),chestnut shell,riccio,riccio
25847,shift4136,Polysemy,2,NEW,→,hedgehog (Еrinaceus),1595,chestnut,955,Spanish,158,Spanish,158,hedgehog (Еrinaceus),chestnut shell,erizo,erizo
25890,shift5421,Derivation,3,ACCEPTED,→,smoke,4130,common fumitory (Fumaria officinalis),1054,Romanian,139,Romanian,139,smoke,common fumitory (Fumaria officinalis),fum,fumăriţă
25891,shift5421,Derivation,4,ACCEPTED,→,smoke,4130,common fumitory (Fumaria officinalis),1054,Catalan,312,Catalan,312,smoke,common fumitory (Fumaria officinalis),fum,fumdeterra
25893,shift5421,Polysemy,6,ACCEPTED,→,smoke,4130,common fumitory (Fumaria officinalis),1054,French,159,French,159,smoke,common fumitory (Fumaria officinalis),fume,fumeterre
25906,shift0468,Polysemy,1,ACCEPTED,?,eye,3890,eye of typhoon,3893,Italian,161,Italian,161,eye,"eye of the storm, cyclone",occhio,occhio
25940,shift0573,Polysemy,8,ACCEPTED,→,to come,2439,to begin,2331,French,159,French,159,to come,to come (of an event),venir,venir
25949,shift3282,Polysemy,3,ACCEPTED,→,measure of weight,620,&lt;money&gt;,559,Latin,245,Latin,245,NA,NA,as,as
25950,shift3282,Polysemy,4,ACCEPTED,→,measure of weight,620,&lt;money&gt;,559,Latin,245,Latin,245,NA,NA,uncia,uncia
25955,shift3282,Polysemy,9,ACCEPTED,→,measure of weight,620,&lt;money&gt;,559,Latin,245,Latin,245,NA,NA,siliqua,siliqua
25990,shift0490,Polysemy,11,ACCEPTED,→,nose,1879,cape,889,French,159,French,159,nose,pointed cape,nez,nez
25991,shift0490,Polysemy,12,ACCEPTED,→,nose,1879,cape,889,Latin,245,Latin,245,nose,"cape, sand bank",nasus,nasus
26004,shift7373,Polysemy,2,ACCEPTED,—,"lattice, grid",165,harrow,1564,Spanish,158,Spanish,158,the bars of a window in a convent,"wooden or iron instrument, almost square in shape, in the manner of large grills, with which the earth is crumbled and leveled after plowing, to sow it.",grada,grada
26005,shift7373,Polysemy,3,ACCEPTED,—,"lattice, grid",165,harrow,1564,Portuguese,117,Portuguese,117,"grate (metal grille) a light fence, grid",harrow,grade,grade
26006,shift7373,Polysemy,4,ACCEPTED,—,"lattice, grid",165,harrow,1564,Italian,161,Italian,161,"lattice, grid",harrow,grata,grata
26007,shift7373,Polysemy,5,ACCEPTED,—,"lattice, grid",165,harrow,1564,French,159,French,159,"portcullis (gate in the form of a grating); grate, grill (especially to block large objects floating down a river)",harrow,herse,herse
26008,shift7373,Polysemy,6,ACCEPTED,—,"lattice, grid",165,harrow,1564,Galician,817,Galician,817,grate (metal grille),harrow,grade,grade
26017,shift8174,Derivation,2,ACCEPTED,→,common jasmine,1055,mock-orange,687,French,159,French,159,common jasmine,mock-orange,jasmin,jasmin des poètes
26025,shift8174,Motivation,10,ACCEPTED,→,common jasmine,1055,mock-orange,687,Italian,161,Italian,161,common jasmine,mock-orange (Philadelphus coronarius),gelsomino,gelsomino della Madonna
26043,shift4391,Polysemy,2,ACCEPTED,→,crane (Grus),1129,lifting machine,208,Latin,245,Latin,245,crane,a kind of siege-engine,grus,grus
26046,shift4391,Polysemy,5,ACCEPTED,→,crane (Grus),1129,lifting machine,208,French,159,French,159,crane (Grus),lifting machine,grue,grue
26049,shift4391,Polysemy,8,ACCEPTED,→,crane (Grus),1129,lifting machine,208,Italian,161,Italian,161,crane (Grus),"device for lifting and transporting loads by means of flexible parts (ropes, chains) ending with hooks, pincers, buckets, electromagnets (in the case of ferrous scrap), etc., driven, mostly, by electrical motors",gru,gru
26050,shift4391,Polysemy,9,ACCEPTED,→,crane (Grus),1129,lifting machine,208,Portuguese,117,Portuguese,117,female crane,lifting machine,grua,grua
26097,shift3929,Polysemy,44,ACCEPTED,→,glass (material),791,mirror,675,French,159,French,159,glass (material),mirror,glace,glace
26136,shift6411,Derivation,1,NEW,→,heart,1588,nausea,1832,French,159,French,159,heart,to cause nausea,cœur,soulever le cœur
26145,shift1155,Polysemy,3,ACCEPTED,→,"mute, dumb",755,quiet (vs. loud),1909,Italian,161,Italian,161,dumb,quiet (vs. loud),muto,muto
26148,shift5517,Polysemy,1,NEW,—,jackdaw,1173,rook,1494,Galician,817,Galician,817,jackdaw (Corvus monedula),rook,gralla,gralla
26159,shift1401,Polysemy,4,ACCEPTED,—,to lose (an object),2866,to be defeated,2265,Latin,245,Latin,245,to lose,to be defeated,"perdo, -ere","perdo, -ere"
26163,shift1401,Polysemy,8,ACCEPTED,→,to lose (an object),2866,to be defeated,2265,French,159,French,159,to lose,to be defeated,perdre,perdre
26176,shift3160,Polysemy,1,ACCEPTED,→,"rough, uneven",1510,sour,4175,Romanian,139,Romanian,139,"rough, rugged",sour,aspru,aspru
26179,shift7042,Motivation,3,ACCEPTED,→,horse,1661,"horsetail, equisetum",1669,Catalan,312,Catalan,312,horse (Equus caballus),"horsetail, equisetum",cavall,cua de cavall
26181,shift7042,Motivation,5,ACCEPTED,→,horse,1661,"horsetail, equisetum",1669,French,159,French,159,horse (Equus caballus),"horsetail, equisetum",cheval,queue-de-cheval
26184,shift7042,Motivation,8,ACCEPTED,→,horse,1661,"horsetail, equisetum",1669,Romanian,139,Romanian,139,horse (Equus caballus),"horsetail, equisetum",cal,coada-calului
26185,shift7042,Derivation,9,ACCEPTED,→,horse,1661,"horsetail, equisetum",1669,Portuguese,117,Portuguese,117,horse (Equus caballus),"horsetail, equisetum",cavalo,cavalinha
26186,shift7042,Motivation,10,ACCEPTED,→,horse,1661,"horsetail, equisetum",1669,Spanish,158,Spanish,158,horse (Equus caballus),"horsetail, equisetum",caballo,cola de caballo
26191,shift2243,Polysemy,3,ACCEPTED,→,"to follow, go after smb.",2649,to follow logically,2647,French,159,French,159,to follow,to follow logically,suivre,suivre
26195,shift2243,Derivation,7,ACCEPTED,→,"to follow, go after smb.",2649,to follow logically,2647,Spanish,158,Spanish,158,to follow,to follow logically,seguir,seguirse
26196,shift2243,Polysemy,8,ACCEPTED,→,"to follow, go after smb.",2649,to follow logically,2647,Italian,161,Italian,161,to follow,to follow logically,seguire,seguire
26198,shift2243,Derivation,10,ACCEPTED,→,"to follow, go after smb.",2649,to follow logically,2647,Portuguese,117,Portuguese,117,to follow,to follow logically,seguir,seguir-se
26199,shift2243,Polysemy,11,ACCEPTED,→,"to follow, go after smb.",2649,to follow logically,2647,French,159,French,159,to follow,to follow logically,suivre,suivre
26209,shift4456,Polysemy,1,ACCEPTED,—,unbroken horse,505,inexperienced,1771,Spanish,158,Spanish,158,unbroken horse,inexperienced,bozal,bozal
26218,shift6228,Polysemy,2,NEW,→,time (instance),2201,when,56,French,159,French,159,"one time, once",when,une fois,une fois
26230,shift2411,Polysemy,3,ACCEPTED,—,arc,2024,bow (weapon),3659,Latin,245,Latin,245,arc,bow,arcus,arcus
26233,shift2411,Polysemy,6,ACCEPTED,→,arc,2024,bow (weapon),3659,French,159,French,159,arc,bow (weapon),arc,arc
26246,shift0934,Polysemy,3,ACCEPTED,→,to fall down,2605,to happen,2735,Latin,245,Latin,245,to fall,"to happen, to befall","cado, -ere","cado, -ere"
26248,shift0934,Polysemy,5,ACCEPTED,—,to fall down,2605,to happen,2735,Latin,245,Latin,245,to fall,to happen,"accido, -ere","accido, -ere"
26253,shift0566,Polysemy,1,ACCEPTED,?,to come,2439,to reach a state,3041,Portuguese,117,Portuguese,117,to come,"to start doing, to finish in the end",chegar,chegar
26265,shift2814,Polysemy,1,ACCEPTED,→,black cloud,3611,"many, much",584,French,159,French,159,thundercloud,"abundance, plenty",nuée,nuée
26272,shift2380,Polysemy,2,ACCEPTED,→,"lead, plumbum",173,bullet,3716,Spanish,158,Spanish,158,lead,bullet,plomo,plomo
26285,shift0062,Polysemy,2,ACCEPTED,?,summer,4330,year,2077,Latin,245,Latin,245,summer,year,aestas,aestas
26309,shift0276,Polysemy,5,ACCEPTED,→,expensive,3885,important,1746,French,159,French,159,expensive,important,précieux,précieux
26389,shift4209,Polysemy,1,NEW,→,court (of a sovereign),1114,tribunal,3436,Old French,226,Old French,226,royal court,"assemblée d'un prince, surtout dans sa fonction de tribunal (assembly of a prince, especially in function of tribunal)","cort, curt","cort, curt"
26410,shift3926,Polysemy,2,ACCEPTED,→,word,120,verb,3758,Latin,245,Latin,245,word,verb,verbum,verbum
26477,shift1119,Derivation,2,ACCEPTED,?,coal,1018,anthrax,2008,Italian,161,Italian,161,coal,anthrax,carbone,carbonchio
26478,shift1119,Derivation,3,ACCEPTED,?,coal,1018,anthrax,2008,Spanish,158,Spanish,158,coal,anthrax,carbón,carbunco
26479,shift1119,Polysemy,4,ACCEPTED,—,coal,1018,anthrax,2008,French,159,French,159,coal,anthrax,charbon,charbon
26485,shift8214,Polysemy,1,NEW,→,to see/to look at,3121,"to concern, be related to",2448,French,159,French,159,to see/to look at,"to concern, be related to",regarder,regarder
26496,shift0470,Polysemy,8,ACCEPTED,→,eye,3890,vision,3776,French,159,French,159,eye,vision,œil,œil
26501,shift8420,Polysemy,1,ACCEPTED,→,"to hug, embrace",2774,to kiss,2821,French,159,French,159,"to hug, embrace",to kiss,embrasser,embrasser
26512,shift5847,Derivation,1,ACCEPTED,→,heart,1588,middle finger,653,Spanish,158,Spanish,158,heart,middle finger,corazón,dedo corazón
26515,shift2666,Polysemy,2,ACCEPTED,→,star,4247,destiny,4419,Spanish,158,Spanish,158,star,"destiny, fate",estrella,estrella
26516,shift2666,Polysemy,3,ACCEPTED,→,star,4247,destiny,4419,Portuguese,117,Portuguese,117,star,4. [figurative] Influence of the stars in the life of man; fate; luck,estrela,estrela
26517,shift2666,Polysemy,4,ACCEPTED,→,star,4247,destiny,4419,French,159,French,159,star,destiny,étoile,étoile
26532,shift0577,Polysemy,2,ACCEPTED,?,old (vs. young),4533,old (vs. new),4532,Portuguese,117,Portuguese,117,old (person),old (thing),velho,velho
26588,shift1055,Derivation,35,NEW,→,"lead, plumbum",173,tin (n.),2202,Latin,245,Latin,245,"lead, plumbum",tin (n.),plumbum,plumbum album
26666,shift5562,Derivation,25,ACCEPTED,→,gold,807,platinum,406,French,159,French,159,gold,(obsolete) platinum,or,or blanc
26677,shift7289,Derivation,4,ACCEPTED,→,Christmas,975,December,4401,Sardinian,74,Sardinian,74,Christmas,December,Nadale,Nadale
26680,shift7289,Motivation,7,ACCEPTED,→,Christmas,975,December,4401,Galician,817,Galician,817,Christmas,December,nadal,nadal
26700,shift2163,Polysemy,2,ACCEPTED,→,to cut,2484,to stop doing smth.,3227,Spanish,158,Spanish,158,to cut,"to stop (reading, conversation etc)",cortar,cortar
26701,shift2163,Polysemy,3,ACCEPTED,→,to cut,2484,to stop doing smth.,3227,Italian,161,Italian,161,to cut,to stop,tagliare,tagliare
26704,shift2163,Polysemy,6,ACCEPTED,→,to cut,2484,to stop doing smth.,3227,French,159,French,159,to cut,to stop,couper,couper
26709,shift0164,Polysemy,1,ACCEPTED,?,"to turn, rotate (intr.)",3327,to return (intr.),3080,Portuguese,117,Portuguese,117,to spin,to return,tornar,tornar
26710,shift0164,Polysemy,2,ACCEPTED,?,"to turn, rotate (intr.)",3327,to return (intr.),3080,Portuguese,117,Portuguese,117,"to turn, to spin",to return,voltar,voltar
26711,shift0164,Polysemy,3,ACCEPTED,?,"to turn, rotate (intr.)",3327,to return (intr.),3080,Portuguese,117,Portuguese,117,"to turn, to rotate",to return,volver,volver
26715,shift0164,Derivation,7,ACCEPTED,—,"to turn, rotate (intr.)",3327,to return (intr.),3080,French,159,French,159,to spin,to return,tourner,retourner
26722,shift0503,Polysemy,1,ACCEPTED,—,ear,3792,hearing,1587,French,159,French,159,ear,"hearing, musical ear",oreille,oreille
26723,shift0503,Polysemy,2,ACCEPTED,—,ear,3792,hearing,1587,Romanian,139,Romanian,139,ear,hearing,ureche,ureche
26748,shift0568,Polysemy,5,ACCEPTED,→,to enter,2581,to begin (tr.),2332,Latin,245,Latin,245,"to go into or onto, enter","to begin, commence",ingredior,ingredior
26752,shift5970,Polysemy,1,NEW,→,winnowing fan,93,kite (lightweight toy),1717,Portuguese,117,Portuguese,117,winnowing fan,(Madeira) kite (lightweight toy),joeira,joeira
26754,shift8608,Derivation,2,ACCEPTED,→,shadow,4010,&lt;headgear&gt;,1535,Spanish,158,Spanish,158,shadow,hat (especially brimmed hat),sombre,sombrero
26764,shift3779,Polysemy,1,NEW,—,to touch,3307,relative (n.),1454,Spanish,158,Spanish,158,to touch,to be a relative,tocar,tocar
26771,shift8366,Polysemy,1,ACCEPTED,→,"lead, plumbum",173,(fishing) sinker,1205,French,159,French,159,"lead, plumbum",(fishing) sinker,plomb,plomb
26775,shift1667,Derivation,2,ACCEPTED,→,rooster,1497,chanterelle,942,Italian,161,Italian,161,rooster,chanterelle,gallo,gallinaccio
26792,shift3531,Polysemy,5,ACCEPTED,→,land (vs. sea),153,floor (vs. ceiling),1322,French,159,French,159,"soil, ground, earth",floor (vs. ceiling),sol,sol
26801,shift0870,Polysemy,1,ACCEPTED,—,hot,1673,"passionate, zealous",314,Spanish,158,Spanish,158,"warm, hot","hot, vivacious, fervent",cálido,cálido
26805,shift0870,Polysemy,5,ACCEPTED,—,hot,1673,"passionate, zealous",314,Spanish,158,Spanish,158,hot; warm,"hot, vivacious, fervent",caluroso,caluroso
26806,shift0870,Polysemy,6,ACCEPTED,→,hot,1673,"passionate, zealous",314,Spanish,158,Spanish,158,hot,"hot, ardent, passionate",fogoso,fogoso
26814,shift0870,Polysemy,14,ACCEPTED,—,hot,1673,"passionate, zealous",314,Spanish,158,Spanish,158,"burning, hot; scorching","hot, impulsive, fervent",ardiente,ardiente
26834,shift1303,Polysemy,13,ACCEPTED,→,"to pull, to draw",3018,"to slow, linger",3175,French,159,French,159,to pull,"to slow, waste one's time",traîner,traîner
26838,shift0887,Polysemy,1,ACCEPTED,→,sharp,4022,acute (of sound),1942,Latin,245,Latin,245,sharp,"sharp, argute",acer,acer
26842,shift0887,Polysemy,5,ACCEPTED,→,sharp,4022,acute (of sound),1942,French,159,French,159,sharp,argute,aigu,aigu
26921,shift0797,Polysemy,5,ACCEPTED,—,healthy,1585,correct (adj.),1105,French,159,French,159,healthy,"good, normal, reasonable",sain,sain
26936,shift7883,Polysemy,1,NEW,—,"to ask, inquire",2240,"to learn, study",2837,Spanish,158,Spanish,158,"to ask, inquire","to learn, study",hypaxa,hypaxa
26948,shift0685,Polysemy,5,ACCEPTED,←,to run,3101,to fly,2642,French,159,French,159,to run,to fly,voler,voler
26960,shift2357,Derivation,11,ACCEPTED,→,father,1242,parents,302,Latin,245,Latin,245,father,parents,pater,patres
26963,shift2357,Derivation,14,ACCEPTED,—,father,1242,parents,302,Spanish,158,Spanish,158,father,parents,padre,padres
26970,shift6139,Polysemy,2,ACCEPTED,→,&lt;bird&gt;,3478,chanterelle,942,Catalan,312,Catalan,312,nightingale,chanterelle,rossinyol,rossinyol
26971,shift6139,Polysemy,3,ACCEPTED,→,&lt;bird&gt;,3478,chanterelle,942,Portuguese,117,Portuguese,117,"several piciform birds of the buconid family, of the genera Bucco, Hypnelus and Nystalus",(regionalism) chanterelle,rapazinho,rapazinho
26992,shift4185,Polysemy,6,ACCEPTED,—,"branch, twig",3672,branch (of a river),3671,Italian,161,Italian,161,"branch, twig",branch (of a river),ramo,ramo
26999,shift2247,Polysemy,1,ACCEPTED,→,free,1371,free of charge,1372,Spanish,158,Spanish,158,free,"free, gratuitous",libre,libre
27009,shift3276,Polysemy,2,ACCEPTED,→,"underground, subterranean",515,secret,3981,French,159,French,159,underground,"secret, imperceptible",souterrain,souterrain
27010,shift2701,Polysemy,1,ACCEPTED,→,ram,1425,battering-ram,3532,Italian,161,Italian,161,ram,battering ram,montone,montone
27013,shift2701,Polysemy,4,ACCEPTED,→,ram,1425,battering-ram,3532,Italian,161,Italian,161,ram,battering ram,ariete,ariete
27017,shift2701,Polysemy,8,ACCEPTED,→,ram,1425,battering-ram,3532,Romanian,139,Romanian,139,ram,battering ram,berbec,berbec
27019,shift2701,Polysemy,10,ACCEPTED,—,ram,1425,battering-ram,3532,French,159,French,159,ram,battering ram,bélier,bélier
27044,shift2927,Derivation,3,NEW,→,dog,4458,shark,4021,Italian,161,Italian,161,dog,shark,cane,pescecane
27073,shift0548,Polysemy,7,ACCEPTED,→,"narrow, close",1827,difficult,4433,Latin,245,Latin,245,narrow,"awkward situation, difficult sitation",angustus,angustia
27088,shift8310,Motivation,1,ACCEPTED,→,bird,3594,spleen (anat.),4210,Spanish,158,Spanish,158,bird,"spleen, especially that of the pig.",pájaro,pajarilla
27089,shift8310,Motivation,2,ACCEPTED,→,bird,3594,spleen (anat.),4210,Galician,817,Galician,817,bird,spleen (anat.),paxaro,paxarela
27105,shift1206,Polysemy,3,ACCEPTED,→,hand/arm,1550,"branch, twig",3672,Latin,245,Latin,245,arm from the elbow to the hand,branch,brachium,brachium
27138,shift6602,Semantic evolution,6,ACCEPTED,→,"engaged, bridegroom",3841,husband,1694,Galician,817,Galician,817,"(dated) engaged, bridegroom",husband,esposo,esposo
27152,shift7874,Polysemy,2,NEW,→,candle,885,icicle,1732,Galician,817,Galician,817,candle,icicle,candea,candea
27161,shift0917,Polysemy,3,ACCEPTED,→,"high (size), tall",1624,loud,259,Spanish,158,Spanish,158,"high, tall",loud,alto,alto
27162,shift0917,Polysemy,4,ACCEPTED,—,"high (size), tall",1624,loud,259,French,159,French,159,"high, tall",loud,haut,haut
27169,shift0917,Polysemy,11,NEW,→,"high (size), tall",1624,loud,259,Galician,817,Galician,817,alto,loud,alto,alto
27178,shift1184,Polysemy,5,ACCEPTED,?,wing,92,flank (military),1311,Latin,245,Latin,245,wing,wing (milit.),ala,ala
27182,shift1184,Polysemy,9,ACCEPTED,→,wing,92,flank (military),1311,Romanian,139,Romanian,139,wing,wing (milit.),aripă,aripă
27183,shift1184,Polysemy,10,ACCEPTED,→,wing,92,flank (military),1311,French,159,French,159,wing,flank (military),aile,aile
27195,shift3094,Polysemy,1,ACCEPTED,→,saw,3948,"mountain ridge, edge",731,Spanish,158,Spanish,158,saw,mountain range,sierra,sierra
27196,shift5525,Polysemy,1,NEW,→,frog,1384,lock (n.),240,Romanian,139,Romanian,139,frog,lock (n.),broască,broască
27228,shift1632,Polysemy,3,ACCEPTED,→,to flow,2639,to run,3101,Spanish,158,Spanish,158,to run,"to flow (water, river)",correr,correr
27239,shift1632,Polysemy,14,ACCEPTED,→,to flow,2639,to run,3101,Italian,161,Italian,161,to flow,to run,correre,correre
27251,shift3400,Polysemy,1,NEW,→,island,1808,city block,987,French,159,French,159,small island,city block,îlot,îlot
27252,shift3400,Polysemy,2,NEW,→,island,1808,city block,987,Catalan,312,Catalan,312,island,city block,illa,illa
27260,shift0522,Polysemy,7,ACCEPTED,→,arm,2027,branch (of a river),3671,Romanian,139,Romanian,139,arm,armlet,braţ,braţ
27261,shift0522,Polysemy,8,ACCEPTED,→,arm,2027,branch (of a river),3671,French,159,French,159,hand/arm,branch (of a river),bras,bras
27262,shift0522,Polysemy,9,ACCEPTED,→,arm,2027,branch (of a river),3671,Spanish,158,Spanish,158,arm,branch (of a river),brazo,brazo
27263,shift0522,Polysemy,10,ACCEPTED,→,arm,2027,branch (of a river),3671,Portuguese,117,Portuguese,117,arm,branch (of a river),braço,braço
27266,shift1398,Derivation,1,ACCEPTED,→,cat,905,catnip (Nepeta cataria),913,Italian,161,Italian,161,cat (female),nepeta,gatta,gattaia
27299,shift0775,Polysemy,9,ACCEPTED,→,to cut,2484,to decide,2495,Latin,245,Latin,245,"to cut, to chop off",to decide,"decido, -ere","decido, -ere"
27311,shift4903,Polysemy,1,NEW,→,cigar,979,dragonfly,4476,Spanish,158,Spanish,158,cigar,(Eguador) dragonfly,cigarro,cigarro
27343,shift4478,Polysemy,4,ACCEPTED,→,spear,4191,sting (n.),4270,French,159,French,159,"dart, javelin",sting (of insect),dard,dard
27344,shift4478,Polysemy,5,ACCEPTED,→,spear,4191,sting (n.),4270,Latin,245,Latin,245,"a staff with a short sharp iron point; a pike, sword-stick; a small sword-cane, hidden dagger",a fly's sting,dolo,dolo
27349,shift1010,Polysemy,3,ACCEPTED,→,vessel,3762,blood vessel,3631,Spanish,158,Spanish,158,vessel; glass,blood vessel,vaso,vaso
27350,shift1010,Polysemy,4,ACCEPTED,→,vessel,3762,blood vessel,3631,Italian,161,Italian,161,"vessel; bucket; bowl, vase; pot; bank",blood vessel,vaso,vaso
27352,shift1010,Polysemy,6,ACCEPTED,→,vessel,3762,blood vessel,3631,Portuguese,117,Portuguese,117,vessel,blood vessel,vaso,vaso
27353,shift1010,Polysemy,7,ACCEPTED,→,vessel,3762,blood vessel,3631,French,159,French,159,vessel,blood vessel,vaisseau,vaisseau
27357,shift1010,Polysemy,11,ACCEPTED,→,vessel,3762,blood vessel,3631,Romanian,139,Romanian,139,vessel,blood vessel,vas,vas
27369,shift5378,Polysemy,2,ACCEPTED,→,"sacred, holy",3909,sacrum (bone),3911,Latin,245,Latin,245,sacred,sacrum,sacer,(os) sacrum
27370,shift5378,Polysemy,3,ACCEPTED,→,"sacred, holy",3909,sacrum (bone),3911,Spanish,158,Spanish,158,sacred,sacrum (bone),sacro,sacro
27371,shift5378,Polysemy,4,ACCEPTED,→,"sacred, holy",3909,sacrum (bone),3911,Italian,161,Italian,161,sacred,sacrum (bone),sacro,sacro
27372,shift5378,Polysemy,5,ACCEPTED,→,"sacred, holy",3909,sacrum (bone),3911,Portuguese,117,Portuguese,117,sacred,sacrum (bone),sacro,sacro
27376,shift5378,Polysemy,9,ACCEPTED,→,"sacred, holy",3909,sacrum (bone),3911,Catalan,312,Catalan,312,cross (n.),sacrum (bone),sacre,sacre
27378,shift5378,Polysemy,11,ACCEPTED,→,"sacred, holy",3909,sacrum (bone),3911,Galician,817,Galician,817,sacred,sacrum (bone),sacro,sacro
27406,shift4405,Polysemy,17,NEW,—,"wild, untamed",82,shy,4062,Spanish,158,Spanish,158,"(Latin America) wild, untamed","(Latin America) unsociable, unfriendly",chúcaro,chúcaro
27407,shift4405,Polysemy,18,NEW,→,"wild, untamed",82,shy,4062,Italian,161,Italian,161,"wild, untamed","not very sociable, grumpy",selvàtico,selvàtico
27414,shift0547,Polysemy,7,ACCEPTED,→,heel (of a foot),1596,heel (of a shoe),1597,French,159,French,159,heel,heel,talon,talon
27427,shift7117,Polysemy,1,NEW,→,zero,130,digit (mathematics),4434,Medieval Latin,44,Medieval Latin,44,zero,digit (mathematics),cifra,cifra
27441,shift1132,Polysemy,2,ACCEPTED,→,to fall down,2605,to flow into,2640,Latin,245,Latin,245,to fall,to fall flowing into (river),"cado, -ere","cado, -ere"
27447,shift1132,Polysemy,8,ACCEPTED,→,to fall down,2605,to flow into,2640,French,159,French,159,to fall down,to flow into,tomber,tomber
27457,shift5190,Derivation,1,ACCEPTED,→,fist,1304,handful,1551,French,159,French,159,fist,handful,poing,poignée
27458,shift5190,Polysemy,2,ACCEPTED,→,fist,1304,handful,1551,Spanish,158,Spanish,158,fist,handful,puño,puño
27459,shift5190,Polysemy,3,ACCEPTED,→,fist,1304,handful,1551,Romanian,139,Romanian,139,fist,handful,pumn,pumn
27460,shift5190,Polysemy,4,ACCEPTED,→,fist,1304,handful,1551,Latin,245,Latin,245,fist,"fistful, handful",pugnus,pugnus
27461,shift5190,Derivation,5,ACCEPTED,→,fist,1304,handful,1551,Portuguese,117,Portuguese,117,fist,handful,punho,punhado
27462,shift5190,Polysemy,6,ACCEPTED,—,fist,1304,handful,1551,Italian,161,Italian,161,fist,"handful, fistful",pugno,pugno
27473,shift4375,Polysemy,3,ACCEPTED,—,to ask (for),2238,to pray,2996,Romanian,139,Romanian,139,"to ask someone insistently to fulfill a wish, a service, a favor, etc; to ask someone for the will or permission to do something","to make a prayer, to invoke divinity",ruga,ruga
27476,shift4375,Polysemy,6,ACCEPTED,→,to ask (for),2238,to pray,2996,French,159,French,159,to ask (for),to pray,prier,prier
27488,shift4375,Polysemy,18,ACCEPTED,→,to ask (for),2238,to pray,2996,Italian,161,Italian,161,to ask (for),to pray,pregare,pregare
27490,shift4375,Polysemy,20,ACCEPTED,→,to ask (for),2238,to pray,2996,Latin,245,Latin,245,"to ask, beg, entreat, pray",to pray (gods),"precor, -ari","precor, -ari"
27493,shift4375,Polysemy,23,ACCEPTED,→,to ask (for),2238,to pray,2996,Portuguese,117,Portuguese,117,"wish, request",prayer,rogo,rogo
27494,shift4375,Polysemy,24,ACCEPTED,→,to ask (for),2238,to pray,2996,Portuguese,117,Portuguese,117,to ask (for),to pray,pedir,pedir
27495,shift4375,Polysemy,25,ACCEPTED,→,to ask (for),2238,to pray,2996,Spanish,158,Spanish,158,"entreaty, supplication",prayer,deprecación,deprecación
27500,shift4375,Polysemy,30,ACCEPTED,←,to ask (for),2238,to pray,2996,Portuguese,117,Portuguese,117,to ask (for),to pray,orar,orar
27518,shift3425,Polysemy,3,ACCEPTED,←,empty,3835,"naked, bare",1819,Latin,245,Latin,245,empty,naked,nudus,nudus
27531,shift0519,Polysemy,3,ACCEPTED,—,top of the head,3406,peak of mountain,326,Italian,161,Italian,161,crown of the head,peak of mountain,cocuzzolo,cocuzzolo
27545,shift0446,Polysemy,3,ACCEPTED,—,eyelid,3899,eyebrow,3897,Sardinian,74,Sardinian,74,eyelid,eyebrow,pibirista,pibirista
27576,shift0555,Polysemy,5,ACCEPTED,→,snake,4136,"guileful, crafty person",856,French,159,French,159,snake,cunning person,serpent,serpent
27595,shift6674,Polysemy,4,ACCEPTED,→,&lt;woman&gt;,2,"opening, hole",4551,French,159,French,159,female,"socket, female plug",femelle,femelle
27598,shift2734,Polysemy,3,ACCEPTED,→,busy,3728,"commerce, business",1046,Latin,245,Latin,245,"occupation, job",trade,negotium,negotium
27606,shift5640,Derivation,3,ACCEPTED,→,&lt;name of person&gt;,1811,ladybird,145,Galician,817,Galician,817,female given name,ladybird,Xoana,xoaniña
27607,shift5640,Derivation,4,ACCEPTED,→,&lt;name of person&gt;,1811,ladybird,145,Portuguese,117,Portuguese,117,female given name,ladybird,Joana,joaninha
27618,shift2707,Polysemy,2,ACCEPTED,→,"table, desk",2107,meal (process),613,Latin,245,Latin,245,table,meal,mensa,mensa
27646,shift1068,Polysemy,2,ACCEPTED,→,to feel,2612,to perceive smell,2969,French,159,French,159,to feel,to perceive smell,sentir,sentir
27648,shift4443,Polysemy,1,ACCEPTED,→,spool,4216,shuttle (weaving instrument),4061,Italian,161,Italian,161,spool  (of thread),shuttle (weaving instrument),rocchetto,rocchetto
27649,shift4443,Polysemy,2,ACCEPTED,→,spool,4216,shuttle (weaving instrument),4061,Italian,161,Italian,161,spool,shuttle (weaving instrument),spola,spola
27658,shift0275,Polysemy,4,ACCEPTED,→,poisonous,424,sarcastic,3938,Spanish,158,Spanish,158,poisonous,sarcastic,venenoso,venenoso
27681,shift7525,Derivation,3,ACCEPTED,→,hundred,1689,myriapod,757,Italian,161,Italian,161,hundred,myriapod,cento,centopiedi
27684,shift7525,Derivation,6,ACCEPTED,→,hundred,1689,myriapod,757,Spanish,158,Spanish,158,hundred,myriapod,cien,ciempiés
27685,shift7525,Derivation,7,ACCEPTED,→,hundred,1689,myriapod,757,Portuguese,117,Portuguese,117,hundred (in compounds),myriapod,cento-,centopeia
27686,shift7525,Derivation,8,ACCEPTED,→,hundred,1689,myriapod,757,Galician,817,Galician,817,hundred,myriapod,cen,cempés
27689,shift7525,Derivation,11,ACCEPTED,→,hundred,1689,myriapod,757,Jèrriais (Jersey Norman French),1063,Jèrriais (Jersey Norman French),1063,hundred,myriapod,chent,bête à chent pids
27694,shift7525,Derivation,16,ACCEPTED,→,hundred,1689,myriapod,757,Catalan,312,Catalan,312,hundred,myriapod,cent,centpeus
27699,shift5912,Polysemy,2,NEW,→,"to skin, flay",3163,to rob,3094,Romanian,139,Romanian,139,"to skin, flay",to rob,beli,beli
27703,shift7986,Internal cognates,4,ACCEPTED,→,mood,707,humor,1686,French,159,French,159,"mental state, either temperamental or as temporary mood",humor,humeur,humour
27705,shift7986,Internal cognates,6,ACCEPTED,→,mood,707,humor,1686,Romanian,139,Romanian,139,"soul disposition; character, temperament","inclination to jokes and ironies, hidden under an appearance of seriousness; verbal or written manifestation of this inclination; gaiety, fun",umoare,umor
27720,shift0751,Polysemy,11,ACCEPTED,→,leaf,174,sheet of paper,4028,French,159,French,159,leaf,sheet of paper,feuille,feuille
27778,shift1049,Polysemy,5,ACCEPTED,—,berry,3582,&lt;berry&gt;,3476,Galician,817,Galician,817,berry,strawberry,amorodo,amorodo
27786,shift1420,Polysemy,4,ACCEPTED,—,frequent,1375,"thick (of a growth, hair)",2168,Italian,161,Italian,161,dense,"thick, compact",spesso,spesso
27802,shift8119,Polysemy,1,NEW,→,hare (Lepus),1562,guinea pig (Cavia porcellus),860,Spanish,158,Spanish,158,diminutive of conejo 'rabbit',guinea pig (Cavia porcellus),conejillo,conejillo
27838,shift6690,Polysemy,1,ACCEPTED,→,drum,4487,diamonds (in cards),4429,Romanian,139,Romanian,139,drum,diamonds (in cards),tobă,tobă
27852,shift0757,Polysemy,9,ACCEPTED,→,to lose one&#39;s way,2872,"to make a mistake, be wrong",2879,Latin,245,Latin,245,"to lose one's way, to get lost",to be wrong,"erro, -are","erro, -are"
27875,shift1374,Derivation,1,ACCEPTED,→,&lt;thorny plant&gt;,2101,goldfinch (Carduelis),812,Latin,245,Latin,245,thistle,goldfinch,carduus,carduelis
27883,shift1182,Polysemy,1,ACCEPTED,?,sediment,3984,lumpen,270,Italian,161,Italian,161,"residue, sediment, dregs",scum (fig.),feccia,feccia
27886,shift1182,Polysemy,4,ACCEPTED,—,sediment,3984,lumpen,270,French,159,French,159,"residue, dregs",lumpen,lie,lie
27948,shift1145,Polysemy,7,ACCEPTED,?,cold,1032,indifferent,1766,Spanish,158,Spanish,158,cold,indifferent,frío,frío
27963,shift0046,Derivation,6,ACCEPTED,—,dog,4458,seal (animal),3973,Latin,245,Latin,245,dog,sea calf,canis,canis marinus
27982,shift4695,Polysemy,1,ACCEPTED,→,teacher,2138,"doctor, physician",4456,Medieval Latin,44,Medieval Latin,44,teacher,doctor (medical),doctor,doctor
27984,shift0999,Derivation,1,ACCEPTED,?,key (of a door),1705,clavicle,994,Latin,245,Latin,245,key,collar bone,clavis,clavicula
28009,shift0071,Polysemy,14,ACCEPTED,→,part,306,destiny,4419,Romanian,139,Romanian,139,part,"lot, fate",parte,parte
28035,shift0068,Polysemy,15,ACCEPTED,—,morning,712,tomorrow,3398,Spanish,158,Spanish,158,morning,tomorrow,mañana,mañana
28116,shift0068,Derivation,96,NEW,→,morning,712,tomorrow,3398,Portuguese,117,Portuguese,117,morning,tomorrow,manhã,amanhã
28158,shift0575,Polysemy,1,ACCEPTED,—,girl,786,daughter,4387,Romanian,139,Romanian,139,"girl, maiden",daughter,fată,fată
28166,shift0575,Derivation,9,ACCEPTED,←,girl,786,daughter,4387,French,159,French,159,girl,daughter,fille,fille
28186,shift0575,Polysemy,29,NEW,—,girl,786,daughter,4387,Italian,161,Italian,161,(usually regional) girl,daughter,figlia,figlia
28202,shift3401,Derivation,12,ACCEPTED,—,frog,1384,"tortoise, turtle",3414,Galician,817,Galician,817,toad,"tortoise, turtle",sapo,sapoconcho
28213,shift3401,Derivation,23,ACCEPTED,—,frog,1384,"tortoise, turtle",3414,Romanian,139,Romanian,139,frog,"tortoise, turtle",broască,broască-țestoasă
28214,shift3401,Derivation,24,ACCEPTED,→,frog,1384,"tortoise, turtle",3414,Aromanian,1231,Aromanian,1231,frog,"tortoise, turtle",broascã,broascã tsãstoasã
28239,shift3284,Polysemy,3,ACCEPTED,→,to teach,3285,to punish,3020,Portuguese,117,Portuguese,117,to teach,to punish,ensinar,ensinar
28269,shift0016,Polysemy,3,ACCEPTED,—,sweet (taste),4358,"dear, darling",4397,Latin,245,Latin,245,sweet,"tender, nice",dulcis,dulcis
28273,shift0016,Polysemy,7,ACCEPTED,→,sweet (taste),4358,"dear, darling",4397,Romanian,139,Romanian,139,sweet (taste),"dear, darling",dulce,dulce
28282,shift0955,Polysemy,5,NEW,←,"country, land",1109,"people, nation",345,Spanish,158,Spanish,158,country with independent government.,"people, nation",pueblo,pueblo
28285,shift6913,Derivation,2,ACCEPTED,→,fast (n.),1237,breakfast,3679,French,159,French,159,fast (n.),breakfast,jeûne,déjeuner
28286,shift6913,Derivation,3,ACCEPTED,→,fast (n.),1237,breakfast,3679,Spanish,158,Spanish,158,fast (n.),breakfast,ayuno,desayuno
28316,shift1669,Derivation,1,NEW,?,beard,3541,barbel,3511,Latin,245,Latin,245,beard,barbel fish (barbus barbus),barba,barbus
28320,shift1009,Polysemy,3,ACCEPTED,—,pimple,379,bud (of a flower),3711,French,159,French,159,pimple,bud,bouton,bouton
28326,shift3333,Polysemy,6,ACCEPTED,→,to boil (intr.),2361,"to worry, be agitated",3382,Italian,161,Italian,161,to boil (intr.),"being agitated, burning, shivering with a violent but repressed feeling",bollire,bollire
28328,shift3333,Polysemy,8,ACCEPTED,→,to boil (intr.),2361,"to worry, be agitated",3382,Portuguese,117,Portuguese,117,to boil (intr.),"to worry, be agitated",ferver,ferver
28341,shift2038,Polysemy,5,ACCEPTED,—,weak,28,lean,178,Spanish,158,Spanish,158,weak,thin,flaco,flaco
28347,shift0838,Polysemy,5,ACCEPTED,—,hump (of a person or camel),1687,hill,1626,Spanish,158,Spanish,158,hump,"hillock, knoll, mound (colloq.)",joroba,joroba
28349,shift0838,Polysemy,7,ACCEPTED,—,hump (of a person or camel),1687,hill,1626,French,159,French,159,hump,"hillock, bump",bosse,bosse
28350,shift0838,Polysemy,8,ACCEPTED,→,hump (of a person or camel),1687,hill,1626,Romanian,139,Romanian,139,hump,hill,gheb,gheb
28352,shift0838,Polysemy,10,ACCEPTED,—,hump (of a person or camel),1687,hill,1626,Italian,161,Italian,161,hump (of a person or camel),"hillock, knoll, mound, bump",gobba,gobba
28373,shift4358,Polysemy,3,ACCEPTED,→,"stopper, plug",4285,traffic jam,3423,French,159,French,159,"cork, bung, stopper, plug",traffic jam,bouchon,bouchon
28393,shift0749,Polysemy,7,ACCEPTED,—,to blow,2355,to breathe,2373,French,159,French,159,to blow,to breathe heavily,souffler,souffler
28395,shift0749,Polysemy,9,ACCEPTED,—,to blow,2355,to breathe,2373,Latin,245,Latin,245,to blow (of wind),to breathe,"spiro, -are","spiro, -are"
28401,shift2605,Derivation,2,ACCEPTED,→,to stand,3211,"to help, aid",2761,Latin,245,Latin,245,to stand,"to help, aid","sto, -are","assisto, -ere"
28417,shift3845,Polysemy,3,ACCEPTED,→,literally,230,figuratively,1278,Spanish,158,Spanish,158,literally,figuratively,literalmente,literalmente
28430,shift0425,Polysemy,3,ACCEPTED,→,shoulder,4053,mountain slope,732,Latin,245,Latin,245,"upper part of the arm, shoulder",mountain slope,umerus,umerus
28431,shift0425,Polysemy,4,ACCEPTED,→,shoulder,4053,mountain slope,732,Italian,161,Italian,161,shoulder,"slope of a mountain, of a hill",spalla,spalla
28440,shift5064,Polysemy,6,ACCEPTED,→,grandmother,827,term of address to a woman,2157,Romanian,139,Romanian,139,grandmother,<term of address to an old woman>,bunică,bunică
28453,shift2640,Derivation,1,ACCEPTED,→,bottom,3654,&lt;swimming bird&gt;,3904,Romanian,139,Romanian,139,bottom,pochard,fund,fundac
28472,shift1311,Polysemy,1,ACCEPTED,?,magpie (Pica pica),567,talkative person,2120,Latin,245,Latin,245,magpie,chatterbox (f.),pica,pica
28474,shift1311,Polysemy,3,ACCEPTED,?,magpie (Pica pica),567,talkative person,2120,Italian,161,Italian,161,magpie,chatterbox,gazza,gazza
28475,shift1311,Polysemy,4,ACCEPTED,—,magpie (Pica pica),567,talkative person,2120,Romanian,139,Romanian,139,magpie,chatterbox (f.),ţarcă,ţarcă
28477,shift1311,Polysemy,6,ACCEPTED,→,magpie (Pica pica),567,talkative person,2120,Spanish,158,Spanish,158,magpie,chatterbox,urraca,urraca
28478,shift1311,Polysemy,7,ACCEPTED,→,magpie (Pica pica),567,talkative person,2120,Romanian,139,Romanian,139,magpie,chatterbox (f.),caragaţă,caragaţă
28497,shift1354,Polysemy,5,ACCEPTED,—,"spade, shovel",4182,oar,4511,Romanian,139,Romanian,139,shovel,paddle,lopată,lopată
28526,shift2526,Polysemy,22,NEW,→,white,62,wheat,53,Old French,226,Old French,226,white,wheat,fleuri,fleuri
28531,shift1166,Derivation,2,ACCEPTED,—,to chew,2425,bit (part of horse harness),3604,Latin,245,Latin,245,"to grind, to gnash (teeth)",bar bit,"frendo, -ere",freni
28532,shift1166,Derivation,3,ACCEPTED,?,to chew,2425,bit (part of horse harness),3604,Italian,161,Italian,161,to bite,bar bit,mordere,morso
28543,shift0064,Polysemy,2,ACCEPTED,→,to burst,2386,to die,2517,French,159,French,159,"to burst, break",to die,crever,crever
28578,shift6018,Derivation,1,ACCEPTED,→,to gnaw,2696,rodent,1490,New Latin,1067,New Latin,1067,to gnaw,rodent,"rodo, rodere",rodens
28587,shift6018,Derivation,10,ACCEPTED,→,to gnaw,2696,rodent,1490,Friulian,836,Friulian,836,to gnaw,rodent,roseâ,roseadôr
28588,shift6018,Derivation,11,ACCEPTED,→,to gnaw,2696,rodent,1490,Spanish,158,Spanish,158,to gnaw,rodent,roer,roedor
28589,shift6018,Derivation,12,ACCEPTED,→,to gnaw,2696,rodent,1490,Galician,817,Galician,817,to gnaw,rodent,roer,roedor
28590,shift6018,Derivation,13,ACCEPTED,→,to gnaw,2696,rodent,1490,Portuguese,117,Portuguese,117,to gnaw,rodent,roer,roedor
28597,shift6018,Derivation,20,ACCEPTED,→,to gnaw,2696,rodent,1490,Occitan,80,Occitan,80,to gnaw,rodent,rosegar,rosegaire
28598,shift6018,Derivation,21,ACCEPTED,→,to gnaw,2696,rodent,1490,Romanian,139,Romanian,139,to gnaw,rodent,roade,rozător
28599,shift6018,Derivation,22,ACCEPTED,→,to gnaw,2696,rodent,1490,Catalan,312,Catalan,312,to gnaw,rodent,rosegar,rosegador
28602,shift6018,Derivation,25,ACCEPTED,→,to gnaw,2696,rodent,1490,French,159,French,159,to gnaw,rodent,ronger,rongeur
28606,shift6018,Derivation,29,ACCEPTED,→,to gnaw,2696,rodent,1490,Italian,161,Italian,161,to gnaw,rodent,rodere,roditore
28632,shift1369,Polysemy,1,ACCEPTED,—,"step, pace",4257,unit of length,528,Latin,245,Latin,245,"step, pace, stride",a measure of distance,passus,passus
28637,shift1369,Polysemy,6,ACCEPTED,—,"step, pace",4257,unit of length,528,Spanish,158,Spanish,158,"step, pace","unit of length, A measure of five Roman feet or the distance of a double step counted from the heel of the foot that advances to the anterior end of this same foot when perching",paso,paso
28638,shift1369,Polysemy,7,ACCEPTED,→,"step, pace",4257,unit of length,528,Italian,161,Italian,161,"step, pace","length measurement unit in use in Italy before the adoption of the metric decimal system, with variable values in the various locations",passo,passo
28669,shift7334,Polysemy,1,NEW,→,sun,4333,&lt;money&gt;,559,Spanish,158,Spanish,158,sun,"the currency of Peru between 1863 and 1985, and from 1991 (nuevo sol)",sol,sol
28680,shift4329,Polysemy,8,ACCEPTED,—,underwear,516,bed-clothes,3551,Romanian,139,Romanian,139,underwear,bed-clothes,albitură,albitură
28682,shift3018,Polysemy,2,NEW,—,wing,92,armpit,2029,Latin,245,Latin,245,wing,armpit,ala,ala
28686,shift0192,Derivation,3,ACCEPTED,→,"sign, designation",4076,genitalia,777,Latin,245,Latin,245,"that which constitues evidence of a fact, indicator",a testicle,testis,testiculus
28702,shift2855,Derivation,2,ACCEPTED,→,to grow up,2727,young person,2093,Latin,245,Latin,245,to grow,"young, young man","adolēsco, -ere",adulescens
28704,shift6170,Polysemy,1,NEW,→,bear (Ursus),3539,bully,3718,Spanish,158,Spanish,158,bear (Ursus),man who likes brawling,oso,oso
28714,shift5746,Derivation,3,ACCEPTED,→,to systematize,3267,computer,1075,Spanish,158,Spanish,158,to systematize,computer,ordenar,ordenador
28724,shift0633,Polysemy,10,ACCEPTED,—,copper,1093,brass,3674,Latin,245,Latin,245,copper,brass,"aes, aeris","aes, aeris"
28732,shift6339,Polysemy,1,NEW,→,pig (Sus scrofa),369,Boletus edulis,3644,Italian,161,Italian,161,pig (adj.),Boletus edulis,porcino,porcino
28733,shift8218,Polysemy,1,NEW,→,"as, like",2038,if,1737,Spanish,158,Spanish,158,"as, like",if,como,como
28743,shift1153,Polysemy,2,ACCEPTED,?,to want,3353,to hunt,2776,Latin,245,Latin,245,I solicit for,I am hunting,uenor,uenor
28754,shift0886,Polysemy,2,ACCEPTED,?,"bile, gall",3589,anger,1996,Italian,161,Italian,161,bile,rage,bile,bile
28755,shift0886,Polysemy,3,ACCEPTED,?,"bile, gall",3589,anger,1996,Italian,161,Italian,161,bile,spite,fiele,fiele
28761,shift0886,Polysemy,9,ACCEPTED,?,"bile, gall",3589,anger,1996,Spanish,158,Spanish,158,bile,"irritation, anger",cólera,cólera
28782,shift2700,Polysemy,1,ACCEPTED,→,"rope, cord",1504,unit of length,528,Spanish,158,Spanish,158,string,the distance of five steps,cordel,cordel
28785,shift2700,Polysemy,4,ACCEPTED,→,"rope, cord",1504,unit of length,528,Spanish,158,Spanish,158,"rope, cord, cable, wire rope","length unit (7095,15 mm)",cuerda,cuerda
28786,shift2700,Polysemy,5,ACCEPTED,→,"rope, cord",1504,unit of length,528,Spanish,158,Spanish,158,"rope, cable",length unit (= 710.5 sm),soga,soga
28790,shift3283,Polysemy,2,NEW,—,pair of compasses,287,compass (mariners&#39; directional tool),1068,French,159,French,159,compasses,sea compass,compas,compas
28810,shift0691,Polysemy,2,ACCEPTED,?,"to strike, hit",3234,to shoot,3149,Romanian,139,Romanian,139,to beat,"to fire off, to shoot",a buşi,a buşi
28811,shift0691,Polysemy,3,ACCEPTED,—,"to strike, hit",3234,to shoot,3149,Romanian,139,Romanian,139,to beat,to shoot,a bate,a bate
28834,shift0996,Polysemy,3,ACCEPTED,→,to heat up,2760,to deceive,2494,Romanian,139,Romanian,139,to fry; to burn,to deceive (colloq.),a frige,a frige
28859,shift2809,Polysemy,1,ACCEPTED,←,clever,999,to be awake,2258,Romanian,139,Romanian,139,intelligent,awake,deştept,deştept
28867,shift2771,Derivation,2,ACCEPTED,→,to be born,2259,birthmark,3599,Latin,245,Latin,245,to give birth to,birthmark,"gigno, -ere",naevus
28870,shift1375,Polysemy,2,ACCEPTED,→,&lt;name of person&gt;,1811,doll,4460,French,159,French,159,dim. from Catherine,"doll, puppet",Catin,catin
28886,shift1004,Polysemy,1,ACCEPTED,?,mat,603,whore,67,Latin,245,Latin,245,skin,whore (male or female),scortum,scortum
28891,shift1004,Derivation,6,ACCEPTED,—,mat,603,whore,67,French,159,French,159,skin,whore (lit. Dog's skin),peau,peau de chien
28901,shift0744,Polysemy,6,ACCEPTED,?,tongue (body part),3400,language,154,Latin,245,Latin,245,tongue,language (speech),lingua,lingua
28907,shift0744,Polysemy,12,ACCEPTED,→,tongue (body part),3400,language,154,French,159,French,159,tongue (body part),speech,langue,langue
28979,shift0667,Polysemy,2,NEW,→,breathing,3683,"human, person",1683,Latin,245,Latin,245,act or manner of breathing,"being, creature, person",anima,anima
28980,shift8557,Polysemy,1,ACCEPTED,→,&lt;foreign country&gt;,1209,&lt;metal&gt;,557,Latin,245,Latin,245,island of Cyprus,copper,Cyprus,cypreum
29001,shift4666,Derivation,2,ACCEPTED,→,blue,3634,eggplant (Solanum melongena),3814,Romanian,139,Romanian,139,dark blue (with reflexes violet),eggplant (Solanum melongena),vânăt,vânătă
29017,shift1333,Polysemy,5,ACCEPTED,→,hare (Lepus),1562,coward,1123,Italian,161,Italian,161,rabbit,coward,coniglio,coniglio
29018,shift1333,Polysemy,6,ACCEPTED,→,hare (Lepus),1562,coward,1123,Spanish,158,Spanish,158,hare,coward,liebre,liebre
29032,shift0572,Polysemy,1,ACCEPTED,?,to transit,3310,to become,2312,Portuguese,117,Portuguese,117,"to cross, to pass",to become (+ infinitive),passar,passar
29043,shift0394,Polysemy,7,ACCEPTED,→,"miserable, unhappy",680,"poor, needy",437,French,159,French,159,"misfortune, trouble; misery, failure; suffering","poverty, misery, need",misère,misère
29044,shift0394,Polysemy,8,ACCEPTED,←,"miserable, unhappy",680,"poor, needy",437,French,159,French,159,"unhappy, miserable",poor,pauvre,pauvre
29140,shift4987,Polysemy,1,NEW,—,hippopotamus,1630,seahorse (Hippocampus),3972,Spanish,158,Spanish,158,hippopotamus,seahorse (Hippocampus),caballo de agua,caballo de agua
29149,shift7495,Derivation,2,ACCEPTED,→,pig (Sus scrofa),369,porcupine,443,Old French,226,Old French,226,pig (Sus scrofa),porcupine,porc,porc-espin
29150,shift7495,Derivation,3,ACCEPTED,→,pig (Sus scrofa),369,porcupine,443,Spanish,158,Spanish,158,pig (Sus scrofa),porcupine,puerco,puercoespín
29151,shift7495,Derivation,4,ACCEPTED,→,pig (Sus scrofa),369,porcupine,443,Portuguese,117,Portuguese,117,pig (Sus scrofa),porcupine,porco,porco-espinho
29152,shift7495,Derivation,5,ACCEPTED,→,pig (Sus scrofa),369,porcupine,443,Italian,161,Italian,161,pig (Sus scrofa),porcupine,porco,porcospino
29155,shift3122,Polysemy,1,ACCEPTED,→,to leave behind,2839,"to defeat, win",2501,Romanian,139,Romanian,139,"to outstrip, to anticipate","to outstrip, to win",a depăşi,a depăşi
29164,shift1882,Polysemy,3,ACCEPTED,—,atheist,2049,cruel,1151,Spanish,158,Spanish,158,atheist,cruel,impío,impío
29188,shift7197,Motivation,1,NEW,→,spleen (anat.),4210,goldenrod,811,Romanian,139,Romanian,139,spleen (anat.),goldenrod,splină,splinuță
29192,shift3145,Polysemy,1,ACCEPTED,→,shoal,4042,troop (of fishes),3443,Romanian,139,Romanian,139,sandbank,flock (fish),banc,banc
29194,shift3145,Polysemy,3,ACCEPTED,→,shoal,4042,troop (of fishes),3443,French,159,French,159,shoal,troop (of fishes),banc,banc
29195,shift3145,Polysemy,4,ACCEPTED,→,shoal,4042,troop (of fishes),3443,Catalan,312,Catalan,312,shoal,troop (of animals),banc,banc
29197,shift3145,Polysemy,6,ACCEPTED,→,shoal,4042,troop (of fishes),3443,Italian,161,Italian,161,shallow sandy or gravelly in the sea or rivers,very large quantity of anchovies or other fish that swim in groups,banco,banco
29198,shift3145,Polysemy,7,ACCEPTED,→,shoal,4042,troop (of fishes),3443,Spanish,158,Spanish,158,shoal,group of fish that go together in large numbers,banco,banco
29223,shift0767,Polysemy,8,ACCEPTED,→,dark (adj.),4382,incomprehensible,1762,French,159,French,159,dark (adj.),difficult to understand,obscur,obscur
29231,shift5302,Polysemy,2,NEW,→,pig (Sus scrofa),369,police officer,430,Spanish,158,Spanish,158,pig (Sus scrofa),police officer,puerco,puerco
29232,shift5302,Polysemy,3,NEW,→,pig (Sus scrofa),369,police officer,430,French,159,French,159,pig (Sus scrofa),police officer,les flicailles,les flicailles
29277,shift6174,Derivation,1,NEW,→,bear (Ursus),3539,tayra,2136,Spanish,158,Spanish,158,bear (Ursus),(Bolivia) tayra,oso,oso melero
29278,shift3723,Polysemy,1,ACCEPTED,—,"to raise, lift (tr.)",3037,to draft (for the army),2547,Spanish,158,Spanish,158,"to raise, lift (tr.)",to draft (for the army),levantar,levantar
29286,shift6004,Polysemy,3,ACCEPTED,←,fishbone,1301,awn,2069,Latin,245,Latin,245,fishbone or a fibril thereof,awn (beard of grain),arista,arista
29287,shift6004,Polysemy,4,ACCEPTED,←,fishbone,1301,awn,2069,Galician,817,Galician,817,fishbone,awn (beard of grain),argana,argana
29296,shift1816,Polysemy,2,ACCEPTED,—,to hang,2733,to depend,2507,Spanish,158,Spanish,158,to hang,to depend,colgar,colgar
29308,shift7292,Motivation,1,ACCEPTED,→,St. Andrew,4238,December,4401,Romanian,139,Romanian,139,St. Andrew,"(dialect, rare) December","Sfântul Andrei, Sânandrei, Sântândrea","andrea, undrea, îndrea, indrea, andreauă, indreauă, îndrauă, îndreauă, îndrauă"
29309,shift7292,Motivation,2,ACCEPTED,→,St. Andrew,4238,December,4401,Sardinian,74,Sardinian,74,Christmas,December,santu Andrìa,(obsolete) sant-andria
29311,shift7292,Motivation,4,ACCEPTED,→,St. Andrew,4238,December,4401,Aromanian,1231,Aromanian,1231,St. Andrew,December,Andrei,"andreauă, andreu, ndreu, ndriu, andrelushu"
29332,shift1211,Polysemy,1,ACCEPTED,→,to feel thirsty,2621,to want,3353,Latin,245,Latin,245,to feel thirsty,"to desire, long for","sitio, -ire","sitio, -ire"
29348,shift0013,Polysemy,12,ACCEPTED,—,"to calculate, count",2393,to have opinion,2752,French,159,French,159,to count,to have an opinion,compter,compter
29351,shift0013,Polysemy,15,ACCEPTED,—,"to calculate, count",2393,to have opinion,2752,Latin,245,Latin,245,"count, calculation","thought, reflection",ratio,ratio
29354,shift0013,Derivation,18,ACCEPTED,—,"to calculate, count",2393,to have opinion,2752,Latin,245,Latin,245,to calculate,to have an opinion,"puto, -are","puto, -are"
29359,shift0013,Polysemy,23,ACCEPTED,—,"to calculate, count",2393,to have opinion,2752,Italian,161,Italian,161,to count,to have an opinion,contare,contare
29411,shift3246,Polysemy,1,ACCEPTED,→,to go up,2713,to get on a vehicle,2684,Spanish,158,Spanish,158,"to rise, to go up","to mount a horse, to get into a car, to take a train etc",subir,subir
29413,shift3246,Polysemy,3,ACCEPTED,→,to go up,2713,to get on a vehicle,2684,French,159,French,159,"to rise, to go up",to get into a carriage etc.,monter,monter
29415,shift3246,Polysemy,5,ACCEPTED,→,to go up,2713,to get on a vehicle,2684,Italian,161,Italian,161,to go up,to get on a vehicle,salire,salire
29429,shift0798,Polysemy,3,ACCEPTED,?,taste (n.),2132,intellect,1797,Latin,245,Latin,245,to have taste (food),"to be intelligent, wise",sapio,sapio
29434,shift5317,Polysemy,1,ACCEPTED,←,people (pl.),344,village,3765,Spanish,158,Spanish,158,village,people (pl.),pueblo,pueblo
29436,shift5317,Polysemy,3,ACCEPTED,—,people (pl.),344,village,3765,Catalan,312,Catalan,312,village,people (pl.),poble,poble
29438,shift1798,Polysemy,2,ACCEPTED,→,"to ride (e.g., a horse)",3086,to copulate,2462,Spanish,158,Spanish,158,to ride on horseback,"to cover (female animal), to fecundate",cabalgar,cabalgar
29442,shift1345,Derivation,1,ACCEPTED,→,to dive,2540,&lt;swimming bird&gt;,3904,Romanian,139,Romanian,139,"to plunge, to immerse",1) Arctic loon; 2) great crested grebe,a se cufunda,cufundar
29463,shift4049,Polysemy,4,ACCEPTED,—,noise,1872,quarrel,1901,Latin,245,Latin,245,"angry noise, clamour, uproar; noisy importuning","insulting talk, abuse, reproof, mockery",convicium,convicium
29478,shift2029,Derivation,4,ACCEPTED,→,to stand up,3216,to be resurrected,2295,Latin,245,Latin,245,to rise,a rising again from the dead,"surgo, -ere","resurgo, -ere"
29483,shift0038,Polysemy,1,ACCEPTED,→,to fall down,2605,to meet accidentally,2911,Italian,161,Italian,161,"to fall down, to crash down on the ground","to meet accidentally, to happen upon smb.",abbattersi,abbattersi
29485,shift0038,Polysemy,3,NEW,→,to fall down,2605,to meet accidentally,2911,French,159,French,159,to fall down,to meet accidentally,tomber,tomber
29553,shift5054,Polysemy,2,ACCEPTED,→,to speak,3193,to correspond,2464,Italian,161,Italian,161,to speak,to be compatible,dire,dire
29590,shift0434,Derivation,6,NEW,—,shoulder,4053,back (body part),3485,Italian,161,Italian,161,shoulder,back (body part),spalla,spalla
29626,shift2829,Polysemy,2,ACCEPTED,→,bone marrow,3646,core (of plant),1096,French,159,French,159,marrow,core (of a plant),moelle,moelle
29628,shift2829,Polysemy,4,ACCEPTED,—,bone marrow,3646,core (of plant),1096,Spanish,158,Spanish,158,marrow,"core (of a plant, tree)",tuétano,tuétano
29638,shift4866,Polysemy,2,NEW,→,club (a weapon),1013,clubs (in cards),1015,Portuguese,117,Portuguese,117,club (a weapon),clubs (in cards),paus,paus
29652,shift0978,Polysemy,1,ACCEPTED,→,to hit the target,2769,to guess,2732,Spanish,158,Spanish,158,to hit the mark,to guess,acertar,acertar
29676,shift8051,Polysemy,1,ACCEPTED,—,twin,3471,conjoined fruits,1080,Catalan,312,Catalan,312,twin,conjoined fruits that are usually separate,bessó,bessó
29689,shift4848,Polysemy,2,ACCEPTED,—,body part,3642,member,631,Latin,245,Latin,245,"a limb, member of the body",member,membrum,membrum
29703,shift5218,Derivation,1,ACCEPTED,→,head,1578,chapter (of a book),943,Late Latin,1147,Late Latin,1147,head,chapter (of a book),caput,capitulum
29719,shift4022,Polysemy,2,ACCEPTED,—,father,1242,defender,4407,Romanian,139,Romanian,139,father,a person who protects or supports someone,tată,tată
29721,shift4022,Polysemy,4,ACCEPTED,→,father,1242,defender,4407,Latin,245,Latin,245,father,(in honorofic titles) protector,pater,pater
29722,shift4022,Polysemy,5,ACCEPTED,→,father,1242,defender,4407,Portuguese,117,Portuguese,117,father,defender,pai,pai
29733,shift1294,Polysemy,3,ACCEPTED,—,"many, much",584,very,3761,Spanish,158,Spanish,158,"numerous, abundant",very,mucho,mucho
29737,shift1294,Polysemy,7,ACCEPTED,→,"many, much",584,very,3761,French,159,French,159,many,very,beaucoup,beaucoup
29761,shift3466,Polysemy,2,ACCEPTED,→,tasty,2134,good,814,French,159,French,159,good,tasty,bon,bon
29770,shift4035,Polysemy,1,NEW,→,father,1242,amazing,1983,Spanish,158,Spanish,158,father,"amazing, striking, startling",padre,padre
29782,shift3889,Polysemy,2,ACCEPTED,←,"to defeat, win",2501,"to gain, to earn",2663,French,159,French,159,to win,"to gain, to earn",gagner,gagner
29786,shift5244,Polysemy,1,ACCEPTED,→,drone,4484,bumblebee,3719,Galician,817,Galician,817,drone,bumblebee,abellón,abellón
29787,shift5244,Polysemy,2,ACCEPTED,→,drone,4484,bumblebee,3719,Spanish,158,Spanish,158,drone,bumblebee,abejón,abejón
29789,shift5244,Polysemy,4,ACCEPTED,—,drone,4484,bumblebee,3719,Romanian,139,Romanian,139,drone,bumblebee,bondar,bondar
29797,shift8347,Polysemy,2,NEW,→,child,957,prince,465,Spanish,158,Spanish,158,child,"prince, infante (son of a king)",infante,infante
29798,shift8347,Polysemy,3,NEW,→,child,957,prince,465,Portuguese,117,Portuguese,117,infant (very young human being),"prince, infante (the son of a king in Spain and Portugal)",infante,infante
29819,shift3199,Derivation,2,ACCEPTED,→,cereal,933,cornflower (Centaurea),1102,Romanian,139,Romanian,139,"Gen de plante erbacee din familia gramineelor, cu rădăcina adâncă, cu frunzele lanceolate, cu inflorescența în formă de spic, din ale căror boabe se face făină (Triticum)",albăstriță,grâu,floarea-grâului
29829,shift1394,Polysemy,8,ACCEPTED,→,donkey,4463,fool,1336,French,159,French,159,donkey,fool,âne,âne
29839,shift0039,Polysemy,1,ACCEPTED,—,to meet,2909,to like,2852,Italian,161,Italian,161,to meet,to be liked,incontrare,incontrare
29858,shift6503,Derivation,8,ACCEPTED,→,May,609,cockchafer,1024,Italian,161,Italian,161,May,cockchafer,maggio,maggiolino
29861,shift6503,Derivation,11,ACCEPTED,→,May,609,cockchafer,1024,Romanian,139,Romanian,139,May,(regional) cockchafer,mai,gândac-de-mai
29869,shift6503,Derivation,19,ACCEPTED,→,May,609,cockchafer,1024,Aromanian,1231,Aromanian,1231,May,cockchafer,maiu,cãrãbushu di maiu
29875,shift2638,Polysemy,1,ACCEPTED,→,smoke,4130,arrogance,2031,Romanian,139,Romanian,139,smoke,arrogance,fum,fum
29877,shift2638,Polysemy,3,ACCEPTED,→,smoke,4130,arrogance,2031,Spanish,158,Spanish,158,smoke,arrogance,humo,humo
29886,shift2651,Polysemy,4,ACCEPTED,→,to feel hunger,2616,to want,3353,Latin,245,Latin,245,to be hungry,"to want, desire, long for","esurio, -ire","esurio, -ire"
29902,shift8502,Derivation,1,ACCEPTED,→,straw,4298,November,1888,Asturian,1549,Asturian,1549,straw,November,paya,payares
29909,shift7981,Polysemy,1,ACCEPTED,→,red,1444,hearts (in cards),1589,Romanian,139,Romanian,139,red,hearts (in cards),roșu,roșu
29920,shift1150,Polysemy,10,ACCEPTED,→,low (location),263,bad (ethically),3494,Latin,245,Latin,245,low,mean,humilis,humilis
29923,shift1150,Polysemy,13,ACCEPTED,→,low (location),263,bad (ethically),3494,French,159,French,159,low (location),"despicable, abject",bas,bas
29945,shift5057,Polysemy,4,ACCEPTED,→,dry,4491,dry (wine),4492,Italian,161,Italian,161,dry,dry (wine),secco,secco
29947,shift5057,Polysemy,6,ACCEPTED,→,dry,4491,dry (wine),4492,Spanish,158,Spanish,158,dry,dry (wine),seco,seco
29948,shift5057,Polysemy,7,ACCEPTED,→,dry,4491,dry (wine),4492,Romanian,139,Romanian,139,dry,dry (wine),sec,sec
29949,shift5057,Polysemy,8,ACCEPTED,→,dry,4491,dry (wine),4492,French,159,French,159,dry,dry (wine),sec,sec
29971,shift5604,Derivation,4,ACCEPTED,→,to pray,2996,mantis,582,Catalan,312,Catalan,312,to pray,mantis,pregar,pregadéu
29982,shift5604,Polysemy,15,ACCEPTED,→,to pray,2996,mantis,582,Spanish,158,Spanish,158,woman player,mantis,rezadora,rezadora
29983,shift5604,Derivation,16,ACCEPTED,→,to pray,2996,mantis,582,Portuguese,117,Portuguese,117,to praise,mantis,louvar,louva-a-deus
29985,shift5604,Derivation,18,ACCEPTED,→,to pray,2996,mantis,582,French,159,French,159,to pray,(dialect) mantis,prier,prie-Dieu
29996,shift8464,Polysemy,1,ACCEPTED,→,draught animal,4478,husband / wife,1695,Latin,245,Latin,245,yoke-fellow,partner in marriage,coniunx,coniunx
30023,shift1086,Polysemy,1,ACCEPTED,?,girl,786,doll,4460,Latin,245,Latin,245,girl,"doll, puppet",pupa,pupa
30026,shift4584,Polysemy,1,ACCEPTED,→,doll,4460,mandrel (technology),577,Romanian,139,Romanian,139,doll,mandrel (technology),păpușă,păpușă
30029,shift4421,Polysemy,2,ACCEPTED,→,almond,1973,tonsil,3401,Medieval Latin,44,Medieval Latin,44,"almond tree, almond","(medicine, since XII) tonsil",amygdala,amygdala
30030,shift4421,Polysemy,3,ACCEPTED,→,almond,1973,tonsil,3401,Old French,226,Old French,226,(rare) almond,(medicine) tonsil,amigdale,amigdale
30062,shift0674,Polysemy,9,ACCEPTED,→,&lt;artiodactyl (even-toed animal)&gt;,1917,woman,109,Brazilian Portuguese,284,Brazilian Portuguese,284,mare,"(Brazil, Calão, derogatory) woman who practices prostitution",égua,égua
30067,shift0674,Polysemy,14,ACCEPTED,→,&lt;artiodactyl (even-toed animal)&gt;,1917,woman,109,Spanish,158,Spanish,158,mare,"(disrespectful, colloquial, Cuba, Uruguay) rude woman",yegua,yegua
30070,shift1361,Polysemy,3,ACCEPTED,—,to change (tr.),2417,to change clothes,2418,French,159,French,159,to change,to change (clothes),changer,changer
30072,shift1361,Derivation,5,ACCEPTED,?,to change (tr.),2417,to change clothes,2418,Spanish,158,Spanish,158,to change,to change (clothes),cambiar,cambiarse
30171,shift3906,Semantic evolution,3,ACCEPTED,—,child (son or daughter),958,pupil (of an eye),493,Latin,245,Latin,245,little girl,pupil (of an eye),pupa,pupille
30177,shift7182,Motivation,2,NEW,→,butcher,3730,shrike,4058,Catalan,312,Catalan,312,"skinner, flayer",shrike,escorxador,escorxador
30200,shift0982,Derivation,4,ACCEPTED,—,to speak,3193,"to show, indicate",3151,Latin,245,Latin,245,to speak,to show (tr.),"dico, -ere","indico, -are"
30214,shift2731,Polysemy,1,ACCEPTED,→,"board, plank",3638,"table, desk",2107,Italian,161,Italian,161,"board, panel, plank, slab (thin piece of wood or other material)",table,tavola,tavola
30219,shift2731,Polysemy,6,ACCEPTED,—,"board, plank",3638,"table, desk",2107,Catalan,312,Catalan,312,"board, plank",table; desk,taula,taula
30224,shift2731,Polysemy,11,ACCEPTED,—,"board, plank",3638,"table, desk",2107,Friulian,836,Friulian,836,plank,table; desk,taule,taule
30225,shift2718,Polysemy,1,ACCEPTED,→,storehouse; depo,4286,shop,4047,Italian,161,Italian,161,warehouse,shop,magazzino,magazzino
30227,shift2718,Polysemy,3,ACCEPTED,→,storehouse; depo,4286,shop,4047,Spanish,158,Spanish,158,warehouse,"shop, store; grocer's",almacén,almacén
30248,shift5616,Polysemy,1,ACCEPTED,→,to hunt,2776,fighter plane,1277,Spanish,158,Spanish,158,"hunting, hunt",fighter plane,caza,caza
30251,shift5616,Polysemy,4,ACCEPTED,→,to hunt,2776,fighter plane,1277,Galician,817,Galician,817,"hunting, hunt",fighter plane,caza,caza
30252,shift5616,Derivation,5,ACCEPTED,→,to hunt,2776,fighter plane,1277,French,159,French,159,"hunting, hunt",fighter plane,chasse,avion de chasse
30255,shift5616,Polysemy,8,ACCEPTED,→,to hunt,2776,fighter plane,1277,Romanian,139,Romanian,139,"hunt, chase, pursuit",fighter plane,vânătoare,avion de vânătoare
30256,shift5616,Polysemy,9,ACCEPTED,→,to hunt,2776,fighter plane,1277,Portuguese,117,Portuguese,117,"hunting, hunt",fighter plane,caça,caça
30261,shift5616,Polysemy,14,ACCEPTED,→,to hunt,2776,fighter plane,1277,Italian,161,Italian,161,hunting,fighter plane,caccia,caccia
30262,shift5616,Polysemy,15,ACCEPTED,→,to hunt,2776,fighter plane,1277,Catalan,312,Catalan,312,hunt,fighter plane,caça,caça
30265,shift4870,Polysemy,1,ACCEPTED,→,square (geometrical),4233,diamonds (in cards),4429,French,159,French,159,square (geometrical),diamonds (in cards),carreau,carreau
30271,shift4870,Derivation,7,ACCEPTED,→,square (geometrical),4233,diamonds (in cards),4429,Italian,161,Italian,161,square (geometrical),diamonds (in cards),quadro,quadri
30281,shift3816,Polysemy,1,ACCEPTED,→,bishop,3601,bishop (chess),3602,Portuguese,117,Portuguese,117,bishop,bishop (chess),bispo,bispo
30286,shift3819,Polysemy,1,ACCEPTED,→,jester,1184,bishop (chess),3602,French,159,French,159,jester,bishop (chess),fou,fou
30287,shift3819,Polysemy,2,ACCEPTED,→,jester,1184,bishop (chess),3602,Romanian,139,Romanian,139,jester,bishop (chess),nebun,nebun
30292,shift0764,Polysemy,4,ACCEPTED,—,bitter,3607,sad,3912,Spanish,158,Spanish,158,to taste bitter,to upset,amargar,amargar
30300,shift0764,Polysemy,12,ACCEPTED,→,bitter,3607,sad,3912,French,159,French,159,bitter,sorrowful,amer,amer
30324,shift4156,Polysemy,3,ACCEPTED,—,to move away,2927,to abolish,2209,Italian,161,Italian,161,to move away,to abolish,levare,levare
30346,shift1590,Polysemy,5,ACCEPTED,—,to fall down,2605,"to get (to), to find oneself (in)",2669,French,159,French,159,to fall down,"to get (to), to find oneself (in)",tomber,tomber
30353,shift4678,Polysemy,1,NEW,→,official (n.),4525,dragonfly,4476,Spanish,158,Spanish,158,sheriff or constable,"(Argentina, Uruguay) dragofly",alguacil,alguacil
30358,shift2111,Polysemy,5,ACCEPTED,?,rooster,1497,bully,3718,Italian,161,Italian,161,rooster,bully,gallo,gallo
30360,shift3116,Polysemy,1,ACCEPTED,→,blade,3620,wave,26,French,159,French,159,blade,wave,lame,lame
30374,shift0043,Polysemy,2,ACCEPTED,→,to want,3353,to love,2874,Spanish,158,Spanish,158,to want,to love,querer,querer
30389,shift1310,Polysemy,4,ACCEPTED,→,to press,3002,"to restrain, control one’s feelings",3077,Romanian,139,Romanian,139,"to tread, to trample","to restrain, to bottle up (feeling)",a călca,a călca
30411,shift0844,Polysemy,2,ACCEPTED,→,to fall down,2605,to lose colour,2867,Spanish,158,Spanish,158,to fall down,"to fade, lose colour",caer,caer
30414,shift4713,Polysemy,1,NEW,→,back (body part),3485,book spine,3648,French,159,French,159,back (body part),book back,dos,dos
30439,shift4751,Derivation,2,ACCEPTED,→,red,1444,common bullfinch,1048,Romanian,139,Romanian,139,red,common bullfich,roș,botroș
30483,shift7553,Derivation,7,ACCEPTED,→,white,62,beloribitsa,3573,Spanish,158,Spanish,158,white,beloribitsa,blanco,salmón blanco
30492,shift4642,Polysemy,1,ACCEPTED,→,"to unfold, unwind",3334,to create a text,2475,Italian,161,Italian,161,to unfold,to create a text,stendere,stendere
30495,shift1188,Polysemy,3,ACCEPTED,—,&lt;foreigner&gt;,1210,slave,4111,Medieval Latin,44,Medieval Latin,44,Slav,slave,sclavus,sclavus
30512,shift3106,Polysemy,1,NEW,→,to steal,3220,to take,3268,Italian,161,Italian,161,to steal,to take,pigliare,pigliare
30529,shift6123,Derivation,3,ACCEPTED,→,third,2175,Tuesday,3458,Portuguese,117,Portuguese,117,third (fem.sg.),Tuesday,terça,Terça-feira
30531,shift6123,Motivation,5,ACCEPTED,→,third,2175,Tuesday,3458,Medieval Latin,44,Medieval Latin,44,third (fem.sg.),(Ecclesiastical Latin) Tuesday,tertia,feria tertia
30532,shift6123,Motivation,6,ACCEPTED,→,third,2175,Tuesday,3458,Galician,817,Galician,817,third (fem.sg.),Tuesday,terza,terza feira
30533,shift6123,Motivation,7,ACCEPTED,→,third,2175,Tuesday,3458,Mirandese,1637,Mirandese,1637,third (fem.sg.),Tuesday,terça,terça-feira
30536,shift2373,Polysemy,3,ACCEPTED,→,winter,94,year,2077,Latin,245,Latin,245,winter,year,hiems,hiems
30562,shift1977,Derivation,1,ACCEPTED,→,oar,4511,to row (with oars),3098,Portuguese,117,Portuguese,117,paddle,to row,remo,remar
30568,shift4227,Polysemy,1,ACCEPTED,→,vehicle,3753,"many, much",584,Romanian,139,Romanian,139,"vehicle, carriage, cart, chariot",many,car,car
30598,shift4735,Polysemy,5,ACCEPTED,→,caterpillar,910,caterpillar track,911,Catalan,312,Catalan,312,caterpillar,articulated metal belt that is part of the traction system of certain heavy vehicles in order to promote their adhesion to the ground.,eruga,eruga
30600,shift4735,Polysemy,7,ACCEPTED,→,caterpillar,910,caterpillar track,911,French,159,French,159,caterpillar,"endless articulated belt, isolating the wheels of a vehicle from the ground, thus allowing the latter to move on any terrain.",chenille,chenille
30604,shift4735,Polysemy,11,ACCEPTED,→,caterpillar,910,caterpillar track,911,Portuguese,117,Portuguese,117,caterpillar,caterpillar track,lagarta,lagarta
30605,shift4735,Polysemy,12,ACCEPTED,→,caterpillar,910,caterpillar track,911,Spanish,158,Spanish,158,caterpillar,caterpillar track,oruga,oruga
30608,shift0461,Derivation,1,NEW,—,eye,3890,fried eggs,1379,Romanian,139,Romanian,139,eyes,fried eggs,ochi,óchiu
30620,shift8611,Polysemy,1,NEW,—,ray,1438,lightning,215,Spanish,158,Spanish,158,ray,lightning,rayo,rayo
30621,shift8611,Polysemy,2,NEW,—,ray,1438,lightning,215,Portuguese,117,Portuguese,117,ray,lightning,raio,raio
30623,shift8611,Polysemy,4,NEW,—,ray,1438,lightning,215,Galician,817,Galician,817,ray,lightning,raio,raio
30646,shift3197,Polysemy,1,ACCEPTED,→,blue,3634,cornflower (Centaurea),1102,Romanian,139,Romanian,139,Diminutiv a lui albastru.,Plantă erbacee cu flori albastre; albăstriță (Centaurea cyanus),albăstrel,albăstrel
30648,shift3197,Derivation,3,ACCEPTED,→,blue,3634,cornflower (Centaurea),1102,French,159,French,159,navy blue,cornflower (Centaurea cyanus L.),bleu,"bluet, bleuet"
30650,shift3197,Derivation,5,ACCEPTED,→,blue,3634,cornflower (Centaurea),1102,Spanish,158,Spanish,158,"blue, sky blue",cornflower,azul,azulejo
30653,shift3197,Derivation,8,ACCEPTED,→,blue,3634,cornflower (Centaurea),1102,Romanian,139,Romanian,139,De culoare albastru-închis (cu reflexe violete),Albăstrea,vânăt,vinețea
30667,shift3605,Polysemy,1,ACCEPTED,←,descendant,4417,sprout,4227,Italian,161,Italian,161,offshoot,offshoot,pollone,pollone
30670,shift3605,Polysemy,4,ACCEPTED,←,descendant,4417,sprout,4227,Spanish,158,Spanish,158,"offspring, descendant","branch, offshoot",retoño,retoño
30671,shift3605,Polysemy,5,ACCEPTED,←,descendant,4417,sprout,4227,Spanish,158,Spanish,158,"descendant, offspring",offshoot,vástago,vástago
30672,shift3605,Polysemy,6,ACCEPTED,←,descendant,4417,sprout,4227,French,159,French,159,"offspring, descendant; child (colloq.)",offspring,rejeton,rejeton
30676,shift4010,Derivation,2,ACCEPTED,—,father,1242,ancestor,1990,Latin,245,Latin,245,father,ancestor,pater,patres
30700,shift4010,Derivation,26,ACCEPTED,→,father,1242,ancestor,1990,Italian,161,Italian,161,father,ancestors,padre,padri
30702,shift4010,Polysemy,28,ACCEPTED,→,father,1242,ancestor,1990,Spanish,158,Spanish,158,father,ancestor,padre,padre
30703,shift4010,Derivation,29,ACCEPTED,→,father,1242,ancestor,1990,Portuguese,117,Portuguese,117,father,ancestors,pai,pais
30713,shift4463,Derivation,1,ACCEPTED,→,"to encircle, surround",2575,pregnant,456,French,159,French,159,to encircle,pregnant,enceindre,enceinte
30718,shift0067,Polysemy,4,ACCEPTED,—,"light, bright, clear",212,comprehensible,1074,Spanish,158,Spanish,158,"light, well lit",clear,claro,claro
30723,shift0067,Cognates,9,ACCEPTED,—,"light, bright, clear",212,comprehensible,1074,Latin,245,Latin,245,"light, bright, shining","clear, evident, vivid",lucidus,lucidus
30727,shift0067,Polysemy,13,ACCEPTED,→,"light, bright, clear",212,comprehensible,1074,French,159,French,159,"light, bright",comprehensible,clair,clair
30754,shift2763,Polysemy,1,NEW,→,"to tear, rend",3288,to move quickly,2930,Spanish,158,Spanish,158,"to pull out, to pluck; to tear off",to bolt; to send a ship at full speed,arrancar,arrancar
30756,shift1393,Polysemy,1,ACCEPTED,—,to sway,3256,to doubt,2546,Romanian,139,Romanian,139,"to rock, to wobble","to doubt, to hesitate",a se clătina,a se clătina
30764,shift1393,Polysemy,9,ACCEPTED,→,to sway,3256,to doubt,2546,Spanish,158,Spanish,158,"to tremble, to fluctuate; to vibrate","to hesitate, to doubt",trepidar,trepidar
30766,shift1393,Polysemy,11,ACCEPTED,→,to sway,3256,to doubt,2546,Spanish,158,Spanish,158,"to rock, to waggle",to hesitate,balancear,balancear
30783,shift5782,Polysemy,12,ACCEPTED,—,"shoulder-blade, scapula",4055,shoulder,4053,Portuguese,117,Portuguese,117,"shoulder-blade, scapula",shoulder,espádua,espádua
30791,shift4310,Polysemy,2,ACCEPTED,→,"to try, to attempt",3318,"to fit, try on",2631,French,159,French,159,"to try, to attempt","to fit, try on",essayer,essayer
30796,shift8173,Motivation,1,NEW,→,"fluff, down (of feather)",1325,willowherb,87,Romanian,139,Romanian,139,"fluff, down (of feather)",willowherb,puf,pufuliță
30799,shift7496,Polysemy,1,NEW,→,porcupine,443,hedgehog (Еrinaceus),1595,Italian,161,Italian,161,porcupine,(popular) hedgehog,porcospino,porcospino
30815,shift5933,Polysemy,4,ACCEPTED,→,cock (of a gun),1023,trigger (of a gun),3439,Romanian,139,Romanian,139,cock (of a gun),trigger (of a gun),cocoş,cocoş
30832,shift2161,Polysemy,2,ACCEPTED,→,"to strike, hit",3234,to attack,2243,Romanian,139,Romanian,139,to hit with force,to attack,a izbi,a izbi
30845,shift0647,Polysemy,2,ACCEPTED,?,to play (intr.),2981,joke,1194,Latin,245,Latin,245,game,amusement,ludus,ludus
30873,shift3711,Polysemy,4,ACCEPTED,—,"to raise, lift (tr.)",3037,to discover game animals or birds (hunting),2528,Spanish,158,Spanish,158,"to raise, lift (tr.)",to discover game animals or birds (hunting),levantar,levantar
30887,shift5625,Derivation,3,ACCEPTED,→,cow,1122,ladybird,145,Romanian,139,Romanian,139,bull,ladybird,bou,boul-lui-Dumnezeu
30888,shift5625,Derivation,4,ACCEPTED,→,cow,1122,ladybird,145,Romanian,139,Romanian,139,cow,ladybird,vacă,vaca-lui-Dumnezeu
30893,shift1431,Polysemy,2,ACCEPTED,—,white,62,honest,1640,Latin,245,Latin,245,white,honest,candidus,candidus
30907,shift1950,Polysemy,10,ACCEPTED,→,brain (cerebrum),3669,mind (n.),667,French,159,French,159,brain (cerebrum),mind (n.),cerveau,cerveau
30928,shift0534,Polysemy,10,ACCEPTED,→,tooth,3404,elongated object,3830,French,159,French,159,tooth,salient part,dent,dent
30938,shift4309,Derivation,2,NEW,→,"to check, test",2424,"to fit, try on",2631,Spanish,158,Spanish,158,"to check, test","to fit, try on",probar a ver,probar
30939,shift4309,Polysemy,3,NEW,→,"to check, test",2424,"to fit, try on",2631,French,159,French,159,"to check, test","to fit, try on",essayer,essayer
30952,shift3071,Derivation,3,ACCEPTED,→,&lt;orthopteran&gt;,4509,&lt;bird&gt;,3478,Latin,245,Latin,245,locust,Pallas' Grasshopper Warbler,locusta,locustella
30972,shift1133,Polysemy,1,ACCEPTED,—,quiet (vs. loud),1909,slow (adj.),4120,Romanian,139,Romanian,139,quiet,slow,încet,încet
30979,shift1133,Polysemy,8,ACCEPTED,—,quiet (vs. loud),1909,slow (adj.),4120,Spanish,158,Spanish,158,quietly,slowly,despacio,despacio
31010,shift1803,Polysemy,3,ACCEPTED,→,"to turn, rotate (intr.)",3327,to address (someone),2220,Italian,161,Italian,161,to turn,"to address smn,",rivolgersi,rivolgersi
31040,shift3181,Polysemy,3,ACCEPTED,→,head,1578,nail-head,1818,Spanish,158,Spanish,158,head,head (nail),cabeza,cabeza
31043,shift3181,Polysemy,6,ACCEPTED,→,head,1578,nail-head,1818,Italian,161,Italian,161,head,head (nail),testa,testa
31044,shift3181,Polysemy,7,ACCEPTED,→,head,1578,nail-head,1818,French,159,French,159,head,nail-head,tête,tête
31054,shift7448,Polysemy,4,ACCEPTED,→,knot,1723,unit of speed,529,Catalan,312,Catalan,312,knot,nautical unit of speed,nus,nus
31058,shift7448,Polysemy,8,ACCEPTED,→,knot,1723,unit of speed,529,French,159,French,159,knot,nautical unit of speed,nœud,nœud
31063,shift7448,Polysemy,13,ACCEPTED,→,knot,1723,unit of speed,529,Italian,161,Italian,161,knot,unit of speed,nodo,nodo
31066,shift7448,Polysemy,16,ACCEPTED,→,knot,1723,unit of speed,529,Spanish,158,Spanish,158,knot,unit of speed,nudo,nudo
31069,shift7448,Polysemy,19,ACCEPTED,→,knot,1723,unit of speed,529,Portuguese,117,Portuguese,117,knot,unit of speed,nó,nó
31090,shift6360,Derivation,1,NEW,→,francolin,1363,hazel grouse (Tetrastes bonasia),1575,Italian,161,Italian,161,francolin,hazel grouse (Tetrastes bonasia),francolino,francolino di monte
31097,shift4974,Polysemy,1,NEW,→,to use,3342,to employ,2574,French,159,French,159,to use,to employ,employer,employer
31113,shift4437,Derivation,12,ACCEPTED,→,sun,4333,sunflower,4337,Romanian,139,Romanian,139,sun,sunflower,soare,floarea-soarelui
31118,shift4424,Polysemy,2,SUSPENDED,—,quick,1908,soon,4167,Spanish,158,Spanish,158,"adj. fast, accelerated, quick",adv. sooner than expected,pronto,pronto
31119,shift4424,Polysemy,3,SUSPENDED,→,quick,1908,soon,4167,Italian,161,Italian,161,"fast, quick",soon,presto,presto
31123,shift4424,Polysemy,7,ACCEPTED,→,quick,1908,soon,4167,French,159,French,159,quick,soon,vite,vite
31134,shift6958,Polysemy,1,ACCEPTED,→,white,62,white (politics),63,French,159,French,159,white,"formerly, Chouans, party opposite to the Republicans, known as the Blues; In the XIX century, supporter of the monarchy",blanc,blanc
31148,shift6357,Polysemy,2,NEW,→,&lt;bird&gt;,3478,cockchafer,1024,Romanian,139,Romanian,139,diminutive of găină 'hen',cockchafer,găinușă,găinușă
31149,shift6357,Polysemy,3,NEW,→,&lt;bird&gt;,3478,cockchafer,1024,Romanian,139,Romanian,139,diminutive of găină 'hen',cockchafer,găinușă,găinușă
31162,shift2174,Polysemy,12,ACCEPTED,—,to fear,2610,to respect,3075,Latin,245,Latin,245,"to fear, to be afraid","to respect, to honour","vereror, -ēri","vereror, -ēri"
31195,shift5008,Semantic evolution,11,ACCEPTED,→,shield,4034,coin,1031,Portuguese,117,Portuguese,117,shield,coin,scutum,escudo
31216,shift8612,Polysemy,2,NEW,—,ray,1438,spark,4184,Portuguese,117,Portuguese,117,ray,spark,raio,raio
31232,shift6388,Polysemy,1,NEW,→,scissors,3961,crossbill (Loxia),1143,Romanian,139,Romanian,139,small scissors (diminutive of foarfece),red crossbill (Loxia curvirostra),forfecuță,forfecuță
31235,shift2500,Polysemy,3,ACCEPTED,→,to swear (an oath),3257,"to swear, curse",3258,Spanish,158,Spanish,158,"to swear, to take an oath","to swear, to blaspheme",jurar,jurar
31238,shift2500,Polysemy,6,ACCEPTED,→,to swear (an oath),3257,"to swear, curse",3258,French,159,French,159,to swear,"to swear, curse, abuse one another",jurer,jurer
31253,shift5693,Polysemy,1,ACCEPTED,→,&lt;bird&gt;,3478,kite (lightweight toy),1717,Catalan,312,Catalan,312,crane,kite (lightweight toy),grua,grua
31254,shift5693,Polysemy,2,ACCEPTED,→,&lt;bird&gt;,3478,kite (lightweight toy),1717,Spanish,158,Spanish,158,"owl, barn owl",(Nicaragua) kite (lightweight toy),lechuza,lechuza
31255,shift5693,Polysemy,3,ACCEPTED,→,&lt;bird&gt;,3478,kite (lightweight toy),1717,Spanish,158,Spanish,158,parrot,"(Venezuela, Southeastern Mexico) kite (lightweight toy)",papagayo,papagayo
31257,shift5693,Derivation,5,ACCEPTED,→,&lt;bird&gt;,3478,kite (lightweight toy),1717,Italian,161,Italian,161,eagle,kite (lightweight toy),aquila,aquilone
31259,shift5693,Polysemy,7,ACCEPTED,→,&lt;bird&gt;,3478,kite (lightweight toy),1717,Portuguese,117,Portuguese,117,parrot,kite (lightweight toy),papagaio,papagaio
31261,shift0995,Polysemy,2,ACCEPTED,→,to blossom,2354,to succeed,3242,Romanian,139,Romanian,139,to blossom,"to prosper, to make progress",a înflori,a înflori
31264,shift0995,Polysemy,5,ACCEPTED,—,to blossom,2354,to succeed,3242,Latin,245,Latin,245,to blossom,"to prosper, to be strong, rich, powerful","floreo, -ere","floreo, -ere"
31286,shift5508,Derivation,3,ACCEPTED,→,lamb,148,bearded vulture,3543,Italian,161,Italian,161,lamb,bearded vulture,agnello,avvoltoio degli agnelli
31298,shift5641,Polysemy,2,ACCEPTED,→,&lt;profession&gt;,280,"firebug, Pyrrhocoris apterus",1291,French,159,French,159,"member of the gendarmerie, a military body charged with police duties","firebug, Pyrrhocoris apterus",gendarme,gendarme
31299,shift5641,Polysemy,3,ACCEPTED,→,&lt;profession&gt;,280,"firebug, Pyrrhocoris apterus",1291,French,159,French,159,soldier,"(Switzerland) firebug, Pyrrhocoris apterus",soldat,soldat
31300,shift5641,Polysemy,4,ACCEPTED,→,&lt;profession&gt;,280,"firebug, Pyrrhocoris apterus",1291,Italian,161,Italian,161,member of the Carabinieri force,"firebug, Pyrrhocoris apterus",carabiniere,carabiniere
31301,shift5641,Polysemy,5,ACCEPTED,→,&lt;profession&gt;,280,"firebug, Pyrrhocoris apterus",1291,Spanish,158,Spanish,158,shoemaker,"firebug, Pyrrhocoris apterus",zapatero,zapatero
31318,shift0018,Polysemy,12,ACCEPTED,→,to hear / to listen,2759,to understand,3331,French,159,French,159,to hear,to understand,entendre,entendre
31427,shift3416,Polysemy,4,ACCEPTED,—,to defend,2503,to act according to,2218,Spanish,158,Spanish,158,to defend,to act according to,guardar,guardar
31428,shift3416,Polysemy,5,ACCEPTED,—,to defend,2503,to act according to,2218,Italian,161,Italian,161,to defend,to act according to,guardare,guardare
31429,shift3416,Polysemy,6,ACCEPTED,→,to defend,2503,to act according to,2218,Portuguese,117,Portuguese,117,to defend,to act according to,guardar,guardar
31430,shift3416,Polysemy,7,ACCEPTED,—,to defend,2503,to act according to,2218,French,159,French,159,to defend,to act according to,garder,garder
31434,shift0730,Polysemy,3,ACCEPTED,→,chopped billet,972,base for beheading,3522,Italian,161,Italian,161,"Lower part, foot, of the woody plants, from which the trunk rises and from where the roots branch off and often many suckers are born","Large piece of trunk, cut and trimmed, which is used to sit on it or to perform some work on it (breaking the flesh, supporting the anvil, etc.); in particular, the pile on which the heads of those sentenced to death were cut off",ceppo,ceppo
31436,shift0730,Polysemy,5,ACCEPTED,—,chopped billet,972,base for beheading,3522,French,159,French,159,"large section of cylindrical or squarely cut wood, usually rising to the support height, and the upper part of which has a flat surface",(in particular) a block of wood on which the head of a person sentenced to beheading was leaning in order to execute him,billot,billot
31448,shift1432,Polysemy,2,ACCEPTED,→,trough,3444,river-bed,1485,Latin,245,Latin,245,trough,river bed,alveus,alveus
31450,shift1432,Polysemy,4,ACCEPTED,—,trough,3444,river-bed,1485,Romanian,139,Romanian,139,trough,river-bed,albie,albie
31465,shift5243,Polysemy,1,ACCEPTED,—,drone,4484,hornet,1660,Galician,817,Galician,817,drone,hornet,abázcaro,abázcaro
31466,shift5243,Polysemy,2,ACCEPTED,—,drone,4484,hornet,1660,Galician,817,Galician,817,drone,hornet,abellón,abellón
31467,shift5243,Polysemy,3,ACCEPTED,—,drone,4484,hornet,1660,Galician,817,Galician,817,drone,hornet,abáboro,abáboro
31470,shift5243,Polysemy,6,ACCEPTED,—,drone,4484,hornet,1660,Romanian,139,Romanian,139,drone,hornet,bondar,bondar
31481,shift2068,Polysemy,4,ACCEPTED,→,"to rise (of Moon, Sun)",3090,East,3803,Latin,245,Latin,245,"dawn, sunrise",east,oriens,oriens
31547,shift8588,Polysemy,1,NEW,→,envious,3848,to want,3353,French,159,French,159,envy,desire,envie,envie
31556,shift1100,Polysemy,4,ACCEPTED,—,funny,1401,strange,4295,French,159,French,159,funny,"strange, queer, odd",drôle,drôle
31557,shift1100,Polysemy,5,ACCEPTED,?,funny,1401,strange,4295,Italian,161,Italian,161,"funny, amusing, comic",strange,buffo,"странный, чудной"
31560,shift7707,Derivation,2,ACCEPTED,→,smooth,4132,smooth snake,4133,Spanish,158,Spanish,158,smooth,smooth snake,liso,culebra lisa europea
31561,shift7707,Derivation,3,ACCEPTED,→,smooth,4132,smooth snake,4133,Catalan,312,Catalan,312,smooth,smooth snake,llis,colobra llisa
31562,shift7707,Derivation,4,ACCEPTED,→,smooth,4132,smooth snake,4133,Portuguese,117,Portuguese,117,smooth,smooth snake,liso,cobra-lisa-austríaca
31573,shift3771,Semantic evolution,2,ACCEPTED,—,to hear / to listen,2759,fame,1224,Latin,245,Latin,245,to hear / to listen,"to have a reputation, to pass for; to be reputed",clueo,clueo
31584,shift0601,Polysemy,3,ACCEPTED,?,"wood, timber",114,forest,1351,French,159,French,159,NA,NA,bois,bois
31591,shift1112,Polysemy,4,ACCEPTED,→,taste (n.),2132,smell (n.),4128,French,159,French,159,taste (n.),smell (n.),goût,goût
31606,shift0557,Polysemy,2,ACCEPTED,→,history,1632,"event, occurrence",3872,Spanish,158,Spanish,158,story,"episode, event",historia,historia
31608,shift0557,Polysemy,4,ACCEPTED,→,history,1632,"event, occurrence",3872,French,159,French,159,history,story,histoire,histoire
31615,shift5507,Derivation,2,NEW,→,bearded man,3542,bearded vulture,3543,Portuguese,117,Portuguese,117,bearded man,bearded vulture,barbudo,abutre-barbudo
31619,shift6694,Derivation,1,ACCEPTED,→,spur (for horse),4229,"wishbone, merrythought",98,Spanish,158,Spanish,158,spur (for horse),"wishbone, merrythought",espuela,espoleta
31625,shift3964,Polysemy,3,ACCEPTED,→,Saturday,3945,week,41,Romanian,139,Romanian,139,Saturday,(obsolete) week,sâmbătă,sâmbătă
31636,shift5524,Polysemy,2,ACCEPTED,→,frog,1384,breaststroke,3682,Italian,161,Italian,161,frog,breaststroke,rana,rana
31680,shift0458,Polysemy,1,ACCEPTED,→,eye,3890,oil particle,4529,French,159,French,159,eye,oily slick on the surface of the broth,œil,œil
31685,shift2484,Derivation,3,ACCEPTED,→,unit of length,528,geometrid,779,Romanian,139,Romanian,139,elbow (measuring unit),geometer moth,cot,cotar
31690,shift8432,Polysemy,3,ACCEPTED,→,ram,1425,Aries,2026,Romanian,139,Romanian,139,ram,Aries,berbec,Berbec
31697,shift8432,Polysemy,10,ACCEPTED,→,ram,1425,Aries,2026,French,159,French,159,ram,Aries,bélier,Bélier
31708,shift4069,Polysemy,6,ACCEPTED,—,"albumen, white of an egg",1966,"white of an eye, sclera",65,Italian,161,Italian,161,"albumen, white of an egg",white of an eye,bianco,bianco
31709,shift4069,Polysemy,7,ACCEPTED,—,"albumen, white of an egg",1966,"white of an eye, sclera",65,Portuguese,117,Portuguese,117,"albumen, white of an egg",white of an eye,branco,branco
31710,shift4069,Polysemy,8,ACCEPTED,—,"albumen, white of an egg",1966,"white of an eye, sclera",65,French,159,French,159,"albumen, white of an egg",white of an eye,blanc,blanc
31735,shift4160,Polysemy,2,ACCEPTED,—,to take off (tr.),3273,to abolish,2209,French,159,French,159,to take off,to abolish,lever,lever
31736,shift4160,Polysemy,3,ACCEPTED,—,to take off (tr.),3273,to abolish,2209,Latin,245,Latin,245,to take off,"to abolish, make disappear","levo, -are","levo, -are"
31750,shift8375,Derivation,1,ACCEPTED,→,horse,1661,supporting device,4343,Portuguese,117,Portuguese,117,horse,"easel (upright frame for displaying or supporting something); trestle, sawhorse (triangular support frame with four legs)",cavalo,cavalete
31751,shift8375,Derivation,2,ACCEPTED,→,horse,1661,supporting device,4343,Italian,161,Italian,161,horse,tripod;  easel; kickstand; trestle,cavallo,cavalletto
31754,shift8375,Derivation,5,ACCEPTED,→,horse,1661,supporting device,4343,Spanish,158,Spanish,158,horse,easel; trestle (of furniture); kickstand (support),caballo,caballete
31755,shift8375,Derivation,6,ACCEPTED,→,horse,1661,supporting device,4343,French,159,French,159,horse (Equus caballus),"trestle, support; (art) easel",cheval,chevalet
31756,shift8375,Derivation,7,ACCEPTED,→,horse,1661,supporting device,4343,Galician,817,Galician,817,horse (Equus caballus),easel; sawhorse; trestle,cabalo,cabalete
31757,shift8375,Polysemy,8,ACCEPTED,→,horse,1661,supporting device,4343,Catalan,312,Catalan,312,horse,"trestle, sawhorse, easel",cavall,cavall
31760,shift8516,Derivation,1,ACCEPTED,→,sword,4369,gladiolus,789,Latin,245,Latin,245,sword,gladiolus,gladius,gladiolus
31770,shift8516,Polysemy,11,ACCEPTED,→,sword,4369,gladiolus,789,Spanish,158,Spanish,158,sword,gladiolus,estoque,estoque
31772,shift8516,Derivation,13,ACCEPTED,→,sword,4369,gladiolus,789,Romanian,139,Romanian,139,sword,gladiolus,sabie,"săbiuță, săbioară"
31779,shift7751,Polysemy,7,ACCEPTED,→,sheet of paper,4028,newspaper,1858,Romagnol,1521,Romagnol,1521,sheet of paper,newspaper,fój,fój
31786,shift2900,Polysemy,1,ACCEPTED,—,"to make a mistake, be wrong",2879,to sin,3156,Romanian,139,Romanian,139,to be wrong,to sin,a greşi,a greşi
31790,shift2900,Polysemy,5,ACCEPTED,—,"to make a mistake, be wrong",2879,to sin,3156,Spanish,158,Spanish,158,to be wrong,to sin,pecar,pecar
31809,shift1315,Polysemy,12,ACCEPTED,→,head,1578,mind (n.),667,French,159,French,159,head,"mind, intellectual faculty",tête,tête
31822,shift7375,Polysemy,1,ACCEPTED,—,rake,1424,harrow,1564,Spanish,158,Spanish,158,rake,harrow,rastra,rastra
31859,shift3358,Polysemy,2,ACCEPTED,→,to sing,3157,to practice witchcraft,2994,Latin,245,Latin,245,to sing,"to sing (incantations), to charm by spells or incantations, bewitch; to prosuce by incantations","canto, -are","canto, -are"
31930,shift5549,Polysemy,4,ACCEPTED,→,pope,439,&lt;bird&gt;,3478,French,159,French,159,pope,"some species of small birds  with red and purplish plumage, in Carolina, New Caledonia and Canada of several genera of the order Passeriformes",pape,pape
31931,shift5549,Polysemy,5,ACCEPTED,→,pope,439,&lt;bird&gt;,3478,French,159,French,159,pope,king vupture (Sarcoramphus papa),pape,pape
31974,shift0040,Polysemy,6,ACCEPTED,←,to find,2627,to meet,2909,French,159,French,159,to meet,to find,retrouver,retrouver
31980,shift4825,Polysemy,3,ACCEPTED,→,bed,3549,garden bed,767,Galician,817,Galician,817,bed,garden bed,cama,cama
31984,shift4825,Polysemy,7,ACCEPTED,→,bed,3549,garden bed,767,Portuguese,117,Portuguese,117,bed,garden bed,cama,cama
31985,shift4825,Polysemy,8,ACCEPTED,—,bed,3549,garden bed,767,Romanian,139,Romanian,139,"(colloquial) bed (of animals and humans),  kid's bed",garden bed,strat,strat
31998,shift8087,Polysemy,1,ACCEPTED,→,plate (a serving dish),404,knee-cap,1719,Medieval Latin,44,Medieval Latin,44,small or shallow pan or dish,knee-cap,patella,patella
32000,shift5310,Polysemy,2,ACCEPTED,→,carriage,896,railcar,1419,Spanish,158,Spanish,158,cart,(Latin America) train car,carro,carro
32002,shift5310,Semantic evolution,4,ACCEPTED,→,carriage,896,railcar,1419,French,159,French,159,(historical) car (wheeled vehicle usually pulled by a horse),railcar,voiture,voiture
32004,shift5310,Polysemy,6,ACCEPTED,→,carriage,896,railcar,1419,Spanish,158,Spanish,158,"carriage, coach (a wheeled vehicle, generally drawn by horse power)",railcar,coche,coche
32005,shift5310,Polysemy,7,ACCEPTED,→,carriage,896,railcar,1419,French,159,French,159,"chariot, carriage",(Louisiana) train car,char,char
32027,shift5415,Polysemy,1,NEW,→,clapper of a bell,989,penis,343,Portuguese,117,Portuguese,117,clapper of a bell,(slang) penis,badalo,badalo
32028,shift5415,Polysemy,2,NEW,→,clapper of a bell,989,penis,343,Spanish,158,Spanish,158,clapper of a bell,penis,badajo,badajo
