ID,Shift_ID,Type,Realization,Status,Direction,Source_Concept,Source_Concept_ID,Target_Concept,Target_Concept_ID,Source_Language,Source_Language_ID,Target_Language,Target_Language_ID,Source_Meaning,Target_Meaning,Source_Word,Target_Word
2,shift0274,Polysemy,2,NEW,?,bitter,3607,beautiful,3545,Slovenian,190,Slovenian,190,bitter,"beautiful, sumptuous",bridek,bridek
4,shift3842,Polysemy,2,ACCEPTED,→,funnel,1400,chanterelle,942,Russian,157,Russian,157,funnel (a pipe with a wide conical mouth and a narrow stem),chanterelle,воронка (voronka),воронка
6,shift0066,Semantic evolution,1,ACCEPTED,→,to make noise,2891,to speak,3193,Russian,157,Russian,157,"to clamor, to make a racket","to say, to speak",galdet&#39;,galdet&#39;
7,shift0066,Polysemy,2,ACCEPTED,—,to make noise,2891,to speak,3193,Russian,157,Russian,157,to clamor,"to say, to speak",gamet&#39;,gamet&#39;
11,shift0066,Polysemy,6,ACCEPTED,→,to make noise,2891,to speak,3193,Russian,157,Russian,157,"to clamor, to babble","to talk, to chat",gomonit&#39;,gomonit&#39;
14,shift5175,Polysemy,2,ACCEPTED,→,to lead,2834,to drive (the car),2559,Russian,157,Russian,157,to lead,to drive (the car),водить (vodit&#39;),водить (vodit&#39;)
16,shift4705,Polysemy,1,NEW,→,palm (body part),292,threshing floor,2184,Russian,157,Russian,157,palm (body part),threshing floor,ладонь,ладонь
17,shift7427,Polysemy,1,ACCEPTED,→,sour,4175,"gloomy, depressed",796,Russian,157,Russian,157,tart (taste),gloomy,кислый,кислый
21,shift0793,Polysemy,3,ACCEPTED,→,"hard, solid",1558,persistent,356,Russian,157,Russian,157,"hard, solid","constant, persistent",tverdyj,tverdyj
29,shift5951,Derivation,1,ACCEPTED,→,how many?,1680,several,4001,Russian,157,Russian,157,how many?,several,сколько,несколько
33,shift5951,Derivation,5,ACCEPTED,→,how many?,1680,several,4001,Belarusan,242,Belarusan,242,how many?,several,колькі,некалькі
34,shift5951,Derivation,6,ACCEPTED,—,how many?,1680,several,4001,Ukrainian,138,Ukrainian,138,how many?,several,скільки,кілька
36,shift5951,Derivation,8,ACCEPTED,—,how many?,1680,several,4001,Bulgarian,110,Bulgarian,110,how many?,several,ко́лко е часъ́т?,ко́лко е часъ́т?
40,shift5951,Derivation,12,ACCEPTED,→,how many?,1680,several,4001,Serbian,1093,Serbian,1093,how many?,several,колико (koliko),неколико (nekoliko)
41,shift5951,Derivation,13,ACCEPTED,→,how many?,1680,several,4001,Croatian,812,Croatian,812,how many?,several,koliko,nekoliko
51,shift6006,Derivation,2,NEW,→,splinter (wood fragment),4212,splinter (group of people),4211,Russian,157,Russian,157,splinter (wood fragment),"renegade, misfit",щепа (ščepa),отщепенец (otščepenec)
74,shift1259,Polysemy,1,NEW,→,to intend,2798,to invite,2803,Bulgarian,110,Bulgarian,110,"to be going to, to set about to",to invite,kanja se,kanja se
105,shift6191,Polysemy,1,ACCEPTED,→,to read,3042,to speak,3193,Russian,157,Russian,157,to read,to speak,читать,читать
110,shift6191,Polysemy,6,ACCEPTED,—,to read,3042,to speak,3193,Serbian,1093,Serbian,1093,to read,to speak,читати (čitati),читати (čitati)
146,shift7479,Derivation,1,ACCEPTED,→,river,1484,osprey (Pandion haliaёtus),4565,Czech,174,Czech,174,river (adj.),osprey (Pandion haliaёtus),říční,orlovec říční
147,shift7479,Derivation,2,ACCEPTED,→,river,1484,osprey (Pandion haliaёtus),4565,Slovak,234,Slovak,234,river (adj.),osprey (Pandion haliaёtus),riečny,orliak riečny
148,shift7479,Derivation,3,ACCEPTED,→,river,1484,osprey (Pandion haliaёtus),4565,Serbian,1093,Serbian,1093,river (adj.),osprey (Pandion haliaёtus),речни,речни јастреб
150,shift1400,Derivation,1,ACCEPTED,→,to break (tr.),2370,to ache,2214,Russian,157,Russian,157,"to break, to tear",to ache,lomat&#39;,lomit&#39;
153,shift1400,Polysemy,4,ACCEPTED,→,to break (tr.),2370,to ache,2214,Polish,171,Polish,171,to split,to feel pain,łupić,łupić
157,shift5305,Polysemy,2,NEW,→,cabbage,870,&lt;money&gt;,559,Russian,157,Russian,157,cabbage,<money>,kapusta,kapusta
158,shift1712,Polysemy,1,ACCEPTED,?,snake,4136,lamprey (Petromyzontidae),151,Polish,171,Polish,171,snake,brook lamprey (pl),węże,węże
159,shift1712,Derivation,2,NEW,→,snake,4136,lamprey (Petromyzontidae),151,Serbian,1093,Serbian,1093,snake,lamprey (Petromyzontidae),змија (zmija),змијулица (zmijuljica)
179,shift6899,Polysemy,1,NEW,→,"spawn, roe",4189,ajvar (vegetable dish),1964,Russian,157,Russian,157,"spawn, roe, caviar","dish of chopped vegetables, mushrooms",икра,икра
180,shift6899,Polysemy,2,NEW,→,"spawn, roe",4189,ajvar (vegetable dish),1964,Serbian,1093,Serbian,1093,caviar,made principally from sweet bell peppers and eggplants,ајвар,ајвар
181,shift6899,Polysemy,3,NEW,→,"spawn, roe",4189,ajvar (vegetable dish),1964,Ukrainian,138,Ukrainian,138,"spawn, roe",vegetable dish,ікра,ікра
201,shift4716,Polysemy,1,NEW,→,house,1678,inheritance,1778,Polabian,241,Polabian,241,house,inheritance,düm,düm
205,shift8374,Polysemy,4,ACCEPTED,→,donkey,4463,supporting device,4343,Bulgarian,110,Bulgarian,110,donkey,sawhorse; trestle,магаре,магаре
207,shift8108,Polysemy,1,ACCEPTED,→,butterfly,3734,butterfly stroke,3736,Czech,174,Czech,174,"dim, of motýl 'butterfly'",butterfly stroke,motýlek,motýlek
220,shift8108,Polysemy,14,ACCEPTED,→,butterfly,3734,butterfly stroke,3736,Polish,171,Polish,171,butterfly,butterfly stroke,motyl,motyl
227,shift4377,Derivation,2,ACCEPTED,→,to read,3042,to scold,3114,Russian,157,Russian,157,to read,to scold,читать (čitat&#39;),отчитывать (otčityvat&#39;)
244,shift1365,Polysemy,2,ACCEPTED,→,strong,4304,very,3761,Russian,157,Russian,157,strongly,"too, too much",сильно (sil&#39;no),сильно (sil&#39;no)
248,shift1365,Derivation,6,ACCEPTED,→,strong,4304,very,3761,Polish,171,Polish,171,"strong, solid, firm","very, strongly",mocny,mocno
254,shift1365,Derivation,12,NEW,→,strong,4304,very,3761,Serbian,1093,Serbian,1093,strong,very,jак (jak),jaкo (jako)
255,shift1365,Derivation,13,NEW,→,strong,4304,very,3761,Croatian,812,Croatian,812,strong,very,jak,jako
295,shift4986,Polysemy,3,ACCEPTED,—,sheath,4026,vagina,3745,Czech,174,Czech,174,sheath,vagina,pochva,pochva
303,shift4986,Polysemy,11,ACCEPTED,—,sheath,4026,vagina,3745,Belarusan,242,Belarusan,242,sheath,vagina,похва,похва
304,shift4986,Polysemy,12,ACCEPTED,—,sheath,4026,vagina,3745,Ukrainian,138,Ukrainian,138,sheath,vagina,пiхва,пiхва (often in pl. пiхви)
305,shift4986,Polysemy,13,ACCEPTED,—,sheath,4026,vagina,3745,Polish,171,Polish,171,sheath,vagina,pochwa,pochwa
308,shift4986,Polysemy,16,ACCEPTED,—,sheath,4026,vagina,3745,Slovak,234,Slovak,234,sheath,vagina,pošva,pošva
324,shift2025,Derivation,1,ACCEPTED,?,sated with food,3939,saturated (with something),3944,Russian,157,Russian,157,"full, stuffed",saturated,sytyj,nasyščennyj
335,shift0975,Derivation,8,ACCEPTED,→,to fall down,2605,to die,2517,Russian,157,Russian,157,to fall,chaps,упасть,пасть
353,shift0975,Polysemy,26,NEW,→,to fall down,2605,to die,2517,Serbian,1093,Serbian,1093,to fall down,to die,пасти (pasti),пасти (pasti)
354,shift0975,Polysemy,27,NEW,→,to fall down,2605,to die,2517,Croatian,812,Croatian,812,to fall down,to die,pasti,pasti
358,shift0975,Polysemy,31,NEW,→,to fall down,2605,to die,2517,Bulgarian,110,Bulgarian,110,to fall down,"to die, to perish",падна,падна
366,shift8027,Derivation,4,ACCEPTED,→,house,1678,live-in son-in-law,233,Russian,157,Russian,157,"home, house",(dialect) live-in son-in-law,дом,домовик
372,shift5056,Polysemy,1,ACCEPTED,→,dry,4491,lenten (fare),193,Russian,157,Russian,157,dry,(dialect) lenten (fare),сухой (suxoj),сухой (suxoj)
373,shift5056,Polysemy,2,ACCEPTED,→,dry,4491,lenten (fare),193,Ukrainian,138,Ukrainian,138,dry,(dialect) lenten (fare),сухий,сухий
374,shift5056,Polysemy,3,ACCEPTED,→,dry,4491,lenten (fare),193,Czech,174,Czech,174,dry,"(dialect) fast, lenten (fare)",suchý,suchý
375,shift5056,Derivation,4,ACCEPTED,→,dry,4491,lenten (fare),193,Old East Slavic,160,Old East Slavic,160,dry,the strictest fast,сухъ (suxŭ),сухоядь (suxojadĭ)
376,shift5056,Polysemy,5,ACCEPTED,→,dry,4491,lenten (fare),193,Polish,171,Polish,171,dry,lenten (fare),suchy,suchy
377,shift4070,Derivation,1,ACCEPTED,→,to sit,3160,to hatch eggs,2740,Russian,157,Russian,157,to sit,to hatch eggs,сидеть (sidet&#39;),высиживать (vysiživat&#39;)
433,shift6043,Polysemy,2,NEW,→,drop (n.),4485,dew,4424,Serbian,1093,Serbian,1093,dew,drop (n.),роса (rosa),роса (rosa)
436,shift1908,Derivation,2,ACCEPTED,→,"to mix, stir",2920,to involve,2804,Russian,157,Russian,157,to mix,to involve,мешать (mešat&#39;),вмешивать (vmešivat&#39;)
439,shift0065,Polysemy,2,ACCEPTED,?,noon,1875,South,4179,Polish,171,Polish,171,"noon, midday",South,południe,południe
516,shift2205,Polysemy,3,ACCEPTED,→,child (son or daughter),958,sprout,4227,Slovenian,190,Slovenian,190,child,offshoot,otròk,otròk
519,shift2205,Polysemy,6,ACCEPTED,—,child (son or daughter),958,sprout,4227,Russian,157,Russian,157,child,"off-shoot, sucker (botany)",отпрыск,отпрыск
520,shift2205,Polysemy,7,ACCEPTED,→,child (son or daughter),958,sprout,4227,Russian,157,Russian,157,stepson,"lateral shoot, side shoot, sucker (botany)",пасынок,пасынок
541,shift2509,Polysemy,3,ACCEPTED,—,end,3837,completion,1070,Russian,157,Russian,157,"end, tip",end,konec,konec
546,shift0360,Polysemy,2,ACCEPTED,?,to touch,3307,to evoke (a feeling),2588,Russian,157,Russian,157,to touch,to move,trogat&#39;,trogat&#39;
552,shift0360,Polysemy,8,ACCEPTED,→,to touch,3307,to evoke (a feeling),2588,Serbian,1093,Serbian,1093,to touch,to evoke (a feeling),дирати (dirati),дирати (dirati)
553,shift0360,Polysemy,9,ACCEPTED,→,to touch,3307,to evoke (a feeling),2588,Croatian,812,Croatian,812,to touch,to evoke (a feeling),dirati,dirati
572,shift5099,Derivation,1,ACCEPTED,→,raw,1436,raw material,1437,Russian,157,Russian,157,raw,raw material,сырой (syroj),сырье (syr&#39;ё)
574,shift5099,Derivation,3,ACCEPTED,→,raw,1436,raw material,1437,Serbian,1093,Serbian,1093,raw,raw material,сиров (sirov),сировина (sirovina)
575,shift5099,Derivation,4,ACCEPTED,→,raw,1436,raw material,1437,Croatian,812,Croatian,812,raw,raw material,sirov,sirovina
581,shift2355,Polysemy,4,ACCEPTED,→,enemy,3840,evil spirit,3877,Russian,157,Russian,157,enemy,"evil spirit, devil, fiend",vrag,vrag
583,shift2355,Polysemy,6,NEW,→,enemy,3840,evil spirit,3877,Croatian,812,Croatian,812,enemy,evil,vrag,vrag
584,shift3175,Derivation,1,ACCEPTED,→,right (vs. left),1481,liver,236,Old East Slavic,160,Old East Slavic,160,right,liver,десныи,десньць
588,shift0435,Polysemy,1,NEW,—,to dream while sleeping,2553,to seem,3122,Czech,174,Czech,174,to be seen in a dream,to seem,zdát se,zdát se
598,shift3186,Polysemy,2,NEW,→,to dig,2519,to thrust (into),3299,Serbian,1093,Serbian,1093,to dig,to carve,копати (kopati),копати (kopati)
601,shift3143,Polysemy,3,ACCEPTED,→,"clasp, buckle",990,fibula (anat.),1270,Slovak,234,Slovak,234,hairpin,calf bone,ihlica,ihlica
631,shift6212,Derivation,4,ACCEPTED,→,lyre,274,Trimorphodon biscutatus,3441,Russian,157,Russian,157,lyre-like,Trimorphodon biscutatus,лирообразный,лирообразный уж Копа
632,shift1219,Semantic evolution,1,ACCEPTED,?,skin (of an animal),4101,skin (of a person),4100,Russian,157,Russian,157,caprine,skin,kozij,koža
634,shift1219,Polysemy,3,ACCEPTED,?,skin (of an animal),4101,skin (of a person),4100,Bulgarian,110,Bulgarian,110,"skin (human, animal)","fur, skin",koža,koža
637,shift3423,Polysemy,3,NEW,→,white,62,good,814,Serbian,1093,Serbian,1093,white,morally good,бео (beo),бео (beo)
641,shift0395,Polysemy,4,NEW,←,time,2200,hour,1675,Serbian,1093,Serbian,1093,time,hour,сат (sat),сат (sat)
644,shift0395,Polysemy,7,NEW,—,time,2200,hour,1675,Ukrainian,138,Ukrainian,138,period of time,hour,година,година
666,shift0650,Polysemy,1,ACCEPTED,—,hand/arm,1550,kind (n.),1710,Russian,157,Russian,157,"hand, arm","(obsolete, XIX c.) type of merchandise (Dahl)",рука (ruka),рука (ruka)
669,shift7754,Derivation,1,ACCEPTED,→,clay,997,aluminium,1981,Czech,174,Czech,174,clay,aluminium,hlína,hliník
670,shift7754,Derivation,2,ACCEPTED,→,clay,997,aluminium,1981,Slovak,234,Slovak,234,clay,aluminium,hlina,hliník
671,shift7754,Derivation,3,ACCEPTED,→,clay,997,aluminium,1981,Polish,171,Polish,171,clay,aluminium,glina,glin
672,shift7754,Derivation,4,ACCEPTED,→,clay,997,aluminium,1981,Russian,157,Russian,157,clay,(obsolete) aluminium,глина,глиний
682,shift4182,Polysemy,9,NEW,—,expensive,3885,difficult,4433,Serbian,1093,Serbian,1093,expensive,difficult,скуп (skup),скуп (skup)
695,shift0352,Polysemy,1,ACCEPTED,→,strong,4304,good,814,Serbian,1093,Serbian,1093,strong,good (at job),силан (silan),силан (silan)
697,shift0352,Polysemy,3,ACCEPTED,→,strong,4304,good,814,Croatian,812,Croatian,812,strong,good,silan,silan
699,shift4646,Derivation,1,NEW,→,to see/to look at,3121,mirror,675,Serbian,1093,Serbian,1093,to see/to look at,mirror,гледати (gledati),огледало (ogledalo)
709,shift1734,Polysemy,1,ACCEPTED,→,&lt;rural foot-wear&gt;,1409,fool,1336,Russian,157,Russian,157,(dialect) light rawhide shoes,(dialect) an unintelligent and stupid person,упак (upak),упак (upak)
711,shift1734,Polysemy,3,ACCEPTED,—,&lt;rural foot-wear&gt;,1409,fool,1336,Russian,157,Russian,157,bast shoe,"stupid, ignorant, uneducated person, dropout",лапоть (lapot&#39;),лапоть (lapot&#39;)
713,shift4679,Derivation,1,NEW,→,shepherd,4031,dragonfly,4476,Slovenian,190,Slovenian,190,shepherd,dragonfly,pastír,kȃčji pastír
724,shift1142,Polysemy,5,ACCEPTED,?,to hear,2758,rumour,1522,Russian,157,Russian,157,to hear,rumour,slyšat&#39;,sluh
727,shift0502,Derivation,3,ACCEPTED,?,ear,3792,"opening, hole",4551,Russian,157,Russian,157,ear,ear,uho,uško
756,shift5123,Derivation,1,ACCEPTED,→,"to be in vertical position, to stand",2283,torso,3413,Russian,157,Russian,157,to stand,trunk (body part),стать (stat&#39;),стан (stan)
757,shift6723,Derivation,1,NEW,→,mare,590,bridge (of musical imstrument),3690,Russian,157,Russian,157,mare,bridge (of musical imstrument),кобыла,кобылка
758,shift6723,Derivation,2,NEW,→,mare,590,bridge (of musical imstrument),3690,Czech,174,Czech,174,mare,bridge (of musical imstrument),kobyla,kobylka
759,shift6723,Polysemy,3,NEW,→,mare,590,bridge (of musical imstrument),3690,Slovenian,190,Slovenian,190,mare,bridge (of musical imstrument),kobilica,kobilica
761,shift4307,Polysemy,2,NEW,→,tail,2113,rear end,1441,Russian,157,Russian,157,tail,rear end,хвост,хвост
779,shift4357,Polysemy,1,NEW,→,resurrection,1465,Sunday,4335,Russian,157,Russian,157,resurrection,Sunday,"воскресение (voskresenie), воскресенье (voskresen&#39;e)",воскресенье (voskresen&#39;e)
790,shift5935,Polysemy,2,ACCEPTED,→,dog,4458,trigger (of a gun),3439,Russian,157,Russian,157,little dog,trigger mechanism in firearms,собачка,собачка
791,shift5935,Polysemy,3,ACCEPTED,→,dog,4458,trigger (of a gun),3439,Ukrainian,138,Ukrainian,138,little dog,trigger (lever used to activate a firearm),собачка,собачка
792,shift5935,Polysemy,4,ACCEPTED,→,dog,4458,trigger (of a gun),3439,Belarusan,242,Belarusan,242,little dog,trigger (of a gun),сабачка,сабачка
846,shift7651,Derivation,1,NEW,→,blood,3630,yarrow,2076,Belarusan,242,Belarusan,242,blood,yarrow,кроў,крываўнік
847,shift7651,Derivation,2,NEW,→,blood,3630,yarrow,2076,Polish,171,Polish,171,blood,yarrow,krew,krwawnik
849,shift8213,Motivation,2,ACCEPTED,→,linden,218,July,1198,Belarusan,242,Belarusan,242,linden,July,ліпа,ліпень
850,shift8213,Motivation,3,ACCEPTED,→,linden,218,July,1198,Ukrainian,138,Ukrainian,138,linden,July,липа,липень
851,shift8213,Polysemy,4,ACCEPTED,→,linden,218,July,1198,Polish,171,Polish,171,linden,July,lipa,lipiec
865,shift2281,Polysemy,3,ACCEPTED,→,to bite,2347,to quarrel,3035,Russian,157,Russian,157,to gnaw,to quarrel,gryzt&#39;,gryzt&#39;sja
866,shift2281,Derivation,4,ACCEPTED,→,to bite,2347,to quarrel,3035,Serbian,1093,Serbian,1093,to bite,to quarrel,гристи (gristi),гристи се (gristi se)
867,shift2281,Derivation,5,ACCEPTED,→,to bite,2347,to quarrel,3035,Croatian,812,Croatian,812,to bite,"to quarrel, to hurt each other",gristi,gristi se
886,shift0928,Polysemy,2,NEW,→,beetle,3561,"freak, oddity",1369,Serbian,1093,Serbian,1093,beetle,"crazy thought, whim",буба (buba),"буба (buba), бубица (bubica)"
887,shift0928,Polysemy,3,NEW,—,beetle,3561,"freak, oddity",1369,Croatian,812,Croatian,812,beetle,"crazy thought, whim",buba,buba
905,shift1194,Derivation,1,ACCEPTED,?,&lt;fruit&gt;,1211,tonsil,3401,Russian,157,Russian,157,a species of nut,tonsil,mindal&#39;,mindalina
917,shift2186,Derivation,6,ACCEPTED,→,to see/to look at,3121,"to beware, be careful",2343,Russian,157,Russian,157,"to see, to watch",prudent,smotret&#39;,osmotritel&#39;nyj
921,shift2186,Derivation,10,ACCEPTED,→,to see/to look at,3121,"to beware, be careful",2343,Old East Slavic,160,Old East Slavic,160,to observe,to beware of smth,блюсти,блюстися
927,shift0097,Polysemy,2,NEW,→,"to freeze, be cold",2657,to fear,2610,Serbian,1093,Serbian,1093,"to freeze, be cold",to fear,зепсти (zepsti),зепсти (zepsti)
935,shift6611,Derivation,1,NEW,→,to make smb/smth light (of weight),2898,to urinate,3341,Russian,157,Russian,157,to make smb/smth light (of weight),to urinate,облегчить,облегчиться
995,shift2081,Polysemy,2,ACCEPTED,?,bread,3677,food,1335,Russian,157,Russian,157,bread,food; maintenance,hleb,hleb
1006,shift0651,Polysemy,2,ACCEPTED,?,liquid (adj.),226,sparse,4188,Russian,157,Russian,157,"watery, thin (not strong ot thick enough)",sparse,židkij,židkij
1022,shift7741,Polysemy,2,NEW,→,"lord, master",254,furuncle,1405,Russian,157,Russian,157,"nobleman, lord; mister, sir","(professional slang of barber surgeons, recorded in 1903-1912) boil, furuncle",барин,барин
1043,shift1818,Polysemy,5,NEW,→,raw,1436,"rude, impolite",1517,Serbian,1093,Serbian,1093,raw,"rude, rough, primitive",сиров (sirov),сиров (sirov)
1044,shift1818,Polysemy,6,NEW,→,raw,1436,"rude, impolite",1517,Croatian,812,Croatian,812,raw,"rude, impolite",sirov,sirov
1045,shift8550,Polysemy,1,NEW,→,surprising,4350,exceptional,3881,Russian,157,Russian,157,surprising,exceptional,udivitel’nyj,udivitel’nyj
1051,shift1437,Polysemy,3,ACCEPTED,—,to see/to look at,3121,to act according to,2218,Old East Slavic,160,Old East Slavic,160,"to observe, to look at","to observe, to comply with",блюсти,блюсти
1057,shift1437,Derivation,9,ACCEPTED,—,to see/to look at,3121,to act according to,2218,Russian,157,Russian,157,to see/to look at,to act according to,наблюдать (nabljudat&#39;),соблюдать (sobljudat&#39;)
1060,shift8574,Derivation,2,ACCEPTED,→,"muddy, turbid (of water)",740,to be angry,2255,Russian,157,Russian,157,"muddy, turbid (of water)",to be angry,мутный,возмутиться
1062,shift0464,Derivation,2,ACCEPTED,?,eye,3890,peephole,334,Russian,157,Russian,157,eye,peephole,glaz,glazok
1064,shift0464,Derivation,4,ACCEPTED,→,eye,3890,peephole,334,Russian,157,Russian,157,eye,peephole,глаз,глазок
1074,shift5869,Derivation,2,ACCEPTED,→,to swell up,3261,to swagger,3253,Russian,157,Russian,157,"to swell out, to inflate",pompous,надуваться,надутый
1075,shift5869,Polysemy,3,SUSPENDED,→,to swell up,3261,to swagger,3253,Russian,157,Russian,157,to inflate with all one's strength (usually trying to do smth.),"to swagger, to assume a pretentious manner",пыжиться,пыжиться
1078,shift5869,Polysemy,6,ACCEPTED,→,to swell up,3261,to swagger,3253,Serbian,1093,Serbian,1093,to swell up,to swagger,надимати се (nadimati se),надимати се (nadimati se)
1083,shift7264,Polysemy,1,NEW,→,to stand,3211,"to fit, suit",2630,Serbian,1093,Serbian,1093,to stand,"to fit, suit",стајати (stajati),стајати (stajati)
1084,shift7264,Polysemy,2,NEW,→,to stand,3211,"to fit, suit",2630,Croatian,812,Croatian,812,to stand,"to fit, suit",stajati,stajati
1104,shift2647,Polysemy,10,ACCEPTED,→,&lt;vessel&gt;,3742,"ship, vessel",4039,Russian,157,Russian,157,"vessel, bowl (obs.)",vessel,sudno,sudno
1112,shift5221,Derivation,2,ACCEPTED,→,"steam, vapour",4251,sweat,4357,Russian,157,Russian,157,"steam, vapour",sweat,пар (par),испарина (isparina)
1131,shift1562,Polysemy,2,ACCEPTED,?,muzzle,756,face,1214,Russian,157,Russian,157,"neb, animal's face",chaps,morda,morda
1160,shift3163,Derivation,5,ACCEPTED,—,&lt;bird&gt;,3478,freckle,1370,Ukrainian,138,Ukrainian,138,swallow,freckle,lastivka,lastovynka
1161,shift3163,Derivation,6,ACCEPTED,→,&lt;bird&gt;,3478,freckle,1370,Ukrainian,138,Ukrainian,138,crane,freckle (dialect),žuravel&#39;,"žuravycha, žuravyna"
1196,shift3380,Motivation,1,ACCEPTED,→,night,1863,bat,3529,Russian,157,Russian,157,night,(dialect) bat,ночь (noč&#39;),ночник (nočnik)
1200,shift1702,Derivation,1,NEW,?,"to get, obtain",2691,cattle,914,Bulgarian,110,Bulgarian,110,"to get, to obtain, to procure",cattle,"dobija, dobivam",dobităk
1203,shift0286,Polysemy,1,ACCEPTED,—,to bend (intr.),2339,to die,2517,Russian,157,Russian,157,to ply,to die,загнуться (zagnut&#39;sja),загнуться (zagnut&#39;sja)
1221,shift3410,Polysemy,2,ACCEPTED,→,pine-tree,382,"horsetail, equisetum",1669,Russian,157,Russian,157,small pine,bottlebrush,sosenka,"sosenka, sosënka"
1236,shift0265,Polysemy,6,NEW,→,to fall down,2605,to happen,2735,Serbian,1093,Serbian,1093,to fall down,to happen,пасти (pasti),пасти (pasti)
1237,shift0265,Polysemy,7,NEW,→,to fall down,2605,to happen,2735,Croatian,812,Croatian,812,to fall down,to happen,pasti,pasti
1245,shift2244,Derivation,2,ACCEPTED,—,"to follow, go after smb.",2649,next,1860,Russian,157,Russian,157,to follow,next,следовать (sledovat&#39;),следующий (sledujuščij)
1255,shift2244,Derivation,12,NEW,→,"to follow, go after smb.",2649,next,1860,Serbian,1093,Serbian,1093,to go after smb.,next,следити (slediti),следећи (sledeći)
1256,shift2244,Derivation,13,NEW,→,"to follow, go after smb.",2649,next,1860,Croatian,812,Croatian,812,to go after smb.,next,slijediti,sljedeći
1265,shift3604,Polysemy,1,ACCEPTED,→,stepson,4262,sucker (botany),4320,Russian,157,Russian,157,step son,"offspring, sucker (botanic)",pasynok,pasynok
1266,shift8156,Motivation,1,ACCEPTED,→,linden,218,June,1200,Croatian,812,Croatian,812,linden,June,lȉpa,lȋpanj
1283,shift1849,Derivation,1,ACCEPTED,→,to stand,3211,"to inhabit, live",2793,Russian,157,Russian,157,to stand,"to inhabit, live",стоять (stojat&#39;),постоялец (postojalec)
1284,shift1849,Polysemy,2,NEW,→,to stand,3211,"to inhabit, live",2793,Croatian,812,Croatian,812,to stand,"to inhabit, live",stajati,stajati
1286,shift8176,Motivation,2,ACCEPTED,→,tobacco pipe,3392,mock-orange,687,Russian,157,Russian,157,"smoking pipe with a long hollow stem,",mock-orange,чубук,чубушник
1290,shift8394,Polysemy,1,ACCEPTED,—,old (vs. new),4532,historical tale,1631,Russian,157,Russian,157,old (vs. new),(dialect) bylina (traditional East Slavic oral epic narrative poem),старый,старина
1293,shift7705,Derivation,2,NEW,→,copper,1093,Anguis fragilis,1998,Russian,157,Russian,157,copper,Anguis fragilis,медь,медяница
1318,shift0354,Polysemy,19,NEW,—,to strew,3233,to pour,2993,Serbian,1093,Serbian,1093,to strew,to pour,сипати (sipati),сипати (sipati)
1327,shift8120,Motivation,1,ACCEPTED,→,sea,3970,guinea pig (Cavia porcellus),860,Russian,157,Russian,157,"sea (adj., fem.)",guinea pig (Cavia porcellus),морская,морская свинка
1329,shift8120,Motivation,3,ACCEPTED,→,sea,3970,guinea pig (Cavia porcellus),860,Bulgarian,110,Bulgarian,110,"sea (adj., neuter)",guinea pig (Cavia porcellus),морско,морско свинче
1330,shift8120,Derivation,4,ACCEPTED,→,sea,3970,guinea pig (Cavia porcellus),860,Czech,174,Czech,174,sea,guinea pig (Cavia porcellus),moře,morče
1333,shift8120,Motivation,7,ACCEPTED,→,sea,3970,guinea pig (Cavia porcellus),860,Slovenian,190,Slovenian,190,sea (adj.),guinea pig (Cavia porcellus),mórski,mórski prašȋčək
1334,shift8120,Derivation,8,ACCEPTED,→,sea,3970,guinea pig (Cavia porcellus),860,Slovak,234,Slovak,234,sea,guinea pig (Cavia porcellus),more,morča
1335,shift8120,Motivation,9,ACCEPTED,→,sea,3970,guinea pig (Cavia porcellus),860,Polish,171,Polish,171,"sea (adj., fem.)",guinea pig (Cavia porcellus),morska,świnka morska
1340,shift8120,Motivation,14,ACCEPTED,→,sea,3970,guinea pig (Cavia porcellus),860,Belarusan,242,Belarusan,242,"sea (adj., fem.)",guinea pig (Cavia porcellus),марская,марская свiнка
1341,shift8120,Motivation,15,ACCEPTED,→,sea,3970,guinea pig (Cavia porcellus),860,Ukrainian,138,Ukrainian,138,"sea (adj., fem.)",guinea pig (Cavia porcellus),морська,морська свинка
1342,shift8120,Motivation,16,NEW,→,sea,3970,guinea pig (Cavia porcellus),860,Serbian,1093,Serbian,1093,sea,guinea pig (Cavia porcellus),море (more),"заморче (zamorče), заморчад (zamorčad)"
1343,shift8120,Motivation,17,NEW,→,sea,3970,guinea pig (Cavia porcellus),860,Serbian,1093,Serbian,1093,sea,guinea pig (Cavia porcellus),море (more),морско прасе (morsko prase)
1344,shift8120,Motivation,18,NEW,→,sea,3970,guinea pig (Cavia porcellus),860,Croatian,812,Croatian,812,sea,guinea pig (Cavia porcellus),more,"zamorče, zamorčad"
1345,shift8120,Motivation,19,NEW,→,sea,3970,guinea pig (Cavia porcellus),860,Croatian,812,Croatian,812,sea,guinea pig (Cavia porcellus),more,morsko prase
1348,shift1328,Derivation,1,ACCEPTED,→,"to end, finish",2577,to die,2517,Russian,157,Russian,157,to finish,to die,кончить,скончаться
1360,shift7900,Polysemy,1,ACCEPTED,→,different,4432,excellent,3880,Russian,157,Russian,157,different,excellent,отличный,отличный
1361,shift7900,Polysemy,2,ACCEPTED,→,different,4432,excellent,3880,Russian,157,Russian,157,(Middle Russian) different,excellent,отменный,отменный
1363,shift7900,Polysemy,4,ACCEPTED,→,different,4432,excellent,3880,Ukrainian,138,Ukrainian,138,different,excellent,відмінний,відмінний
1364,shift7900,Polysemy,5,ACCEPTED,→,different,4432,excellent,3880,Belarusan,242,Belarusan,242,"peculiar, distinctive; not like everyone else","the best, extraordinary",адменны,адменны
1365,shift4184,Polysemy,1,ACCEPTED,→,monarch,696,mesentery,641,Serbo-Croatian,156,Serbo-Croatian,156,queen,mesentery,краљица (kraljica),краљица (kraljica)
1369,shift4737,Polysemy,1,NEW,→,"to drive, to force to move on",2560,"to distill, retort",2536,Russian,157,Russian,157,"to drive, to force to move on","to distill, retort",гнать (gnat&#39;),гнать (gnat&#39;)
1371,shift2665,Polysemy,1,ACCEPTED,←,pig (Sus scrofa),369,badger (Meles),3501,Russian,157,Russian,157,"hog, male pig",badger,barsuk,barsuk
1379,shift1131,Polysemy,4,ACCEPTED,?,to open (tr.),2949,"to learn, find out",2836,Russian,157,Russian,157,to open,to reveal,otkryt&#39;,otkryt&#39;
1381,shift1131,Polysemy,6,NEW,→,to open (tr.),2949,"to learn, find out",2836,Serbian,1093,Serbian,1093,to open (tr.),"to learn, find out, to discover",открити (otkriti),открити (otkriti)
1383,shift8397,Derivation,1,ACCEPTED,→,pearl,329,pearl barley,330,Russian,157,Russian,157,pearl,perl barley,перл,перловка
1386,shift8397,Derivation,4,ACCEPTED,→,pearl,329,pearl barley,330,Polish,171,Polish,171,pearl,pearl barley,perłowy,kasza perłowa
1387,shift8397,Derivation,5,ACCEPTED,→,pearl,329,pearl barley,330,Ukrainian,138,Ukrainian,138,pearl,pearl barley,"перла, перлина",перлова крупа
1388,shift4689,Derivation,1,NEW,→,"kind, good-hearted",1711,fever,1267,Russian,157,Russian,157,"kind, good-hearted",fever,добрый,добруха
1396,shift0551,Derivation,3,ACCEPTED,→,"&lt;going, walking&gt;",761,toilet,3395,Russian,157,Russian,157,to move,toilet,hodit&#39;,othožee mesto
1404,shift2695,Polysemy,2,ACCEPTED,→,to open (tr.),2949,to begin (tr.),2332,Russian,157,Russian,157,to open,to open,otkryvat&#39;,otkryvat&#39;
1406,shift2695,Polysemy,4,ACCEPTED,→,to open (tr.),2949,to begin (tr.),2332,Serbian,1093,Serbian,1093,to open (tr.),to begin (tr.),отворити (otvoriti),отворити (otvoriti)
1407,shift2695,Polysemy,5,ACCEPTED,→,to open (tr.),2949,to begin (tr.),2332,Croatian,812,Croatian,812,to open (tr.),to begin (tr.),otvoriti,otvoriti
1412,shift0851,Derivation,4,ACCEPTED,→,heavy (of weight),1594,pregnant,456,Czech,174,Czech,174,burden,pregnant,tihota,těhotná
1414,shift0851,Polysemy,6,ACCEPTED,→,heavy (of weight),1594,pregnant,456,Russian,157,Russian,157,heavily,being pregnant,gruzno,gruzno
1415,shift0851,Polysemy,7,ACCEPTED,→,heavy (of weight),1594,pregnant,456,Russian,157,Russian,157,burden,pregnant,tjaželaja,tjaželaja
1420,shift0851,Cognates,12,ACCEPTED,→,heavy (of weight),1594,pregnant,456,Russian,157,Russian,157,burden,pregnant,bremja,beremennaja
1424,shift0851,Derivation,16,ACCEPTED,→,heavy (of weight),1594,pregnant,456,Ukrainian,138,Ukrainian,138,"weight, burden",pregnant,vaha,vahitna
1439,shift2413,Polysemy,1,NEW,→,black,3610,"many, much",584,Russian,157,Russian,157,too dark,a lot of,černym-černo,černym-černo
1463,shift7716,Polysemy,2,NEW,→,first,1297,best,3583,Russian,157,Russian,157,first,best,первый,первый
1477,shift3739,Derivation,3,ACCEPTED,—,to perceive smell,2969,to detect,2515,Russian,157,Russian,157,to perceive smell,to detect,нюхать,пронюхать
1487,shift0888,Polysemy,6,ACCEPTED,—,back (body part),3485,"mountain ridge, edge",731,Bulgarian,110,Bulgarian,110,back,mountain crest,grăb,grăb
1502,shift0888,Polysemy,21,ACCEPTED,—,back (body part),3485,"mountain ridge, edge",731,Russian,157,Russian,157,spine,range,hrebet,hrebet
1512,shift1844,Polysemy,3,ACCEPTED,?,"to pull, to draw",3018,to last,2831,Russian,157,Russian,157,to drag on,to last,tjanut&#39;sja,tjanut&#39;sja
1517,shift0983,Polysemy,3,ACCEPTED,—,"to slow, linger",3175,"to inhabit, live",2793,Serbo-Croatian,156,Serbo-Croatian,156,"to last, to continue","to live, to reside",trajati,trajati
1519,shift0569,Polysemy,1,ACCEPTED,→,to go out,2708,to result in,3079,Russian,157,Russian,157,to go out,to result,vyhodit&#39;,vyhodit&#39;
1531,shift0938,Derivation,4,ACCEPTED,?,"fearful, dreadful",1247,very,3761,Russian,157,Russian,157,"terrible, frightful",terribly,strašnyj,strašno
1534,shift0938,Derivation,7,ACCEPTED,?,"fearful, dreadful",1247,very,3761,Russian,157,Russian,157,"terrible, awful",awfully,užasnyj,užasno
1545,shift0938,Polysemy,18,NEW,→,"fearful, dreadful",1247,very,3761,Serbian,1093,Serbian,1093,"fearfully, dreadfully",very,страшно (strašno),страшно (strašno)
1546,shift0938,Polysemy,19,NEW,→,"fearful, dreadful",1247,very,3761,Croatian,812,Croatian,812,"fearfully, dreadfully",very,strašno,strašno
1573,shift5619,Polysemy,2,ACCEPTED,→,lock (n.),240,keystone,1706,Russian,157,Russian,157,lock (n.),keystone,замок (zamok),замок (zamok)
1574,shift5619,Polysemy,3,ACCEPTED,→,lock (n.),240,keystone,1706,Ukrainian,138,Ukrainian,138,lock (n.),keystone,замок,замок
1575,shift5619,Derivation,4,ACCEPTED,→,lock (n.),240,keystone,1706,Belarusan,242,Belarusan,242,lock (n.),keystone,замок,замковы камень
1591,shift2972,Internal cognates,1,NEW,—,empty,3835,nausea,1832,Russian,157,Russian,157,empty,to be sick to one's stomach,тощий,тошнит (tošnit)
1603,shift5331,Derivation,6,ACCEPTED,→,name,1820,kind (n.),1710,Russian,157,Russian,157,name,kind (n.),имя,наименование
1617,shift4669,Polysemy,2,NEW,→,"sack, bag",3908,clumsy,1016,Russian,157,Russian,157,sack filled with straw and used as a  матрац mattress,"clumsy person, indecisive person",тюфяк,тюфяк
1621,shift7665,Polysemy,4,ACCEPTED,→,horsehair,1664,horsehair worm,1665,Russian,157,Russian,157,horsehair,horsehair worm,конский волос,конский волос
1622,shift7665,Polysemy,5,ACCEPTED,→,horsehair,1664,horsehair worm,1665,Ukrainian,138,Ukrainian,138,horsehair,horsehair worm,кінський волос,кінський волос
1623,shift7665,Polysemy,6,ACCEPTED,→,horsehair,1664,horsehair worm,1665,Belarusan,242,Belarusan,242,horsehair,horsehair worm,конскі волас,конскі волас
1638,shift1299,Derivation,1,ACCEPTED,?,to love,2874,any,2012,Russian,157,Russian,157,"to like, to love",any,ljubit&#39;,ljuboj
1650,shift7682,Polysemy,1,NEW,→,"steam, vapour",4251,fallow,1220,Russian,157,Russian,157,"steam, vapour",fallow,пар,пар
1651,shift7682,Internal cognates,2,NEW,→,"steam, vapour",4251,fallow,1220,Ukrainian,138,Ukrainian,138,"steam, vapour",fallow,пара,пар
1656,shift0692,Polysemy,5,ACCEPTED,?,"to strike, hit",3234,to kill,2820,Russian,157,Russian,157,to beat,to kill (generally animals),bit&#39;,bit&#39;
1661,shift0692,Derivation,10,ACCEPTED,?,"to strike, hit",3234,to kill,2820,Russian,157,Russian,157,to beat,to kill,bit&#39;,ubit&#39;
1676,shift0343,Polysemy,1,NEW,?,to go down,2704,to become decrepit,2315,Czech,174,Czech,174,"1) сойти, спуститься [Павлович 1976: 523]","3) to decrepitate, to decay",sejít,sejít
1700,shift5673,Polysemy,1,ACCEPTED,→,cage,872,cell (in biology),924,Russian,157,Russian,157,cage,cell (in biology),клетка (kletka),клетка (kletka)
1701,shift5673,Polysemy,2,ACCEPTED,→,cage,872,cell (in biology),924,Belarusan,242,Belarusan,242,cage,cell (in biology),клетка,клетка
1702,shift5673,Polysemy,3,ACCEPTED,→,cage,872,cell (in biology),924,Bulgarian,110,Bulgarian,110,cage,cell (in biology),клетка,клетка
1703,shift5673,Derivation,4,ACCEPTED,→,cage,872,cell (in biology),924,Ukrainian,138,Ukrainian,138,cage,cell (in biology),клітка,клітина
1746,shift2086,Polysemy,43,NEW,→,owner,4576,husband,1694,Bulgarian,110,Bulgarian,110,owner,husband,стопанин,стопанин
1758,shift2086,Polysemy,55,NEW,→,owner,4576,husband,1694,Russian,157,Russian,157,owner,(dialect) husband,хозяин,хозяин
1759,shift0586,Polysemy,1,ACCEPTED,→,dog,4458,bad person,3496,Russian,157,Russian,157,dog,bad person,pes,pes
1761,shift0586,Polysemy,3,ACCEPTED,—,dog,4458,bad person,3496,Russian,157,Russian,157,dog,rascal,sobaka,sobaka
1797,shift2136,Polysemy,3,ACCEPTED,?,to speak,3193,to foresee,2651,Russian,157,Russian,157,to say,to predict,skazat&#39;,predskazat&#39;
1927,shift3460,Derivation,2,ACCEPTED,→,to measure,2908,moderate,689,Russian,157,Russian,157,to measure,moderate,мерить (merit&#39;),умеренный (umerennyj)
1942,shift0980,Derivation,2,ACCEPTED,?,to move quickly,2930,to flow,2639,Czech,174,Czech,174,to run away,to flow,utéci,téci
1943,shift0980,Derivation,3,ACCEPTED,?,to move quickly,2930,to flow,2639,Russian,157,Russian,157,"quick, fast",rapid,bystryj,bystrina
1948,shift4068,Polysemy,1,ACCEPTED,→,"albumen, white of an egg",1966,protein,485,Russian,157,Russian,157,"albumen, white of an egg",protein,белок (belok),белок (belok)
1950,shift4068,Derivation,3,ACCEPTED,→,"albumen, white of an egg",1966,protein,485,Czech,174,Czech,174,"albumen, white of an egg",protein,bílek,bílkovina
1951,shift4068,Polysemy,4,ACCEPTED,→,"albumen, white of an egg",1966,protein,485,Polish,171,Polish,171,"albumen, white of an egg",protein,białko,białko
1952,shift4068,Derivation,5,ACCEPTED,→,"albumen, white of an egg",1966,protein,485,Macedonian,118,Macedonian,118,"albumen, white of an egg",protein,белка,белковина
1953,shift4068,Derivation,6,ACCEPTED,→,"albumen, white of an egg",1966,protein,485,Slovenian,190,Slovenian,190,"albumen, white of an egg",protein,belják,beljakovina
1958,shift4068,Polysemy,11,ACCEPTED,→,"albumen, white of an egg",1966,protein,485,Ukrainian,138,Ukrainian,138,"albumen, white of an egg",protein,білок,білок
1960,shift4068,Derivation,13,NEW,→,"albumen, white of an egg",1966,protein,485,Serbian,1093,Serbian,1093,"albumen, white of an egg",protein,беланце (belance),беланчевина (belančevina)
1961,shift4068,Derivation,14,NEW,→,"albumen, white of an egg",1966,protein,485,Croatian,812,Croatian,812,"albumen, white of an egg",protein,bjelanjak,bjelančevine
1975,shift1831,Derivation,1,ACCEPTED,→,to bind,2345,"dense, thick (liquid)",4414,Russian,157,Russian,157,"to tie, to bind",sticky,вязать (vjazat&#39;),вязкий (vjazkij)
1998,shift1872,Polysemy,1,ACCEPTED,—,to step on,3222,to begin,2331,Russian,157,Russian,157,"to step, to tread","to come, to arrive",наступить (nastupit&#39;),наступить (nastupit&#39;)
2016,shift0821,Polysemy,14,NEW,→,yellow,2079,gold,807,Serbian,1093,Serbian,1093,yellow,gold,жут (žut),жут (žut)
2017,shift0821,Polysemy,15,NEW,→,yellow,2079,gold,807,Croatian,812,Croatian,812,yellow,gold,žut,žut
2023,shift0096,Polysemy,4,ACCEPTED,→,inflated,1774,proud,487,Russian,157,Russian,157,inflated,arrogant,nadutyj,nadutyj
2032,shift1564,Polysemy,1,ACCEPTED,—,to go away,2700,to disappear,2525,Russian,157,Russian,157,to leave,"to get lost, to disappear, to go out of use",уйти (ujti),уйти (ujti)
2040,shift6645,Polysemy,1,NEW,→,monarch,696,police officer,430,Russian,157,Russian,157,Egyptian pharaoh,police officer (argo),фараон,фараон
2041,shift4368,Polysemy,1,ACCEPTED,→,cat,905,anchor,1991,Russian,157,Russian,157,cat,"anchor, having more than two flukes",кошка (koška),кошка (koška)
2042,shift4368,Derivation,2,ACCEPTED,→,cat,905,anchor,1991,Polish,171,Polish,171,cat,anchor,kot,kotwica
2043,shift4368,Derivation,3,ACCEPTED,→,cat,905,anchor,1991,Bulgarian,110,Bulgarian,110,cat,anchor,котка,котва
2044,shift4368,Derivation,4,ACCEPTED,→,cat,905,anchor,1991,Czech,174,Czech,174,cat,anchor,kočka,kotva
2045,shift4368,Derivation,5,ACCEPTED,→,cat,905,anchor,1991,Slovak,234,Slovak,234,cat,anchor,kocúr,kotva
2047,shift4368,Derivation,7,ACCEPTED,→,cat,905,anchor,1991,Ukrainian,138,Ukrainian,138,cat,(rare) anchor,кiт,кiтва
2052,shift6063,Polysemy,2,NEW,→,"to draw, paint",2551,to photograph,2973,Serbian,1093,Serbian,1093,to paint,to photograph,сликати (slikati),сликати (slikati)
2053,shift6063,Polysemy,3,NEW,→,"to draw, paint",2551,to photograph,2973,Croatian,812,Croatian,812,"to draw, paint",to photograph,slikati,slikati
2069,shift2667,Polysemy,4,ACCEPTED,—,blacksmith,3617,"wizard, magician",105,Old East Slavic,160,Old East Slavic,160,blacksmith,"wizard, sorcerer; itinerant actor",кузньцъ,кузньцъ
2074,shift5019,Polysemy,2,ACCEPTED,→,"this way, like this",2177,yes,2081,Polish,171,Polish,171,like this; so (in this way),yes,tak,tak
2075,shift5019,Polysemy,3,ACCEPTED,→,"this way, like this",2177,yes,2081,Ukrainian,138,Ukrainian,138,thus,yes,так,так
2076,shift5019,Polysemy,4,ACCEPTED,→,"this way, like this",2177,yes,2081,Belarusan,242,Belarusan,242,"so, thus","YES, <positive particle>",так,так
2106,shift2541,Polysemy,18,NEW,→,big,3588,great,839,Serbian,1093,Serbian,1093,big,great,велики (veliki),велики (veliki)
2107,shift2541,Polysemy,19,NEW,→,big,3588,great,839,Croatian,812,Croatian,812,big,great,velik,velik
2111,shift5308,Polysemy,1,ACCEPTED,→,grass,833,cannabis,886,Russian,157,Russian,157,grass,(slang) cannabis,трава (trava),трава (trava)
2119,shift2353,Derivation,2,ACCEPTED,→,"to live, be alive",2855,bread,3677,Russian,157,Russian,157,to live,grain,žit&#39;,žito
2126,shift4800,Derivation,6,NEW,—,to lie (posture),2848,to believe in,2337,Russian,157,Russian,157,to lie (posture),to believe in,лежать,положиться на кого-л.
2130,shift2708,Polysemy,3,ACCEPTED,→,&lt;furniture&gt;,1212,&lt;office&gt;,4508,Russian,157,Russian,157,table,table,stol,stol
2132,shift2708,Polysemy,5,ACCEPTED,→,&lt;furniture&gt;,1212,&lt;office&gt;,4508,Russian,157,Russian,157,bench,shop,lavka,lavka
2145,shift2873,Polysemy,6,ACCEPTED,—,low (location),263,low (size),264,Bulgarian,110,Bulgarian,110,low (location),low (size),нисък,нисък
2146,shift2873,Polysemy,7,ACCEPTED,—,low (location),263,low (size),264,Czech,174,Czech,174,low (location),low (size),nízký,nízký
2147,shift2873,Polysemy,8,ACCEPTED,—,low (location),263,low (size),264,Russian,157,Russian,157,low (location),low (size),низкий (nizkij),низкий (nizkij)
2155,shift2873,Polysemy,16,NEW,—,low (location),263,low (size),264,Croatian,812,Croatian,812,low (location),low (size),nizak,nizak
2156,shift2873,Polysemy,17,NEW,—,low (location),263,low (size),264,Serbian,1093,Serbian,1093,low (location),low (size),низак (nizak),низак (nizak)
2162,shift1646,Derivation,2,ACCEPTED,→,bone,3645,stone (of a fruit),4280,Russian,157,Russian,157,bone,stone (fruit),kost&#39;,kostočka
2168,shift1646,Polysemy,8,NEW,→,bone,3645,stone (of a fruit),4280,Serbian,1093,Serbian,1093,bone,stone (of a fruit),кошчица (koščica),кошчица (koščica)
2176,shift7698,Derivation,1,NEW,→,blind,3624,temple (region of skull),2142,Serbian,1093,Serbian,1093,blind,temple (region of skull),слеп (slep),слепочницe (slepoočnice)
2177,shift7698,Derivation,2,NEW,→,blind,3624,temple (region of skull),2142,Croatian,812,Croatian,812,blind,temple (region of skull),slijep,sljepoočnica
2195,shift7889,Polysemy,1,NEW,→,feather,1250,cirrus (clouds),985,Russian,157,Russian,157,"featherlike, plumose; (biology) pinnate",cirrus (clouds),перистый,перистый
2208,shift8148,Polysemy,1,ACCEPTED,→,scale insect,3950,June,1200,Polish,171,Polish,171,scale insect,June,czerwiec,czerwiec
2209,shift8148,Motivation,2,ACCEPTED,→,scale insect,3950,June,1200,Czech,174,Czech,174,scale insect,June,červec,červen
2210,shift8148,Derivation,3,ACCEPTED,→,scale insect,3950,June,1200,Ukrainian,138,Ukrainian,138,"Polish cochineal (Porphyrophora polonica), a species of scale insect used to manufacture red dye",June,червець,червень
2211,shift8148,Derivation,4,ACCEPTED,→,scale insect,3950,June,1200,Belarusan,242,Belarusan,242,scale insect,June,чарвец,чэрвень
2212,shift8148,Motivation,5,ACCEPTED,→,scale insect,3950,June,1200,Kashub,295,Kashub,295,maggot,June,czerw,czerwc
2214,shift0114,Derivation,2,ACCEPTED,→,to give birth,2693,to cause,2410,Russian,157,Russian,157,to give birth to,to cause,rodit&#39;,porodit&#39;
2218,shift4564,Polysemy,1,NEW,—,debt,4399,"duty, responsibility",4504,Russian,157,Russian,157,debt,"duty, responsibility",долг,долг
2225,shift4158,Polysemy,1,ACCEPTED,→,to move away,2927,"to destroy, annihilate",2514,Russian,157,Russian,157,"to remove, to withdraw",to delete,удалить (udalit&#39;),удалить (udalit&#39;)
2235,shift1387,Derivation,2,ACCEPTED,?,nettle (Urtica),1849,small tortoise-shell (Aglais urticae),4125,Russian,157,Russian,157,nettle,rash,krapiva,krapivnica
2248,shift3241,Polysemy,5,ACCEPTED,→,&lt;foreigner&gt;,1210,syphilis,4372,Russian,157,Russian,157,germans,hard chancre,nemcy,nemcy
2256,shift0673,Derivation,6,ACCEPTED,→,green,845,plant (biol.),398,Russian,157,Russian,157,green,greenery,zelenyj,zelen&#39;
2283,shift1856,Polysemy,8,NEW,→,to go out,2708,"to rise (of Moon, Sun)",3090,Serbian,1093,Serbian,1093,to go out,"to rise (of Moon, Sun)",изаћи (izaći),изаћи (izaći)
2289,shift0948,Polysemy,1,NEW,?,horse,1661,big,3588,Russian,157,Russian,157,"horse, equine",big (basilect),lošadinyj,lošadinyj
2295,shift1415,Derivation,1,NEW,?,long (size),246,long-fibred flax (Linum usitatissimum),250,Russian,157,Russian,157,long,a variety of linen,dolgij,dolgunec
2321,shift1300,Polysemy,2,ACCEPTED,—,to touch,3307,"to concern, be related to",2448,Russian,157,Russian,157,to touch,to be smb's business,kasat&#39;sja,kasat&#39;sja
2331,shift7054,Polysemy,1,NEW,→,"trap, snare (n.)",3430,"trick, deceit",3437,Russian,157,Russian,157,"trap, snare (n.)","trick, trap, deceit",ловушка,ловушка
2334,shift2664,Derivation,2,ACCEPTED,—,pig (Sus scrofa),369,hedgehog (Еrinaceus),1595,Slovak,234,Slovak,234,pig,hedgehog,рrаsа,trnova рrаsа
2348,shift3279,Derivation,3,ACCEPTED,→,to give,2692,to marry off (a daughter),2905,Serbian,1093,Serbian,1093,to give,to marry off (a daughter),дати (dati),удати (udati)
2349,shift3279,Derivation,4,ACCEPTED,→,to give,2692,to marry off (a daughter),2905,Croatian,812,Croatian,812,to give,to marry off (a daughter),dati,udati
2351,shift3279,Derivation,6,ACCEPTED,→,to give,2692,to marry off (a daughter),2905,Russian,157,Russian,157,to give,to marry off (a daughter),давать,выдавать
2352,shift1177,Internal cognates,1,ACCEPTED,—,to flow,2639,island,1808,Russian,157,Russian,157,"to stream, to flow",island,струиться (struit&#39;sja),остров (ostrov)
2353,shift1177,Derivation,2,ACCEPTED,→,to flow,2639,island,1808,Serbian,1093,Serbian,1093,to flow,island,тећи (teći),оток (otok)
2354,shift1177,Derivation,3,ACCEPTED,→,to flow,2639,island,1808,Croatian,812,Croatian,812,to flow,island,teći,otok
2370,shift0986,Derivation,2,ACCEPTED,?,"sack, bag",3908,scrotum,3968,Russian,157,Russian,157,purse (archaic),scrotum,mošna,mošonka
2372,shift0986,Polysemy,4,ACCEPTED,?,"sack, bag",3908,scrotum,3968,Ukrainian,138,Ukrainian,138,pouch,scrotum,kalytka,kalytka
2383,shift4490,Derivation,2,NEW,→,bug (Heteroptera),3713,pepperwort,346,Russian,157,Russian,157,bug (Heteroptera),pepperwort,клоп,клоповник
2395,shift2494,Polysemy,2,NEW,→,to blossom,2354,to get mouldy (musty),2681,Russian,157,Russian,157,to start blooming (plants),to become nouldy,zacvesti,zacvesti
2396,shift7796,Polysemy,1,NEW,→,brush,3706,fetlock,1264,Russian,157,Russian,157,brush,fetlock,щётка,щётка
2416,shift1217,Polysemy,1,NEW,→,"to freeze, be cold",2657,"to worry, be agitated",3382,Serbian,1093,Serbian,1093,"to freeze, be cold","to worry, be agitated",зепсти (zepsti),зепсти (zepsti)
2419,shift1605,Derivation,2,ACCEPTED,?,Romani,1492,to deceive,2494,Russian,157,Russian,157,a nomadic tribe of indian origin,to deceive,cygan,cyganit&#39;
2420,shift0423,Derivation,1,ACCEPTED,→,"little, small",232,slow (adj.),4120,Czech,174,Czech,174,"small, little","slow, quiet",malý,pomalý
2429,shift2959,Polysemy,1,ACCEPTED,—,strength,4301,body,3640,Serbo-Croatian,156,Serbo-Croatian,156,force,body (reg.),snaga,snaga
2443,shift1169,Polysemy,9,ACCEPTED,?,to give,2692,to let,2842,Russian,157,Russian,157,to give,to let,davat&#39;,davat&#39;
2474,shift1255,Polysemy,1,ACCEPTED,→,to regret,3055,to revenge,3082,Serbo-Croatian,156,Serbo-Croatian,156,"to be sorry, to regret",to revenge,kajati,kajati
2480,shift2857,Polysemy,2,ACCEPTED,→,"to raise, lift (tr.)",3037,to bring up (children),2381,Russian,157,Russian,157,"to raise, lift (tr.)",to bring up,поднимать (podnimat&#39;),поднимать (podnimat&#39;)
2484,shift2857,Polysemy,6,NEW,→,"to raise, lift (tr.)",3037,to bring up (children),2381,Serbian,1093,Serbian,1093,"to raise, lift (tr.)",to bring up (children),подићи (podići),подићи (podići)
2485,shift2857,Polysemy,7,NEW,→,"to raise, lift (tr.)",3037,to bring up (children),2381,Croatian,812,Croatian,812,"to raise, lift (tr.)",to bring up (children),podignuti,podignuti
2487,shift7785,Derivation,1,NEW,→,oak,4510,April,2021,Czech,174,Czech,174,oak,April,dub,duben
2495,shift8072,Derivation,2,NEW,→,to burn (intr.),2384,to lose colour,2867,Russian,157,Russian,157,to burn (intr.),to lose colour under the influence of sunlight,гореть,выгорать
2502,shift2042,Polysemy,7,ACCEPTED,—,lean,178,infertile (soil),1772,Russian,157,Russian,157,lean,lean,toščij,toščij
2505,shift0110,Polysemy,1,ACCEPTED,?,dry,4491,emotionless,3834,Russian,157,Russian,157,"dry, not wet",dry speech,suhoj,suhoj
2513,shift0110,Polysemy,9,NEW,→,dry,4491,emotionless,3834,Serbian,1093,Serbian,1093,dry,emotionless,сув (suv),сув (suv)
2514,shift0110,Polysemy,10,NEW,→,dry,4491,emotionless,3834,Croatian,812,Croatian,812,dry,"emotionless, restrained, cold",suh,suh
2518,shift1358,Derivation,4,ACCEPTED,?,"joint, articulation",1193,generation,776,Russian,157,Russian,157,knee,generation,koleno,pokolenie
2525,shift2260,Derivation,5,ACCEPTED,→,to fall down,2605,to coincide,2437,Russian,157,Russian,157,to fall,to coincide,padat&#39;,sovpadat&#39;
2533,shift4939,Polysemy,2,ACCEPTED,→,evening,3871,"party, soiree",309,Russian,157,Russian,157,evening,"party, soiree",вечер,вечер
2535,shift4939,Derivation,4,ACCEPTED,→,evening,3871,"party, soiree",309,Ukrainian,138,Ukrainian,138,evening,"party, soiree",вечiр,вечiрка
2536,shift4939,Derivation,5,ACCEPTED,→,evening,3871,"party, soiree",309,Belarusan,242,Belarusan,242,evening,"party, soiree",вечар,вечарынка
2540,shift4939,Polysemy,9,NEW,→,evening,3871,"party, soiree",309,Serbian,1093,Serbian,1093,evening,"party, soiree",вече (veče),вече (veče)
2541,shift4939,Polysemy,10,NEW,→,evening,3871,"party, soiree",309,Croatian,812,Croatian,812,evening,"party, soiree",večer,večer
2561,shift0565,Derivation,1,ACCEPTED,→,to come,2439,to have experience,2748,Russian,157,Russian,157,to come,to have to,prihodit&#39;,prihodit&#39;sja
2570,shift0738,Derivation,1,ACCEPTED,?,to lead,2834,to behave,2333,Russian,157,Russian,157,"to lead, to guide",to behave,vesti,vesti sebja
2591,shift0462,Polysemy,3,ACCEPTED,—,eye,3890,loop,253,Polish,171,Polish,171,NA,loop,oko,oko
2618,shift3318,Polysemy,4,ACCEPTED,→,hand/arm,1550,handwriting,1553,Serbian,1093,Serbian,1093,hand/arm,handwriting,рука (ruka),рука (ruka)
2681,shift2848,Polysemy,5,NEW,→,big,3588,"high (size), tall",1624,Croatian,812,Croatian,812,big,"high (size), tall",velik,velik
2686,shift1252,Derivation,1,ACCEPTED,→,to pinch,2976,to steal,3220,Russian,157,Russian,157,to pinch,pickpocket,ščipat&#39;,ščipač
2690,shift5227,Derivation,3,ACCEPTED,→,grandfather,826,ancestor,1990,Russian,157,Russian,157,grandfather,ancestor,дед,деды
2695,shift5227,Polysemy,8,ACCEPTED,→,grandfather,826,ancestor,1990,Ukrainian,138,Ukrainian,138,grandfather,ancestors,дід,діди
2696,shift5227,Derivation,9,ACCEPTED,→,grandfather,826,ancestor,1990,Belarusan,242,Belarusan,242,grandfather,ancestors,дзед,дзяды
2706,shift3931,Derivation,2,ACCEPTED,→,necessary,1836,toilet,3395,Russian,157,Russian,157,necessary,toilet,нужный,нужник
2708,shift5007,Polysemy,2,ACCEPTED,→,garden,766,kindergarten,1712,Russian,157,Russian,157,garden,kindergarten,сад (sad),сад (sad)
2716,shift5007,Polysemy,10,ACCEPTED,→,garden,766,kindergarten,1712,Croatian,812,Croatian,812,diminutive of vȑt 'garden',kindergarten,vrtić,vrtić
2723,shift1066,Polysemy,1,ACCEPTED,—,to reach,3040,"to suffice, be enough",3247,Serbo-Croatian,156,Serbo-Croatian,156,"to catch up with, to overtake",to be enough,stizati,stizati
2725,shift1066,Polysemy,3,ACCEPTED,—,to reach,3040,"to suffice, be enough",3247,Russian,157,Russian,157,to reach,to be enough,достать (dostat&#39;),достать (dostat&#39;)
2734,shift7905,Internal cognates,2,ACCEPTED,→,"textile, cloth",2162,clothes,1005,Russian,157,Russian,157,"textile, cloth",clothes,полотно,платье
2738,shift2850,Polysemy,3,ACCEPTED,—,to become visible,2327,to seem,3122,Russian,157,Russian,157,to become visible,to seem,показаться,показаться
2739,shift3798,Polysemy,1,ACCEPTED,—,fishing float (bobber),1303,Boletus edulis,3644,Russian,157,Russian,157,fishing float (bobber),Boletus edulis,поплавок,поплавок
2744,shift0197,Derivation,2,ACCEPTED,→,to fly away,2643,"to evaporate, exhale",2587,Russian,157,Russian,157,to fly away,"to evaporate, exhale",лететь,улетучиваться
2760,shift3313,Polysemy,3,ACCEPTED,—,ten thousand,2145,"many, much",584,Old East Slavic,160,Old East Slavic,160,ten thousand,abundance,тьма,тьма
2768,shift0188,Polysemy,5,ACCEPTED,—,flexible,1319,"compliant, pliable",1073,Russian,157,Russian,157,flexible,willing or prone to give way to the influence of others; not invincibly rigid or obstinate,гибкий (gibkij),гибкий (gibkij)
2782,shift1832,Derivation,1,ACCEPTED,→,to tie,3302,to form the fruit (of plant),2655,Russian,157,Russian,157,"to tie, to bind",seed bud,вязать (vjazat&#39;),завязь (zavjaz&#39;)
2796,shift7833,Polysemy,1,NEW,→,to sit down,3161,"to land (of plane, bird etc.)",2830,Russian,157,Russian,157,to sit down,"to land (of plane, bird etc.)",садиться,садиться
2802,shift4390,Polysemy,1,ACCEPTED,—,"spawn, roe",4189,calf of a leg,875,Russian,157,Russian,157,calf of a leg,"spawn, roe",икра (ikra),икра (ikra)
2807,shift4390,Polysemy,6,ACCEPTED,—,"spawn, roe",4189,calf of a leg,875,Bulgarian,110,Bulgarian,110,"(old, dialect) calf of a leg","(old, dialect) spawn, roe",икра,икра
2808,shift4390,Polysemy,7,ACCEPTED,—,"spawn, roe",4189,calf of a leg,875,Macedonian,118,Macedonian,118,(dialect) calf of a leg,"spawn, roe",икра,икра
2809,shift4390,Cognates,8,ACCEPTED,—,"spawn, roe",4189,calf of a leg,875,Czech,174,Czech,174,(dialect) calf of a leg,"spawn, roe",ikro,jikra (usually pl. jikry)
2810,shift4390,Polysemy,9,ACCEPTED,—,"spawn, roe",4189,calf of a leg,875,Slovak,234,Slovak,234,(dialect) calf of a leg,"spawn, roe","ikra, ikro",ikra (usually pl. ikry)
2811,shift4390,Polysemy,10,ACCEPTED,—,"spawn, roe",4189,calf of a leg,875,Polish,171,Polish,171,(dialect) calf of a leg,"spawn, roe",ikra,ikra
2825,shift1321,Polysemy,2,ACCEPTED,?,&lt;fruit&gt;,1211,swelling (on skin),4365,Russian,157,Russian,157,cone,"clour, goose egg",šiška,šiška
2826,shift1321,Polysemy,3,ACCEPTED,→,&lt;fruit&gt;,1211,swelling (on skin),4365,Bulgarian,110,Bulgarian,110,cucumber,clour,krastavică,krastavică
2832,shift1305,Derivation,1,ACCEPTED,?,ear,3792,hare (Lepus),1562,Russian,157,Russian,157,ear,hare,uho,uškan
2841,shift0463,Derivation,6,ACCEPTED,—,eye,3890,bud (on a twig),3712,Russian,157,Russian,157,eye,bud,glaz,glazok
2854,shift1898,Polysemy,6,ACCEPTED,—,lung,272,liver,236,Bulgarian,110,Bulgarian,110,lung,liver,дроб,дроб
2862,shift1898,Polysemy,14,NEW,—,lung,272,liver,236,Bulgarian,110,Bulgarian,110,lung,liver,джигер,джигер
2890,shift6916,Polysemy,1,ACCEPTED,→,turkey,3465,fool,1336,Macedonian,118,Macedonian,118,turkey,fool,мисир,мисир
2893,shift6916,Polysemy,4,ACCEPTED,→,turkey,3465,fool,1336,Serbian,1093,Serbian,1093,turkey,fool (about women),ћурка (ćurka),ћурка (ćurka)
2894,shift6916,Polysemy,5,ACCEPTED,→,turkey,3465,fool,1336,Croatian,812,Croatian,812,turkey,fool,tukac,tukac
2895,shift6916,Polysemy,6,ACCEPTED,→,turkey,3465,fool,1336,Serbian,1093,Serbian,1093,turkey,fool (usually about women),тука (tuka),тука (tuka)
2901,shift2110,Polysemy,2,ACCEPTED,?,drunk,4488,great bilberry (Vaccinium uliginosum),840,Russian,157,Russian,157,drunkard,blueberry (dialect),p&#39;janica,p&#39;janica
2904,shift3493,Polysemy,3,ACCEPTED,→,"sign, designation",4076,miracle,674,Russian,157,Russian,157,sign,miracle,znamenie,znamenie
2906,shift0745,Polysemy,2,SUSPENDED,→,to disappear,2525,to die,2517,Russian,157,Russian,157,to disappear,"to be lost, to perish",пропасть,пропасть
2914,shift3833,Polysemy,1,ACCEPTED,→,spotted,4221,fly agaric (Amanita muscaria),1328,Russian,157,Russian,157,spotted one,fly agaric (Amanita muscaria),рябчик (rjabčik),рябчик (rjabčik)
2915,shift3833,Derivation,2,ACCEPTED,→,spotted,4221,fly agaric (Amanita muscaria),1328,Russian,157,Russian,157,spot,fly agaric (Amanita muscaria),пятно (pjatno),пятнашка (pjatnaška)
2916,shift3833,Derivation,3,ACCEPTED,→,spotted,4221,fly agaric (Amanita muscaria),1328,Russian,157,Russian,157,"specks, spots",fly agaric (Amanita muscaria),крап (krap),крапейник (krapejnik)
2917,shift3833,Derivation,4,ACCEPTED,→,spotted,4221,fly agaric (Amanita muscaria),1328,Russian,157,Russian,157,mottled,fly agaric (Amanita muscaria),пёстрый (pëstryj),пестрец (pestrec)
2926,shift3780,Derivation,2,ACCEPTED,—,expensive,3885,Boletus edulis,3644,Russian,157,Russian,157,expensive,Boletus edulis,дорогой,дорогой гриб
2944,shift0057,Polysemy,8,ACCEPTED,—,boy,3666,servant,3997,Old East Slavic,160,Old East Slavic,160,"boy, teenager",slave,отрокъ,отрокъ
2966,shift0057,Polysemy,30,ACCEPTED,—,boy,3666,servant,3997,Old East Slavic,160,Old East Slavic,160,boy,"servant, slave",кощеи,кощеи
2970,shift0057,Polysemy,34,NEW,→,boy,3666,servant,3997,Serbian,1093,Serbian,1093,"guy, boy","servant, assistant, home helper",момак (momak),момак (momak)
2971,shift0057,Polysemy,35,NEW,→,boy,3666,servant,3997,Croatian,812,Croatian,812,"guy, boy",assistant to an elder or a superior person (usually in the rural economy),momak,momak
2972,shift0057,Polysemy,36,NEW,→,boy,3666,servant,3997,Bulgarian,110,Bulgarian,110,boy,"labourer, worker",момче,момче
2991,shift4362,Polysemy,10,ACCEPTED,→,voice,3778,sound,4173,Serbian,1093,Serbian,1093,voice,sound,глас (glas),глас (glas)
2992,shift4362,Polysemy,11,ACCEPTED,—,voice,3778,sound,4173,Croatian,812,Croatian,812,voice,sound,glas,glas
3005,shift8018,Derivation,1,NEW,→,face,1214,"to resemble, be alike",3073,Serbian,1093,Serbian,1093,face,"to resemble, be alike",лице (lice),личити (ličiti)
3006,shift8018,Derivation,2,NEW,→,face,1214,"to resemble, be alike",3073,Croatian,812,Croatian,812,face,"to resemble, be alike",lice,sličiti
3007,shift0677,Derivation,1,ACCEPTED,→,tailor&#39;s thimble,2116,foxglove (Digitalis L.),1361,Russian,157,Russian,157,thimble,finger flower,наперсток (napërstok),наперстянка (naperstjanka)
3018,shift0677,Polysemy,12,ACCEPTED,→,tailor&#39;s thimble,2116,foxglove (Digitalis L.),1361,Macedonian,118,Macedonian,118,tailor's thimble,foxglove (Digitalis L.),напрсток,напрсток
3038,shift8556,Polysemy,1,ACCEPTED,—,surprising,4350,beautiful,3545,Russian,157,Russian,157,surprising,beautiful,čudnyj,čudnyj
3043,shift0536,Polysemy,2,ACCEPTED,—,horn,1657,peak of mountain,326,Russian,157,Russian,157,horn,"sharp tooth like mountain top, peak",rog,rog
3052,shift7895,Derivation,1,ACCEPTED,→,miracle,674,to be surprised,2305,Russian,157,Russian,157,miracle,to surprise,divo,udivit&#39;
3055,shift7895,Derivation,4,NEW,→,miracle,674,to be surprised,2305,Serbian,1093,Serbian,1093,miracle,to surprise,чудо (čudo),чудити (čuditi)
3056,shift7895,Derivation,5,NEW,→,miracle,674,to be surprised,2305,Croatian,812,Croatian,812,miracle,to surprise,čudo,čuditi
3069,shift3256,Derivation,1,ACCEPTED,→,winter,94,cold,1032,Polish,171,Polish,171,winter (n.),cold,zimní,zima
3071,shift3256,Cognates,3,ACCEPTED,→,winter,94,cold,1032,Czech,174,Czech,174,winter (adj.),cold,zimní,zimný
3072,shift3256,Derivation,4,ACCEPTED,→,winter,94,cold,1032,Lower Sorbian,9,Lower Sorbian,9,winter,cold,zyma,zymny
3073,shift3256,Derivation,5,ACCEPTED,→,winter,94,cold,1032,Upper Sorbian,364,Upper Sorbian,364,winter (n.),cold,zyma,zymny
3074,shift3256,Derivation,6,ACCEPTED,→,winter,94,cold,1032,Belarusan,242,Belarusan,242,winter (n.),cold,зiма,зімны
3075,shift3256,Derivation,7,ACCEPTED,→,winter,94,cold,1032,Ukrainian,138,Ukrainian,138,winter,cold,зима,зимний
3076,shift3256,Polysemy,8,NEW,→,winter,94,cold,1032,Serbian,1093,Serbian,1093,winter,cold,зима (zima),зима (zima)
3077,shift3256,Polysemy,9,NEW,→,winter,94,cold,1032,Croatian,812,Croatian,812,winter,cold,zima,zima
3082,shift1000,Polysemy,2,ACCEPTED,—,trunk (of a tree),3451,barrel (of a gun),3518,Russian,157,Russian,157,trunk (tree),barrel,ствол (stvol),ствол (stvol)
3091,shift5512,Derivation,1,ACCEPTED,→,to hide (tr.),2764,thief,2169,Old East Slavic,160,Old East Slavic,160,to hide (tr.),thief,таити,тать
3092,shift5512,Derivation,2,ACCEPTED,→,to hide (tr.),2764,thief,2169,Old Church Slavonic,155,Old Church Slavonic,155,to hide (tr.),thief,таити,тать
3093,shift5512,Derivation,3,ACCEPTED,→,to hide (tr.),2764,thief,2169,Russian,157,Russian,157,to hide (tr.),thief,таити,тать
3096,shift5512,Derivation,6,ACCEPTED,—,to hide (tr.),2764,thief,2169,Serbian,1093,Serbian,1093,to hide (tr.),thief,таjити (tajiti),тат (tat)
3097,shift5512,Derivation,7,ACCEPTED,—,to hide (tr.),2764,thief,2169,Croatian,812,Croatian,812,to hide (tr.),thief,tajiti,tat
3099,shift2386,Derivation,2,ACCEPTED,→,heart,1588,to be angry,2255,Old East Slavic,160,Old East Slavic,160,heart,quick tempered,сьрдьце,сьрдитыи
3128,shift0003,Polysemy,6,ACCEPTED,?,to find,2627,to have opinion,2752,Russian,157,Russian,157,to find,to find,nahodit&#39;,nahodit&#39;
3135,shift0003,Polysemy,13,NEW,→,to find,2627,to have opinion,2752,Serbian,1093,Serbian,1093,to find,to have opinion,наћи (naći),наћи (naći)
3136,shift0003,Polysemy,14,NEW,→,to find,2627,to have opinion,2752,Bulgarian,110,Bulgarian,110,to find,to have opinion,намирам,намирам
3137,shift1045,Polysemy,1,NEW,?,side (n.),4071,cheek,948,Bulgarian,110,Bulgarian,110,side,cheek,strana,strana
3140,shift1008,Derivation,2,ACCEPTED,→,saddle,3913,saddleback,3914,Russian,157,Russian,157,saddle,saddle (of mountain),sedlo,sedlovina
3142,shift3082,Polysemy,2,ACCEPTED,←,fireplace,1293,fire,1286,Slovenian,190,Slovenian,190,house fireplace,fire,ogenj,ogenj
3150,shift0187,Derivation,1,ACCEPTED,?,neck,1837,pride,461,Old East Slavic,160,Old East Slavic,160,neck,"proud, stubborn",выя,жестоковыйный
3162,shift2722,Polysemy,2,ACCEPTED,→,to listen,2854,to perceive smell,2969,Russian,157,Russian,157,to hear,"to smell, scent",слышать,слышать
3169,shift0994,Polysemy,3,ACCEPTED,→,to wave (of water),3361,"to worry, be agitated",3382,Russian,157,Russian,157,to worry,to be rough,volnovat&#39;sja,volnovat&#39;sja
3177,shift2179,Derivation,2,ACCEPTED,?,to see/to look at,3121,to foresee,2651,Russian,157,Russian,157,to see,to foresee,videt&#39;,predvidet&#39;
3183,shift1138,Polysemy,3,ACCEPTED,→,to bridle,2376,to subjugate,3239,Russian,157,Russian,157,to bridle,"to tame, to conquer",obuzdat&#39;,obuzdat&#39;
3196,shift3584,Derivation,2,NEW,→,to choose,2427,good,814,Russian,157,Russian,157,to choose,selected,выбирать,отборный
3197,shift3584,Derivation,3,NEW,→,to choose,2427,good,814,Serbian,1093,Serbian,1093,to choose,"one of the best, elite, exceptional",изабрати (izabrati),изабран (izabran)
3205,shift3099,Derivation,6,ACCEPTED,—,to breathe,2373,air,1961,Russian,157,Russian,157,to breathe,air,дышать,воздух
3211,shift0680,Polysemy,2,ACCEPTED,→,to swell up,3261,to be angry,2255,Russian,157,Russian,157,"to be filled with air, gas; to balloon",to take offence,naduvat&#39;sja,naduvat&#39;sja
3214,shift0680,Polysemy,5,NEW,→,to swell up,3261,to be angry,2255,Serbian,1093,Serbian,1093,to swell up,to be angry,надимати се (nadimati se),надимати се (nadimati se)
3224,shift0078,Polysemy,2,NEW,→,to burst,2386,to get angry,2673,Russian,157,Russian,157,to burst,to get angry,взорваться,взорваться
3249,shift0007,Polysemy,7,ACCEPTED,?,"to turn, rotate (intr.)",3327,to become,2312,Russian,157,Russian,157,to turn,to turn into,obernut&#39;sja,obernut&#39;sja
3257,shift0007,Derivation,15,ACCEPTED,?,"to turn, rotate (intr.)",3327,to become,2312,Russian,157,Russian,157,"to spin, to rotate",to turn into,vraščat&#39;sja,prevratit&#39;sja
3274,shift1906,Derivation,2,ACCEPTED,?,to crackle,2472,cartilage,899,Russian,157,Russian,157,"to crunch, to crackle",gristle,"hrjastet&#39;, hrustet&#39;",hrjašč
3275,shift1906,Derivation,3,ACCEPTED,?,to crackle,2472,cartilage,899,Czech,174,Czech,174,to crunch,gristle,chrupati,chrup
3279,shift0447,Polysemy,2,SUSPENDED,—,eye,3890,eyelid,3899,Old East Slavic,160,Old East Slavic,160,"eyelid, eye; (pl.) eyelashes","eyelid, eye (pl.), eyelashes",бровь,бровь
3280,shift0447,Polysemy,3,ACCEPTED,?,eye,3890,eyelid,3899,Old East Slavic,160,Old East Slavic,160,eyelid,eye,вѣко,вѣко
3285,shift1930,Polysemy,2,ACCEPTED,→,"spring, fountain",4226,origin,4562,Russian,157,Russian,157,spring,source,istočnik,istočnik
3300,shift1136,Polysemy,1,ACCEPTED,?,earring,3797,catkin,912,Russian,157,Russian,157,earring,aglet,serëžka,serëžka
3303,shift2309,Derivation,1,NEW,?,to take,3268,to bring to order,2380,Russian,157,Russian,157,"to take, to get",to decorate,brat&#39;,"ubirat&#39;, pribirat&#39;"
3306,shift5728,Polysemy,2,ACCEPTED,→,promise (n.),474,will (legal document),84,Croatian,812,Croatian,812,promise (n.),will,zavjet,zavjet
3307,shift1954,Derivation,1,NEW,—,oak,4510,to tan (hides),3282,Russian,157,Russian,157,oak,to tan,дуб (dub),дубить (dubit&#39;)
3308,shift1954,Derivation,2,NEW,→,oak,4510,to tan (hides),3282,Ukrainian,138,Ukrainian,138,oak,to tan (hides),дуб,дубити
3343,shift0632,Polysemy,3,ACCEPTED,→,to stand up,3216,to wake up (intr.),3348,Russian,157,Russian,157,to stand up,to get up,vstavat&#39;,vstavat&#39;
3346,shift0632,Polysemy,6,NEW,→,to stand up,3216,to wake up (intr.),3348,Serbian,1093,Serbian,1093,to stand up,to wake up (intr.),устати (ustati),устати (ustati)
3347,shift0632,Polysemy,7,NEW,→,to stand up,3216,to wake up (intr.),3348,Croatian,812,Croatian,812,to stand up,to wake up (intr.),ustati,ustati
3356,shift2153,Polysemy,2,ACCEPTED,→,spruce (Picea),4228,"horsetail, equisetum",1669,Russian,157,Russian,157,fir,horsetail,ëlka,ëlka
3358,shift3695,Polysemy,1,ACCEPTED,→,hare (Lepus),1562,chanterelle,942,Russian,157,Russian,157,"young hare, leveret",chanterelle,зайчонок,зайчонок
3369,shift1852,Derivation,1,ACCEPTED,?,"to grasp, seize",2717,"to fight, scuffle",2625,Russian,157,Russian,157,"to seize, to grasp",fight,shvatit&#39;,shvatka
3375,shift1202,Polysemy,4,ACCEPTED,?,hoof,1650,foot/leg,1340,Russian,157,Russian,157,hoof,hoof,kopyto,kopyto
3391,shift1515,Derivation,2,NEW,?,to sway,3256,to avoid,2245,Russian,157,Russian,157,to tilt,to evade,klonit&#39;sja,uklonjat&#39;sja
3400,shift8102,Polysemy,2,NEW,→,to fall down,2605,"to be captured (of a fortress, etc.)",2261,Russian,157,Russian,157,to fall down,"to be captured (of a fortress, etc.)",пасть,пасть
3403,shift8623,Polysemy,1,NEW,→,crawfish,1131,cancer (disease),884,Russian,157,Russian,157,crawfish,cancer (disease),рак,рак
3404,shift8623,Polysemy,2,NEW,→,crawfish,1131,cancer (disease),884,Belarusan,242,Belarusan,242,crawfish,cancer (disease),рак,рак
3406,shift8623,Polysemy,4,NEW,→,crawfish,1131,cancer (disease),884,Czech,174,Czech,174,crawfish,"(colloquial, archaic) cancer (disease)",rak,rak
3411,shift8623,Polysemy,9,NEW,→,crawfish,1131,cancer (disease),884,Polish,171,Polish,171,crawfish,cancer (disease),rak,rak
3412,shift8623,Polysemy,10,NEW,→,crawfish,1131,cancer (disease),884,Slovak,234,Slovak,234,crawfish,cancer (disease),rak,rak
3413,shift8623,Polysemy,11,NEW,→,crawfish,1131,cancer (disease),884,Ukrainian,138,Ukrainian,138,crawfish,cancer (disease),рак,рак
3460,shift2044,Polysemy,14,NEW,→,thick,2167,"dense, thick (liquid)",4414,Serbian,1093,Serbian,1093,thick,"dense, thick (liquid)",дебео (debeo),дебео (debeo)
3468,shift1186,Semantic evolution,5,ACCEPTED,—,long (size),246,long (period of time),245,Russian,157,Russian,157,long (archaic),continued,долгий (dolgij),долгий (dolgij)
3480,shift1186,Polysemy,17,ACCEPTED,—,long (size),246,long (period of time),245,Russian,157,Russian,157,long,longstanding,длинный (dlinnyj),длинный (dlinnyj)
3490,shift2732,Polysemy,1,ACCEPTED,→,to throw,3296,to speak,3193,Russian,157,Russian,157,to throw,to fling in smb's teeth,brosit&#39;,brosit&#39;
3492,shift2732,Polysemy,3,ACCEPTED,→,to throw,3296,to speak,3193,Serbian,1093,Serbian,1093,to throw,to say,бацити (baciti),бацити (baciti)
3501,shift1011,Polysemy,8,NEW,→,to press,3002,to print,3006,Croatian,812,Croatian,812,to press down,to print,tiskati,tiskati
3503,shift1172,Polysemy,1,ACCEPTED,—,pain,284,very,3761,Russian,157,Russian,157,hurts,hurts,bol&#39;no,bol&#39;no
3506,shift7842,Polysemy,2,NEW,→,to bite,2347,to sting,3224,Russian,157,Russian,157,to bite,to sting,укусить,укусить
3507,shift7865,Polysemy,1,ACCEPTED,→,sickle,4070,crescent,1134,Russian,157,Russian,157,sickle,crescent,серп,серп
3519,shift2130,Derivation,1,ACCEPTED,?,to burn (intr.),2384,sword,4369,Russian,157,Russian,157,flame,a species of a sword,plamja,plamennik
3550,shift7241,Derivation,1,ACCEPTED,→,"sacred, holy",3909,holiday,1636,Belarusan,242,Belarusan,242,sacred,holiday,святы,свято
3551,shift7241,Derivation,2,ACCEPTED,→,"sacred, holy",3909,holiday,1636,Polish,171,Polish,171,sacred,"holiday (e.g., Easter, Christmas, National holiday)",święty,święto
3552,shift7241,Derivation,3,ACCEPTED,→,"sacred, holy",3909,holiday,1636,Ukrainian,138,Ukrainian,138,"holy, sacred","holiday, day off",святий,свято
3554,shift7241,Derivation,5,ACCEPTED,→,"sacred, holy",3909,holiday,1636,Czech,174,Czech,174,"holy, sacred","holiday, day off (including Sundays)",svatý,svátek
3565,shift0925,Polysemy,3,ACCEPTED,?,cheek,948,face,1214,Czech,174,Czech,174,NA,NA,tvář,tvář
3577,shift3292,Derivation,4,ACCEPTED,→,&lt;numeral&gt;,1815,&lt;military rank&gt;,558,Czech,174,Czech,174,ten,a military rank approximately corresponding to the corporal,deset,desátník
3581,shift3292,Derivation,8,ACCEPTED,→,&lt;numeral&gt;,1815,&lt;military rank&gt;,558,Slovenian,190,Slovenian,190,hundred,a military rank approximately corresponding to the captain,sto,stotnik
3594,shift1127,Derivation,2,ACCEPTED,?,milk,657,spurge (Euphorbia),4231,Russian,157,Russian,157,milk,caper spurge,moloko,moločaj
3597,shift2584,Derivation,1,ACCEPTED,→,middle,652,mediator,623,Russian,157,Russian,157,middle,mediator,середина (seredina),посредник (posrednik)
3601,shift7099,Polysemy,1,ACCEPTED,→,to think,3293,to remember,3063,Old East Slavic,160,Old East Slavic,160,"to think, have in mind","to remember, not forget",помьнити,помьнити
3615,shift0035,Polysemy,3,ACCEPTED,→,to see/to look at,3121,to have opinion,2752,Russian,157,Russian,157,"to discern, to contemplate","to regard, to consider",rassmatrivat&#39;,rassmatrivat&#39;
3623,shift0035,Polysemy,11,ACCEPTED,—,to see/to look at,3121,to have opinion,2752,Russian,157,Russian,157,to see,to see,videt&#39;,videt&#39;
3633,shift0035,Polysemy,21,ACCEPTED,→,to see/to look at,3121,to have opinion,2752,Russian,157,Russian,157,to see,to have opinion,видеть,видеть
3635,shift0035,Polysemy,23,NEW,→,to see/to look at,3121,to have opinion,2752,Serbian,1093,Serbian,1093,to see/to look at,to have opinion,гледати (gledati),гледати (gledati)
3636,shift0035,Polysemy,24,NEW,→,to see/to look at,3121,to have opinion,2752,Croatian,812,Croatian,812,to see/to look at,to have opinion,gledati,gledati
3643,shift0035,Polysemy,31,NEW,→,to see/to look at,3121,to have opinion,2752,Bulgarian,110,Bulgarian,110,to see/to look at,to have opinion,виждам,виждам
3647,shift4999,Polysemy,2,ACCEPTED,→,shuttle (weaving instrument),4061,shuttle (in a sewing machine),4060,Russian,157,Russian,157,shuttle (weaving instrument),shuttle (in a sewing machine),челнок,челнок
3653,shift2185,Polysemy,5,ACCEPTED,→,to cut,2484,pain,284,Russian,157,Russian,157,to cut,colic,rezat&#39;,rez&#39;
3656,shift2185,Polysemy,8,ACCEPTED,—,to cut,2484,pain,284,Bulgarian,110,Bulgarian,110,to cut (tr.),to feel sharp pain,сека,сека
3658,shift2185,Polysemy,10,NEW,→,to cut,2484,pain,284,Serbian,1093,Serbian,1093,to cut (tr.),to feel sharp pain,сећи (seći),сећи (seći)
3659,shift2185,Polysemy,11,NEW,→,to cut,2484,pain,284,Croatian,812,Croatian,812,to cut (tr.),to feel sharp pain,sjeći,sjeći
3697,shift0930,Derivation,7,NEW,→,to fall down,2605,case (grammar),900,Serbian,1093,Serbian,1093,to fall down,case (grammar),пасти (pasti),падеж (padež)
3698,shift0930,Derivation,8,NEW,→,to fall down,2605,case (grammar),900,Croatian,812,Croatian,812,to fall down,case (grammar),pasti,padež
3705,shift2015,Derivation,7,ACCEPTED,→,hot,1673,angry,1997,Russian,157,Russian,157,"to blaze, to flare",hot tempered,pylat&#39;,vspyl&#39;čivyj
3711,shift2015,Polysemy,13,ACCEPTED,→,hot,1673,angry,1997,Russian,157,Russian,157,hot,"hot, heated",gorjačij,gorjačij
3714,shift6216,Derivation,1,ACCEPTED,→,pig (Sus scrofa),369,Heterodon nasicus,1620,Russian,157,Russian,157,pig (Sus scrofa),Heterodon nasicus,свинья,cвиноносая носатая змея
3720,shift0406,Polysemy,1,ACCEPTED,?,time,2200,24 hours,4581,Polish,171,Polish,171,"time, period",twenty four hours,doba,doba
3737,shift1284,Derivation,1,NEW,→,"hard, solid",1558,very,3761,Bulgarian,110,Bulgarian,110,hard,very,tvărd,tvărde
3746,shift5309,Polysemy,8,ACCEPTED,→,carriage,896,automobile,2062,Serbian,1093,Serbian,1093,carriage,automobile,кола (kola),кола (kola)
3747,shift5309,Polysemy,9,ACCEPTED,→,carriage,896,automobile,2062,Croatian,812,Croatian,812,carriage,automobile,kola,kola
3767,shift0796,Polysemy,3,ACCEPTED,→,to carry,2401,pregnant,456,Russian,157,Russian,157,to carry,to bear (a child),nosit&#39;,nosit&#39;
3785,shift3975,Polysemy,10,NEW,—,to divide into several parts,2541,to share,3138,Russian,157,Russian,157,to divide into several parts,to share,делить,делить
3786,shift3975,Polysemy,11,NEW,—,to divide into several parts,2541,to share,3138,Serbian,1093,Serbian,1093,to divide into several parts,to share,поделити (podeliti),поделити (podeliti)
3787,shift3975,Polysemy,12,NEW,—,to divide into several parts,2541,to share,3138,Croatian,812,Croatian,812,to divide into several parts,to share,dijeliti,dijeliti
3789,shift2868,Derivation,2,ACCEPTED,→,to blow,2355,"to strike, hit",3234,Russian,157,Russian,157,to blow,"to beat, beat up",дуть (dut&#39;),вздуть (vzdut&#39;)
3805,shift1072,Polysemy,3,ACCEPTED,—,light (n.),210,world,122,Russian,157,Russian,157,light,world,svet,svet
3807,shift1072,Derivation,5,ACCEPTED,—,light (n.),210,world,122,Polish,171,Polish,171,light (n.),world,światło,świat
3808,shift1072,Derivation,6,ACCEPTED,—,light (n.),210,world,122,Czech,174,Czech,174,light (n.),world,světlo,svět
3809,shift1072,Derivation,7,ACCEPTED,—,light (n.),210,world,122,Macedonian,118,Macedonian,118,light (n.),world,светло,свет
3810,shift1072,Derivation,8,ACCEPTED,—,light (n.),210,world,122,Slovenian,190,Slovenian,190,light (n.),world,svetlôba,svét
3812,shift1072,Derivation,10,NEW,—,light (n.),210,world,122,Serbian,1093,Serbian,1093,light (n.),world,светлост (svetlost),свет (svet)
3813,shift1072,Derivation,11,NEW,—,light (n.),210,world,122,Croatian,812,Croatian,812,light (n.),world,svijetlo,svijet
3815,shift3152,Derivation,2,ACCEPTED,→,grey,846,hare (Lepus),1562,Russian,157,Russian,157,gray,hare (dialect),seryj,serjak
3825,shift2102,Derivation,2,ACCEPTED,→,street,4300,whore,67,Russian,157,Russian,157,street,whore,ulica,uličnaja ženščina
3831,shift5493,Derivation,1,NEW,→,to burn (intr.),2384,common redstart,1059,Russian,157,Russian,157,to burn (intr.),common redstart,гореть,горихвостка
3834,shift6657,Polysemy,1,NEW,→,"opening, hole",4551,"middle of nowhere, periphery",654,Russian,157,Russian,157,"opening, hole","middle of nowhere, periphery",дыра,дыра
3854,shift5334,Polysemy,11,ACCEPTED,→,orphan,4564,"poor, needy",437,Serbian,1093,Serbian,1093,orphan,"poor, needy",сиротан (sirotan),сиротан (sirotan)
3857,shift3930,Polysemy,2,NEW,→,pure,496,correct (adj.),1105,Serbian,1093,Serbian,1093,pure,"correct (adj.), which corresponds to certain rules",чист (čist),чист (čist)
3859,shift0045,Polysemy,1,ACCEPTED,→,to see/to look at,3121,to seem,3122,Macedonian,118,Macedonian,118,to see,to appear,vidi,vidi
3873,shift5893,Polysemy,5,ACCEPTED,→,milk,657,Milky Way,659,Czech,174,Czech,174,milk,Milky Way,mléčný,Mléčná dráha
3875,shift5893,Derivation,7,ACCEPTED,→,milk,657,Milky Way,659,Serbian,1093,Serbian,1093,milk,Milky Way,млеко (mleko),"Млечни пут (Mlečni put), Млечна стаза (Mlečna staza)"
3876,shift5893,Derivation,8,ACCEPTED,→,milk,657,Milky Way,659,Croatian,812,Croatian,812,milk,Milky Way,mlijeko,"Mliječna staza, Mliječni put"
3892,shift2487,Polysemy,3,NEW,→,foot/leg,1340,branch (of a river),3671,Serbian,1093,Serbian,1093,foot/leg,branch (of a river),крак (krak),крак (krak)
3893,shift2487,Polysemy,4,NEW,→,foot/leg,1340,branch (of a river),3671,Croatian,812,Croatian,812,foot/leg,branch (of a river),krak,krak
3908,shift8089,Polysemy,1,NEW,→,turnip,3467,knee-cap,1719,Polish,171,Polish,171,diminutive of rzepa 'turnip',knee-cap,rzepka,rzepka
3911,shift1838,Polysemy,3,ACCEPTED,→,free of charge,1372,"vain, in vain",3746,Russian,157,Russian,157,"for nothing, for free",in vain,darom,darom
3920,shift1838,Polysemy,12,ACCEPTED,—,free of charge,1372,"vain, in vain",3746,Ukrainian,138,Ukrainian,138,"for free, for nothing (colloq.)",in vain,durno,durno
3922,shift1838,Polysemy,14,NEW,—,free of charge,1372,"vain, in vain",3746,Croatian,812,Croatian,812,free of charge,in vain,džaba,džaba
3923,shift1838,Polysemy,15,NEW,—,free of charge,1372,"vain, in vain",3746,Croatian,812,Croatian,812,free of charge,in vain,budava,budava
3924,shift1838,Polysemy,16,NEW,—,free of charge,1372,"vain, in vain",3746,Serbian,1093,Serbian,1093,free of charge,in vain,џаба (džaba),џаба (džaba)
3926,shift1838,Polysemy,18,NEW,—,free of charge,1372,"vain, in vain",3746,Belarusan,242,Belarusan,242,free of charge,in vain,дарэмны,дарэмны
3929,shift0848,Derivation,3,ACCEPTED,?,evening,3871,yesterday,2082,Russian,157,Russian,157,evening,yesterday,večer,včera
3932,shift3194,Derivation,1,NEW,→,monk,702,macereed (Typha),562,Bulgarian,110,Bulgarian,110,monk,mace reed,kaluger,kalugeri
3933,shift3194,Polysemy,2,NEW,→,monk,702,macereed (Typha),562,Polish,171,Polish,171,monk,mace reed,mniszek,mniszek
3950,shift0812,Derivation,2,ACCEPTED,—,wax,27,yellow,2079,Russian,157,Russian,157,wax,waxen,воск (vosk),восковой (voskovoj)
3951,shift0812,Polysemy,3,ACCEPTED,→,wax,27,yellow,2079,Bulgarian,110,Bulgarian,110,waxen,wax-yellow (of skin),восъчен,восъчен
3960,shift8180,Derivation,3,ACCEPTED,→,to press,3002,"gloomy, depressed",796,Russian,157,Russian,157,to press,to depress (psychologically),давить,подавленность
3963,shift0876,Derivation,3,ACCEPTED,?,black,3610,very,3761,Russian,157,Russian,157,black,very,černyj,po-černomu
3966,shift1636,Derivation,3,ACCEPTED,—,tooth,3404,clove (of a garlic),1010,Russian,157,Russian,157,tooth,a clove of garlic,зуб (zub),"зубец, зубчик (zubec, zubčik)"
3975,shift8309,Motivation,1,ACCEPTED,→,to reap,3043,August,2054,Belarusan,242,Belarusan,242,to reap,August,жаць,жнівень
3995,shift1716,Polysemy,1,ACCEPTED,—,big,3588,quick,1908,Kashub,295,Kashub,295,"big, abundant","quick, fast",spṷorï,spṷorï
3996,shift5009,Derivation,1,NEW,—,to blow,2355,arrogant,2032,Polish,171,Polish,171,to blow,pride,dąć,duma
3997,shift5009,Derivation,2,NEW,—,to blow,2355,arrogant,2032,Russian,157,Russian,157,to blow,arrogant,дуть,надменный
4010,shift4303,Derivation,1,ACCEPTED,→,to see/to look at,3121,according to,1932,Russian,157,Russian,157,to see/to look at,according to,смотреть,несмотря на
4012,shift4303,Derivation,3,ACCEPTED,→,to see/to look at,3121,according to,1932,Russian,157,Russian,157,to see/to look at,according to,глядеть,глядя по
4013,shift4303,Derivation,4,ACCEPTED,→,to see/to look at,3121,according to,1932,Russian,157,Russian,157,to see/to look at,according to,смотреть,смотря по
4016,shift1823,Derivation,2,ACCEPTED,→,young,2089,&lt;positive evaluation&gt;,278,Russian,157,Russian,157,young,"good sport, attaboy",молодой (molodoj),молодец (molodec)
4030,shift1350,Polysemy,11,ACCEPTED,—,to go away,2700,to die,2517,Russian,157,Russian,157,to leave,to die (euphemism),ujti,ujti
4031,shift1350,Polysemy,12,ACCEPTED,?,to go away,2700,to die,2517,Russian,157,Russian,157,"to wander away, to roam away",to die,ukočevat&#39;,ukočevat&#39;
4043,shift1350,Polysemy,24,NEW,→,to go away,2700,to die,2517,Serbian,1093,Serbian,1093,"to go away, leave",to die,отићи (otići),отићи (otići)
4044,shift1350,Polysemy,25,NEW,→,to go away,2700,to die,2517,Croatian,812,Croatian,812,to go away,to die,otići,otići
4051,shift5232,Polysemy,1,ACCEPTED,→,"idler, loafer",1736,track idler wheel,3421,Russian,157,Russian,157,"idler, loafer",(technical) track idler wheel,ленивец (lenivec),ленивец (lenivec)
4066,shift5608,Polysemy,1,NEW,→,nun,1895,flea,1318,Russian,157,Russian,157,nun,(dialect) fleas,монашенка,монашенки (pl.)
4076,shift2333,Polysemy,1,ACCEPTED,→,big,3588,important,1746,Russian,157,Russian,157,"big, large","big, large",bol&#39;šoj,bol&#39;šoj
4080,shift2333,Polysemy,5,NEW,→,big,3588,important,1746,Serbian,1093,Serbian,1093,big,important,велики (veliki),велики (veliki)
4083,shift3832,Polysemy,1,ACCEPTED,→,doll,4460,fly agaric (Amanita muscaria),1328,Russian,157,Russian,157,"matryoushka, nest-doll / form of proper name Matryona",fly agaric (Amanita muscaria),матрёшка,матрёшка
4086,shift2670,Derivation,2,ACCEPTED,→,&lt;animal&gt;,1916,white caps (on sea waves),64,Bulgarian,110,Bulgarian,110,hare,white horses (on the waves),zaec,zajčeta
4087,shift2670,Polysemy,3,ACCEPTED,→,&lt;animal&gt;,1916,white caps (on sea waves),64,Polish,171,Polish,171,lambs,white horses (on the waves),baranki,baranki
4095,shift2670,Polysemy,11,ACCEPTED,→,&lt;animal&gt;,1916,white caps (on sea waves),64,Russian,157,Russian,157,bunny,white foam on a wave,zain&#39;ka,zain&#39;ka
4099,shift2383,Polysemy,1,ACCEPTED,→,summer,4330,South,4179,Russian,157,Russian,157,summer,"South, southern wind",leto,leto
4101,shift5010,Polysemy,1,ACCEPTED,→,to stand,3211,to become,2312,Old East Slavic,160,Old East Slavic,160,to stand,to become,стати,стати
4102,shift5010,Polysemy,2,ACCEPTED,→,to stand,3211,to become,2312,Russian,157,Russian,157,to stand,to become,стать (stat&#39;),стать (stat&#39;)
4104,shift5010,Derivation,4,NEW,→,to stand,3211,to become,2312,Serbian,1093,Serbian,1093,to stand,to become,стати (stati),постати (postati)
4105,shift5010,Derivation,5,NEW,→,to stand,3211,to become,2312,Croatian,812,Croatian,812,to stand,to become,stati,postati
4107,shift4340,Polysemy,1,NEW,—,rose,1505,erysipelas,3853,Czech,174,Czech,174,rose,eryspelas,růže,růže
4108,shift4340,Polysemy,2,NEW,→,rose,1505,erysipelas,3853,Polish,171,Polish,171,rose,erysipelas,róża,róża
4110,shift1002,Derivation,2,ACCEPTED,?,blue,3634,pigeon (Columba),370,Russian,157,Russian,157,blue,pigeon,goluboj,golub&#39;
4116,shift6603,Polysemy,2,ACCEPTED,—,sweet (taste),4358,pleasant,408,Russian,157,Russian,157,sweet,"pleasant, nice",сладкий,сладкий
4126,shift6603,Polysemy,12,ACCEPTED,→,sweet (taste),4358,pleasant,408,Serbian,1093,Serbian,1093,sweet (taste),pleasant,сладак (sladak),сладак (sladak)
4127,shift6603,Polysemy,13,ACCEPTED,→,sweet (taste),4358,pleasant,408,Croatian,812,Croatian,812,sweet (taste),pleasant,sladak,sladak
4140,shift8204,Polysemy,3,ACCEPTED,→,beautiful,3545,good (about weather),815,Bulgarian,110,Bulgarian,110,"pretty, lovely, fine-looking, beautiful",good (about weather),хубав,хубав
4148,shift8204,Polysemy,11,NEW,→,beautiful,3545,good (about weather),815,Serbian,1093,Serbian,1093,beautiful,good (about weather),леп (lep),леп (lep)
4149,shift8204,Polysemy,12,NEW,→,beautiful,3545,good (about weather),815,Croatian,812,Croatian,812,beautiful,good (about weather),lijep,lijep
4157,shift2772,Polysemy,2,ACCEPTED,→,"ship, vessel",4039,shuttle (weaving instrument),4061,Russian,157,Russian,157,small boat,part of a loom,челнок (čelnok),челнок (čelnok)
4176,shift3693,Derivation,2,ACCEPTED,→,yellow,2079,chanterelle,942,Russian,157,Russian,157,yellow,chanterelle,жёлтый,желтушка
4193,shift0967,Derivation,1,ACCEPTED,?,to stand,3211,to cost,2466,Russian,157,Russian,157,to stand,to cost,stojat&#39;,stoit&#39;
4196,shift0967,Polysemy,4,SUSPENDED,—,to stand,3211,to cost,2466,Old East Slavic,160,Old East Slavic,160,to stand,to cost,стояти,стояти
4201,shift0967,Polysemy,9,NEW,→,to stand,3211,to cost,2466,Serbian,1093,Serbian,1093,to stand,to cost,стајати (stajati),стајати (stajati)
4202,shift0967,Polysemy,10,NEW,→,to stand,3211,to cost,2466,Croatian,812,Croatian,812,to stand,to cost,stajati,stajati
4203,shift0748,Derivation,1,ACCEPTED,→,road,1486,"manner, way",581,Russian,157,Russian,157,"road, beaten track, walking path","means, manner of achieving smth, direction",путь,путём
4234,shift4684,Derivation,1,NEW,→,day,4391,unit of length,528,Russian,157,Russian,157,day,unit of length,день,днище
4248,shift2676,Cognates,2,ACCEPTED,—,worm,123,insect,1786,Russian,157,Russian,157,earthworm,grasshopper,ščur,ščur
4277,shift7478,Derivation,2,ACCEPTED,→,sea,3970,osprey (Pandion haliaёtus),4565,Serbian,1093,Serbian,1093,sea (adj.),osprey (Pandion haliaёtus),морски,морски јастреб
4280,shift1588,Derivation,1,ACCEPTED,→,smell (n.),4128,"perfume, scent",351,Russian,157,Russian,157,odour,perfume,duh,duhi (tol&#39;ko mn.č.)
4305,shift4065,Polysemy,10,NEW,→,bad,3493,"sick, ill",4069,Serbian,1093,Serbian,1093,bad,"ill, sick, not well",лош (loš),лош (loš)
4326,shift1478,Polysemy,6,ACCEPTED,→,black,3610,bad,3493,Russian,157,Russian,157,black,black,černyj,černyj
4340,shift1197,Derivation,3,ACCEPTED,?,tick (Acarina),2194,castor bean (Ricinus communis),904,Russian,157,Russian,157,"acarine, forest-fly, mite",Ricina sp.,klešč,kleščevina
4342,shift0289,Polysemy,1,NEW,→,to open (tr.),2949,to find,2627,Russian,157,Russian,157,to open,to make a discovery,otkryvat&#39;,otkryvat&#39;
4347,shift2694,Polysemy,3,ACCEPTED,→,loud sound,260,fame,1224,Russian,157,Russian,157,to growl (of a thunder),to become famous,греметь,греметь
4348,shift2694,Polysemy,4,ACCEPTED,→,loud sound,260,fame,1224,Serbian,1093,Serbian,1093,sound,fame,глас (glas),глас (glas)
4349,shift2694,Polysemy,5,ACCEPTED,→,loud sound,260,fame,1224,Croatian,812,Croatian,812,sound,fame,glas,glas
4351,shift3390,Polysemy,2,ACCEPTED,→,weak,28,not strong (of liquid or smell),1882,Russian,157,Russian,157,weak,weak,слабый (slabyj),слабый (slabyj)
4352,shift3390,Polysemy,3,ACCEPTED,→,weak,28,not strong (of liquid or smell),1882,Serbian,1093,Serbian,1093,weak,not strong (of liquid or smell),слаб (slab),слаб (slab)
4361,shift5538,Polysemy,8,ACCEPTED,—,common quail,1058,corn crake,1098,Bulgarian,110,Bulgarian,110,(obsolete) common quail,(obsolete) corn crake,крастел,крастел
4374,shift4404,Polysemy,3,NEW,→,"wild, untamed",82,uninhabited (place),524,Serbian,1093,Serbian,1093,"wild, untamed",uninhabited (place),диваљ (divalj),диваљ (divalj)
4375,shift4404,Polysemy,4,NEW,→,"wild, untamed",82,uninhabited (place),524,Croatian,812,Croatian,812,"wild, untamed",uninhabited (place),divlji,divlji
4384,shift0323,Derivation,3,ACCEPTED,→,"to raise, lift (tr.)",3037,to praise,2995,Russian,157,Russian,157,"to raise, to lift up",to praise too much,voznosit&#39;,prevoznosit&#39;
4441,shift3362,Polysemy,38,NEW,→,to hear / to listen,2759,to know,2826,Serbian,1093,Serbian,1093,to hear / to listen,"to have heard or learnt, know",чути (čuti),чути (čuti)
4443,shift3362,Polysemy,40,NEW,→,to hear / to listen,2759,to know,2826,Bulgarian,110,Bulgarian,110,to hear / to listen,"to to have heard smth, to learn some information",подочуя,подочуя
4446,shift0386,Polysemy,1,ACCEPTED,—,mud,739,swamp,4354,Polish,171,Polish,171,"dirt, mud",marsh,błoto,błoto
4460,shift0386,Polysemy,15,NEW,—,mud,739,swamp,4354,Polabian,241,Polabian,241,mud,swamp,poro,poro
4461,shift0386,Polysemy,16,NEW,—,mud,739,swamp,4354,Old East Slavic,160,Old East Slavic,160,mud,swamp,багъно,багъно
4462,shift0386,Polysemy,17,NEW,—,mud,739,swamp,4354,Slovenian,190,Slovenian,190,mud,swamp,bláto,bláto
4463,shift0386,Polysemy,18,NEW,—,mud,739,swamp,4354,Lower Sorbian,9,Lower Sorbian,9,mud,swamp,błoto,błoto
4464,shift0386,Polysemy,19,NEW,—,mud,739,swamp,4354,Ukrainian,138,Ukrainian,138,mud,swamp,болото,болото
4465,shift0386,Polysemy,20,NEW,—,mud,739,swamp,4354,Slovincian,1662,Slovincian,1662,mud,swamp,blʉ̀ɵ̯to,blʉ̀ɵ̯to
4466,shift0386,Polysemy,21,NEW,—,mud,739,swamp,4354,Serbian,1093,Serbian,1093,"dirt, mud",swamp,блато (blato),блато (blato)
4467,shift0386,Polysemy,22,NEW,—,mud,739,swamp,4354,Croatian,812,Croatian,812,"dirt, mud",swamp,blato,blato
4469,shift6897,Derivation,2,ACCEPTED,→,tears,2139,lily-of-the-valley (Convallaria majalis),216,Bulgarian,110,Bulgarian,110,tears,lily-of-the-valley (Convallaria majalis),сълза,момина сълза
4471,shift6897,Polysemy,4,ACCEPTED,→,tears,2139,lily-of-the-valley (Convallaria majalis),216,Slovenian,190,Slovenian,190,small tear,lily-of-the-valley (Convallaria majalis),solzica,solzica
4473,shift1493,Polysemy,2,NEW,→,donkey,4463,stubborn person,4309,Serbian,1093,Serbian,1093,donkey,stubborn person,магарац (magarac),магарац (magarac)
4474,shift1493,Polysemy,3,NEW,→,donkey,4463,stubborn person,4309,Croatian,812,Croatian,812,donkey,stubborn person,magarac,magarac
4485,shift6115,Polysemy,1,ACCEPTED,→,greedy,844,stingy,4272,Russian,157,Russian,157,greedy,stingy,жадный,жадный
4492,shift2104,Polysemy,2,ACCEPTED,→,cold,1032,hostile,1672,Russian,157,Russian,157,cold,cold,holodnyj,holodnyj
4504,shift4728,Polysemy,1,ACCEPTED,→,white,62,distilled alcohol,4451,Russian,157,Russian,157,diminutive of белый 'white',"(coll., dated) vodka",беленький,беленькая
4520,shift0654,Polysemy,4,ACCEPTED,→,to shout,3150,"to cry, weep",2482,Russian,157,Russian,157,to shout,"to cry, to weep (dial.)",kričat&#39;,kričat&#39;
4522,shift0654,Polysemy,6,ACCEPTED,?,to shout,3150,"to cry, weep",2482,Russian,157,Russian,157,to shout loudly,"to cry loudly, to howl",bazanit&#39;,bazanit&#39;
4525,shift1046,Polysemy,3,ACCEPTED,?,side (n.),4071,page,283,Macedonian,118,Macedonian,118,side,page,strana,strana
4534,shift4333,Derivation,1,ACCEPTED,→,to forgive,2654,to bid farewell,2344,Russian,157,Russian,157,to forgive,to bid farewell,простить (prostit&#39;),проститься (prostit&#39;sja)
4535,shift4333,Derivation,2,NEW,→,to forgive,2654,to bid farewell,2344,Ukrainian,138,Ukrainian,138,to forgive,to bid farewell,простити,проститися
4537,shift4333,Derivation,4,NEW,→,to forgive,2654,to bid farewell,2344,Serbian,1093,Serbian,1093,to forgive,"to bid farewell, to say goodbye",опростити (oprostiti),опростити се (oprostiti se)
4538,shift4333,Derivation,5,NEW,→,to forgive,2654,to bid farewell,2344,Croatian,812,Croatian,812,to forgive,to bid farewell,oprostiti,oprostiti se
4539,shift4333,Derivation,6,NEW,→,to forgive,2654,to bid farewell,2344,Bulgarian,110,Bulgarian,110,to forgive,to bid farewell,прощавам,прощавам се
4546,shift0823,Derivation,2,ACCEPTED,—,to mill,2916,"little, small",232,Russian,157,Russian,157,to grind,"small, tiny, little, insignificant, petty, minor",молоть (molot&#39;),мелкий (melkij)
4547,shift1518,Polysemy,1,NEW,?,salt,3930,"meaning, sense",615,Russian,157,Russian,157,salt,"tag line, punch line",sol&#39;,sol&#39;
4552,shift5490,Derivation,1,NEW,→,bad weather,3499,Eurasian hoopoe,3860,Ukrainian,138,Ukrainian,138,bad weather,(dial) Eurasian hoopoe,слота,слотняк
4577,shift0141,Polysemy,2,ACCEPTED,?,to drag,2548,"to charm, to delight",2421,Russian,157,Russian,157,to draw (obs.),to be attracted,vleč&#39;,vleč&#39;
4578,shift0141,Derivation,3,ACCEPTED,—,to drag,2548,"to charm, to delight",2421,Russian,157,Russian,157,"to draggle, to draw",to enjoy,тащить (taščit&#39;),тащиться (taščit&#39;sja)
4579,shift0141,Derivation,4,ACCEPTED,?,to drag,2548,"to charm, to delight",2421,Russian,157,Russian,157,to carry p smth heavy,to enjoy,peret&#39;,peret&#39; (bezl.)
4580,shift0141,Derivation,5,ACCEPTED,?,to drag,2548,"to charm, to delight",2421,Russian,157,Russian,157,"to carry, to transport","to be fond of, to be into smth",uvlekat&#39;,uvlekat&#39;sja
4595,shift3701,Polysemy,1,ACCEPTED,→,white,62,Boletus edulis,3644,Russian,157,Russian,157,white,Boletus edulis,белый,белый
4611,shift1071,Polysemy,1,ACCEPTED,—,"to walk, wander",3350,"to ferment, yeast",2623,Russian,157,Russian,157,"wander, roam",to wander,бродить (brodit&#39;),бродить (brodit&#39;)
4613,shift2406,Polysemy,1,ACCEPTED,→,&lt;foreigner&gt;,1210,maize,569,Bulgarian,110,Bulgarian,110,a Romanian woman,"corn, maize",vlaška,vlaška
4618,shift8368,Derivation,3,NEW,→,butter,3733,dandelion,4378,Croatian,812,Croatian,812,butter,dandelion,mȁslac,masláčak
4621,shift8473,Derivation,2,ACCEPTED,→,bed,3549,"afterbirth, placenta",1953,Slovenian,190,Slovenian,190,bed,placenta,postelja,posteljica
4622,shift8473,Derivation,3,ACCEPTED,→,bed,3549,"afterbirth, placenta",1953,Serbian,1093,Serbian,1093,bed,placenta,постеља,постељица
4623,shift8473,Derivation,4,ACCEPTED,→,bed,3549,"afterbirth, placenta",1953,Croatian,812,Croatian,812,bed,placenta,postelja,posteljica
4624,shift8473,Derivation,5,ACCEPTED,→,bed,3549,"afterbirth, placenta",1953,Polish,171,Polish,171,big bed,placenta,łoże,łożysko
4626,shift8473,Derivation,7,NEW,→,bed,3549,"afterbirth, placenta",1953,Belarusan,242,Belarusan,242,bed,"afterbirth, placenta",пасцелля,дзiцяча пасцелля
4627,shift8473,Derivation,8,NEW,→,bed,3549,"afterbirth, placenta",1953,Ukrainian,138,Ukrainian,138,(Polissian) bed,"(Polissian) afterbirth, placenta",постель,детская постель
4628,shift8473,Derivation,9,NEW,→,bed,3549,"afterbirth, placenta",1953,Czech,174,Czech,174,bed,"afterbirth, placenta",lože,ložisko
4629,shift8473,Polysemy,10,NEW,→,bed,3549,"afterbirth, placenta",1953,Czech,174,Czech,174,bed,"afterbirth, placenta",postel,postýlka
4630,shift8473,Polysemy,11,NEW,→,bed,3549,"afterbirth, placenta",1953,Bulgarian,110,Bulgarian,110,(dialect) bed,"(dialect) afterbirth, placenta",луже,луже
4631,shift8473,Polysemy,12,NEW,→,bed,3549,"afterbirth, placenta",1953,Bulgarian,110,Bulgarian,110,(dialect) bed,"(dialect) afterbirth, placenta",пустел,пустел
4634,shift1820,Derivation,2,ACCEPTED,→,to make hard,2890,"to learn, study",2837,Russian,157,Russian,157,"hard, solid",to learn something by heart,твёрдый (tvёrdyj),затвердить (zatverdit&#39;)
4641,shift3610,Derivation,6,ACCEPTED,→,to forget,2653,forget-me-not (flower),1352,Russian,157,Russian,157,to forget,forget-me-not,zabyt&#39;,nezabudka
4651,shift4155,Derivation,1,ACCEPTED,→,apple,2018,globus cruciger,795,Czech,174,Czech,174,apple,globus cruciger,jablko,královské jablko
4659,shift8181,Internal cognates,1,ACCEPTED,→,"narrow, close",1827,"gloomy, depressed",796,Russian,157,Russian,157,"narrow, close",melancholy,тесный,тоска
4661,shift5078,Polysemy,1,NEW,→,to ripen,3089,ready,1439,Russian,157,Russian,157,to ripen,ready,созреть,созреть
4671,shift1163,Polysemy,10,ACCEPTED,—,to work,3380,to plough,2986,Russian,157,Russian,157,to plough,to work (vern.),пахать (pahat&#39;),пахать (pahat&#39;)
4675,shift1163,Polysemy,14,ACCEPTED,—,to work,3380,to plough,2986,Church Slavonic,235,Church Slavonic,235,"to do, to make, to work",to cultivate land,дѣлати,дѣлати
4679,shift1163,Polysemy,18,NEW,—,to work,3380,to plough,2986,Serbian,1093,Serbian,1093,to work,to plough,радити (raditi),радити (raditi)
4680,shift1163,Polysemy,19,NEW,—,to work,3380,to plough,2986,Croatian,812,Croatian,812,to work,to plough,raditi,raditi
4683,shift8540,Polysemy,1,ACCEPTED,→,knee,1718,elbow piece (tube),3818,Russian,157,Russian,157,knee,elbow piece (tube),колено,колено
4684,shift8540,Polysemy,2,ACCEPTED,→,knee,1718,elbow piece (tube),3818,Bulgarian,110,Bulgarian,110,knee,elbow (a pipe fitting that turns a corner),коляно,коляно
4685,shift8540,Polysemy,3,ACCEPTED,→,knee,1718,elbow piece (tube),3818,Ukrainian,138,Ukrainian,138,knee,elbow piece (tube),колiно,колiно
4686,shift8540,Polysemy,4,ACCEPTED,→,knee,1718,elbow piece (tube),3818,Belarusan,242,Belarusan,242,knee,elbow (a pipe fitting that turns a corner),калена,калена
4687,shift8540,Polysemy,5,ACCEPTED,→,knee,1718,elbow piece (tube),3818,Polish,171,Polish,171,knee,elbow (a pipe fitting that turns a corner),kolano,kolano
4688,shift8540,Polysemy,6,ACCEPTED,→,knee,1718,elbow piece (tube),3818,Czech,174,Czech,174,knee,elbow (a pipe fitting that turns a corner),koleno,koleno
4691,shift0234,Polysemy,3,ACCEPTED,?,to cover,2470,to copulate,2462,Russian,157,Russian,157,to cover,to copulate (animals),pokryvat&#39;,pokryvat&#39;
4701,shift2539,Cognates,10,ACCEPTED,—,yellow,2079,green,845,Old Church Slavonic,155,Old Church Slavonic,155,yellow,green,жлътъ (žlŭtŭ),зеленъ (zelenŭ)
4725,shift0284,Derivation,2,NEW,?,to sweep,3260,to refuse,3053,Russian,157,Russian,157,to sweep,to reject,mesti,otmesti
4726,shift6372,Polysemy,1,ACCEPTED,—,"to do, act",2545,"to make, create",2902,Russian,157,Russian,157,to do,"to make, create",делать,делать
4731,shift6372,Semantic evolution,6,ACCEPTED,—,"to do, act",2545,"to make, create",2902,Russian,157,Russian,157,to do,to create,творить,творить
4741,shift2040,Polysemy,1,ACCEPTED,→,thin (of an object),2172,"delicate, subtle (person, question etc.)",4411,Russian,157,Russian,157,thin,fine,tonkij,tonkij
4753,shift0412,Polysemy,3,ACCEPTED,?,to emit smoke,2572,to smoke (tobacco),3180,Czech,174,Czech,174,to smoke [Павлович 1976: 191],to smoke,kouřit,kouřit
4760,shift0412,Polysemy,10,ACCEPTED,?,to emit smoke,2572,to smoke (tobacco),3180,Russian,157,Russian,157,to smoke,to smoke,dymit&#39;,dymit&#39;
4766,shift0412,Derivation,16,NEW,→,to emit smoke,2572,to smoke (tobacco),3180,Serbian,1093,Serbian,1093,to emit smoke,to smoke (tobacco),пушити се (pušiti se),пушити (pušiti)
4767,shift0412,Derivation,17,NEW,→,to emit smoke,2572,to smoke (tobacco),3180,Croatian,812,Croatian,812,to emit smoke,to smoke (tobacco),pušiti se,pušiti
4770,shift2296,Derivation,2,SUSPENDED,—,white,62,innocent,1783,Russian,157,Russian,157,white,"to justify, to admit one's innocence (Ushakov)",belyj,obelit&#39;
4771,shift2296,Polysemy,3,ACCEPTED,→,white,62,innocent,1783,Serbian,1093,Serbian,1093,white,innocent,бео (beo),бео (beo)
4774,shift1037,Polysemy,2,NEW,?,attentive,2052,sober,4147,Russian,157,Russian,157,"attentive,",sober,trezvyj,trezvyj
4775,shift4086,Polysemy,1,ACCEPTED,→,aunt,2055,term of address to a woman,2157,Russian,157,Russian,157,aunt,<term of address to a woman>,тетя (tëtja),тетя (tëtja)
4804,shift0478,Polysemy,10,NEW,—,mouth,735,face,1214,Serbian,1093,Serbian,1093,mouth,muzzle,губица (gubica),губица (gubica)
4805,shift0478,Polysemy,11,NEW,→,mouth,735,face,1214,Serbian,1093,Serbian,1093,mouth (pejor.),muzzle,лабрња (labrnja),лабрња (labrnja)
4806,shift0478,Polysemy,12,NEW,—,mouth,735,face,1214,Croatian,812,Croatian,812,mouth,muzzle (pejor.),labrnja,labrnja
4809,shift2861,Polysemy,2,ACCEPTED,→,thick,2167,stupid,4312,Serbian,1093,Serbian,1093,thick,stupid,дебео (debeo),дебео (debeo)
4828,shift4003,Polysemy,1,ACCEPTED,→,blue,3634,drunk,4488,Russian,157,Russian,157,blue,drunk (slang expression),синий (sinij),синий (sinij)
4834,shift2669,Polysemy,3,ACCEPTED,→,&lt;animal&gt;,1916,cloud,1007,Polish,171,Polish,171,lambs,clouds,baranki,baranki
4844,shift0305,Polysemy,3,ACCEPTED,→,&lt;fruit&gt;,1211,bullet,3716,Russian,157,Russian,157,olive,(criminal argot) bullet,маслина (maslina),маслина (maslina)
4852,shift5225,Derivation,2,ACCEPTED,→,to ache,2214,"to worry, be agitated",3382,Russian,157,Russian,157,to ache,"to worry, be agitated",болеть,душа болит
4861,shift3828,Derivation,1,ACCEPTED,→,dead (adj.),4394,fly agaric (Amanita muscaria),1328,Russian,157,Russian,157,dead (adj.),fly agaric (Amanita muscaria),мертвый,мертвуха
4862,shift1288,Polysemy,1,NEW,→,"bast, the layer under the bark",3527,head,1578,Croatian,812,Croatian,812,"bast, the layer under the bark",skull,lub,lubanja
4863,shift1288,Derivation,2,NEW,→,"bast, the layer under the bark",3527,head,1578,Serbian,1093,Serbian,1093,"bast, the layer under the bark",skull,луб (lub),"лубања, лoбањa (lubanja, lobanja)"
4865,shift0143,Polysemy,2,ACCEPTED,→,to close one&#39;s eyes,2434,to ignore,2779,Russian,157,Russian,157,to close one's eyes,to ignore,zakryvat&#39; glaza,zakryvat&#39; glaza (na čto-l)
4886,shift1064,Derivation,4,ACCEPTED,→,rooster,1497,cock (of a gun),1023,Russian,157,Russian,157,rooster,cock (of a gun),кур (kur),курок (kurok)
4891,shift1064,Derivation,9,ACCEPTED,→,rooster,1497,cock (of a gun),1023,Czech,174,Czech,174,rooster,cock (of a gun),kohout,kohoutek
4899,shift1064,Derivation,17,NEW,→,rooster,1497,cock (of a gun),1023,Polish,171,Polish,171,(bookish) rooster,cock (of a gun),kur,kurek
4902,shift1064,Polysemy,20,NEW,→,rooster,1497,cock (of a gun),1023,Macedonian,118,Macedonian,118,diminutive of петел 'rooster',cock (of a gun),петле,петле
4903,shift1064,Polysemy,21,NEW,→,rooster,1497,cock (of a gun),1023,Bulgarian,110,Bulgarian,110,diminutive of петел 'rooster',cock (of a gun),петле,петле
4904,shift1064,Polysemy,22,NEW,→,rooster,1497,cock (of a gun),1023,Serbian,1093,Serbian,1093,rooster,cock (of a gun),ороз (oroz),ороз (oroz)
4905,shift1064,Polysemy,23,NEW,→,rooster,1497,cock (of a gun),1023,Croatian,812,Croatian,812,rooster (reg.),cock (of a gun),oroz,oroz
4910,shift4138,Polysemy,2,ACCEPTED,—,nest (n.),1846,family,1226,Old East Slavic,160,Old East Slavic,160,nest (n.),"family; kin, descendants, posterity",гнѣздо,гнѣздо
4946,shift0894,Derivation,2,ACCEPTED,?,to stand,3211,to get tired,2689,Russian,157,Russian,157,to stand,to get tired,stojat&#39;,ustavat&#39;
4948,shift1360,Polysemy,1,ACCEPTED,→,"to stick, adhere",3223,to flirt,2636,Russian,157,Russian,157,to stick,to cozy up to,клеиться (kleit&#39;sja),клеиться (kleit&#39;sja)
4950,shift3835,Derivation,1,ACCEPTED,→,stump (of tree),4311,honey mushroom (Armillaria mellea),1644,Russian,157,Russian,157,stump (of tree),Armillaria sp.,пень,опёнок
4967,shift5904,Cognates,1,NEW,→,cold,1032,shame,4017,Russian,157,Russian,157,"to freeze, to be cold",to be ashamed,стужа,стыд
4968,shift4701,Derivation,1,NEW,→,lower part,266,away,2067,Russian,157,Russian,157,lower part,away,дол,долой
4969,shift1894,Polysemy,1,ACCEPTED,→,weakness,30,inclination to smth,1759,Russian,157,Russian,157,weakness,"inclination to smth., soft spot",слабость (slabost&#39;),слабость (slabost&#39;)
4971,shift1894,Polysemy,3,ACCEPTED,→,weakness,30,inclination to smth,1759,Serbian,1093,Serbian,1093,weak,inclination to smth,слаб (slab),слаб (slab)
4972,shift1894,Polysemy,4,ACCEPTED,→,weakness,30,inclination to smth,1759,Croatian,812,Croatian,812,weak,inclination to smth,slab,slab
4983,shift1286,Polysemy,1,ACCEPTED,—,light (of weight),211,slow (adj.),4120,Serbian,1093,Serbian,1093,light (of weight),slow,лаган (lagan),лаган (lagan)
4984,shift1286,Derivation,2,ACCEPTED,—,light (of weight),211,slow (adj.),4120,Croatian,812,Croatian,812,light (of weight),slow (adj.),lagan,lagano
4986,shift2399,Derivation,1,ACCEPTED,→,&lt;plant (biol.)&gt;,277,bastard,3528,Russian,157,Russian,157,cabbage,(dialectal) bastard,капуста (kapusta),капустничек (kapustniček)
4987,shift2399,Derivation,2,ACCEPTED,→,&lt;plant (biol.)&gt;,277,bastard,3528,Russian,157,Russian,157,nettle,(dialectal) bastard,крапива (krapiva),крапивник (krapivnik)
4989,shift2399,Derivation,4,NEW,→,&lt;plant (biol.)&gt;,277,bastard,3528,Ukrainian,138,Ukrainian,138,nettle,(dialectal) bastard,кропива,"кропивник, покропивник"
5006,shift1700,Derivation,8,NEW,→,"to live, be alive",2855,animal,1999,Serbian,1093,Serbian,1093,life,animal,живот (život),животиња (životinja)
5007,shift1700,Derivation,9,NEW,→,"to live, be alive",2855,animal,1999,Croatian,812,Croatian,812,life,animal,život,životinja
5019,shift1603,Derivation,1,ACCEPTED,—,Romani,1492,to ask (for),2238,Russian,157,Russian,157,a nomadic tribe of indian origin,"to ask, to solicit (Ushakov, principal meaning)",цыган (cygan),выцыганить (vycyganit&#39;)
5021,shift1603,Derivation,3,NEW,→,Romani,1492,to ask (for),2238,Serbian,1093,Serbian,1093,"Gipsy, Gypsy","to ask (for), to beg",Циганин (Ciganin),циганчити (cigančiti)
5022,shift1603,Derivation,4,NEW,→,Romani,1492,to ask (for),2238,Croatian,812,Croatian,812,"Gipsy, Gypsy","to ask (for), to beg",Ciganin,cigančiti
5028,shift3874,Polysemy,4,NEW,→,god,804,"&lt;exclamation of surprise, pain or sorrow&gt;",3787,Serbian,1093,Serbian,1093,god,"exclamation of sorrow, sadness, worry, anxiety",бог (bog),бог (bog)
5029,shift3874,Derivation,5,NEW,→,god,804,"&lt;exclamation of surprise, pain or sorrow&gt;",3787,Russian,157,Russian,157,god,"<exclamation of surprise, pain or sorrow>",Господь,Господи
5032,shift0001,Derivation,3,ACCEPTED,?,"to calculate, count",2393,to take into account,3272,Russian,157,Russian,157,to count,to take into account,sčitat&#39;,učityvat&#39;
5033,shift0001,Polysemy,4,ACCEPTED,—,"to calculate, count",2393,to take into account,3272,Russian,157,Russian,157,"to consider, to regard",to take into account,sčitat&#39;sja,sčitat&#39;sja
5041,shift0001,Polysemy,12,NEW,→,"to calculate, count",2393,to take into account,3272,Serbian,1093,Serbian,1093,"to calculate, count",to take into account,рачунати (računati),рачунати (računati)
5057,shift0873,Polysemy,4,ACCEPTED,?,"hard, solid",1558,"severe, harsh",4003,Russian,157,Russian,157,"hard, harsh",severe,žestkij,žestkij
5084,shift3677,Derivation,2,ACCEPTED,—,good,814,"property, possessions",478,Russian,157,Russian,157,kind,possessions,dobryj,dobro
5086,shift3677,Derivation,4,NEW,→,good,814,"property, possessions",478,Serbian,1093,Serbian,1093,good,"property, possessions",благ (blag),благо (blago)
5087,shift3677,Derivation,5,NEW,→,good,814,"property, possessions",478,Croatian,812,Croatian,812,good,"property, possessions, great value in money, gold and valuables",blag,blago
5096,shift0813,Polysemy,2,ACCEPTED,→,white,62,dairy,4375,Russian,157,Russian,157,white,dairy,belyj,beloe
5136,shift2986,Cognates,1,ACCEPTED,→,"to smear, anoint",3176,oil (food),4528,Russian,157,Russian,157,to spread,butter,mazat&#39;,maslo
5158,shift3308,Derivation,1,NEW,→,spring (season),4224,freckle,1370,Russian,157,Russian,157,spring,freckle,vesna,vesnuška
5169,shift4401,Derivation,1,ACCEPTED,→,mouth,735,by heart,3740,Russian,157,Russian,157,(archaic or poetic) mouth,by heart,уста (usta),наизусть (naizust&#39;)
5173,shift5260,Polysemy,2,ACCEPTED,→,"rope, cord",1504,split (gymnastics),4213,Polish,171,Polish,171,"rope, string, cord, lashing",split (gymnastics),szpagat,szpagat
5174,shift5260,Polysemy,3,ACCEPTED,→,"rope, cord",1504,split (gymnastics),4213,Russian,157,Russian,157,"rope, string, cord, lashing",split (gymnastics),шпагат (špagát),шпагат (špagát)
5175,shift5260,Polysemy,4,ACCEPTED,→,"rope, cord",1504,split (gymnastics),4213,Czech,174,Czech,174,"rope, cord",split (gymnastics),provaz,provaz
5176,shift4698,Polysemy,1,NEW,→,long (size),246,woodland spirit,117,Russian,157,Russian,157,long (size),woodland spirit,долгий,долгий
5180,shift2109,Polysemy,4,ACCEPTED,→,to flow,2639,electricity,3826,Russian,157,Russian,157,flow,current,tok,tok
5187,shift2109,Polysemy,11,NEW,→,to flow,2639,electricity,3826,Serbian,1093,Serbian,1093,to flow,electricity,струја (struja),струја (struja)
5188,shift2109,Polysemy,12,NEW,→,to flow,2639,electricity,3826,Croatian,812,Croatian,812,to flow,electricity,struja,struja
5191,shift6532,Derivation,2,ACCEPTED,→,"devil, satan",4422,&lt;thorny plant&gt;,2101,Russian,157,Russian,157,devil,plumeless thistle (Carduus),черт,чертополох
5192,shift6532,Derivation,3,ACCEPTED,→,"devil, satan",4422,&lt;thorny plant&gt;,2101,Old Polish,1094,Old Polish,1094,"devil, demon, evil spirit",plumeless thistle (Carduus),czart,czartopłoch
5193,shift6532,Derivation,4,ACCEPTED,→,"devil, satan",4422,&lt;thorny plant&gt;,2101,Ukrainian,138,Ukrainian,138,"devil, satan","Xanthium spinosum, Carduus nunats",чорт,чортополох
5194,shift6532,Derivation,5,ACCEPTED,→,"devil, satan",4422,&lt;thorny plant&gt;,2101,Belarusan,242,Belarusan,242,"devil, satan",Carduus,чорт,чортапалох
5195,shift6532,Derivation,6,ACCEPTED,→,"devil, satan",4422,&lt;thorny plant&gt;,2101,Russian,157,Russian,157,evil spirit,"(dialectal) thotny plant, Carduus",шиш,шишобар
5206,shift7060,Polysemy,1,NEW,→,rubber,1514,condom,1078,Russian,157,Russian,157,rubber,condom,резинка,резинка
5216,shift5540,Polysemy,1,NEW,—,corn crake,1098,water rail,20,Czech,174,Czech,174,corn crake,water rail,chřástal,chřástal
5220,shift1096,Polysemy,3,ACCEPTED,—,heavy (of weight),1594,bad,3493,Russian,157,Russian,157,heavy,bad,тяжелый (tjaželyj),тяжелый (tjaželyj)
5221,shift1096,Polysemy,4,NEW,→,heavy (of weight),1594,bad,3493,Serbian,1093,Serbian,1093,heavy (of weight),bad,тежак (težak),тежак (težak)
5222,shift1096,Polysemy,5,NEW,→,heavy (of weight),1594,bad,3493,Croatian,812,Croatian,812,heavy (of weight),"bad, difficult to deal with (about a person)",težak,težak
5249,shift1322,Polysemy,2,ACCEPTED,?,dark (adj.),4382,bad,3493,Russian,157,Russian,157,dark,dark,temnyj,temnyj
5251,shift1322,Polysemy,4,NEW,→,dark (adj.),4382,bad,3493,Serbian,1093,Serbian,1093,dark (adj.),bad,таман (taman),таман (taman)
5259,shift1710,Polysemy,2,NEW,—,to spoil (tr.),3198,"to put the evil eye (on), to bedevil",3032,Russian,157,Russian,157,spoil,to spoil,portit&#39;,portit&#39;
5264,shift1446,Polysemy,3,ACCEPTED,→,time,2200,"journal, magazine",1195,Polish,171,Polish,171,time,journal,czas,czasopismo
5266,shift2135,Polysemy,2,ACCEPTED,→,to break (tr.),2370,to change money,2420,Russian,157,Russian,157,to break,to change a bill,razbit&#39;,razbit&#39;
5286,shift0342,Polysemy,2,ACCEPTED,→,to fall down,2605,to decrease drastically,2500,Russian,157,Russian,157,to fall,to go down,padat&#39;,padat&#39;
5300,shift0342,Polysemy,16,NEW,→,to fall down,2605,to decrease drastically,2500,Serbian,1093,Serbian,1093,to fall down,to decrease drastically,пасти (pasti),пасти (pasti)
5301,shift0342,Polysemy,17,NEW,→,to fall down,2605,to decrease drastically,2500,Croatian,812,Croatian,812,to fall down,to decrease drastically,pasti,pasti
5318,shift1158,Derivation,1,ACCEPTED,?,head,1578,tadpole,2111,Russian,157,Russian,157,head,tadpole,golova,golovastik
5331,shift3823,Polysemy,1,ACCEPTED,→,to dance,2489,fly agaric (Amanita muscaria),1328,Russian,157,Russian,157,dancer,fly agaric (Amanita muscaria),плясун,плясун
5336,shift1456,Cognates,4,SUSPENDED,←,to drink,2557,to smoke (tobacco),3180,Russian,157,Russian,157,to drink vodka,to smoke,kirjat&#39;,kurit&#39;
5347,shift5908,Polysemy,2,NEW,→,to go down,2704,to spoil (intr.),3197,Russian,157,Russian,157,to go down,"to become unkempt, slovenly, or to fall morally",опуститься,опуститься
5355,shift5915,Polysemy,3,ACCEPTED,—,lost,256,dead (adj.),4394,Russian,157,Russian,157,to lose,to die,потерять,потерять
5359,shift5915,Polysemy,7,NEW,→,lost,256,dead (adj.),4394,Serbian,1093,Serbian,1093,lost,dead (adj.),изгубити (izgubiti),изгубити (izgubiti)
5360,shift5915,Polysemy,8,NEW,→,lost,256,dead (adj.),4394,Croatian,812,Croatian,812,lost,dead (adj.),izgubiti,izgubiti
5373,shift1763,Derivation,1,ACCEPTED,—,to know,2826,"sign, designation",4076,Russian,157,Russian,157,to know,sign,znat&#39;,znak
5383,shift4687,Polysemy,1,NEW,→,aunt (father&#39;s sister),2057,fever,1267,Russian,157,Russian,157,"aunt, father's sister",fever,тётка,тётка
5391,shift1678,Polysemy,1,NEW,?,bull,3715,bullhead,3717,Russian,157,Russian,157,"bull calf, bullock",fish Myoxocephalus quadricornis,byčok,byčok
5427,shift3715,Polysemy,1,ACCEPTED,—,"to raise, lift (tr.)",3037,to improve,2783,Russian,157,Russian,157,"to raise, lift (tr.)",to improve,поднять,поднять
5440,shift2376,Derivation,6,ACCEPTED,—,red,1444,gold,807,Polish,171,Polish,171,"having the color of blood, poppies or ripe tomatoes (mający kolor krwi, maków lub dojrzałego pomidora)",in former Europe: a gold coin in international circulation,czerwony,czerwoniec
5445,shift3812,Polysemy,2,ACCEPTED,→,&lt;military rank&gt;,558,bishop (chess),3602,Bulgarian,110,Bulgarian,110,military officer,bishop (chess),офицер,офицер
5448,shift5777,Polysemy,1,ACCEPTED,→,curtain,1165,cataract (of the eye),909,Macedonian,118,Macedonian,118,curtain,cataract (of the eye),перде,перде
5449,shift5777,Polysemy,2,ACCEPTED,→,curtain,1165,cataract (of the eye),909,Bulgarian,110,Bulgarian,110,curtain,cataract (of the eye),перде,перде
5455,shift1187,Derivation,1,ACCEPTED,?,"mute, dumb",755,&lt;foreigner&gt;,1210,Russian,157,Russian,157,mute,German,nemoj,nemec
5459,shift1262,Polysemy,1,NEW,→,rusty,1530,bad,3493,Serbian,1093,Serbian,1093,rusty,bad,рђав (rđav),рђав (rdžav)
5460,shift1262,Polysemy,2,NEW,→,rusty,1530,bad,3493,Croatian,812,Croatian,812,rusty,bad,rđav,rđav
5468,shift3310,Polysemy,7,ACCEPTED,→,&lt;to treat with a sharp instrument&gt;,2102,to quarrel,3035,Russian,157,Russian,157,to saw,to nag,pilit&#39;,pilit&#39;
5474,shift5059,Polysemy,1,ACCEPTED,→,dry,4491,abstinent (from alcohol),1928,Russian,157,Russian,157,dry,(colloquial) abstinent (from alcohol),сухой,сухой
5481,shift1521,Polysemy,2,ACCEPTED,→,head,1578,one piece (at counting),4544,Russian,157,Russian,157,head,head as a counting unit (of cattle ),golova,golova
5496,shift7464,Polysemy,1,NEW,→,in this way,1755,consequently,1084,Russian,157,Russian,157,in this way,consequently,таким образом,таким образом
5502,shift0511,Polysemy,1,ACCEPTED,?,comb (of a bird),1041,"mountain ridge, edge",731,Russian,157,Russian,157,"crest, peak","crest, peak",greben&#39;,greben&#39;
5505,shift4126,Polysemy,1,ACCEPTED,→,to be in time,2281,to ripen,3089,Russian,157,Russian,157,to be in time,to ripen,поспеть (pospet&#39;),поспеть (pospet&#39;)
5515,shift2507,Polysemy,1,ACCEPTED,→,&lt;bird&gt;,3478,talkative person,2120,Russian,157,Russian,157,duck Anas acuta (lit. Pintail ),"newsmonger, chatterbox","ostrohvost, ostrohvostka",ostrohvostka
5525,shift2507,Polysemy,11,ACCEPTED,→,&lt;bird&gt;,3478,talkative person,2120,Russian,157,Russian,157,female goldeneye (bird),chatterbox (f.),gogolka,gogolka
5527,shift2507,Polysemy,13,ACCEPTED,—,&lt;bird&gt;,3478,talkative person,2120,Russian,157,Russian,157,common shoveler Аnas clipeata,"boaster, chatterbox",sektun,sektun
5531,shift2507,Derivation,17,ACCEPTED,←,&lt;bird&gt;,3478,talkative person,2120,Russian,157,Russian,157,"bluethroat, Luscina svecica",chatterbox,"varakuša, varakuška",varaka
5556,shift0756,Polysemy,11,NEW,→,to sit,3160,"to inhabit, live",2793,Serbian,1093,Serbian,1093,to sit,"to inhabit, live",седети (sedeti),седети (sedeti)
5558,shift0756,Polysemy,13,NEW,→,to sit,3160,"to inhabit, live",2793,Croatian,812,Croatian,812,to sit,"to inhabit, live",sjedjeti,sjedjeti
5564,shift0964,Derivation,3,ACCEPTED,—,"to have, possess",2756,"to be, exist",2310,Russian,157,Russian,157,to have,to be,imet&#39;,imet&#39;sja
5567,shift0964,Polysemy,6,NEW,→,"to have, possess",2756,"to be, exist",2310,Bulgarian,110,Bulgarian,110,"to have, possess","to be, exist",имат,имат
5571,shift8106,Motivation,2,ACCEPTED,→,pig (Sus scrofa),369,guinea pig (Cavia porcellus),860,Russian,157,Russian,157,dim. from свинья 'pig',guinea pig (Cavia porcellus),свинка,морская свинка
5574,shift8106,Motivation,5,ACCEPTED,→,pig (Sus scrofa),369,guinea pig (Cavia porcellus),860,Bulgarian,110,Bulgarian,110,diminutive of свиня 'pig',guinea pig (Cavia porcellus),свинче,морско свинче
5581,shift8106,Motivation,12,ACCEPTED,→,pig (Sus scrofa),369,guinea pig (Cavia porcellus),860,Slovenian,190,Slovenian,190,diminutive of prašíč 'pig',guinea pig (Cavia porcellus),prašíček,mórski prašȋčək
5583,shift8106,Derivation,14,ACCEPTED,→,pig (Sus scrofa),369,guinea pig (Cavia porcellus),860,Polish,171,Polish,171,diminutive of świnia 'pig',guinea pig (Cavia porcellus),świnka,świnka morska
5594,shift8106,Motivation,25,ACCEPTED,→,pig (Sus scrofa),369,guinea pig (Cavia porcellus),860,Belarusan,242,Belarusan,242,diminutive of свiння 'pig',guinea pig (Cavia porcellus),свiнка,марская свiнка
5595,shift8106,Motivation,26,ACCEPTED,→,pig (Sus scrofa),369,guinea pig (Cavia porcellus),860,Ukrainian,138,Ukrainian,138,diminutive of свиня 'pig',guinea pig (Cavia porcellus),свинка,морська свинка
5599,shift8106,Motivation,30,NEW,→,pig (Sus scrofa),369,guinea pig (Cavia porcellus),860,Serbian,1093,Serbian,1093,young pig (Sus scrofa),guinea pig (Cavia porcellus),прасе (prase),морско прасе (morsko prase)
5600,shift8106,Motivation,31,NEW,→,pig (Sus scrofa),369,guinea pig (Cavia porcellus),860,Croatian,812,Croatian,812,pig (Sus scrofa),guinea pig (Cavia porcellus),prase,morsko prase
5603,shift5373,Polysemy,1,NEW,→,to pass by,2961,to stop feeling pain,3228,Russian,157,Russian,157,to pass by,to stop feeling pain,проходить (proxodit&#39;),проходить (proxodit&#39;)
5608,shift4527,Derivation,1,NEW,→,to insert,2795,vagina,3745,Russian,157,Russian,157,to insert,vagina,влагать,влагалище
5611,shift4869,Polysemy,2,NEW,→,"biscuit, cookie",3600,diamonds (in cards),4429,Macedonian,118,Macedonian,118,baklava,diamonds (in cards),баклава,баклава
5620,shift1121,Derivation,2,ACCEPTED,?,paw,319,five-finger (Potentilla),1306,Russian,157,Russian,157,paw,bloodroot,lapa,lapčatka
5625,shift2011,Derivation,4,ACCEPTED,→,to rest,3076,to die,2517,Russian,157,Russian,157,rest,deadman,покой,покойник
5632,shift4877,Derivation,2,ACCEPTED,→,spear,4191,spades (in cards),4183,Czech,174,Czech,174,spear,spades (in cards),pika,piky
5633,shift4877,Derivation,3,ACCEPTED,→,spear,4191,spades (in cards),4183,Russian,157,Russian,157,spear,spades (in cards),пика,пики
5634,shift4877,Polysemy,4,ACCEPTED,→,spear,4191,spades (in cards),4183,Bulgarian,110,Bulgarian,110,a kind of long and heavy spear from the armament of horsemen,one of the four figures on playing cards depicted in black with the shape of a spearhead,пика,пика
5635,shift4877,Polysemy,5,ACCEPTED,→,spear,4191,spades (in cards),4183,Macedonian,118,Macedonian,118,a kind of spear,spades (in cards),пик,пик
5641,shift4877,Polysemy,11,ACCEPTED,→,spear,4191,spades (in cards),4183,Ukrainian,138,Ukrainian,138,spear,spades (in cards),піка,піка
5642,shift4877,Polysemy,12,ACCEPTED,→,spear,4191,spades (in cards),4183,Belarusan,242,Belarusan,242,spear,spades (in cards),піка,піка
5657,shift4921,Derivation,1,NEW,→,grey,846,birch bolete (Leccinum scabrum),3593,Russian,157,Russian,157,grey,(dialect) birch bolete (Leccinum scabrum),серый,серачок
5659,shift2502,Derivation,1,ACCEPTED,→,milk,657,milt (of fish),666,Russian,157,Russian,157,milk,milt,молоко (moloko),молоки (moloki)
5666,shift2502,Derivation,8,ACCEPTED,→,milk,657,milt (of fish),666,Polish,171,Polish,171,milk,milt (of fish),mleko,mlecz
5667,shift2502,Derivation,9,NEW,→,milk,657,milt (of fish),666,Croatian,812,Croatian,812,milk,milt (of fish),mlijeko,mlijȇč
5672,shift2502,Derivation,14,ACCEPTED,→,milk,657,milt (of fish),666,Czech,174,Czech,174,milk,milt (of fish),mléko,mlíčí
5675,shift2502,Derivation,17,NEW,→,milk,657,milt (of fish),666,Serbian,1093,Serbian,1093,milk,milt (of fish),млеко (mleko),"млеч (mleč, mliječ)"
5680,shift7541,Polysemy,2,NEW,→,thin (of a person),2171,infertile (soil),1772,Russian,157,Russian,157,"thin (of a person, animal)",infertile (soil),тощий,тощий
5687,shift1703,Polysemy,1,NEW,?,goat,803,sabrefish,3907,Polish,171,Polish,171,she goat,sabre fish,koza,koza
5692,shift3839,Polysemy,1,ACCEPTED,→,rooster,1497,honey mushroom (Armillaria mellea),1644,Russian,157,Russian,157,rooster,honey mushroom (Armillaria mellea),петух,петух
5696,shift4925,Derivation,1,NEW,→,black,3610,birch bolete (Leccinum scabrum),3593,Russian,157,Russian,157,black,(dialect) birch bolete (Leccinum scabrum),черный,черный гриб
5712,shift4864,Polysemy,5,ACCEPTED,→,heart,1588,hearts (in cards),1589,Czech,174,Czech,174,heart,hearts (in cards),srdce,srdce
5728,shift4864,Polysemy,21,ACCEPTED,→,heart,1588,hearts (in cards),1589,Slovenian,190,Slovenian,190,heart,hearts (in cards),srcé,srcé
5729,shift4864,Polysemy,22,NEW,→,heart,1588,hearts (in cards),1589,Serbian,1093,Serbian,1093,heart,hearts (in cards),срце (srce),срце (srce)
5730,shift5510,Derivation,1,NEW,→,to sleep,3169,Eurasian scops owl,3862,Russian,157,Russian,157,to sleep,Eurasian scops owl,спать,сплюшка
5733,shift4639,Derivation,1,ACCEPTED,→,pain,284,disease,4442,Russian,157,Russian,157,pain,disease,боль,болезнь
5735,shift4639,Derivation,3,ACCEPTED,→,pain,284,disease,4442,Serbian,1093,Serbian,1093,pain,disease,бол (bol),болест (bolest)
5736,shift4639,Derivation,4,ACCEPTED,→,pain,284,disease,4442,Croatian,812,Croatian,812,pain,disease,bol,bolest
5750,shift1120,Derivation,1,ACCEPTED,?,mask,602,larva,160,Russian,157,Russian,157,mask,maggot,ličina,ličinka
5763,shift1960,Derivation,11,ACCEPTED,→,soldier,4154,pawn (in chess),320,Czech,174,Czech,174,"infantryman, foot soldier",pawn (in chess),pěšák,pěšec
5771,shift1960,Polysemy,19,ACCEPTED,→,soldier,4154,pawn (in chess),320,Croatian,812,Croatian,812,"pedestrian, infantry soldier",pawn (in chess),pješak,pješak
5778,shift1960,Derivation,26,ACCEPTED,→,soldier,4154,pawn (in chess),320,Russian,157,Russian,157,pedestrian; (XVIII) foot soldier,pawn (in chess),пеший,пешка
5779,shift1960,Polysemy,27,NEW,→,soldier,4154,pawn (in chess),320,Serbian,1093,Serbian,1093,soldier,pawn (in chess),пешак (pešak),пешак (pešak)
5780,shift2659,Derivation,1,ACCEPTED,→,forest,1351,to hunt,2776,Russian,157,Russian,157,softwood forest,to hunt,urman,urmanničat&#39;
5785,shift2659,Derivation,6,ACCEPTED,→,forest,1351,to hunt,2776,Russian,157,Russian,157,"wood, forest",to hunt,les,lesovat&#39;
5803,shift2356,Polysemy,12,NEW,—,sky,4106,god,804,Serbian,1093,Serbian,1093,sky,"god, heaven",небо (nebo),небо (nebo)
5804,shift2356,Polysemy,13,NEW,—,sky,4106,god,804,Croatian,812,Croatian,812,sky,heaven,nebo,nebo
5806,shift5174,Polysemy,1,ACCEPTED,→,young,2089,newlywed,1856,Russian,157,Russian,157,young,newlyweds,молодой (molodoj),молодые (molodye)
5810,shift6238,Polysemy,1,NEW,→,deep,4404,"bass, low-pitched voice",3526,Serbian,1093,Serbian,1093,deep,"bass, low-pitched voice",дубок (dubok),дубок (dubok)
5811,shift6238,Polysemy,2,NEW,→,deep,4404,"bass, low-pitched voice",3526,Croatian,812,Croatian,812,deep,"bass, low-pitched voice",dubok,dubok
5812,shift6238,Polysemy,3,NEW,→,deep,4404,"bass, low-pitched voice",3526,Russian,157,Russian,157,deep,"bass, low-pitched voice",глубокий,глубокий
5813,shift4513,Derivation,1,NEW,→,frankincense,1365,oregano,4560,Russian,157,Russian,157,frankincense,(dialect) oregano,ладан (ladan),ладанка (ladanka)
5816,shift0015,Polysemy,1,ACCEPTED,?,&lt;hat&gt;,1534,fool,1336,Russian,157,Russian,157,hat,ninny,šljapa,šljapa
5830,shift0538,Polysemy,1,NEW,—,horn,1657,ravine,1434,Czech,174,Czech,174,"horn, corner","ravine, gorge",roh,roh
5842,shift0696,Polysemy,1,NEW,?,to shoot,3149,to ask (for),2238,Russian,157,Russian,157,to shoot,to ask to give smth as present or to borrow (colloq.),streljat&#39;,streljat&#39;
5844,shift7713,Derivation,2,ACCEPTED,→,"to live, be alive",2855,cereal,933,Old Church Slavonic,155,Old Church Slavonic,155,"to live, be alive",grain,жити,жито
5845,shift7713,Derivation,3,ACCEPTED,→,"to live, be alive",2855,cereal,933,Russian,157,Russian,157,"to live, be alive","rye, barley, or in general any bread, cereal in grain or as a living plant",жить,жито
5846,shift7713,Derivation,4,ACCEPTED,→,"to live, be alive",2855,cereal,933,Old East Slavic,160,Old East Slavic,160,"to live, be alive",cereals,жити,жито
5847,shift7713,Derivation,5,ACCEPTED,→,"to live, be alive",2855,cereal,933,Belarusan,242,Belarusan,242,"to live, be alive",rye,жыць,жыта
5848,shift7713,Derivation,6,ACCEPTED,→,"to live, be alive",2855,cereal,933,Ukrainian,138,Ukrainian,138,"to live, be alive",rye,жити,жито
5849,shift7713,Derivation,7,ACCEPTED,→,"to live, be alive",2855,cereal,933,Bulgarian,110,Bulgarian,110,"to live, be alive","wheat, grain",живея,жито
5850,shift7713,Derivation,8,ACCEPTED,→,"to live, be alive",2855,cereal,933,Macedonian,118,Macedonian,118,"to live, be alive","grain, cereal",живее,жито
5851,shift7713,Derivation,9,ACCEPTED,→,"to live, be alive",2855,cereal,933,Czech,174,Czech,174,"to live, be alive",rye,žít,žito
5852,shift7713,Derivation,10,ACCEPTED,→,"to live, be alive",2855,cereal,933,Polabian,241,Polabian,241,"to live, be alive",grain,zait,zaitü
5853,shift7713,Derivation,11,ACCEPTED,→,"to live, be alive",2855,cereal,933,Lower Sorbian,9,Lower Sorbian,9,"to live, be alive",rye; (obsolete) grain,žyś,žyto
5854,shift7713,Derivation,12,ACCEPTED,→,"to live, be alive",2855,cereal,933,Polish,171,Polish,171,"to live, be alive",rye,żyć,żyto
5858,shift8430,Polysemy,1,ACCEPTED,→,hot,1673,sexually attractive,4005,Russian,157,Russian,157,hot,sexually attractive,горячий,горячий
5863,shift1556,Derivation,1,ACCEPTED,→,to carry out,2402,"to defeat, win",2501,Russian,157,Russian,157,to bring away,to beat in competition,вынести (vynesti),вынести (vynesti)
5871,shift0960,Derivation,5,ACCEPTED,—,to ask (for),2238,"to ask, inquire",2240,Russian,157,Russian,157,"to ask, beg","to ask, inquire",просить,спросить
5882,shift2963,Polysemy,1,NEW,→,to extinguish,2596,dark (adj.),4382,Serbian,1093,Serbian,1093,to extinguish,dark (adj.),угасити (ugasiti),угасито- (ugasito-)
5887,shift6724,Polysemy,4,ACCEPTED,→,bridge,3689,bridge (of musical imstrument),3690,Polish,171,Polish,171,small bridge,bridge (of musical imstrument),mostek,mostek
5897,shift3945,Polysemy,6,ACCEPTED,→,"to strike, hit",3234,"to swingle, scutch, felt",3263,Russian,157,Russian,157,"to beat, hit","to loosen, rub the wool with special tools or devices (for preparing various products from it)",бить,бить
5905,shift8421,Polysemy,1,ACCEPTED,→,goat,803,bagpipes,3502,Ukrainian,138,Ukrainian,138,she-goat,bagpipes,коза,коза
5909,shift8421,Polysemy,5,ACCEPTED,→,goat,803,bagpipes,3502,Russian,157,Russian,157,goat,(dialect) bagpipes,коза,коза
5910,shift8421,Polysemy,6,ACCEPTED,→,goat,803,bagpipes,3502,Polish,171,Polish,171,goat,bagpipes,koza,koza
5915,shift2870,Derivation,4,ACCEPTED,—,long (size),246,far away,1233,Russian,157,Russian,157,length,remotedness,dlina,dal&#39;
5935,shift4008,Derivation,3,ACCEPTED,→,black,3610,rye bread,1533,Russian,157,Russian,157,black,rye bread,чёрный,чёрный хлеб
5947,shift0649,Polysemy,2,ACCEPTED,?,hand/arm,1550,side (n.),4071,Russian,157,Russian,157,"hand, arm",side (of two),ruka,ruka
5967,shift0506,Polysemy,2,ACCEPTED,?,throat,2186,branch (of a river),3671,Ukrainian,138,Ukrainian,138,throat,delta arm,gyrlo,gyrlo
5970,shift5042,Polysemy,1,NEW,→,innocent,1783,child (son or daughter),958,Czech,174,Czech,174,innocent person,"small child, especially at the earliest age; infant",neviňátko,neviňátko
5971,shift7572,Polysemy,1,ACCEPTED,→,sister,4091,nurse (junior medical staff),1897,Russian,157,Russian,157,sister,nurse (junior medical staff),сестра,сестра
5973,shift7572,Polysemy,3,ACCEPTED,→,sister,4091,nurse (junior medical staff),1897,Belarusan,242,Belarusan,242,sister,nurse (junior medical staff),сястра,сястра
5974,shift7572,Polysemy,4,ACCEPTED,→,sister,4091,nurse (junior medical staff),1897,Bulgarian,110,Bulgarian,110,sister,nurse (junior medical staff),сестра,сестра
5978,shift7572,Polysemy,8,ACCEPTED,→,sister,4091,nurse (junior medical staff),1897,Macedonian,118,Macedonian,118,sister,nurse (junior medical staff),сестра,сестра
5979,shift7572,Polysemy,9,ACCEPTED,→,sister,4091,nurse (junior medical staff),1897,Slovak,234,Slovak,234,sister,nurse (junior medical staff),sestra,sestra
5980,shift7572,Derivation,10,ACCEPTED,→,sister,4091,nurse (junior medical staff),1897,Lower Sorbian,9,Lower Sorbian,9,sister,nurse (junior medical staff),sotša,chórobna sotša
5981,shift7572,Polysemy,11,ACCEPTED,→,sister,4091,nurse (junior medical staff),1897,Ukrainian,138,Ukrainian,138,sister,nurse (junior medical staff),сестра,сестра
5990,shift1825,Derivation,3,ACCEPTED,→,to fall down,2605,to attack,2243,Russian,157,Russian,157,to fall,to attack,padat&#39;,napadat&#39;
6024,shift0525,Polysemy,5,ACCEPTED,→,tongue (body part),3400,elongated object,3830,Russian,157,Russian,157,tongue (body part),"salient part, ledge",язык,язык
6025,shift8011,Polysemy,1,NEW,→,to give birth,2693,to yield (of land),3389,Russian,157,Russian,157,to give birth,to yield (of land),родить (rodit&#39;),родить (rodit&#39;)
6038,shift6456,Derivation,1,ACCEPTED,→,crawfish,1131,mole cricket (Gryllotalpa),695,Bulgarian,110,Bulgarian,110,crawfish,"changa, mole cricket",rak,račec
6039,shift6456,Polysemy,2,ACCEPTED,→,crawfish,1131,mole cricket (Gryllotalpa),695,Ukrainian,138,Ukrainian,138,crawfish,mole cricket (Gryllotalpa),рак,рак
6040,shift6456,Derivation,3,ACCEPTED,→,crawfish,1131,mole cricket (Gryllotalpa),695,Russian,157,Russian,157,crawfish,(dialectal) mole cricket (Gryllotalpa),рак,земляной рак
6044,shift7077,Derivation,2,ACCEPTED,→,breathing,3683,spirit (supernatural being),4208,Russian,157,Russian,157,breathing,spirit,дыхание,дух
6053,shift1471,Polysemy,2,ACCEPTED,→,light (of weight),211,quick,1908,Lower Sorbian,9,Lower Sorbian,9,light,"quick, nimble",lasny,lasny
6059,shift1471,Polysemy,8,ACCEPTED,—,light (of weight),211,quick,1908,Old East Slavic,160,Old East Slavic,160,light (in weight),"quick, nimble",льгъкый,льгъкый
6101,shift0935,Polysemy,1,ACCEPTED,—,healthy,1585,big,3588,Russian,157,Russian,157,healthy,large,zdorovyj,zdorovyj
6103,shift2792,Polysemy,2,ACCEPTED,→,"heap, pile",1586,"many, much",584,Russian,157,Russian,157,a pile,a lot,kuča,kuča
6117,shift2727,Polysemy,11,ACCEPTED,→,&lt;fruit&gt;,1211,head,1578,Russian,157,Russian,157,turnip,head,repa,repa
6123,shift4750,Polysemy,1,NEW,→,smooth,4132,thick,2167,Russian,157,Russian,157,smooth,"(dialect) thick, stout, fat, corpulent (person or animal)",гладкий,гладкий
6130,shift3678,Derivation,4,ACCEPTED,→,to eat,2569,to corrode,2465,Russian,157,Russian,157,to eat,to corrode,est&#39;,raz&#34;est&#39;
6146,shift7527,Derivation,14,NEW,→,thousand,2181,myriapod,757,Russian,157,Russian,157,thousand,(rare) myriapod,тысяча,тысяченожка
6151,shift4809,Derivation,1,ACCEPTED,→,wife,73,to marry,2904,Russian,157,Russian,157,wife,to marry,жена/ žena,жениться /ženit’sâ
6153,shift4809,Derivation,3,ACCEPTED,→,wife,73,to marry,2904,Serbian,1093,Serbian,1093,wife,to marry,жена (žena),"женити се (ženiti se), оженити се (oženiti se)"
6167,shift1135,Polysemy,2,NEW,?,"to go apart, in various directions",2698,to spread (intr.),3199,Russian,157,Russian,157,"to part, to separate",to spread,razojtis&#39;,razojtis&#39;
6179,shift0426,Derivation,6,NEW,→,early,3795,morning,712,Belarusan,242,Belarusan,242,early,morning,рана,раніца
6180,shift0426,Polysemy,7,NEW,→,early,3795,morning,712,Croatian,812,Croatian,812,early,morning,rano,rano
6183,shift2211,Polysemy,1,ACCEPTED,?,"to go, walk",2715,to suit (of clothes),3248,Russian,157,Russian,157,to go,to fit,idti,idti (ob odežde)
6188,shift1613,Polysemy,1,NEW,?,to put,3025,to defecate,2502,Russian,157,Russian,157,"to lay, to apply",to dump a load,naložit&#39;,naložit&#39;
6217,shift0242,Semantic evolution,12,ACCEPTED,→,"to grasp, seize",2717,to understand,3331,Russian,157,Russian,157,"to take, to grasp, to capture, to catch [Даль 1994-3: 743]",to understand [Даль 1994-3: 743],ponjat&#39;,ponjat&#39;
6218,shift0242,Polysemy,13,ACCEPTED,→,"to grasp, seize",2717,to understand,3331,Old East Slavic,160,Old East Slavic,160,"to take, to catch, to seize",to understand,поѩти,поѩти
6220,shift0242,Polysemy,15,ACCEPTED,→,"to grasp, seize",2717,to understand,3331,Russian,157,Russian,157,"to grasp, to seize",to grasp,схватывать (shvatyvat&#39;),схватывать (shvatyvat&#39;)
6226,shift0242,Polysemy,21,ACCEPTED,→,"to grasp, seize",2717,to understand,3331,Macedonian,118,Macedonian,118,to grasp,to understand,fati,fati
6253,shift0242,Polysemy,48,NEW,→,"to grasp, seize",2717,to understand,3331,Serbian,1093,Serbian,1093,"to grasp, seize",to understand,схватити (shvatiti),схватити (shvatiti)
6255,shift0242,Polysemy,50,NEW,→,"to grasp, seize",2717,to understand,3331,Croatian,812,Croatian,812,"to grasp, seize",to understand,shvatiti,shvatiti
6257,shift0242,Polysemy,52,NEW,→,"to grasp, seize",2717,to understand,3331,Bulgarian,110,Bulgarian,110,"to grasp, seize",to understand,уловя,уловя
6260,shift3607,Derivation,1,ACCEPTED,→,skull,4104,pottery fragment,446,Russian,157,Russian,157,skull,fragment,čerep,čerepok
6265,shift4106,Polysemy,2,ACCEPTED,→,hare (Lepus),1562,pacemaker (running),281,Russian,157,Russian,157,hare (Lepus),pacemaker (running),заяц (zajac),заяц (zajac)
6273,shift4106,Polysemy,10,ACCEPTED,→,hare (Lepus),1562,pacemaker (running),281,Polish,171,Polish,171,hare (Lepus),pacemaker (running),zając,zając
6281,shift2603,Polysemy,4,ACCEPTED,→,to stand,3211,to stop (intr.),3225,Serbian,1093,Serbian,1093,to stand,to stop (intr.),стати (stati),стати (stati)
6282,shift2603,Polysemy,5,ACCEPTED,→,to stand,3211,to stop (intr.),3225,Croatian,812,Croatian,812,to stand,to stop (intr.),stati,stati
6292,shift1614,Polysemy,1,NEW,?,to put,3025,"to castrate, geld",2406,Russian,157,Russian,157,"to put, to place",to castrate,klast&#39;,klast&#39;
6299,shift4740,Derivation,1,NEW,→,to wait,3347,suitable,4328,Russian,157,Russian,157,"(informal, dated) to wait",to be suitable for,годить,годиться
6301,shift6831,Derivation,1,NEW,→,to spend (money),3195,to kill,2820,Russian,157,Russian,157,"waste, costs, expense, spending",to kill,расход,пустить в расход
6306,shift0578,Polysemy,1,NEW,?,to disappear,2525,to spoil (intr.),3197,Russian,157,Russian,157,to disappear,to go bad,propadat&#39;,propadat&#39;
6313,shift1341,Derivation,3,ACCEPTED,?,"naked, bare",1819,"poor, needy",437,Russian,157,Russian,157,naked,raggery,golyj,golyt&#39;ba
6318,shift7342,Derivation,2,NEW,→,to bow down,2363,to worship,3383,Russian,157,Russian,157,to bow down,to worship,кланяться,поклоняться
6725,shift2523,Derivation,1,ACCEPTED,→,to give birth,2693,stork (Ciconia),4287,Serbian,1093,Serbian,1093,to give birth,stork (Ciconia),родити (roditi),рода (roda)
6726,shift2523,Derivation,2,ACCEPTED,→,to give birth,2693,stork (Ciconia),4287,Croatian,812,Croatian,812,to give birth,stork (Ciconia),roditi,roda
6729,shift4916,Derivation,1,NEW,→,birch,3592,birch bolete (Leccinum scabrum),3593,Russian,157,Russian,157,birch,birch bolete (Leccinum scabrum),берёза,подберёзовик
6759,shift1140,Derivation,1,ACCEPTED,?,square (in a town),4234,vulgar,3783,Russian,157,Russian,157,square,vulgar,ploščad&#39;,ploščadnoj
6773,shift0549,Polysemy,2,NEW,?,pocket,417,wealth,31,Russian,157,Russian,157,pocket,"symbol of material well being, wealth",karman,karman
6776,shift1695,Polysemy,3,ACCEPTED,→,to push,3024,to induce,2789,Russian,157,Russian,157,to push,to instigate,tolkat&#39;,tolkat&#39;
6781,shift1819,Polysemy,1,ACCEPTED,→,to harness,2739,to force to work,2650,Russian,157,Russian,157,"to harness, to yoke",to make work (colloq.),запрягать (zaprjagat&#39;),запрягать (zaprjagat&#39;)
6804,shift8495,Polysemy,2,NEW,—,cradle,1126,"afterbirth, placenta",1953,Ukrainian,138,Ukrainian,138,(Polissian) cradle,"(Polissian) afterbirth, placenta",колыбиль,колыбиль
6810,shift7392,Derivation,1,NEW,→,to cut,2484,January,1176,Ukrainian,138,Ukrainian,138,to cut (tr.),January,сікти,січень
6811,shift7392,Internal cognates,2,NEW,→,to cut,2484,January,1176,Polish,171,Polish,171,to cut,January,siec,styczeń
6821,shift5676,Polysemy,10,ACCEPTED,→,room,1496,cell (in biology),924,Polish,171,Polish,171,very small room,cell (in biology),komórka,komórka
6822,shift5676,Polysemy,11,ACCEPTED,—,room,1496,cell (in biology),924,Slovak,234,Slovak,234,room,cell (in biology),bunka,bunka
6831,shift1122,Polysemy,2,ACCEPTED,?,near,1835,close (of relations),1002,Russian,157,Russian,157,"near(by), close","native, dear",blizkij,blizkij
6844,shift4103,Polysemy,1,ACCEPTED,—,page,283,website,36,Russian,157,Russian,157,page,website,страница/stranica,страница/stranica
6846,shift4103,Derivation,3,ACCEPTED,→,page,283,website,36,Serbian,1093,Serbian,1093,page,website,страница (stranica),интернет страница (internet stranica)
6847,shift4103,Polysemy,4,ACCEPTED,→,page,283,website,36,Croatian,812,Croatian,812,page,website,stranica,stranica
6849,shift5281,Polysemy,1,NEW,—,daughter-in-law,4389,sister-in-law,4093,Russian,157,Russian,157,daughter-in-law,sister-in-law,невестка (nevestka),невестка (nevestka)
6851,shift1824,Derivation,1,ACCEPTED,→,to dig,2519,hoof,1650,Russian,157,Russian,157,to dig,hoof,kopat&#39;,kopyto
6862,shift0487,Polysemy,4,ACCEPTED,?,mouth,735,eater,3805,Russian,157,Russian,157,mouth,eater,rot,rot
6887,shift2643,Polysemy,15,NEW,→,&lt;animal&gt;,1916,coward,1123,Serbian,1093,Serbian,1093,cuckoo,coward,кукавица (kukavica),кукавица (kukavica)
6888,shift2643,Polysemy,16,NEW,→,&lt;animal&gt;,1916,coward,1123,Croatian,812,Croatian,812,cuckoo,coward,kukavica,kukavica
6892,shift1713,Polysemy,3,ACCEPTED,?,snake,4136,eel (Anguilla anguilla),3811,Polish,171,Polish,171,snake,eel,żmij,żmij
6896,shift8459,Derivation,1,ACCEPTED,—,partridge,308,willow ptarmigan,86,Russian,157,Russian,157,partridge,willow ptarmigan,серая куропатка,белая куропатка
6917,shift2271,Polysemy,1,ACCEPTED,—,"air, atmosphere",1962,"ambience, vibe",1985,Russian,157,Russian,157,atmosphere,"ambience, vibe",атмосфера (atmosfera),атмосфера (atmosfera)
6920,shift2271,Polysemy,4,ACCEPTED,→,"air, atmosphere",1962,"ambience, vibe",1985,Serbian,1093,Serbian,1093,atmosphere,environment,атмосфера (atmosfera),атмосфера (atmosfera)
6921,shift2271,Polysemy,5,ACCEPTED,→,"air, atmosphere",1962,"ambience, vibe",1985,Croatian,812,Croatian,812,atmosphere,environment,atmosfera,atmosfera
6923,shift2271,Polysemy,7,ACCEPTED,—,"air, atmosphere",1962,"ambience, vibe",1985,Croatian,812,Croatian,812,"(archaic) air, atmosphere","ambience, vibe",ozračje,ozračje
6926,shift2271,Polysemy,10,ACCEPTED,→,"air, atmosphere",1962,"ambience, vibe",1985,Czech,174,Czech,174,"air, atmosphere","ambience, mood or feeling in a situation",atmosféra,atmosféra
6928,shift5907,Derivation,2,ACCEPTED,→,"to live, be alive",2855,"property, possessions",478,Russian,157,Russian,157,to live,(colloquial) belongings; things,жить (žitʹ),пожитки (požítki)
6935,shift0746,Polysemy,4,ACCEPTED,—,to see/to look at,3121,to understand,3331,Russian,157,Russian,157,to see,to understand,videt&#39;,videt&#39;
6949,shift0746,Polysemy,18,NEW,→,to see/to look at,3121,to understand,3331,Serbian,1093,Serbian,1093,to see/to look at,to understand,видети (videti),видети (videti)
6950,shift0746,Polysemy,19,NEW,→,to see/to look at,3121,to understand,3331,Croatian,812,Croatian,812,to see/to look at,to understand,vidjeti,vidjeti
6954,shift0746,Polysemy,23,NEW,→,to see/to look at,3121,to understand,3331,Bulgarian,110,Bulgarian,110,"to see, to discern",to understand,прозрам,прозрам
6961,shift6700,Derivation,1,NEW,→,to incline,2785,inclination to smth,1759,Russian,157,Russian,157,"to incline, bow","inclination, vocation, disposition, tendency; gift",склоняться,склонность
6975,shift8470,Derivation,8,NEW,→,flat cake,1313,"afterbirth, placenta",1953,Czech,174,Czech,174,flat cake,"afterbirth, placenta",koláč,plodový koláč
6976,shift8470,Derivation,9,NEW,→,flat cake,1313,"afterbirth, placenta",1953,Slovak,234,Slovak,234,flat cake,"afterbirth, placenta",koláč,plodový koláč
6977,shift4681,Polysemy,1,NEW,→,grandfather,826,dragonfly,4476,Russian,157,Russian,157,grandfather,dragonfly,дедка,дедка
7003,shift4219,Polysemy,1,ACCEPTED,—,"to follow, go after smb.",2649,"to care for, look after",2399,Russian,157,Russian,157,to go after smb.,"to care for, look after",ходить (за) (xodit&#39; za),ходить (за) (xodit&#39; za)
7004,shift4219,Polysemy,2,ACCEPTED,—,"to follow, go after smb.",2649,"to care for, look after",2399,Ukrainian,138,Ukrainian,138,to go near smb.,"to care for, look after, to put something in order; to feed cattle and clean up after them",ходити (біля),ходити
7006,shift4219,Polysemy,4,ACCEPTED,—,"to follow, go after smb.",2649,"to care for, look after",2399,Bulgarian,110,Bulgarian,110,to go back and forth,"to manage, to serve; to care for, look after",шетам,шетам
7017,shift1215,Derivation,1,NEW,→,mobile,686,mercury,640,Serbian,1093,Serbian,1093,mobile,mercury,жив (živ),жива (živa)
7018,shift1215,Derivation,2,NEW,→,mobile,686,mercury,640,Croatian,812,Croatian,812,mobile,mercury,živ,živa
7020,shift2719,Polysemy,1,NEW,→,to bury,2388,"to destroy, annihilate",2514,Old East Slavic,160,Old East Slavic,160,to bury,to cancel,погребнути,погребнути
7025,shift4718,Polysemy,2,ACCEPTED,→,root (of a plant),1499,root (arithmetic),1498,Russian,157,Russian,157,root (of a plant),root (arithmetic),корень,корень
7043,shift4718,Polysemy,20,ACCEPTED,→,root (of a plant),1499,root (arithmetic),1498,Slovenian,190,Slovenian,190,root (of a plant),root (arithmetic),koren,koren
7047,shift4718,Polysemy,24,ACCEPTED,→,root (of a plant),1499,root (arithmetic),1498,Belarusan,242,Belarusan,242,root (of a plant),root (arithmetic),корань,корань
7048,shift4718,Polysemy,25,ACCEPTED,→,root (of a plant),1499,root (arithmetic),1498,Ukrainian,138,Ukrainian,138,root (of a plant),root (arithmetic),корінь,корінь
7056,shift4718,Polysemy,33,ACCEPTED,→,root (of a plant),1499,root (arithmetic),1498,Serbian,1093,Serbian,1093,root (of a plant),root (arithmetic),корен (koren),корен (koren)
7057,shift4718,Polysemy,34,ACCEPTED,→,root (of a plant),1499,root (arithmetic),1498,Croatian,812,Croatian,812,root (of a plant),root (arithmetic),"koren, korijen",koren
7064,shift6647,Polysemy,1,NEW,→,"naked, bare",1819,"unforested, treeless place",521,Russian,157,Russian,157,"naked, bare","unforested, treeless place",голый,голый
7070,shift0140,Polysemy,2,ACCEPTED,?,to take prisoner,3277,"to charm, to delight",2421,Russian,157,Russian,157,to capture,to charm,plenit&#39;,plenit&#39;
7074,shift0140,Polysemy,6,ACCEPTED,→,to take prisoner,3277,"to charm, to delight",2421,Russian,157,Russian,157,to capture,to enthrall,zahvatit&#39;,zahvatit&#39;
7078,shift8453,Derivation,2,ACCEPTED,→,whip,57,flagellum,1309,Bulgarian,110,Bulgarian,110,whip,flagellum,камшик,камшиче
7084,shift8453,Polysemy,8,ACCEPTED,→,whip,57,flagellum,1309,Bosnian,897,Bosnian,897,whip,flagellum,bič,bič
7089,shift8453,Polysemy,13,ACCEPTED,→,whip,57,flagellum,1309,Serbian,1093,Serbian,1093,whip,flagellum,бич,бич
7092,shift8453,Polysemy,16,ACCEPTED,→,whip,57,flagellum,1309,Croatian,812,Croatian,812,whip,flagellum,bič,bič
7093,shift8453,Derivation,17,ACCEPTED,→,whip,57,flagellum,1309,Russian,157,Russian,157,"plait, braid of piece of fabric, such plait used to whip participants in folk games",flagellum,жгут,жгутик
7095,shift8453,Derivation,19,ACCEPTED,→,whip,57,flagellum,1309,Czech,174,Czech,174,whip,flagellum,bič,bičík
7096,shift8453,Derivation,20,ACCEPTED,→,whip,57,flagellum,1309,Slovenian,190,Slovenian,190,whip,flagellum,bič,biček
7097,shift8453,Derivation,21,ACCEPTED,→,whip,57,flagellum,1309,Slovak,234,Slovak,234,whip,flagellum,bič,bičík
7099,shift8453,Derivation,23,ACCEPTED,→,whip,57,flagellum,1309,Macedonian,118,Macedonian,118,whip,flagellum,камшик,камшиче
7104,shift4565,Polysemy,2,ACCEPTED,—,"tube, pipe",3455,trumpet,3450,Russian,157,Russian,157,"tube, pipe",trumpet,труба,труба
7111,shift7906,Polysemy,1,ACCEPTED,→,clothes,1005,dress (feminine),4480,Russian,157,Russian,157,clothes,dress (feminine),платье,платье
7129,shift6712,Derivation,1,ACCEPTED,→,"lattice, grid",165,side of a coin,4072,Russian,157,Russian,157,"lattice, grid",side of a coin,решётка,решка
7136,shift0818,Polysemy,1,ACCEPTED,—,"to check, test",2424,to taste (tr.),3283,Russian,157,Russian,157,to taste,to subject to a test,пробовать (probovat&#39;),пробовать (probovat&#39;)
7144,shift0733,Polysemy,3,ACCEPTED,?,curved,1167,wrong,127,Russian,157,Russian,157,"curved, not straight","wrong, unjust",krivoj,krivoj
7151,shift0733,Derivation,10,ACCEPTED,?,curved,1167,wrong,127,Russian,157,Russian,157,"crooked, wry",lie,krivoj,krivda
7157,shift0733,Polysemy,16,ACCEPTED,—,curved,1167,wrong,127,Old East Slavic,160,Old East Slavic,160,curved,"false, untrue",krivyi,krivyi
7159,shift0733,Polysemy,18,NEW,—,curved,1167,wrong,127,Serbian,1093,Serbian,1093,curved,wrong,крив (kriv),крив (kriv)
7160,shift0733,Polysemy,19,NEW,—,curved,1167,wrong,127,Croatian,812,Croatian,812,curved,wrong,kriv,kriv
7175,shift4907,Polysemy,1,NEW,→,"yard, courtyard",2075,diaphragm,4430,Russian,157,Russian,157,courtyard,(dialect) diaphragm,двор,двор
7184,shift5377,Derivation,1,NEW,→,cone (fruit),1079,crossbill (Loxia),1143,Ukrainian,138,Ukrainian,138,cone (fruit),crossbill (Loxia),шишка,шишкар
7207,shift0904,Derivation,21,NEW,←,air,1961,wind,88,Ukrainian,138,Ukrainian,138,air,wind,повiтря,вiтер
7211,shift0997,Derivation,2,ACCEPTED,?,to throw,3296,to run,3101,Russian,157,Russian,157,to throw,to rush,brosit&#39;,brosit&#39;sja
7212,shift0997,Derivation,3,ACCEPTED,?,to throw,3296,to run,3101,Russian,157,Russian,157,to throw,to fling at,kinut&#39;,kinut&#39;sja
7243,shift6519,Derivation,17,ACCEPTED,→,horse,1661,hippopotamus,1630,Macedonian,118,Macedonian,118,horse (Equus caballus),hippopotamus,коњ,нилски коњ
7244,shift6519,Derivation,18,ACCEPTED,→,horse,1661,hippopotamus,1630,Slovenian,190,Slovenian,190,horse (Equus caballus),hippopotamus,konj,povodni konj
7251,shift6519,Derivation,25,ACCEPTED,→,horse,1661,hippopotamus,1630,Croatian,812,Croatian,812,horse (Equus caballus),hippopotamus,konj,nilski konj
7252,shift6519,Derivation,26,ACCEPTED,→,horse,1661,hippopotamus,1630,Serbian,1093,Serbian,1093,horse (Equus caballus),hippopotamus,коњ,нилски коњ
7263,shift2158,Derivation,4,ACCEPTED,→,dew,4424,sundew (Drosera),4336,Russian,157,Russian,157,dew,sundew,rosa,rosjanka
7271,shift3803,Polysemy,1,ACCEPTED,→,bull,3715,Boletus edulis,3644,Russian,157,Russian,157,bull,Boletus edulis,бык,бык
7272,shift0403,Polysemy,1,ACCEPTED,?,goal frame (sport),802,goal (sport result),801,Czech,174,Czech,174,"gate, goal (sport) [Павлович 1976: 37]",goal (sport),branka,branka
7273,shift0403,Polysemy,2,ACCEPTED,?,goal frame (sport),802,goal (sport result),801,Macedonian,118,Macedonian,118,"goal [Толовски, Иллич-Свитыч 1963: 74]",football goal (colloq.),gol,gol
7279,shift0701,Polysemy,3,ACCEPTED,→,paper,297,document (n.),4457,Russian,157,Russian,157,paper,any official written document,bumaga,bumaga
7295,shift1076,Polysemy,2,ACCEPTED,—,"to check, test",2424,to feel (an emotion),2613,Russian,157,Russian,157,to test,to feel,испытывать (ispytyvat&#39;),испытывать (ispytyvat&#39;)
7297,shift2522,Polysemy,2,ACCEPTED,→,"resin, tar",1460,hell,1601,Russian,157,Russian,157,resin,(dialectal) hell,смола (smola),смола (smola)
7317,shift5558,Polysemy,1,ACCEPTED,→,"wild, untamed",82,very,3761,Russian,157,Russian,157,wild,"(coll.) very intensive degree of manifestation, excessive, crossing the boundaries of normal",дикий (dikij),дикий (dikij)
7318,shift5558,Polysemy,2,ACCEPTED,→,"wild, untamed",82,very,3761,Polish,171,Polish,171,wild,astonishing the speaker with its intensity,dziki,dziki
7319,shift5558,Polysemy,3,ACCEPTED,→,"wild, untamed",82,very,3761,Ukrainian,138,Ukrainian,138,"wild, untamed","which goes beyond the known, ordinary; incredible, scary",дикий,дикий
7320,shift5558,Polysemy,4,ACCEPTED,→,"wild, untamed",82,very,3761,Belarusan,242,Belarusan,242,"wild, untamed",very intesive,дзікі,дзікі
7326,shift5558,Polysemy,10,ACCEPTED,→,"wild, untamed",82,very,3761,Serbian,1093,Serbian,1093,"wild, untamed",very,диваљ (divalj),диваљ (divalj)
7332,shift0937,Polysemy,2,ACCEPTED,?,left,183,wrong,127,Russian,157,Russian,157,left,left,levyj,levyj
7340,shift5065,Polysemy,2,ACCEPTED,→,grandmother,827,old woman,4536,Russian,157,Russian,157,grandmother,old woman,бабушка,бабушка
7351,shift2010,Polysemy,5,ACCEPTED,?,awake,2065,attentive,2052,Russian,157,Russian,157,"to be vigilant, watch out","to be vigilant, watch out",bdet&#39;,bdet&#39;
7371,shift3303,Derivation,2,ACCEPTED,→,"lead, plumbum",173,pencil,341,Polish,171,Polish,171,lead,pencil,ołów,ołówek
7380,shift3303,Derivation,11,ACCEPTED,→,"lead, plumbum",173,pencil,341,Slovenian,190,Slovenian,190,"lead, plumbum",pencil,svinec,svinčnik
7383,shift3303,Derivation,14,NEW,→,"lead, plumbum",173,pencil,341,Serbian,1093,Serbian,1093,"lead, plumbum",pencil,олово (olovo),оловка (olovka)
7384,shift3303,Derivation,15,NEW,→,"lead, plumbum",173,pencil,341,Croatian,812,Croatian,812,"lead, plumbum",pencil,olovo,olovka
7400,shift3676,Polysemy,6,ACCEPTED,→,transparent,3427,comprehensible,1074,Russian,157,Russian,157,transparent,limpid,prozračnyj,прозрачный (prozračnyj)
7424,shift1243,Derivation,2,NEW,?,turbid,3463,to feel sick,2620,Russian,157,Russian,157,"muddy, turbid",to fee nausea,mutnyj,mutit
7425,shift4208,Polysemy,1,ACCEPTED,→,"yard, courtyard",2075,court (of a sovereign),1114,Russian,157,Russian,157,courtyard,court (of a sovereign),двор,двор
7432,shift1229,Polysemy,1,ACCEPTED,→,ready,1439,enough,3843,Russian,157,Russian,157,"ready, prepared",in phrases: enough,gotovoj,gotovo
7440,shift1866,Derivation,3,ACCEPTED,→,moon,708,menstruation,636,Russian,157,Russian,157,"moon, month",period,mesjac,mesjačnye
7463,shift0554,Derivation,1,ACCEPTED,→,"cunning, sly",1158,"devil, satan",4422,Russian,157,Russian,157,"sly, cunning","demon, devil, Satan",lukavyj,lukavyj
7477,shift0259,Derivation,7,ACCEPTED,→,to crawl,2473,snake,4136,Russian,157,Russian,157,"to creep, to crawl",snake,polzat&#39;,polzun
7506,shift8179,Polysemy,2,ACCEPTED,→,noble,1870,good (ethically),816,Russian,157,Russian,157,noble,good (ethically),благородный,благородный
7508,shift1635,Derivation,2,ACCEPTED,→,belly,3572,pregnant,456,Russian,157,Russian,157,"womb, belly",pregnant (obs.),črevo,črevataja
7510,shift1635,Derivation,4,ACCEPTED,→,belly,3572,pregnant,456,Russian,157,Russian,157,"belly, paunch",pregnant,brjuho,brjuhataja
7521,shift5479,Polysemy,2,ACCEPTED,→,to drink,2557,to drink alcohol,2558,Russian,157,Russian,157,to drink,to consume alcoholic beverages,пить,пить
7529,shift5479,Polysemy,10,NEW,→,to drink,2557,to drink alcohol,2558,Serbian,1093,Serbian,1093,to drink,to drink alcohol,пити (piti),пити (piti)
7530,shift5479,Polysemy,11,NEW,→,to drink,2557,to drink alcohol,2558,Croatian,812,Croatian,812,to drink,to drink alcohol,piti,piti
7536,shift1199,Derivation,2,ACCEPTED,?,to boil (intr.),2361,"spring, fountain",4226,Russian,157,Russian,157,to boil,"source, spring (Dahl)",kipet&#39;,kipen
7542,shift0550,Polysemy,2,ACCEPTED,→,heavy (of weight),1594,"stuffy, close",4310,Russian,157,Russian,157,heavy,stuffy,tjaželyj,tjaželyj
7552,shift8564,Polysemy,2,ACCEPTED,→,winter solstice,95,December,4401,Russian,157,Russian,157,solstice,(dialect) December,солнцеворот,солнцеворот
7557,shift0028,Polysemy,5,ACCEPTED,?,"to get, obtain",2691,to receive visitors,3046,Russian,157,Russian,157,to accept,to receive,prinimat&#39;,prinimat&#39;
7564,shift4450,Polysemy,6,ACCEPTED,→,farmer,1235,pawn (in chess),320,Slovenian,190,Slovenian,190,"farmer, peasant, countryman",pawn (in chess),kmet,kmet
7614,shift0008,Polysemy,3,ACCEPTED,?,to know,2826,to know how,2827,Czech,174,Czech,174,to know [Павлович 1976],to be able of,umĕt,umĕt
7617,shift0008,Polysemy,6,ACCEPTED,?,to know,2826,to know how,2827,Macedonian,118,Macedonian,118,to know,to be able of,znae,znae
7635,shift0675,Cognates,1,NEW,?,price,459,"mark, grade (at school)",592,Russian,157,Russian,157,price,grade,cena,ocenka
7639,shift2026,Derivation,2,ACCEPTED,→,"muddy, turbid (of water)",740,to be confused,2263,Russian,157,Russian,157,"muddy, turbid",to get embarassed,mutnyj,smutit&#39;sja
7644,shift5013,Polysemy,1,NEW,→,with exception of,102,in addition to,1752,Russian,157,Russian,157,with exception of,in addition to,кроме,кроме
7646,shift5013,Polysemy,3,NEW,→,with exception of,102,in addition to,1752,Serbian,1093,Serbian,1093,with exception of,in addition to,осим (osim),осим (osim)
7657,shift0384,Polysemy,11,ACCEPTED,→,to see/to look at,3121,"to care for, look after",2399,Russian,157,Russian,157,"to see, to watch",to look after,смотреть,смотреть
7688,shift0384,Polysemy,42,ACCEPTED,—,to see/to look at,3121,"to care for, look after",2399,Russian,157,Russian,157,to watch someone,"to care for, look after",следить,следить
7726,shift1129,Polysemy,3,ACCEPTED,?,coal,1018,smut (plant disease),4134,Russian,157,Russian,157,firebrand,corn desease,golovnja,golovnja
7754,shift2746,Polysemy,2,ACCEPTED,→,to tie,3302,to begin (tr.),2332,Russian,157,Russian,157,to tie,"to establish (relationships, contacts)",zavjazyvat&#39;,zavjazyvat&#39;
7762,shift8324,Polysemy,1,ACCEPTED,—,belly,3572,abdomen,1918,Russian,157,Russian,157,belly,abdomen,живот,живот
7780,shift1473,Derivation,1,SUSPENDED,—,"to grasp, seize",2717,to begin (tr.),2332,Russian,157,Russian,157,"to seize, to grasp",to set about to,хватать (hvatat&#39;),хвататься (hvatat&#39;sja)
7782,shift1473,Derivation,3,ACCEPTED,—,"to grasp, seize",2717,to begin (tr.),2332,Russian,157,Russian,157,"to take, to get",to set about to,брать (brat&#39;),браться (brat&#39;sja)
7785,shift1473,Polysemy,6,ACCEPTED,→,"to grasp, seize",2717,to begin (tr.),2332,Serbian,1093,Serbian,1093,"to grasp, take",to begin (tr.),узети (uzeti),узети (uzeti)
7786,shift1473,Polysemy,7,ACCEPTED,→,"to grasp, seize",2717,to begin (tr.),2332,Croatian,812,Croatian,812,"to grasp, take",to begin (tr.),uzeti,uzeti
7791,shift7937,Polysemy,4,ACCEPTED,—,fire,1286,fire (accident),1287,Serbian,1093,Serbian,1093,fire,fire (accident),ватра (vatra),ватра (vatra)
7792,shift7937,Polysemy,5,ACCEPTED,—,fire,1286,fire (accident),1287,Croatian,812,Croatian,812,fire,fire (accident),oganj,oganj
7793,shift7937,Polysemy,6,ACCEPTED,—,fire,1286,fire (accident),1287,Serbian,1093,Serbian,1093,fire,fire (accident),огањ (oganj),огањ (oganj)
7796,shift0817,Polysemy,1,ACCEPTED,→,taste (n.),2132,aesthetic perception,1951,Russian,157,Russian,157,taste,taste,vkus,vkus
7804,shift0817,Polysemy,9,NEW,→,taste (n.),2132,aesthetic perception,1951,Serbian,1093,Serbian,1093,taste (n.),aesthetic perception,укус (ukus),укус (ukus)
7807,shift1699,Polysemy,1,ACCEPTED,→,black,3610,illegal,1739,Russian,157,Russian,157,black,spadeworker,černyj,černyj
7834,shift1342,Polysemy,1,ACCEPTED,?,feather,1250,fin,1281,Russian,157,Russian,157,feather,fin (obs.),pero,pero
7860,shift6765,Derivation,1,NEW,—,"to go, walk",2715,to be in use,2282,Russian,157,Russian,157,"to go, walk",to be in use,ходить,иметь хождение
7861,shift7803,Polysemy,1,ACCEPTED,→,cast iron,902,pot,444,Russian,157,Russian,157,cast iron,pot,чугун,чугун
7864,shift7803,Polysemy,4,ACCEPTED,→,cast iron,902,pot,444,Ukrainian,138,Ukrainian,138,cast iron,pot,чавун,чавун
7865,shift4352,Polysemy,1,ACCEPTED,→,to feel pity,2617,"to spare, to economize",3191,Russian,157,Russian,157,to feel pity,"to spare, to economize","жалеть, пожалеть","жалеть, пожалеть"
7867,shift4352,Polysemy,3,NEW,→,to feel pity,2617,"to spare, to economize",3191,Serbian,1093,Serbian,1093,to feel pity,"to spare, to economize",жалити (žaliti),жалити (žaliti)
7868,shift5749,Polysemy,1,NEW,→,to go down,2704,to go downstream,2705,Russian,157,Russian,157,to go down,to go downstream,спускаться (spuskat&#39;sja),спускаться (spuskat&#39;sja)
7885,shift0315,Polysemy,2,ACCEPTED,→,to spoil (tr.),3198,to deflorate,2504,Russian,157,Russian,157,to spoil,to deflorate,портить,портить
7898,shift3716,Polysemy,1,ACCEPTED,—,to go up,2713,"to improve (intr.), become better",2784,Russian,157,Russian,157,to go up,to become better,подняться,подняться
7907,shift6197,Derivation,1,ACCEPTED,→,sunbeam,4334,Xenopeltis unicolor,554,Russian,157,Russian,157,"beaming, radiating light",Xenopeltis unicolor,лучистый,лучистая змея
7914,shift1680,Polysemy,3,ACCEPTED,→,full,1396,fat (adj.)(of a person),1239,Russian,157,Russian,157,"full, complete",fat (person),полный (polnyj),полный (polnyj)
7918,shift5630,Polysemy,1,NEW,—,ladybird,145,"firebug, Pyrrhocoris apterus",1291,Bulgarian,110,Bulgarian,110,(informal) ladybird,"firebug, Pyrrhocoris apterus",божа кравичка,божа кравичка
7929,shift0762,Polysemy,4,ACCEPTED,→,to taste (tr.),3283,to feel (an emotion),2613,Old East Slavic,160,Old East Slavic,160,"to taste, eat",to texperience,въкоушати,въкоушати
7951,shift1295,Polysemy,5,NEW,—,flat (adj),1312,straight,4292,Serbian,1093,Serbian,1093,flat (adj),straight,раван (ravan),раван (ravan)
7952,shift1295,Polysemy,6,NEW,—,flat (adj),1312,straight,4292,Croatian,812,Croatian,812,flat (adj),straight,ravan,ravan
7958,shift5012,Derivation,1,ACCEPTED,—,place,392,instead of,1790,Russian,157,Russian,157,place,instead of,место,вместо
7961,shift5012,Derivation,4,ACCEPTED,→,place,392,instead of,1790,Belarusan,242,Belarusan,242,place,instead of,места,замест
7962,shift5012,Derivation,5,ACCEPTED,—,place,392,instead of,1790,Ukrainian,138,Ukrainian,138,place,instead of,містo,"замість, замісто"
7963,shift5012,Derivation,6,ACCEPTED,—,place,392,instead of,1790,Czech,174,Czech,174,place,instead of,místo,namísto
7965,shift5012,Derivation,8,ACCEPTED,→,place,392,instead of,1790,Polish,171,Polish,171,place,instead of,miasto,zamiast
7972,shift5012,Derivation,15,NEW,→,place,392,instead of,1790,Serbian,1093,Serbian,1093,place,instead of,место (mesto),уместо (umesto)
7973,shift5012,Derivation,16,NEW,→,place,392,instead of,1790,Croatian,812,Croatian,812,place,instead of,mesto,umesto
7979,shift2393,Derivation,6,ACCEPTED,→,"to strike, hit",3234,to fight (war),2624,Old East Slavic,160,Old East Slavic,160,NA,to fight,бити,битися
7981,shift2393,Derivation,8,ACCEPTED,→,"to strike, hit",3234,to fight (war),2624,Russian,157,Russian,157,to strike,to fight,razit&#39;,sražat&#39;sja
8000,shift0061,Polysemy,17,NEW,→,straight,4292,correct (adj.),1105,Serbian,1093,Serbian,1093,straight (adj.),correct (adj.),право (pravo),право (pravo)
8001,shift0061,Polysemy,18,NEW,→,straight,4292,correct (adj.),1105,Croatian,812,Croatian,812,straight (adj.),correct (adj.),pravo,pravo
8006,shift0372,Polysemy,2,ACCEPTED,→,sleeve,4113,branch (of a river),3671,Russian,157,Russian,157,sleeve,branch,rukav,rukav
8008,shift2532,Polysemy,1,ACCEPTED,→,to break (tr.),2370,to divide into several parts,2541,Russian,157,Russian,157,to break,to divide,razbivat&#39;,razbivat&#39;
8021,shift0408,Polysemy,1,NEW,—,to ache,2214,it&#39;s a pity,1810,Czech,174,Czech,174,"to hurt, to ache [Павлович 1976: 35]",to be unpleasant (to smn),bolet,bolet
8025,shift3934,Polysemy,2,ACCEPTED,—,clean (adj.),998,pure,496,Russian,157,Russian,157,clean (adj.),pure,čistyj (чистый),čistyj (чистый)
8034,shift3202,Derivation,1,ACCEPTED,?,bitter,3607,dandelion,4378,Bulgarian,110,Bulgarian,110,"spicy, bitter (obs.)",dandelion,bridăkă,bărdovka
8039,shift4651,Derivation,3,ACCEPTED,→,sated with food,3939,to be fed up with,2271,Russian,157,Russian,157,sated by food,to be fed up with,сытый,сыт по горло
8072,shift1720,Polysemy,1,ACCEPTED,→,hot,1673,quick,1908,Russian,157,Russian,157,hot,"quick, dexterous",pylkij,pylkij
8087,shift1347,Polysemy,2,ACCEPTED,?,to fall asleep,2604,to grow numb,2725,Russian,157,Russian,157,to fall aslpee,to get numb,usnut&#39;,usnut&#39;
8098,shift1334,Derivation,1,ACCEPTED,→,&lt;animal&gt;,1916,bastard,3528,Russian,157,Russian,157,ram,bastard,baran,barančik
8104,shift0617,Cognates,2,ACCEPTED,?,sky,4106,palate,290,Russian,157,Russian,157,sky,palate,nebo,nëbo
8119,shift8185,Motivation,2,NEW,→,cannabis,886,willowherb,87,Russian,157,Russian,157,cannabis,(dialect) willowherb,конопля,лесная конопля
8124,shift1111,Polysemy,3,ACCEPTED,→,smooth,4132,bald,3504,Serbian,1093,Serbian,1093,smooth,"bald, not covered with hair",гладак (gladak),гладак (gladak)
8139,shift3831,Derivation,1,ACCEPTED,→,insane,1784,fly agaric (Amanita muscaria),1328,Russian,157,Russian,157,"mad, furious",fly agaric (Amanita muscaria),бешеный,бешеный гриб
8142,shift3403,Polysemy,2,SUSPENDED,→,sharp,4022,strong (of liquid or smell),4305,Serbian,1093,Serbian,1093,sharp,strong (of liquid or smell),оштар (oštar),оштар (oštar)
8144,shift1094,Derivation,1,ACCEPTED,?,to speak,3193,rumour,1522,Russian,157,Russian,157,to say,rumours,molvit&#39;,molva
8173,shift4958,Microevolution,1,ACCEPTED,→,"passionate, zealous",314,jealous,1180,Russian,157,Russian,157,to strive (untill XIX c.),to be jealous,ревность,ревность
8179,shift1114,Polysemy,1,ACCEPTED,?,to put into,3026,to bribe,2375,Russian,157,Russian,157,"to slip, to pop into",to bribev(substand.),sunut&#39;,sunut&#39;
8197,shift1566,Polysemy,1,ACCEPTED,?,to sow,3190,to lose,2865,Russian,157,Russian,157,to sow,to lose,sejat&#39;,sejat&#39;
8245,shift6640,Polysemy,2,ACCEPTED,→,catapult,908,slingshot,4116,Czech,174,Czech,174,catapult,slingshot,prak,prak
8247,shift6640,Polysemy,4,ACCEPTED,→,catapult,908,slingshot,4116,Slovak,234,Slovak,234,catapult,slingshot,prak,prak
8252,shift0358,Polysemy,1,NEW,→,weak,28,rare,1428,Serbian,1093,Serbian,1093,weak,rare,слабо (slabo),слабо (slabo)
8253,shift0358,Polysemy,2,NEW,→,weak,28,rare,1428,Croatian,812,Croatian,812,weak,rare,slabo,slabo
8266,shift2028,Polysemy,2,ACCEPTED,—,equal,3850,straight,4292,Serbian,1093,Serbian,1093,equal,straight,раван (ravan),раван (ravan)
8267,shift2028,Polysemy,3,ACCEPTED,—,equal,3850,straight,4292,Croatian,812,Croatian,812,equal,straight,ravan,ravan
8268,shift2028,Internal cognates,4,ACCEPTED,—,equal,3850,straight,4292,Russian,157,Russian,157,equal,straight,равный,ровный
8270,shift1282,Cognates,1,NEW,→,to turn sour,3325,"bowels, intestine",3664,Russian,157,Russian,157,to turn sour,intestine,kisnut&#39;,kiška
8289,shift7233,Derivation,13,NEW,→,top of the head,3406,fontanelle,1334,Serbian,1093,Serbian,1093,top of the head,fontanelle,теме (teme),меко теме (meko teme)
8290,shift7233,Derivation,14,NEW,→,top of the head,3406,fontanelle,1334,Croatian,812,Croatian,812,top of the head,fontanelle,tjeme,"tjemenac, tjemence"
8294,shift0598,Cognates,4,ACCEPTED,—,tree,3432,firewood,1294,Russian,157,Russian,157,tree,firewood,дерево,дрова
8295,shift4742,Derivation,1,NEW,→,"naked, bare",1819,stone loach (Barbatula barbatula),4283,Russian,157,Russian,157,"naked, bare",stone loach (Barbatula barbatula),голый,голец
8310,shift0878,Polysemy,14,ACCEPTED,—,cattle,914,"property, possessions",478,Polish,171,Polish,171,cattle,possessions,dobytek,dobytek
8315,shift0878,Polysemy,19,ACCEPTED,—,cattle,914,"property, possessions",478,Old East Slavic,160,Old East Slavic,160,cattle,"possessions, money",скотъ,скотъ
8336,shift0957,Polysemy,5,ACCEPTED,?,"matter, affair",607,battle,3534,Russian,157,Russian,157,"business, affair, thing",battle,delo,delo
8347,shift1278,Derivation,1,NEW,→,bride,3687,whore,67,Czech,174,Czech,174,"bride, daughter in law",prostitute,nevěsta,nevěstka
8351,shift3609,Derivation,1,ACCEPTED,→,to move,2925,to go mad,2707,Russian,157,Russian,157,to start moving,to go slightly mad,tronut&#39;sja,tronut&#39;sja
8352,shift3609,Polysemy,2,ACCEPTED,→,to move,2925,to go mad,2707,Russian,157,Russian,157,"to shift, to move aside",to go mad,sdvinut&#39;sja,sdvinut&#39;sja
8353,shift1330,Derivation,1,ACCEPTED,→,to burn (tr.),2385,nettle (Urtica),1849,Russian,157,Russian,157,to burn,nettle (dial.),žeč&#39;,žgučka
8368,shift2530,Polysemy,2,ACCEPTED,→,to break (tr.),2370,"to defeat, win",2501,Russian,157,Russian,157,to break,to beat,razbivat&#39;,razbivat&#39;
8377,shift3540,Derivation,4,NEW,→,to draw water,2550,to imitate,2781,Russian,157,Russian,157,to draw water,"mating, copulation",идти,соитие
8385,shift3825,Derivation,1,ACCEPTED,—,to sing,3157,fly agaric (Amanita muscaria),1328,Russian,157,Russian,157,person who sings songs,fly agaric (Amanita muscaria),песенник,песенник
8411,shift1423,Derivation,1,ACCEPTED,→,"to strike, hit",3234,woodpecker,118,Russian,157,Russian,157,"to hollow out, to peck",pecker,dolbit&#39;,dolbilka (arhang.)
8412,shift1423,Derivation,2,ACCEPTED,→,"to strike, hit",3234,woodpecker,118,Ukrainian,138,Ukrainian,138,"to hollow out, to peck",woodpecker,dovbaty,"dovbač, dovbalo"
8416,shift1423,Derivation,6,ACCEPTED,→,"to strike, hit",3234,woodpecker,118,Bulgarian,110,Bulgarian,110,to peck,woodpecker,kălva,kălvač
8418,shift5620,Polysemy,1,NEW,→,beetle,3561,common starling,1062,Russian,157,Russian,157,beetle,common starling,жук,жук
8435,shift0628,Polysemy,4,ACCEPTED,?,cattle,914,bad person,3496,Russian,157,Russian,157,"cattle, livestock",brute,"skot, skotina","skot, skotina"
8444,shift8572,Derivation,1,ACCEPTED,→,wolf,107,December,4401,Serbian,1093,Serbian,1093,wolf,December,вук,вучjи месец
8445,shift8572,Derivation,2,ACCEPTED,→,wolf,107,December,4401,Czech,174,Czech,174,wolf,(dialect) December,vlk,vlčenec
8449,shift2367,Polysemy,4,ACCEPTED,→,&lt;animal&gt;,1916,spot of reflected light,4218,Czech,174,Czech,174,piglet,plash of sunlight,prasátko,prasátko
8451,shift2367,Polysemy,6,ACCEPTED,→,&lt;animal&gt;,1916,spot of reflected light,4218,Russian,157,Russian,157,hare (diminutive ),reflect sunlight,зайчик (zajčik),зайчик (zajčik)
8452,shift2367,Polysemy,7,ACCEPTED,→,&lt;animal&gt;,1916,spot of reflected light,4218,Polish,171,Polish,171,hare (diminutive ),moving light spot reflected from a moving glass or mirror,zajączek,zajączek
8454,shift2367,Polysemy,9,ACCEPTED,→,&lt;animal&gt;,1916,spot of reflected light,4218,Ukrainian,138,Ukrainian,138,hare (diminutive ),"bright spot from the sun's rays, reflected by a shiny surface",зайчик,зайчик
8456,shift2367,Polysemy,11,ACCEPTED,→,&lt;animal&gt;,1916,spot of reflected light,4218,Belarusan,242,Belarusan,242,hare (diminutive ),bright spot from sunbeam,зайчык,зайчык
8460,shift6917,Derivation,1,ACCEPTED,→,pearl,329,guinea fowl,859,Macedonian,118,Macedonian,118,pearl,guinea fowl,бисер,бисерка
8461,shift6917,Polysemy,2,ACCEPTED,→,pearl,329,guinea fowl,859,Czech,174,Czech,174,small pearl,guinea fowl,perlička,perlička
8471,shift6917,Derivation,12,ACCEPTED,→,pearl,329,guinea fowl,859,Polish,171,Polish,171,pearl,guinea fowl,perła,perliczka
8473,shift6917,Derivation,14,ACCEPTED,→,pearl,329,guinea fowl,859,Serbian,1093,Serbian,1093,pearl,guinea fowl,бисер,бисерка
8474,shift6917,Polysemy,15,ACCEPTED,→,pearl,329,guinea fowl,859,Croatian,812,Croatian,812,pearl,guinea fowl,biser,biserka
8476,shift7896,Polysemy,1,NEW,→,to not believe one&#39;s eyes,2942,to be surprised,2305,Russian,157,Russian,157,to not believe one's eyes,to be surprised,ne verit’ svoim glazam,ne verit’ svoim glazam
8481,shift1157,Cognates,1,ACCEPTED,—,horse,1661,&lt;orthopteran&gt;,4509,Russian,157,Russian,157,"horse, hobbyhorse",grasshopper,lošadka,lošadka
8485,shift1157,Cognates,5,ACCEPTED,—,horse,1661,&lt;orthopteran&gt;,4509,Russian,157,Russian,157,a gray horse,grasshopper,sivka,sivka
8492,shift0106,Derivation,6,ACCEPTED,?,"to mix, stir",2920,"to worry, be agitated",3382,Russian,157,Russian,157,"to hinder, to prevent",confusion,mešat&#39;,zamešatel&#39;stvo
8514,shift2663,Internal cognates,1,ACCEPTED,—,hedgehog (Еrinaceus),1595,badger (Meles),3501,Russian,157,Russian,157,hedgehog,badger,jazvik,ezbik
8517,shift7295,Motivation,1,ACCEPTED,→,snow,4140,December,4401,Belarusan,242,Belarusan,242,snow,December,снег,снежань
8520,shift5144,Polysemy,2,ACCEPTED,→,elder brother,3821,member of criminal organisation,633,Russian,157,Russian,157,(colloquial) brother,member of a братва́ (bratvá) (a criminal group),братан,братан
8535,shift0459,Polysemy,5,ACCEPTED,→,eye,3890,"spot, pip (on playing cards or dice)",4219,Czech,174,Czech,174,eye,pip,oko,oko
8540,shift1332,Derivation,1,ACCEPTED,?,bald,3504,bald-coot (Fulica atra),3506,Russian,157,Russian,157,bald,bird Fulica atra,lysyj,lysuha
8559,shift1025,Polysemy,2,ACCEPTED,—,brain (cerebrum),3669,bone marrow,3646,Russian,157,Russian,157,brain,bone marrow,мозг (mozg),мозг (mozg)
8571,shift1146,Polysemy,2,ACCEPTED,?,brushwood,3707,garbage,765,Czech,174,Czech,174,brushwood,junk,chamrad&#39;,chamrad
8587,shift2778,Polysemy,13,NEW,→,hand/arm,1550,"power, authority",450,Serbian,1093,Serbian,1093,hand/arm,"power, authority",рука (ruka),рука (ruka)
8597,shift4782,Polysemy,1,NEW,—,one (unit),4542,time (instance),2201,Russian,157,Russian,157,one (in counting),time (an instance or occurrence),раз,раз
8598,shift3872,Polysemy,1,ACCEPTED,→,father,1242,&lt;priest&gt;,279,Russian,157,Russian,157,father,<priest>,"отец, otec","отец, otec"
8600,shift3872,Polysemy,3,ACCEPTED,→,father,1242,&lt;priest&gt;,279,Russian,157,Russian,157,father,"priest, parson (unofficial) or respectful form of appeal to the priest",батюшка (batjuška),батюшка (batjuška)
8617,shift3872,Polysemy,20,NEW,→,father,1242,&lt;priest&gt;,279,Serbian,1093,Serbian,1093,father,cleric,отац (otac),отац (otac)
8622,shift4542,Derivation,5,ACCEPTED,→,finger-ring,1284,ring finger,1483,Czech,174,Czech,174,finger-ring,ring finger,prsten,"prsteník, prsteníček"
8636,shift4542,Derivation,19,ACCEPTED,→,finger-ring,1284,ring finger,1483,Slovak,234,Slovak,234,finger-ring,ring finger,prsteň,prstenník
8637,shift4542,Derivation,20,ACCEPTED,→,finger-ring,1284,ring finger,1483,Slovenian,190,Slovenian,190,finger-ring,ring finger,prstan,prstanec
8638,shift4542,Derivation,21,ACCEPTED,→,finger-ring,1284,ring finger,1483,Serbian,1093,Serbian,1093,finger-ring,ring finger,пр̏сте̄н,прстѐња̄к
8639,shift4542,Derivation,22,ACCEPTED,→,finger-ring,1284,ring finger,1483,Croatian,812,Croatian,812,finger-ring,ring finger,pȑstēn,prstènjāk
8647,shift0979,Polysemy,2,ACCEPTED,→,bad,3493,lean,178,Russian,157,Russian,157,bad,thin,худой,худой
8653,shift1506,Derivation,2,ACCEPTED,→,hour,1675,"watch, clock",15,Russian,157,Russian,157,hour,"clock, watch",čas,časy
8658,shift1506,Polysemy,7,NEW,→,hour,1675,"watch, clock",15,Serbian,1093,Serbian,1093,hour,"watch, clock",сат (sat),сат (sat)
8659,shift1506,Polysemy,8,NEW,→,hour,1675,"watch, clock",15,Croatian,812,Croatian,812,hour,"watch, clock",sat,sat
8674,shift4964,Polysemy,1,NEW,—,sooner,4168,more probable,710,Russian,157,Russian,157,sooner,more probably,скорее,скорее
8675,shift6701,Polysemy,1,ACCEPTED,→,eagle,3790,side of a coin,4072,Russian,157,Russian,157,eagle,side of a coin,орёл,орёл
8697,shift4014,Polysemy,19,ACCEPTED,→,father,1242,founder,1358,Russian,157,Russian,157,father,founder,отец (otec),отец (otec)
8702,shift4014,Polysemy,24,NEW,→,father,1242,founder,1358,Serbian,1093,Serbian,1093,father,founder,отац (otac),отац (otac)
8735,shift0224,Polysemy,2,ACCEPTED,→,strength,4301,army,2030,Czech,174,Czech,174,force,army,moc,moc
8736,shift0224,Polysemy,3,ACCEPTED,→,strength,4301,army,2030,Russian,157,Russian,157,strength,"army, troops",сила,силы (plural)
8743,shift0356,Polysemy,4,NEW,→,soon,4167,almost,1974,Serbian,1093,Serbian,1093,soon,almost,скоро (skoro),скоро (skoro)
8744,shift0356,Polysemy,5,NEW,→,soon,4167,almost,1974,Croatian,812,Croatian,812,soon,almost,skoro,skoro
8750,shift0854,Polysemy,2,ACCEPTED,?,to turn sour,3325,to grieve (intr.),2720,Russian,157,Russian,157,to go sour,to be upset,kisnut&#39;,kisnut&#39;
8754,shift6033,Internal cognates,2,NEW,—,mouse,733,squirrel (Sciurus),4237,Russian,157,Russian,157,mouse,squirrel (Sciurus),мышь,мысь
8789,shift7409,Polysemy,2,NEW,→,silver,4081,term of address with endearment,2158,Ukrainian,138,Ukrainian,138,silver,term of address with endearment,срібло,срібло
8792,shift4746,Polysemy,1,NEW,→,"to drive, to force to move on",2560,to raft timber,3036,Russian,157,Russian,157,"to drive, to force to move on",to raft timber,гнать (gnat&#39;),гнать (gnat&#39;)
8825,shift0919,Polysemy,16,ACCEPTED,→,"to raise, lift (tr.)",3037,to build,2383,Russian,157,Russian,157,"(dated) to raise, lift (tr.)",to build,воздвигать (vozdvigat&#39;),воздвигать (vozdvigat&#39;)
8826,shift0919,Polysemy,17,ACCEPTED,→,"to raise, lift (tr.)",3037,to build,2383,Russian,157,Russian,157,(Usually in sublime stylized speech) to lead up to a higher place,"to build, erect any building, structure",возводить (vozvodit&#39;),возводить (vozvodit&#39;)
8829,shift0919,Polysemy,20,NEW,→,"to raise, lift (tr.)",3037,to build,2383,Serbian,1093,Serbian,1093,"to raise, lift (tr.)",to build,подићи (podići),подићи (podići)
8830,shift0919,Polysemy,21,NEW,→,"to raise, lift (tr.)",3037,to build,2383,Croatian,812,Croatian,812,"to raise, lift (tr.)",to build,podignuti,podignuti
8878,shift3067,Polysemy,1,NEW,→,to bend,2338,"to present, gift",3001,Serbian,1093,Serbian,1093,to bow,"to present, gift",поклонити се (pokloniti se),поклонити (pokloniti)
8879,shift3067,Polysemy,2,NEW,→,to bend,2338,"to present, gift",3001,Croatian,812,Croatian,812,to bend,"to present, gift",pokloniti se,pokloniti
8882,shift4328,Polysemy,1,NEW,→,to fly,2642,to break down,2372,Russian,157,Russian,157,to fly,to break down,полететь (poletet&#39;),полететь (poletet&#39;)
8900,shift8426,Derivation,2,NEW,→,"narrow, close",1827,ravine,1434,Russian,157,Russian,157,"narrow, close",ravine,тесный,теснина
8906,shift2880,Polysemy,5,NEW,→,thin (of an object),2172,"little, small",232,Serbian,1093,Serbian,1093,thin (of an object),"little, small",танак (tanak),танак (tanak)
8907,shift2880,Polysemy,6,NEW,→,thin (of an object),2172,"little, small",232,Croatian,812,Croatian,812,thin (of an object),"little, small",tanak,tanak
8910,shift8373,Derivation,1,ACCEPTED,→,goat,803,supporting device,4343,Russian,157,Russian,157,goat,"bars, poles with reinforced oblique legs and with boards laid on top, serving as a support, stand for something; supporting devicefor sawing firewood in the form of a bar on four legs, knocked down crosswise",козёл,козлы
8914,shift8373,Polysemy,5,ACCEPTED,→,goat,803,supporting device,4343,Polish,171,Polish,171,goat,sawhorse,kozioł,kozioł
8919,shift8373,Polysemy,10,ACCEPTED,→,goat,803,supporting device,4343,Czech,174,Czech,174,goat,sawhorse; trestle,koza,koza
8920,shift8373,Derivation,11,NEW,→,goat,803,supporting device,4343,Ukrainian,138,Ukrainian,138,goat,sawhorse; trestle,козел,"козла, козлы (pl.)"
8940,shift3195,Polysemy,2,ACCEPTED,→,&lt;foot-wear&gt;,1208,lady&#39;s slipper (Cypripedium),144,Ukrainian,138,Ukrainian,138,shoes,lady's slipper (Cypripediun),čerevyčky,čerevyčky
8943,shift3195,Polysemy,5,ACCEPTED,→,&lt;foot-wear&gt;,1208,lady&#39;s slipper (Cypripedium),144,Russian,157,Russian,157,"shoes, boots",lady's slipper (plant),bašmački,bašmački
8946,shift3195,Derivation,8,ACCEPTED,→,&lt;foot-wear&gt;,1208,lady&#39;s slipper (Cypripedium),144,Czech,174,Czech,174,slipper,Cypripedium calceolus,pantofel,(střevíčník) pantoflíček
8948,shift3195,Polysemy,10,ACCEPTED,→,&lt;foot-wear&gt;,1208,lady&#39;s slipper (Cypripedium),144,Russian,157,Russian,157,high boots,lady's slipper (Cypripedium guttatum),sapožki,sapožki
8949,shift3195,Derivation,11,ACCEPTED,→,&lt;foot-wear&gt;,1208,lady&#39;s slipper (Cypripedium),144,Polish,171,Polish,171,shoes,lady's slipper (Cypripediun),obuwie,obuwik (źołty)
8952,shift3195,Derivation,14,ACCEPTED,→,&lt;foot-wear&gt;,1208,lady&#39;s slipper (Cypripedium),144,Upper Sorbian,364,Upper Sorbian,364,"little boot, little shoe",Cypripedium calceolus,črijk,črijenk
8956,shift7640,Derivation,2,NEW,→,to judge,2811,destiny,4419,Russian,157,Russian,157,to judge,destiny,судить,судьба
8965,shift1237,Polysemy,3,ACCEPTED,?,sharp,4022,bitter,3607,Slovenian,190,Slovenian,190,sharp,bitter,bridek,bridek
8971,shift0973,Cognates,5,ACCEPTED,?,to stand up,3216,"to revolt, rebel",3085,Russian,157,Russian,157,to stand up,to rebel,vstavat&#39;,vosstavat&#39;
8974,shift0973,Cognates,8,ACCEPTED,?,to stand up,3216,"to revolt, rebel",3085,Russian,157,Russian,157,to stand up,"to stand up against, to gang up against",vstavat&#39;,vosstavat&#39;
8980,shift0973,Polysemy,14,NEW,→,to stand up,3216,"to revolt, rebel",3085,Serbian,1093,Serbian,1093,to stand up,"to rise up against smb, stand up against smb, revolt, rebel",устати (ustati),устати (ustati)
8981,shift0973,Polysemy,15,NEW,→,to stand up,3216,"to revolt, rebel",3085,Croatian,812,Croatian,812,to stand up,"to rise up against smb, stand up against smb, rebel",ustati,ustati
8982,shift4369,Derivation,1,ACCEPTED,→,healthy,1585,&lt;positive evaluation&gt;,278,Russian,157,Russian,157,healthy,good,здоровый (zdorovyj),здорово (zdorovo)
8983,shift1291,Polysemy,1,NEW,—,navel,1833,bud (on a twig),3712,Serbian,1093,Serbian,1093,navel,bud (on a twig),пуп (pup),пуп (pup)
8984,shift1291,Derivation,2,NEW,→,navel,1833,bud (on a twig),3712,Croatian,812,Croatian,812,bud (on a twig),navel,pup,pupak
8985,shift8169,Motivation,1,NEW,→,tea,2137,willowherb,87,Russian,157,Russian,157,tea,willowherb,чай,иван-чай
8986,shift8169,Motivation,2,NEW,→,tea,2137,willowherb,87,Ukrainian,138,Ukrainian,138,tea,willowherb,чай,іван-чай
9013,shift5253,Polysemy,1,ACCEPTED,→,hell,1601,experience of great suffering,3886,Russian,157,Russian,157,the place where some people are believed to go after death to be punished for ever for the bad things they have done during their lives,unpleasant place/situation or experience,ad,ad
9016,shift5253,Polysemy,4,NEW,→,hell,1601,experience of great suffering,3886,Serbian,1093,Serbian,1093,hell,experience of great suffering,пакао (pakao),пакао (pakao)
9017,shift5253,Polysemy,5,NEW,→,hell,1601,experience of great suffering,3886,Croatian,812,Croatian,812,hell,experience of great suffering,pakao,pakao
9019,shift3844,Polysemy,2,ACCEPTED,—,Jewish,1189,chanterelle,942,Russian,157,Russian,157,Jewish,chanterelle,еврей,еврейский гриб
9031,shift8078,Derivation,1,ACCEPTED,→,drinking vessel,4481,knee-cap,1719,Russian,157,Russian,157,drinking vessel,knee-cap,чашка,коленная чашечка
9032,shift8078,Derivation,2,ACCEPTED,→,drinking vessel,4481,knee-cap,1719,Czech,174,Czech,174,cup,knee-cap,číše,čéška
9047,shift3613,Polysemy,1,ACCEPTED,—,paw,319,"branch, twig",3672,Russian,157,Russian,157,animal limbs,fir tree branch,lapa,lapa
9051,shift1429,Polysemy,3,ACCEPTED,→,to feel pity,2617,to grudge,2729,Russian,157,Russian,157,"to pity, to have compassion",to grudge,žalet&#39;,žalet&#39;
9060,shift2434,Polysemy,1,NEW,—,yew,2084,willow,85,Old Czech,370,Old Czech,370,yew tree,willow,jíva,jíva
9072,shift6023,Derivation,1,ACCEPTED,→,hump (of a person or camel),1687,heel (of bread),1598,Russian,157,Russian,157,hump (of a person or camel),heel (of bread),горб (gorb),горбушка (gorbuška)
9076,shift0958,Derivation,4,ACCEPTED,?,mouse,733,muscle,747,Russian,157,Russian,157,mouse,muscle,myš&#39;,myšca
9091,shift1309,Polysemy,4,ACCEPTED,?,monarch,696,queen (bee),1903,Russian,157,Russian,157,queen,queen bee,carica,carica
9099,shift1309,Polysemy,12,NEW,→,monarch,696,queen (bee),1903,Serbian,1093,Serbian,1093,queen,queen (bee),краљица (kraljica),краљица (kraljica)
9103,shift8448,Polysemy,2,ACCEPTED,→,root (of a plant),1499,root (of a word),1500,Russian,157,Russian,157,root (of a plant),root (of a word),корень,корень
9106,shift8448,Polysemy,5,ACCEPTED,→,root (of a plant),1499,root (of a word),1500,Bulgarian,110,Bulgarian,110,root (of a plant),root (of a word),корен,корен
9107,shift8448,Polysemy,6,ACCEPTED,→,root (of a plant),1499,root (of a word),1500,Macedonian,118,Macedonian,118,root (of a plant),root (of a word),корен,корен
9110,shift8448,Polysemy,9,ACCEPTED,→,root (of a plant),1499,root (of a word),1500,Czech,174,Czech,174,root (of a plant),root (of a word),kořen,kořen
9119,shift8448,Polysemy,18,ACCEPTED,→,root (of a plant),1499,root (of a word),1500,Ukrainian,138,Ukrainian,138,root (of a plant),root (of a word),корінь,корінь
9128,shift5770,Polysemy,2,ACCEPTED,→,to have smell,2754,to indicate something bad,2788,Russian,157,Russian,157,to have smell,"to have signs or traits of smth., to testify to the possibility of smth.",пахнуть,пахнуть
9148,shift4563,Derivation,2,NEW,—,faeces,1215,"slag, scoria",4107,Russian,157,Russian,157,faeces,"slag, scoria",кал,окалина
9172,shift6713,Polysemy,1,NEW,→,gold,807,"kind, good-hearted",1711,Russian,157,Russian,157,gold,"kind, good-hearted",золотой,золотой
9180,shift1388,Derivation,2,ACCEPTED,?,nettle (Urtica),1849,nettle-rash,1850,Russian,157,Russian,157,nettle,rash,krapiva,krapivnica
9188,shift7045,Derivation,6,ACCEPTED,→,whip,57,flagellate,1308,Russian,157,Russian,157,whip,(obsolete) flagellates,бич,биченосцы
9192,shift1371,Derivation,1,ACCEPTED,→,to throw,3296,unit of length,528,Ukrainian,138,Ukrainian,138,to throw,a distance that one can throw a stone for,кидати (kydaty),кидь (kyd&#39;)
9193,shift1371,Derivation,2,ACCEPTED,→,to throw,3296,unit of length,528,Russian,157,Russian,157,"to launch, to toss",unit of length,метать (metat&#39;),метавище (metavišče)
9194,shift1371,Derivation,3,ACCEPTED,→,to throw,3296,unit of length,528,Russian,157,Russian,157,"to throw, to cast","length unit (= 5,029 m)",шибать (šibat&#39;),шибавище (šibavišče)
9195,shift1773,Derivation,1,ACCEPTED,→,"can, to be able",882,strong,4304,Russian,157,Russian,157,to be able,"power, possession of force as the source of supremacy",moč&#39;,mošč&#39;
9200,shift5390,Polysemy,1,ACCEPTED,→,lifting machine,208,"tap, faucet",2128,Russian,157,Russian,157,lifting machine,"tap, faucet",кран (kran),кран (kran)
9211,shift7957,Polysemy,5,ACCEPTED,—,butter,3733,vegetable oil,3751,Russian,157,Russian,157,butter,vegetable oil,масло,масло
9212,shift7957,Polysemy,6,ACCEPTED,—,butter,3733,vegetable oil,3751,Bulgarian,110,Bulgarian,110,butter,vegetable oil,масло,масло
9218,shift1263,Derivation,2,ACCEPTED,→,cave,919,stove,4291,Bulgarian,110,Bulgarian,110,stove,cave,пещ (pešt),пещера (peštera)
9220,shift1263,Derivation,4,ACCEPTED,→,cave,919,stove,4291,Old East Slavic,160,Old East Slavic,160,stove,cave,печь (pečĭ),печера (pečera)
9221,shift1263,Derivation,5,ACCEPTED,→,cave,919,stove,4291,Belarusan,242,Belarusan,242,stove,cave,печ (pječ),пячора (pjačora)
9222,shift1263,Derivation,6,ACCEPTED,→,cave,919,stove,4291,Russian,157,Russian,157,stove,(dialect) cave,печь (pečʹ),"печера (pečera), печора (pečóra)"
9223,shift1263,Derivation,7,ACCEPTED,→,cave,919,stove,4291,Ukrainian,138,Ukrainian,138,stove,cave,піч (pič),печера (pečera)
9225,shift1263,Derivation,9,NEW,—,cave,919,stove,4291,Serbian,1093,Serbian,1093,cave,stove,пећина (pećina),пећина (pećina)
9226,shift1263,Derivation,10,NEW,—,cave,919,stove,4291,Croatian,812,Croatian,812,cave,stove,pećina,peć
9229,shift3691,Polysemy,2,ACCEPTED,—,child (young person),959,little finger,231,Ukrainian,138,Ukrainian,138,the youngest son in the family,little finger,мізинець,мізинець
9243,shift1903,Derivation,5,ACCEPTED,→,"to do, act",2545,verb,3758,Belarusan,242,Belarusan,242,"to do, to act. to function",verb,дзеяць,дзеяслоў
9250,shift1903,Derivation,12,ACCEPTED,→,"to do, act",2545,verb,3758,Ukrainian,138,Ukrainian,138,"to act, to function",verb,діяти,дієслово
9268,shift2216,Polysemy,3,ACCEPTED,—,bastard,3528,&lt;curse&gt;,869,Russian,157,Russian,157,bastard,bad person,ублюдок,ублюдок
9270,shift2216,Polysemy,5,ACCEPTED,→,bastard,3528,&lt;curse&gt;,869,Serbian,1093,Serbian,1093,bastard,bad person,копиле (kopile),копиле (kopile)
9274,shift6412,Polysemy,1,NEW,→,nausea,1832,disgusting,4444,Russian,157,Russian,157,nausea,disgusting,тошнит,тошнит
9281,shift6906,Derivation,4,ACCEPTED,→,May,609,lily-of-the-valley (Convallaria majalis),216,Slovenian,190,Slovenian,190,May,lily-of-the-valley (Convallaria majalis),maj,majski zvonovi
9291,shift5819,Polysemy,3,ACCEPTED,→,"human, person",1683,person (grammar),357,Czech,174,Czech,174,person,person (grammar),osoba,osoba
9292,shift5819,Polysemy,4,ACCEPTED,→,"human, person",1683,person (grammar),357,Polish,171,Polish,171,person,person (grammar),osoba,osoba
9294,shift5819,Polysemy,6,ACCEPTED,→,"human, person",1683,person (grammar),357,Belarusan,242,Belarusan,242,person,person (grammar),асоба,асоба
9295,shift5819,Polysemy,7,ACCEPTED,→,"human, person",1683,person (grammar),357,Ukrainian,138,Ukrainian,138,person,person (grammar),особа,особа
9296,shift5819,Polysemy,8,ACCEPTED,→,"human, person",1683,person (grammar),357,Slovenian,190,Slovenian,190,person,person (grammar),oseba,oseba
9300,shift5819,Polysemy,12,ACCEPTED,→,"human, person",1683,person (grammar),357,Russian,157,Russian,157,person,person (grammar),лицо,лицо
9329,shift1405,Derivation,10,ACCEPTED,→,to practice witchcraft,2994,"to charm, to delight",2421,Russian,157,Russian,157,spell,to charm,чары (čary),очаровать (očarovat&#39;)
9342,shift3184,Polysemy,1,ACCEPTED,—,to peck (of a bird),2966,to bite (of a fish),2348,Russian,157,Russian,157,"to peck, to pick",to bite,klevat&#39;,klevat&#39;
9349,shift2134,Derivation,6,ACCEPTED,→,to break (tr.),2370,to infringe,2792,Russian,157,Russian,157,"to smash down, to destroy",to break,rušit&#39;,narušit&#39;
9358,shift3299,Derivation,1,NEW,→,belly,3572,to be angry,2255,Polish,171,Polish,171,stomach,to be angry,żołądek,żołądkować się
9361,shift4591,Polysemy,2,ACCEPTED,→,eggplant (Solanum melongena),3814,tomato (Solanum lycopersicum),3396,Ukrainian,138,Ukrainian,138,eggplant (Solanum melongena),"(old, rare) tomato (Solanum lycopersicum)",баклажан,баклажан
9362,shift4591,Polysemy,3,ACCEPTED,→,eggplant (Solanum melongena),3814,tomato (Solanum lycopersicum),3396,Bulgarian,110,Bulgarian,110,eggplant (Solanum melongena),(dated) tomato (Solanum lycopersicum),патладжан,патладжан
9364,shift4591,Derivation,5,ACCEPTED,←,eggplant (Solanum melongena),3814,tomato (Solanum lycopersicum),3396,Bulgarian,110,Bulgarian,110,eggplants,tomato (Solanum lycopersicum),сини домати,домат
9365,shift4591,Polysemy,6,ACCEPTED,→,eggplant (Solanum melongena),3814,tomato (Solanum lycopersicum),3396,Macedonian,118,Macedonian,118,eggplant (Solanum melongena),(colloquial) tomato (Solanum lycopersicum),патлиџан,патлиџан
9371,shift2789,Polysemy,2,ACCEPTED,→,&lt;animal&gt;,1916,fat (adj.)(of a person),1239,Russian,157,Russian,157,hog,fat person,borov,borov
9386,shift3232,Polysemy,1,NEW,→,"to strike, hit",3234,to spawn,3192,Russian,157,Russian,157,to beat,to spray out spawn,bit&#39;,bit&#39;
9397,shift0430,Polysemy,2,ACCEPTED,?,water-melon (Cucurbita citrullus),23,melon (Cucumis melo),630,Slovak,234,Slovak,234,melon,water melon,(žltá) dyňa,(červená) dyňa
9402,shift0430,Polysemy,7,ACCEPTED,?,water-melon (Cucurbita citrullus),23,melon (Cucumis melo),630,Russian,157,Russian,157,watermelon,melon (dial.),arbuz,arbuz
9415,shift2592,Internal cognates,4,NEW,—,army,2030,war,9,Russian,157,Russian,157,army,war,войско,война
9416,shift2091,Derivation,1,NEW,?,"to strike, hit",3234,"to walk, wander",3350,Russian,157,Russian,157,"to knock, to batter",hand about,kolotit&#39;,okolačivat&#39;sja
9440,shift4808,Derivation,17,NEW,←,to marry,2904,husband,1694,Russian,157,Russian,157,to marry,husband,выйти замуж,муж
9442,shift7329,Derivation,2,ACCEPTED,→,year,2077,December,4401,Upper Sorbian,364,Upper Sorbian,364,year,(dialect) December,"hód, hódy",hodownik
9443,shift7329,Derivation,3,ACCEPTED,→,year,2077,December,4401,Lower Sorbian,9,Lower Sorbian,9,year,(dialect) December,gódy,godownik
9447,shift2264,Polysemy,1,ACCEPTED,→,to chew,2425,to explain,2593,Russian,157,Russian,157,to chew,to explain in detail,разжёвывать (razževyvat&#39;),разжёвывать (razževyvat&#39;)
9460,shift3697,Polysemy,1,ACCEPTED,→,ear,3792,chanterelle,942,Russian,157,Russian,157,ear,chanterelle,ушко,ушки
9462,shift1250,Polysemy,1,ACCEPTED,→,pit,389,tomb,3397,Ukrainian,138,Ukrainian,138,"hole, pit",tomb,jama,jama
9481,shift0718,Polysemy,1,ACCEPTED,→,"firm, solid",1296,strong (of liquid or smell),4305,Russian,157,Russian,157,"strong, firm","drastic, potent",krepkij,krepkij
9492,shift1267,Derivation,1,NEW,→,curved,1167,unpleasant,534,Bulgarian,110,Bulgarian,110,"crooked, slanting","to unpleasant, hard",kriv,kriveja
9498,shift8230,Polysemy,1,ACCEPTED,→,mallow,573,hollyhock,1638,Russian,157,Russian,157,mallow,(non-standard) hollyhock,мальва,мальва
9505,shift8230,Motivation,8,ACCEPTED,→,mallow,573,hollyhock,1638,Polish,171,Polish,171,mallow,hollyhock,malwa,malwa różowa
9509,shift1240,Polysemy,1,NEW,?,"to strike, hit",3234,to cough,2467,Macedonian,118,Macedonian,118,"to beat, to knock, to hit",to cough (intensively),buva,buva
9510,shift1240,Polysemy,2,NEW,→,"to strike, hit",3234,to cough,2467,Serbian,1093,Serbian,1093,"to beat, hit",to cough,крхати (krhati),крхати (krhati)
9513,shift0086,Polysemy,1,ACCEPTED,→,to call,2396,to cause,2410,Russian,157,Russian,157,to call,to cause,vyzyvat&#39;,vyzyvat&#39;
9530,shift3112,Polysemy,10,NEW,→,fruit,1393,"result, outcome",1464,Serbian,1093,Serbian,1093,fruit,"result, outcome",плод (plod),плод (plod)
9531,shift3112,Polysemy,11,NEW,→,fruit,1393,"result, outcome",1464,Croatian,812,Croatian,812,fruit,"result, outcome",plod,plod
9533,shift0811,Derivation,1,SUSPENDED,—,earth,3798,dark (adj.),4382,Russian,157,Russian,157,"earth, ground",sallow,zemlja,zemlistyj
9535,shift3840,Polysemy,1,ACCEPTED,→,autumn,2063,honey mushroom (Armillaria mellea),1644,Russian,157,Russian,157,autumn,honey mushroom (Armillaria mellea),осень,осенник
9543,shift6636,Polysemy,1,ACCEPTED,→,drop (n.),4485,"few, little",1268,Russian,157,Russian,157,drop (n.),small amount,капля,капля
9548,shift4715,Derivation,1,NEW,→,"bowels, intestine",3664,common melilot (Melilotus officinalis),1056,Russian,157,Russian,157,"(dated, dialect) bowels, intestinelower abdomen",common melilot (Melilotus officinalis),дна,донник
9577,shift3262,Polysemy,3,ACCEPTED,→,star,4247,celebrity,922,Russian,157,Russian,157,star,star,звезда (zvezda),звезда (zvezda)
9596,shift3262,Polysemy,22,NEW,→,star,4247,celebrity,922,Serbian,1093,Serbian,1093,star,celebrity,звезда (zvezda),звезда (zvezda)
9597,shift3262,Polysemy,23,NEW,→,star,4247,celebrity,922,Croatian,812,Croatian,812,star,celebrity,zvijezda,zvijezda
9598,shift0896,Derivation,1,ACCEPTED,—,to blow,2355,to deceive,2494,Russian,157,Russian,157,to blow,to deceive,дуть (dut&#39;),надуть (nadut&#39;)
9606,shift5480,Polysemy,4,ACCEPTED,→,to gnaw,2696,to cause moral suffering,2411,Belarusan,242,Belarusan,242,to gnaw,to cause moral suffering,грызці,грызці
9609,shift5480,Polysemy,7,ACCEPTED,→,to gnaw,2696,to cause moral suffering,2411,Russian,157,Russian,157,to gnaw,"to torment, disturb (about thoughts, feelings, etc.)",грызть (gryzt&#39;),грызть (gryzt&#39;)
9615,shift5480,Polysemy,13,ACCEPTED,→,to gnaw,2696,to cause moral suffering,2411,Russian,157,Russian,157,"to gnaw, biting the flesh from all sides",to torment (about feelings),глодать (glodat&#39;),глодать (glodat&#39;)
9616,shift5480,Polysemy,14,ACCEPTED,→,to gnaw,2696,to cause moral suffering,2411,Polish,171,Polish,171,to crush something or to separate parts of it with teeth,"to cause mental anguish (about conscience),",gryźć,gryźć
9627,shift0042,Polysemy,3,ACCEPTED,→,to smile,3178,to please,2984,Russian,157,Russian,157,to smile,to like,улыбаться (ulybat&#39;sja),улыбаться (ulybat&#39;sja)
9632,shift2282,Polysemy,2,NEW,?,"to grasp, seize",2717,to eat,2569,Russian,157,Russian,157,to intercept,"to eat quickly, hurriedly",perehvatit&#39;,perehvatit&#39;
9633,shift6391,Derivation,1,ACCEPTED,→,sun,4333,strawberry (Fragaria moschata),4299,Lower Sorbian,9,Lower Sorbian,9,sun,strawberry (Fragaria moschata),słyńco,słynica
9699,shift5228,Polysemy,2,ACCEPTED,→,grandfather,826,soldier who is approaching demobilization,4156,Russian,157,Russian,157,grandfather,(military slang) soldier who is approaching demobilization,дед (ded),дед (ded)
9717,shift0865,Polysemy,16,ACCEPTED,?,blunt,3637,stupid,4312,Russian,157,Russian,157,blunt,stupid,tupoj,tupoj
9722,shift0865,Polysemy,21,NEW,→,blunt,3637,stupid,4312,Serbian,1093,Serbian,1093,blunt,stupid,туп (tup),туп (tup)
9723,shift0865,Polysemy,22,NEW,→,blunt,3637,stupid,4312,Croatian,812,Croatian,812,blunt,stupid,tup,tup
9735,shift2601,Polysemy,2,ACCEPTED,→,to go out (of light),2710,to disappear,2525,Russian,157,Russian,157,"to die away, to expire",to die out,ugasat&#39;,ugasat&#39;
9736,shift5312,Derivation,1,NEW,→,to crawl,2473,tank (armour),2125,Polish,171,Polish,171,"to creep, to crawl",tank (armour),czołgać się,czołg
9747,shift1673,Derivation,4,ACCEPTED,→,bitter,3607,bitterling,3608,Russian,157,Russian,157,bitter,oxtongue,gor&#39;kij,gorčak
9764,shift0344,Polysemy,1,ACCEPTED,?,to wound (tr.),3384,to offend (tr.),2948,Czech,174,Czech,174,"1) ударить, рубануть (топором и т.п.) [Павлович 1976: 523]","3) to hurt, to wound smn",seknout,seknout
9765,shift0344,Polysemy,2,ACCEPTED,?,to wound (tr.),3384,to offend (tr.),2948,Russian,157,Russian,157,to wound,to wound,ranit&#39;,ranit&#39;
9766,shift0344,Polysemy,3,ACCEPTED,?,to wound (tr.),3384,to offend (tr.),2948,Russian,157,Russian,157,to cut,"to wound, to hurt",rezanut&#39;,rezanut&#39;
9767,shift0344,Polysemy,4,ACCEPTED,?,to wound (tr.),3384,to offend (tr.),2948,Russian,157,Russian,157,"to touch, to brush against",to wound,zadet&#39;,zadet&#39;
9768,shift0344,Polysemy,5,ACCEPTED,?,to wound (tr.),3384,to offend (tr.),2948,Russian,157,Russian,157,"to jab, to prick",to pique,ukolot&#39;,ukolot&#39;
9776,shift3381,Derivation,1,NEW,→,hand/arm,1550,domestic (animal),4462,Russian,157,Russian,157,"hand, arm",pet,ruka,ručnoj
9780,shift7797,Polysemy,3,NEW,→,anemic,1992,weak,28,Polish,171,Polish,171,anemic,"weak, listless",anemiczny,anemiczny
9784,shift6215,Derivation,1,ACCEPTED,→,"spade, shovel",4182,Chionactis occipitalis,968,Russian,157,Russian,157,"spade, shovel",Chionactis occipitalis,лопата,западная лопатоносая змея
9789,shift6509,Polysemy,1,ACCEPTED,→,cockchafer,1024,rose chafer,1507,Bulgarian,110,Bulgarian,110,cockchafer,"(regional, proscribed) rose chafer",майски бръмбар,майски бръмбар
9790,shift6509,Polysemy,2,ACCEPTED,→,cockchafer,1024,rose chafer,1507,Russian,157,Russian,157,cockchafer,"(colloquial, proscribed) rose chafer",майский жук,майский жук
9802,shift2154,Polysemy,3,ACCEPTED,→,apple,2018,potato,445,Russian,157,Russian,157,apple,(dialect) potato,яблоко (jabloko),яблоко (jabloko)
9811,shift2154,Derivation,12,ACCEPTED,→,apple,2018,potato,445,Polish,171,Polish,171,apple,potato,jabłko,jabłko ziemne
9833,shift2043,Polysemy,10,ACCEPTED,—,thick,2167,fat (adj.)(of a person),1239,Russian,157,Russian,157,"fat, thick",fat,tolstyj,tolstyj
9839,shift2043,Polysemy,16,NEW,→,thick,2167,fat (adj.)(of a person),1239,Serbian,1093,Serbian,1093,thick,"fat (adj.)(of a person, of an animal)",дебео (debeo),дебео (debeo)
9840,shift2043,Polysemy,17,NEW,→,thick,2167,fat (adj.)(of a person),1239,Croatian,812,Croatian,812,thick,fat (adj.)(of a person),debeo,debeo
9851,shift8216,Polysemy,8,ACCEPTED,→,"as, like",2038,when,56,Russian,157,Russian,157,"as, like",when,как,как
9855,shift6823,Polysemy,1,ACCEPTED,→,cow,1122,woman,109,Russian,157,Russian,157,cow,"(derogatory) about a fat, clumsy, sluggish or stupid woman",корова,корова
9862,shift6823,Polysemy,8,ACCEPTED,→,cow,1122,woman,109,Bulgarian,110,Bulgarian,110,cow,"(derogatory) to express a rude, unfriendly attitude towards a woman, large, sluggish, unattractive woman",крава,крава
9863,shift6823,Polysemy,9,ACCEPTED,→,cow,1122,woman,109,Polish,171,Polish,171,cow,"(colloquial) woman who is perceived by the speaker as a lazy person, performing activities in a slow and sluggish manner",krowa,krowa
9865,shift6823,Polysemy,11,ACCEPTED,→,cow,1122,woman,109,Slovak,234,Slovak,234,cow,"woman behaving inappropriately, a stupid woman (usual in swear word)",krava,krava
9867,shift6823,Polysemy,13,ACCEPTED,→,cow,1122,woman,109,Serbian,1093,Serbian,1093,cow,"fat, lazy or stupid woman",крава (krava),крава (krava)
9868,shift6823,Polysemy,14,ACCEPTED,→,cow,1122,woman,109,Croatian,812,Croatian,812,cow,clumsy woman,krava,krava
9872,shift4290,Derivation,3,ACCEPTED,→,to stand,3211,to consist of,2453,Russian,157,Russian,157,to stand,to consist of,стоять (stojat&#39;),состоять (sostojat&#39;)
9873,shift4290,Derivation,4,NEW,→,to stand,3211,to consist of,2453,Serbian,1093,Serbian,1093,to stand,to consist of,стaјaти (stajati),састoјати се (sastojati se)
9878,shift3868,Polysemy,3,ACCEPTED,→,father,1242,term of address to a man,2154,Russian,157,Russian,157,father,<term of address to a man>,"отец, otec","отец, otec"
9917,shift5695,Polysemy,1,ACCEPTED,→,dragon,4475,kite (lightweight toy),1717,Russian,157,Russian,157,dragon,kite (lightweight toy),змей,змей
9918,shift5695,Polysemy,2,ACCEPTED,→,dragon,4475,kite (lightweight toy),1717,Belarusan,242,Belarusan,242,dragon,kite (lightweight toy),змей,змей
9919,shift5695,Polysemy,3,ACCEPTED,→,dragon,4475,kite (lightweight toy),1717,Czech,174,Czech,174,"dragon, (heraldry) wyvern",kite (lightweight toy),drak,drak
9925,shift5695,Polysemy,9,ACCEPTED,→,dragon,4475,kite (lightweight toy),1717,Ukrainian,138,Ukrainian,138,dragon,kite (lightweight toy),змій,змій
9927,shift5695,Polysemy,11,ACCEPTED,→,dragon,4475,kite (lightweight toy),1717,Serbian,1093,Serbian,1093,dragon,kite (lightweight toy),змаj / zmaj,змаj / zmaj
9928,shift5695,Polysemy,12,ACCEPTED,→,dragon,4475,kite (lightweight toy),1717,Croatian,812,Croatian,812,dragon,kite (lightweight toy),zmaj,zmaj
9929,shift5695,Polysemy,13,ACCEPTED,→,dragon,4475,kite (lightweight toy),1717,Slovak,234,Slovak,234,dragon,kite (lightweight toy),drak,drak
9930,shift5695,Polysemy,14,ACCEPTED,→,dragon,4475,kite (lightweight toy),1717,Slovak,234,Slovak,234,"monster in the form of a winged lizard, dragon",kite (lightweight toy),šarkan,šarkan
9931,shift5695,Polysemy,15,ACCEPTED,→,dragon,4475,kite (lightweight toy),1717,Polish,171,Polish,171,"(mythology) A flying demon, often with the spirit of a prematurely deceased person",kite (lightweight toy),latawiec,latawiec
9932,shift5695,Polysemy,16,ACCEPTED,→,dragon,4475,kite (lightweight toy),1717,Macedonian,118,Macedonian,118,dragon,kite (lightweight toy),змеј,змеј
9962,shift3408,Derivation,5,ACCEPTED,→,throat,2186,neck (of bottle etc.),1839,Russian,157,Russian,157,throat,neck,gorlo,gorlyško
9968,shift1679,Polysemy,2,ACCEPTED,—,&lt;fish&gt;,1207,cigarette butt,980,Russian,157,Russian,157,goby,"cigarette butt, stub of the cigarette",бычок (byčok),бычок (byčok)
9997,shift0477,Derivation,4,ACCEPTED,—,mouth,735,mouth (of a river),736,Russian,157,Russian,157,"mouth, lips",river mouth,уста (usta),устье (ust&#39;e)
10008,shift1093,Derivation,1,ACCEPTED,?,mouse,733,bat,3529,Russian,157,Russian,157,mouse,bat,myš&#39;,letučaja myš&#39;
10015,shift1093,Motivation,8,NEW,→,mouse,733,bat,3529,Serbian,1093,Serbian,1093,mouse,bat,миш (miš),слепи миш (slepi miš)
10018,shift1367,Polysemy,2,ACCEPTED,→,weak,28,stupid,4312,Russian,157,Russian,157,"soulless, heartless",stupid,bezdušnyj,bezdušnyj
10024,shift1047,Polysemy,2,ACCEPTED,?,side (n.),4071,political party,432,Czech,174,Czech,174,side,political party,strana,strana
10026,shift1047,Derivation,4,ACCEPTED,→,side (n.),4071,political party,432,Serbian,1093,Serbian,1093,side (n.),political party,страна (strana),странка (stranka)
10027,shift1047,Derivation,5,ACCEPTED,→,side (n.),4071,political party,432,Croatian,812,Croatian,812,side (n.),political party,strana,stranka
10029,shift3396,Polysemy,1,NEW,→,hell,1601,glutton,798,Russian,157,Russian,157,hell,glutton,ad,ad
10040,shift4150,Derivation,5,ACCEPTED,→,elder,3819,boss,3651,Russian,157,Russian,157,elder,"(dated) foreman, leader of a work team",старший,старшой
10056,shift1676,Derivation,2,ACCEPTED,→,to blink (by eyes),2352,"instant, moment",1789,Russian,157,Russian,157,to blink,moment,migat&#39;,mig
10062,shift7811,Motivation,3,ACCEPTED,→,gold,807,pyrite,500,Czech,174,Czech,174,gold,pyrite,zlato,kočičí zlato
10070,shift1905,Polysemy,1,ACCEPTED,→,bed,3549,river-bed,1485,Russian,157,Russian,157,"couch, bed",bed,lože,lože
10090,shift5569,Polysemy,4,ACCEPTED,→,thousand,2181,"many, much",584,Czech,174,Czech,174,thousand,expr. very much; lot,tisíc,tisíc
10092,shift5569,Polysemy,6,ACCEPTED,→,thousand,2181,"many, much",584,Serbian,1093,Serbian,1093,thousand (usually in plural),"many, much",хиљада (hiljada),хиљада (hiljada)
10093,shift5569,Polysemy,7,ACCEPTED,→,thousand,2181,"many, much",584,Russian,157,Russian,157,thousand,"many, much",тысяча,тысяча
10121,shift6019,Derivation,10,ACCEPTED,→,rain,1420,earthworm,3801,Slovak,234,Slovak,234,rain,earthworm,dážď,dážďovka
10123,shift6019,Derivation,12,ACCEPTED,→,rain,1420,earthworm,3801,Serbian,1093,Serbian,1093,rain,earthworm,киша (kiša),кишна глиста (кišnа glista)
10124,shift6019,Derivation,13,ACCEPTED,→,rain,1420,earthworm,3801,Croatian,812,Croatian,812,rain,earthworm,kiša,kišna glista
10131,shift0439,Polysemy,1,ACCEPTED,→,life,207,belly,3572,Old East Slavic,160,Old East Slavic,160,life,"belly, abdomen",животъ,животъ
10133,shift0439,Polysemy,3,ACCEPTED,—,life,207,belly,3572,Slovak,234,Slovak,234,life,belly,život,život
10134,shift0439,Polysemy,4,ACCEPTED,→,life,207,belly,3572,Ukrainian,138,Ukrainian,138,(dated) life,belly,живіт,живіт
10135,shift0439,Polysemy,5,ACCEPTED,→,life,207,belly,3572,Croatian,812,Croatian,812,life,waist,život,život
10162,shift0671,Polysemy,14,NEW,→,pumpkin,490,head,1578,Serbian,1093,Serbian,1093,pumpkin,head,тиква (tikva),тиква (tikva)
10163,shift0671,Polysemy,15,NEW,→,pumpkin,490,head,1578,Croatian,812,Croatian,812,pumpkin,head,tikva,tikva
10170,shift1210,Polysemy,1,ACCEPTED,?,frog,1384,girl,786,Czech,174,Czech,174,frog,girl,žába,žába
10182,shift0779,Polysemy,7,NEW,→,&lt;body part&gt;,3480,tribe,3435,Russian,157,Russian,157,knee,"a part of people, tribe",колено,колено
10195,shift1607,Polysemy,6,ACCEPTED,—,"spot, stain",4220,bald spot,3505,Russian,157,Russian,157,calvity,white spot on an animal's forehead,lysina,lysina
10201,shift1464,Derivation,2,ACCEPTED,?,"to drive, to force to move on",2560,to copulate,2462,Russian,157,Russian,157,"to chase, to drive","oestrum, mating period",gnat&#39;,gon
10210,shift0146,Polysemy,7,ACCEPTED,→,shame,4017,genitalia,777,Russian,157,Russian,157,shame,genitals,styd,styd
10212,shift0146,Polysemy,9,ACCEPTED,→,shame,4017,genitalia,777,Russian,157,Russian,157,shame,"shame, disgrace",sram,sram
10219,shift1421,Polysemy,4,ACCEPTED,→,root (of a plant),1499,origin,4562,Russian,157,Russian,157,root,root,koren&#39;,koren&#39;
10226,shift1074,Derivation,2,ACCEPTED,?,to be born,2259,"people, nation",345,Russian,157,Russian,157,to be born,people,roždat&#39;sja,narod
10238,shift1232,Polysemy,1,NEW,?,to run,3101,to defecate,2502,Upper Sorbian,364,Upper Sorbian,364,to run,to have diarrhoea,běhać,běhać
10239,shift5631,Derivation,1,NEW,→,cow,1122,"firebug, Pyrrhocoris apterus",1291,Bulgarian,110,Bulgarian,110,cow,"firebug, Pyrrhocoris apterus",крава,божа кравичка
10245,shift6186,Derivation,5,ACCEPTED,→,bear (Ursus),3539,giant panda,782,Serbian,1093,Serbian,1093,bear (Ursus),giant panda,медвед (medved),бамбусни медвед (bambusni medved)
10248,shift3794,Polysemy,1,ACCEPTED,—,noble,1870,Boletus edulis,3644,Russian,157,Russian,157,"lord, mister",Boletus edulis,пан,пан
10249,shift3794,Derivation,2,ACCEPTED,→,noble,1870,Boletus edulis,3644,Russian,157,Russian,157,prince,Boletus edulis,князь,княжик
10250,shift3794,Polysemy,3,ACCEPTED,→,noble,1870,Boletus edulis,3644,Russian,157,Russian,157,boyar,Boletus edulis,боярин,боярин
10251,shift5733,Polysemy,1,ACCEPTED,→,high (location),1623,high-pitched,1625,Russian,157,Russian,157,high,high-pitched,высокий (vysokij),высокий (vysokij)
10255,shift5733,Polysemy,5,ACCEPTED,→,high (location),1623,high-pitched,1625,Czech,174,Czech,174,high,high-pitched,vysoký,vysoký
10256,shift5733,Polysemy,6,ACCEPTED,→,high (location),1623,high-pitched,1625,Bulgarian,110,Bulgarian,110,high,high-pitched,висок,висок
10257,shift5733,Polysemy,7,ACCEPTED,→,high (location),1623,high-pitched,1625,Polish,171,Polish,171,high,high-pitched,wysoki,wysoki
10259,shift1947,Polysemy,2,ACCEPTED,→,curved,1167,squint-eyed,4236,Russian,157,Russian,157,"crooked, curved, wry, asymmetric",squint eyed,kosoj,kosoj
10279,shift4206,Polysemy,1,ACCEPTED,→,to go up,2713,to stand up,3216,Russian,157,Russian,157,to go up,to stand up,подняться (podnjat&#39;sja),подняться (podnjat&#39;sja)
10285,shift1567,Polysemy,1,ACCEPTED,→,"to pull, to draw",3018,"to strike, hit",3234,Russian,157,Russian,157,to stretch out,ударить во всю длину чего-нибудь,вытянуть (vytjanut&#39;),вытянуть (vytjanut&#39;)
10290,shift6349,Polysemy,1,NEW,→,to eat,2569,"to swear, curse",3258,Russian,157,Russian,157,to eat,"to vex, harass, eat away one's nerves",есть,есть
10298,shift6864,Polysemy,1,NEW,→,useless thing,550,narcotic drugs,1825,Russian,157,Russian,157,"useless thing, garbage, bad things",narcotic drugs,дрянь,дрянь
10304,shift7520,Derivation,2,NEW,←,yolk,2087,yellow,2079,Serbian,1093,Serbian,1093,yolk,yellow,жуманце (žumance),жут (žut)
10305,shift7520,Derivation,3,NEW,←,yolk,2087,yellow,2079,Croatian,812,Croatian,812,yolk,yellow,žumanjak,žut
10306,shift0437,Polysemy,1,ACCEPTED,—,horn,1657,corner,1100,Czech,174,Czech,174,horn,"corner (house, room)",roh,roh
10308,shift0437,Polysemy,3,ACCEPTED,—,horn,1657,corner,1100,Ukrainian,138,Ukrainian,138,horn,outer corner,рiг (rih),рiг (rih)
10309,shift0437,Polysemy,4,ACCEPTED,—,horn,1657,corner,1100,Polish,171,Polish,171,horn,outer corner,róg,róg
10313,shift0437,Polysemy,8,ACCEPTED,—,horn,1657,corner,1100,Slovak,234,Slovak,234,horn,corner,roh,roh
10324,shift0223,Cognates,4,ACCEPTED,→,"power, authority",450,"country, land",1109,Russian,157,Russian,157,power,district,vlast&#39;,volost&#39;
10353,shift2004,Polysemy,4,ACCEPTED,→,sharp,4022,pungent (odour),491,Russian,157,Russian,157,sharp,acrid,ostryj,ostryj
10367,shift3956,Polysemy,1,ACCEPTED,—,"to care for, look after",2399,"to spare, to economize",3191,Russian,157,Russian,157,"to care for, look after","to spare, to be frugal, to economize",беречь (bereč&#39;),беречь (bereč&#39;)
10393,shift1855,Derivation,1,NEW,—,to want,3353,although,1980,Russian,157,Russian,157,to want,though,хотеть,хотя
10401,shift4193,Polysemy,1,NEW,→,now,1890,recently,1443,Russian,157,Russian,157,now,recently,сейчас,сейчас
10402,shift4193,Polysemy,2,NEW,→,now,1890,recently,1443,Serbian,1093,Serbian,1093,now,recently,сад (sad),сад (sad)
10409,shift6815,Polysemy,4,ACCEPTED,→,girl,786,whore,67,Russian,157,Russian,157,"(low colloquial, derogatory) girl","whore, prostitute",девка,девка
10423,shift2112,Polysemy,2,ACCEPTED,?,drone,4484,"idler, loafer",1736,Russian,157,Russian,157,male bee,"loafer, parasite",truten&#39;,truten&#39;
10427,shift2112,Polysemy,6,ACCEPTED,→,drone,4484,"idler, loafer",1736,Czech,174,Czech,174,drone (n.),"idler, loafer",trubec,trubec
10432,shift2619,Polysemy,3,ACCEPTED,→,milk,657,sap (of a plant),3935,Serbian,1093,Serbian,1093,milk,sap (of a plant),млеко (mleko),млеко (mleko)
10433,shift2619,Polysemy,4,ACCEPTED,→,milk,657,sap (of a plant),3935,Croatian,812,Croatian,812,milk,sap (of a plant),mlijeko,mlijeko
10455,shift4997,Polysemy,2,ACCEPTED,—,ray,1438,spoke of wheel,4214,Czech,174,Czech,174,ray of light,spoke of wheel,paprsek,paprsek
10464,shift4710,Polysemy,1,ACCEPTED,→,dog,4458,police officer,430,Russian,157,Russian,157,gundog,police officer,легавый,легавый
10466,shift4710,Polysemy,3,ACCEPTED,→,dog,4458,police officer,430,Polish,171,Polish,171,dog,police officer,Pies,Pies
10468,shift4710,Polysemy,5,NEW,→,dog,4458,police officer,430,Serbian,1093,Serbian,1093,dog,police officer,ker,ker
10499,shift4501,Polysemy,1,NEW,→,night-blindness,1864,common buttercup (Ranunculus acris),1049,Russian,157,Russian,157,night-blindness,common buttercup (Ranunculus acris),куриная слепота (kurinaja slepota),куриная слепота (kurinaja slepota)
10508,shift3743,Derivation,3,NEW,—,to bite,2347,to taste (tr.),3283,Russian,157,Russian,157,to bite,taste,кусать,вкус
10526,shift2151,Polysemy,3,ACCEPTED,→,deep,4404,profound,473,Russian,157,Russian,157,deep,"earnest, serious",глубокий,глубокий
10528,shift2151,Polysemy,5,ACCEPTED,→,deep,4404,profound,473,Serbian,1093,Serbian,1093,deep,"earnest, serious",дубок (dubok),дубок (dubok)
10529,shift2151,Polysemy,6,ACCEPTED,→,deep,4404,profound,473,Croatian,812,Croatian,812,deep,"earnest, serious",dubok,dubok
10546,shift3672,Polysemy,2,ACCEPTED,?,warm,10,drunk,4488,Russian,157,Russian,157,lukewarm,"boozy, grogged",teplen&#39;kij,teplen&#39;kij
10561,shift1050,Polysemy,1,ACCEPTED,—,seagull,3971,lapwing (Vanellus),157,Russian,157,Russian,157,seagull,plover,"kniga, knigalka","kniga, knigalka"
10563,shift1050,Polysemy,3,ACCEPTED,—,seagull,3971,lapwing (Vanellus),157,Russian,157,Russian,157,lapwing,seagull (southern),čibez,čibez
10569,shift7454,Derivation,2,ACCEPTED,→,white,62,"white of an eye, sclera",65,Russian,157,Russian,157,white,white of an eye,белый,белок
10571,shift7454,Derivation,4,ACCEPTED,→,white,62,"white of an eye, sclera",65,Polish,171,Polish,171,white,white of an eye,biały,białko
10572,shift7454,Derivation,5,ACCEPTED,→,white,62,"white of an eye, sclera",65,Macedonian,118,Macedonian,118,white,white of an eye,бел,белка
10579,shift7454,Derivation,12,ACCEPTED,→,white,62,"white of an eye, sclera",65,Ukrainian,138,Ukrainian,138,white,white of an eye,бiлий,білок
10584,shift7454,Derivation,17,NEW,→,white,62,"white of an eye, sclera",65,Serbian,1093,Serbian,1093,white,white of an eye,бео (beo),беоњача (beonjača)
10585,shift7454,Derivation,18,NEW,→,white,62,"white of an eye, sclera",65,Croatian,812,Croatian,812,white,white of an eye,bijel,bjeloočnica
10596,shift2477,Derivation,8,NEW,—,"country, land",1109,farmer,1235,Serbian,1093,Serbian,1093,"village, countryside",farmer,село (selo),сељак (seljak)
10597,shift2477,Derivation,9,NEW,—,"country, land",1109,farmer,1235,Croatian,812,Croatian,812,"village, countryside",farmer,selo,seljak
10606,shift1233,Polysemy,3,ACCEPTED,→,rich,1476,"many, much",584,Ukrainian,138,Ukrainian,138,"rich, wealthy",a lot of,багатий (bahatyj),багато (bahato)
10614,shift6905,Derivation,7,ACCEPTED,→,bell,3568,lily-of-the-valley (Convallaria majalis),216,Slovenian,190,Slovenian,190,bell,lily-of-the-valley (Convallaria majalis),zvon,majski zvonovi
10646,shift2456,Cognates,1,NEW,—,birch,3592,elm,3829,Russian,157,Russian,157,birch,elm tree,bereza,berest
10661,shift4874,Polysemy,1,ACCEPTED,→,clover,1012,clubs (in cards),1015,Macedonian,118,Macedonian,118,clover,clubs (in cards),детелина,детелина
10678,shift1870,Polysemy,6,NEW,→,to open (tr.),2949,to switch on,3265,Serbian,1093,Serbian,1093,to open (tr.),"to switch on, to turn on",отворити (otvoriti),отворити (otvoriti)
10704,shift1224,Polysemy,3,ACCEPTED,—,hill,1626,tomb,3397,Ukrainian,138,Ukrainian,138,high mound on the site of an ancient burial,"grave, burial pit",могила (mohyla),могила (mohyla)
10705,shift1224,Polysemy,4,ACCEPTED,—,hill,1626,tomb,3397,Bulgarian,110,Bulgarian,110,"mound, hillock, hill","burial mound, tomb, tumulus",могила (mogila),могила (mogila)
10706,shift1224,Polysemy,5,NEW,→,hill,1626,tomb,3397,Serbian,1093,Serbian,1093,hill,tomb,могила (mogila),могила (mogila)
10707,shift1224,Polysemy,6,NEW,→,hill,1626,tomb,3397,Serbian,1093,Serbian,1093,hill,tomb,"хум (hum), хумка (humka)","хум (hum), хумка (humka)"
10708,shift1224,Polysemy,7,NEW,→,hill,1626,tomb,3397,Croatian,812,Croatian,812,hill,tomb,mogila,mogila
10709,shift1224,Polysemy,8,NEW,→,hill,1626,tomb,3397,Croatian,812,Croatian,812,hill,tomb,humak,humak
10741,shift2063,Polysemy,5,ACCEPTED,→,to think,3293,to intend,2798,Russian,157,Russian,157,to think,to intend,dumat&#39;,dumat&#39;
10751,shift2063,Polysemy,15,NEW,→,to think,3293,to intend,2798,Serbian,1093,Serbian,1093,to think,to intend,мислити (misliti),мислити (misliti)
10752,shift2063,Polysemy,16,NEW,→,to think,3293,to intend,2798,Croatian,812,Croatian,812,to think,to intend,misliti,misliti
10783,shift4617,Derivation,1,NEW,→,to put on,3028,to hope,2772,Russian,157,Russian,157,to put on,to hope,надеть,надежда
10789,shift5069,Polysemy,1,NEW,→,dry,4491,fatless,1245,Russian,157,Russian,157,dry,(dialect) fatless,сухой (suxoj),сухой (suxoj)
10793,shift2148,Polysemy,2,NEW,→,to go up,2713,to succeed,3242,Russian,157,Russian,157,"to rise, to go up","to make carrier (colloq., possibly flash language)",podnimat&#39;sja,podnimat&#39;sja
10804,shift1964,Derivation,2,ACCEPTED,→,"to spring, jump",3201,grasshopper (Tettigonioidea),835,Russian,157,Russian,157,"to jump, to hop",grasshopper,skakat&#39;,skačok
10815,shift1382,Polysemy,5,ACCEPTED,→,"edge, border",3810,"country, land",1109,Russian,157,Russian,157,edge,land,край (kraj),край (kraj)
10818,shift1382,Polysemy,8,NEW,→,"edge, border",3810,"country, land",1109,Bulgarian,110,Bulgarian,110,"edge, border","country, land",край,край
10819,shift1382,Polysemy,9,NEW,→,"edge, border",3810,"country, land",1109,Macedonian,118,Macedonian,118,"edge, border",land,краj,краj
10820,shift1382,Polysemy,10,NEW,→,"edge, border",3810,"country, land",1109,Czech,174,Czech,174,"edge, border","land, region",kraj,kraj
10821,shift1382,Polysemy,11,NEW,→,"edge, border",3810,"country, land",1109,Polish,171,Polish,171,"edge, border","land, region",kraj,kraj
10822,shift1382,Polysemy,12,NEW,→,"edge, border",3810,"country, land",1109,Ukrainian,138,Ukrainian,138,"edge, border","land, region",край,край
10823,shift1382,Polysemy,13,NEW,→,"edge, border",3810,"country, land",1109,Serbian,1093,Serbian,1093,"edge, border","land, region",крај (kraj),крај (kraj)
10824,shift1382,Polysemy,14,NEW,→,"edge, border",3810,"country, land",1109,Croatian,812,Croatian,812,"edge, border",land,kraj,kraj
10832,shift7858,Derivation,3,ACCEPTED,→,pig (Sus scrofa),369,capybara,893,Russian,157,Russian,157,dim. from свинья 'pig',capybara,свинка,водосвинка
10842,shift7426,Polysemy,3,ACCEPTED,→,lock (n.),240,fortress,1353,Czech,174,Czech,174,lock (n.),fortress,zámek,zámek
10843,shift7426,Polysemy,4,ACCEPTED,—,lock (n.),240,fortress,1353,Polish,171,Polish,171,lock (n.),fortress,zamek,zamek
10844,shift7426,Internal cognates,5,ACCEPTED,—,lock (n.),240,fortress,1353,Belarusan,242,Belarusan,242,lock (n.),fortress,замок,замак
10845,shift7426,Internal cognates,6,ACCEPTED,—,lock (n.),240,fortress,1353,Ukrainian,138,Ukrainian,138,lock (n.),fortress,замóк,зáмок
10846,shift7426,Internal cognates,7,ACCEPTED,—,lock (n.),240,fortress,1353,Russian,157,Russian,157,lock (n.),fortress,замóк,зáмок
10858,shift6775,Polysemy,2,NEW,→,"to pull, to draw",3018,"tense, stressful",2150,Russian,157,Russian,157,"to pull, to draw","tense, stressful",натянутый,натянутый
10859,shift6775,Polysemy,3,NEW,→,"to pull, to draw",3018,"tense, stressful",2150,Russian,157,Russian,157,"to pull, to draw","tense, stressful",напряженный,напряженный
10862,shift3858,Polysemy,1,ACCEPTED,—,to come,2439,to understand,3331,Russian,157,Russian,157,to come,to understand,доходить,доходить
10872,shift0589,Polysemy,6,ACCEPTED,→,&lt;wooden object&gt;,3,fool,1336,Russian,157,Russian,157,stub,"blockhead, idiot",pen&#39;,pen&#39;
10876,shift0589,Polysemy,10,ACCEPTED,→,&lt;wooden object&gt;,3,fool,1336,Russian,157,Russian,157,stump,"blockhead, fool",čurban,čurban
10887,shift2072,Polysemy,2,ACCEPTED,→,fruit,1393,fetus,1266,Russian,157,Russian,157,fruit,foetus,plod,plod
10888,shift2072,Polysemy,3,NEW,→,fruit,1393,fetus,1266,Serbian,1093,Serbian,1093,fruit,child (fetus),плод (plod),плод (plod)
10889,shift2072,Polysemy,4,NEW,→,fruit,1393,fetus,1266,Croatian,812,Croatian,812,fruit,child (fetus),plod,plod
10914,shift2475,Internal cognates,3,ACCEPTED,→,to lie (posture),2848,ambush,1986,Czech,174,Czech,174,to lie,ambush,ležeti,záloha
10916,shift3800,Polysemy,1,ACCEPTED,→,barrel,3517,Boletus edulis,3644,Russian,157,Russian,157,barrel,Boletus edulis,бочонок,бочонок
10925,shift6230,Polysemy,1,NEW,→,sun,4333,term of address with endearment,2158,Serbian,1093,Serbian,1093,sun,<term of address with endearment>,сунце (sunce),сунце (sunce)
10926,shift6230,Polysemy,2,NEW,→,sun,4333,term of address with endearment,2158,Croatian,812,Croatian,812,sun,<term of address with endearment>,sunce,sunce
10927,shift2364,Polysemy,1,ACCEPTED,→,owner,4576,bear (Ursus),3539,Russian,157,Russian,157,"master, owner",(dialect) bear,хозяин (hozjain),хозяин (hozjain)
10936,shift1928,Polysemy,1,ACCEPTED,→,tribe,3435,kind (n.),1710,Russian,157,Russian,157,"kindred, clan",kind,род (rod),род (rod)
10948,shift3753,Derivation,7,ACCEPTED,—,breathing,3683,smell (n.),4128,Russian,157,Russian,157,breathing,smell,дышать,дух
10971,shift2987,Derivation,1,ACCEPTED,→,mother,720,continent,1088,Russian,157,Russian,157,mother,continent,мать (mat&#39;),материк (materik)
10981,shift0485,Derivation,1,NEW,?,mouth,735,"instrument, tool",1793,Russian,157,Russian,157,to dig,digging tool,ryt&#39;,rot
10994,shift3066,Polysemy,1,NEW,→,difficult,4433,pregnant,456,Serbian,1093,Serbian,1093,difficult/tired,pregnant,трудан (trudan),трудан (trudan)
10995,shift3066,Polysemy,2,NEW,→,difficult,4433,pregnant,456,Croatian,812,Croatian,812,tired,pregnant,trudan,trudan
10996,shift3717,Polysemy,1,ACCEPTED,—,to go up,2713,to go upstream,2714,Russian,157,Russian,157,to go up,to go against the river stream,подняться,подняться
11008,shift2194,Polysemy,5,NEW,→,sharp,4022,"severe, harsh",4003,Serbian,1093,Serbian,1093,sharp,severe,оштар (oštar),оштар (oštar)
11018,shift0147,Polysemy,10,ACCEPTED,→,egg,3813,testicle,2161,Russian,157,Russian,157,egg,bollocks,jajco,"jaički, jajca"
11044,shift1455,Polysemy,9,ACCEPTED,→,to call,2396,to name,2937,Russian,157,Russian,157,to call,to be called,zvat&#39;,zvat&#39;
11056,shift1455,Polysemy,21,NEW,→,to call,2396,to name,2937,Serbian,1093,Serbian,1093,to call,to name,звати (zvati),звати (zvati)
11057,shift1455,Polysemy,22,NEW,→,to call,2396,to name,2937,Croatian,812,Croatian,812,to call,to name,zvati,zvati
11063,shift4325,Derivation,1,ACCEPTED,→,"to walk, wander",3350,to be delirious,2266,Russian,157,Russian,157,"to walk, wander",to be delirious,брести (bresti),бредить (bredit&#39;)
11078,shift6996,Derivation,2,ACCEPTED,→,&lt;vessel&gt;,3742,flower cup,1324,Russian,157,Russian,157,small cup,flower cup,чашечка,чашечка цветка
11088,shift0840,Cognates,7,ACCEPTED,—,mountain,728,forest,1351,Ukrainian,138,Ukrainian,138,"hill, hummock",forest,kruča,kruča
11091,shift0840,Cognates,10,ACCEPTED,→,mountain,728,forest,1351,Russian,157,Russian,157,"pine wood (Pskov dialect, elev.)",pine forest,bor,bor
11103,shift0840,Polysemy,22,NEW,→,mountain,728,forest,1351,Serbian,1093,Serbian,1093,mountain,forest,гора (gora),гора (gora)
11104,shift0840,Polysemy,23,NEW,→,mountain,728,forest,1351,Croatian,812,Croatian,812,mountain,forested area,gora,gora
11112,shift1313,Polysemy,6,ACCEPTED,?,pig (Sus scrofa),369,bad person,3496,Russian,157,Russian,157,pig,villain,svin&#39;ja,svin&#39;ja
11116,shift1313,Polysemy,10,NEW,→,pig (Sus scrofa),369,bad person,3496,Croatian,812,Croatian,812,pig (Sus scrofa),bad person,svinja,svinja
11117,shift1313,Polysemy,11,NEW,→,pig (Sus scrofa),369,bad person,3496,Croatian,812,Croatian,812,pig (Sus scrofa),bad person,"krmak, krmača","krmak, krmača"
11118,shift1313,Polysemy,12,NEW,→,pig (Sus scrofa),369,bad person,3496,Serbian,1093,Serbian,1093,pig (Sus scrofa),bad person,"крмак (krmak), крмачица (krmačica)","крмак (krmak), крмачица (krmačica)"
11119,shift1313,Polysemy,13,NEW,→,pig (Sus scrofa),369,bad person,3496,Serbian,1093,Serbian,1093,pig (Sus scrofa),bad person,свиња (svinja),свиња (svinja)
11124,shift2752,Derivation,2,ACCEPTED,→,quiet (vs. loud),1909,secret; covert,3983,Russian,157,Russian,157,quiet (vs. loud),secretly,тихий,по-тихому
11136,shift1212,Polysemy,1,ACCEPTED,→,to feel pity,2617,to regret,3055,Russian,157,Russian,157,"to feel pity, to sympathize",to regret smth,жалеть (žalet&#39;),жалеть (žalet&#39;)
11139,shift1212,Polysemy,4,NEW,→,to feel pity,2617,to regret,3055,Serbian,1093,Serbian,1093,to feel pity,to regret,жалити (žaliti),жалити (žaliti)
11140,shift1212,Polysemy,5,NEW,→,to feel pity,2617,to regret,3055,Croatian,812,Croatian,812,to feel pity,to regret,žaliti,žaliti
11147,shift1987,Cognates,2,NEW,?,amazing,1983,strange,4295,Russian,157,Russian,157,"strange, unusual","beautiful, full of beauty",čudnyj,čudnoj
11148,shift0389,Polysemy,1,ACCEPTED,→,beard,3541,chin,966,Bulgarian,110,Bulgarian,110,beard,chin,брада,брада
11151,shift0389,Polysemy,4,NEW,→,beard,3541,chin,966,Macedonian,118,Macedonian,118,beard,chin,брада,брада
11152,shift0389,Polysemy,5,NEW,→,beard,3541,chin,966,Slovenian,190,Slovenian,190,beard,chin,bráda,bráda
11153,shift0389,Polysemy,6,NEW,→,beard,3541,chin,966,Czech,174,Czech,174,beard,chin,brada,brada
11154,shift0389,Polysemy,7,NEW,→,beard,3541,chin,966,Slovak,234,Slovak,234,beard,chin,brada,brada
11155,shift0389,Polysemy,8,NEW,→,beard,3541,chin,966,Upper Sorbian,364,Upper Sorbian,364,beard,chin,broda,broda
11156,shift0389,Polysemy,9,NEW,→,beard,3541,chin,966,Lower Sorbian,9,Lower Sorbian,9,beard,chin,broda,broda
11157,shift0389,Polysemy,10,NEW,→,beard,3541,chin,966,Polish,171,Polish,171,beard,chin,broda,broda
11158,shift0389,Polysemy,11,NEW,→,beard,3541,chin,966,Slovincian,1662,Slovincian,1662,beard,chin,brʉ̀ɵ̯dă,brʉ̀ɵ̯dă
11159,shift0389,Polysemy,12,NEW,→,beard,3541,chin,966,Old East Slavic,160,Old East Slavic,160,beard,chin,борода,борода
11160,shift0389,Polysemy,13,NEW,→,beard,3541,chin,966,Russian,157,Russian,157,beard,(dialect) chin,борода,борода
11161,shift0389,Polysemy,14,NEW,→,beard,3541,chin,966,Ukrainian,138,Ukrainian,138,beard,chin,борода,борода
11202,shift0389,Polysemy,55,NEW,—,beard,3541,chin,966,Serbian,1093,Serbian,1093,beard,chin,брада (brada),брада (brada)
11203,shift0389,Polysemy,56,NEW,—,beard,3541,chin,966,Croatian,812,Croatian,812,beard,chin,brada,brada
11219,shift1397,Polysemy,3,ACCEPTED,→,to tie,3302,to stop doing smth.,3227,Russian,157,Russian,157,to tie,to stop doing smth.,завязать,завязать
11240,shift4408,Polysemy,1,ACCEPTED,→,"to go, walk",2715,"to do, act",2545,Old East Slavic,160,Old East Slavic,160,"to go, walk",to act,поступати (postupati),поступати (postupati)
11251,shift0678,Polysemy,11,NEW,—,strength,4301,"power, authority",450,Serbian,1093,Serbian,1093,strength,"power, authority",моћ (moć),моћ (moć)
11252,shift0678,Polysemy,12,NEW,—,strength,4301,"power, authority",450,Croatian,812,Croatian,812,strength,"power, authority",moć,moć
11255,shift3821,Polysemy,3,ACCEPTED,→,crane (Grus),1129,well sweep,43,Russian,157,Russian,157,crane (Grus),well sweep,журавль,журавль
11257,shift3821,Polysemy,5,ACCEPTED,—,crane (Grus),1129,well sweep,43,Polish,171,Polish,171,crane (Grus),device for drawing water from a well,żuraw,żuraw
11272,shift4704,Polysemy,1,NEW,→,to add,2219,"to inform, let know",2791,Russian,157,Russian,157,to add,"to inform, let know",доложить,доложить
11273,shift4668,Derivation,1,NEW,—,pit,389,dimple,4435,Russian,157,Russian,157,pit,dimple,яма,ямочка
11281,shift6250,Polysemy,2,NEW,—,upside down,545,"false, wrong",1222,Serbian,1093,Serbian,1093,upside down,"false, wrong",наопако (naopako),наопако (naopako)
11282,shift6250,Polysemy,3,NEW,→,upside down,545,"false, wrong",1222,Croatian,812,Croatian,812,upside down,"false, wrong",naopako,naopako
11284,shift6655,Polysemy,2,NEW,→,mad,563,intensive,1798,Russian,157,Russian,157,mad,"intensive, of high degree",сумасшедший,сумасшедший
11300,shift2093,Polysemy,2,ACCEPTED,→,sharp,4022,dangerous,4381,Serbian,1093,Serbian,1093,sharp,dangerous,оштар (oštar),оштар (oštar)
11302,shift2093,Polysemy,4,ACCEPTED,→,sharp,4022,dangerous,4381,Russian,157,Russian,157,sharp,dangerous,острый,острый
11309,shift8621,Polysemy,1,NEW,→,crawfish,1131,Cancer (constellation),883,Russian,157,Russian,157,crawfish,Cancer (constellation),рак,Рак
11313,shift8621,Polysemy,5,NEW,→,crawfish,1131,Cancer (constellation),883,Belarusan,242,Belarusan,242,crawfish,Cancer (constellation),рак,Рак
11314,shift8621,Polysemy,6,NEW,→,crawfish,1131,Cancer (constellation),883,Ukrainian,138,Ukrainian,138,crawfish,Cancer (constellation),рак,Рак
11317,shift8621,Polysemy,9,NEW,→,crawfish,1131,Cancer (constellation),883,Polish,171,Polish,171,crawfish,Cancer (constellation),rak,Rak
11318,shift8621,Polysemy,10,NEW,→,crawfish,1131,Cancer (constellation),883,Slovak,234,Slovak,234,crawfish,Cancer (constellation),rak,rak
11322,shift1836,Polysemy,1,ACCEPTED,?,friend,1380,beloved,3574,Bulgarian,110,Bulgarian,110,friend,lover,drugar,drugar
11327,shift1836,Polysemy,6,NEW,→,friend,1380,beloved,3574,Serbian,1093,Serbian,1093,friend,lover,пријатељ (prijatelj),пријатељ (prijatelj)
11328,shift1836,Polysemy,7,NEW,→,friend,1380,beloved,3574,Croatian,812,Croatian,812,friend,lover,prijatelj,prijatelj
11332,shift2631,Polysemy,2,ACCEPTED,→,to thrust (into),3299,to ache,2214,Russian,157,Russian,157,"to split, to cleave",to stab,kolot&#39;,kolot&#39;
11342,shift2631,Polysemy,12,NEW,→,to thrust (into),3299,to ache,2214,Serbian,1093,Serbian,1093,to thrust (into),to ache,цепати (cepati),цепати (cepati)
11344,shift7261,Polysemy,1,NEW,→,to throw,3296,to send,3125,Serbian,1093,Serbian,1093,to throw,to send,бацити (baciti),бацити (baciti)
11345,shift7261,Polysemy,2,NEW,→,to throw,3296,to send,3125,Croatian,812,Croatian,812,to throw,to send,baciti,baciti
11347,shift7992,Polysemy,1,ACCEPTED,→,shell (of mollusc),4030,auricle,2060,Russian,157,Russian,157,shell (of mollusc),auricle,раковина (rakovina),раковина (rakovina)
11351,shift7992,Polysemy,5,ACCEPTED,→,shell (of mollusc),4030,auricle,2060,Serbian,1093,Serbian,1093,shell (of mollusc),auricle,шкољка (školjka),шкољка (školjka)
11352,shift7992,Polysemy,6,ACCEPTED,→,shell (of mollusc),4030,auricle,2060,Croatian,812,Croatian,812,shell (of mollusc),auricle,školjka,školjka
11353,shift1269,Polysemy,1,NEW,→,curved,1167,lame,149,Russian,157,Russian,157,crooked,lame (dialect),krivoj,krivoj
11369,shift0387,Polysemy,15,NEW,→,mud,739,faeces,1215,Serbian,1093,Serbian,1093,mud,faeces,поган (pogan),поган (pogan)
11370,shift0387,Polysemy,16,NEW,→,mud,739,faeces,1215,Croatian,812,Croatian,812,mud,faeces,pogan,pogan
11387,shift1651,Derivation,2,ACCEPTED,—,"top, upper part",3407,"to defeat, win",2501,Russian,157,Russian,157,"top, upper part","to defeat, win",верх,одержать верх (над кем-либо)
11388,shift1581,Polysemy,1,SUSPENDED,—,hem (of a skirt),1604,mountain slope,732,Russian,157,Russian,157,"skirt, lower hem","plain, flat space at the mountain's foot (reg.)",подол (podol),подол (podol)
11393,shift3837,Derivation,2,ACCEPTED,→,nettle (Urtica),1849,honey mushroom (Armillaria mellea),1644,Russian,157,Russian,157,nettle (Urtica),honey mushroom (Armillaria mellea),крапива,крапивник
11396,shift8619,Derivation,2,NEW,→,to write,3387,"to order, command",2953,Russian,157,Russian,157,to write,"to prescribe; to direct, to order",писать,предписывать
11422,shift1372,Polysemy,2,ACCEPTED,→,stick (n.),4267,unit of length,528,Russian,157,Russian,157,"stick, cane",length unit (usually half of a running fathom),batog,batog
11476,shift0752,Derivation,7,ACCEPTED,?,to carry,2401,to endure,2578,Russian,157,Russian,157,to carry,to bear,nesti,perenosit&#39;
11511,shift5187,Derivation,1,ACCEPTED,→,sickle,4070,August,2054,Czech,174,Czech,174,sickle,August,srp,srpen
11512,shift5187,Derivation,2,ACCEPTED,→,sickle,4070,August,2054,Ukrainian,138,Ukrainian,138,sickle,August,серп,серпень
11513,shift5187,Derivation,3,ACCEPTED,→,sickle,4070,August,2054,Polish,171,Polish,171,sickle,August,sierp,sierpień
11514,shift5187,Derivation,4,ACCEPTED,→,sickle,4070,August,2054,Kashubian,1609,Kashubian,1609,sickle,August,serzp,serzpiéń
11524,shift6508,Derivation,1,ACCEPTED,→,gold,807,rose chafer,1507,Bulgarian,110,Bulgarian,110,gold,rose chafer,злато,обикновена златка
11526,shift6508,Derivation,3,ACCEPTED,→,gold,807,rose chafer,1507,Czech,174,Czech,174,gold,rose chafer,zlato,zlatohlávek
11536,shift6508,Derivation,13,ACCEPTED,→,gold,807,rose chafer,1507,Slovak,234,Slovak,234,gold,rose chafer,zlato,zlatoň
11537,shift6508,Derivation,14,ACCEPTED,→,gold,807,rose chafer,1507,Serbian,1093,Serbian,1093,gold,rose chafer,злато,бубазлата
11539,shift4905,Polysemy,1,NEW,→,water-melon (Cucurbita citrullus),23,buttock,3737,Russian,157,Russian,157,water-melon (Cucurbita citrullus),"(dialect, colloquial) buttock",арбуз,арбуз
11650,shift6876,Polysemy,1,NEW,→,needle,1841,pine needle,381,Russian,157,Russian,157,needle,needle of a coniferous tree,иголка,иголка
11668,shift7835,Polysemy,1,NEW,→,fellow traveller,1253,satellite of a planet,3940,Russian,157,Russian,157,fellow traveller,satellite of a planet,спутник,спутник
11674,shift1602,Internal cognates,1,NEW,—,soul,4172,"phantom, ghost",361,Russian,157,Russian,157,soul,"unfleshly, supernatural being",душа,дух
11677,shift1602,Polysemy,4,NEW,→,soul,4172,"phantom, ghost",361,Serbian,1093,Serbian,1093,spirit,"phantom, ghost",дух (duh),дух (duh)
11678,shift1602,Polysemy,5,NEW,→,soul,4172,"phantom, ghost",361,Croatian,812,Croatian,812,spirit,phantom,duh,duh
11687,shift1887,Polysemy,7,NEW,→,to stand,3211,to be situated,2299,Serbian,1093,Serbian,1093,to stand,to be situated,стајати (stajati),стајати (stajati)
11689,shift1528,Polysemy,1,NEW,?,"stop, stand (n.)",4284,distance,4450,Russian,157,Russian,157,stop,stop,ostanovka,ostanovka
11694,shift6527,Polysemy,2,ACCEPTED,→,rust (n.),1528,rust (plant disease),1529,Russian,157,Russian,157,rust (n.),rust (plant disease),ржавчина,ржавчина
11708,shift2337,Derivation,1,ACCEPTED,→,"to strike, hit",3234,to drink,2557,Russian,157,Russian,157,"to hit, to strike",to drink alcohol,udarit&#39;,vdarit&#39;
11714,shift2337,Polysemy,7,ACCEPTED,?,"to strike, hit",3234,to drink,2557,Russian,157,Russian,157,"to nip, to bite",to drink alcohol,tjapnut&#39;,tjapnut&#39;
11716,shift3790,Polysemy,1,ACCEPTED,→,deaf,4396,Boletus edulis,3644,Russian,157,Russian,157,deaf man; western capercaillie (Tetrao urogallus),Boletus edulis,глухарь,глухарь
11723,shift3228,Derivation,1,NEW,→,near,1835,twin,3471,Russian,157,Russian,157,"near(by), close",twin,blizkij,bliznec
11725,shift6133,Derivation,1,ACCEPTED,→,rain,1420,umbrella,504,Serbian,1093,Serbian,1093,rain,umbrella,киша (kiša),кишобран (kišobran)
11726,shift6133,Derivation,2,ACCEPTED,→,rain,1420,umbrella,504,Croatian,812,Croatian,812,rain,umbrella,kiša,kišobran
11727,shift6133,Derivation,3,ACCEPTED,→,rain,1420,umbrella,504,Czech,174,Czech,174,rain,umbrella,déšť,deštník
11735,shift6133,Polysemy,11,ACCEPTED,→,rain,1420,umbrella,504,Slovak,234,Slovak,234,rain,umbrella,dážď,dáždnik
11736,shift6133,Derivation,12,ACCEPTED,→,rain,1420,umbrella,504,Slovenian,190,Slovenian,190,rain,umbrella,dež,dežnik
11737,shift6133,Derivation,13,ACCEPTED,→,rain,1420,umbrella,504,Lower Sorbian,9,Lower Sorbian,9,rain,umbrella,dešć,pśedešćnik
11738,shift6133,Derivation,14,ACCEPTED,→,rain,1420,umbrella,504,Upper Sorbian,364,Upper Sorbian,364,rain,umbrella,dešć,předešćnik
11739,shift8548,Polysemy,1,ACCEPTED,—,surprising,4350,great,839,Russian,157,Russian,157,surprising,great,čudnyj,čudnyj
11741,shift8548,Polysemy,3,ACCEPTED,→,surprising,4350,great,839,Russian,157,Russian,157,surprising,great,divnyj,divnyj
11743,shift3149,Polysemy,1,ACCEPTED,→,wooden object,116,pack of cards,282,Russian,157,Russian,157,"block, log",a pack of cards,koloda,koloda
11759,shift1589,Polysemy,1,ACCEPTED,?,end,3837,ending (in grammar),3838,Russian,157,Russian,157,"end, termination of smth",inflection (gram.),okončanie,okončanie
11770,shift0036,Polysemy,7,NEW,→,to see/to look at,3121,"to try, to attempt",3318,Serbian,1093,Serbian,1093,to see/to look at,"to try, to attempt",гледати (gledati),гледати (gledati)
11771,shift0036,Polysemy,8,NEW,→,to see/to look at,3121,"to try, to attempt",3318,Croatian,812,Croatian,812,to see/to look at,"to try, to attempt",gledati,gledati
11779,shift2876,Polysemy,3,ACCEPTED,→,old (vs. young),4533,boss,3651,Serbian,1093,Serbian,1093,old (vs. young),"chief, senior",стар (star),стар (star)
11790,shift2119,Derivation,1,ACCEPTED,→,monkey,703,to imitate,2781,Russian,157,Russian,157,"monkey, ape","to imitate, to mimic",obez&#39;jana,obez&#39;janničat&#39;
11793,shift2119,Derivation,4,ACCEPTED,→,monkey,703,to imitate,2781,Czech,174,Czech,174,NA,NA,opice,opičit se
11799,shift2119,Derivation,10,ACCEPTED,—,monkey,703,to imitate,2781,Polish,171,Polish,171,"monkey, ape","to mimic, to play the ape",małpa,małpować
11814,shift1875,Polysemy,9,ACCEPTED,→,to prop up,3010,"to help, aid",2761,Russian,157,Russian,157,to support,to support,podderživat&#39;,podderživat&#39;
11830,shift1771,Polysemy,4,ACCEPTED,→,to tread,3313,to copulate,2462,Russian,157,Russian,157,"trample, tread",futuere (о домашней птице),toptat&#39;,toptat&#39;
11835,shift4724,Polysemy,1,NEW,→,grandfather,826,woodland spirit,117,Russian,157,Russian,157,grandfather,woodland spirit,дедушка,дедушка
11841,shift0977,Polysemy,5,ACCEPTED,?,&lt;vessel&gt;,3742,head,1578,Russian,157,Russian,157,"pot, cauldron",head (colloq.),kotelok,kotelok
11853,shift5615,Derivation,1,ACCEPTED,→,"to destroy, annihilate",2514,fighter plane,1277,Russian,157,Russian,157,"to annihilate, to destroy, to eradicate, to exterminate",fighter plane,истреблять (istrebljat&#39;),истребитель (istrebitel&#39;)
11857,shift5615,Derivation,5,ACCEPTED,→,"to destroy, annihilate",2514,fighter plane,1277,Bulgarian,110,Bulgarian,110,"to eliminate, to exterminate",fighter plane,изтребя,изтребител
11859,shift5615,Derivation,7,ACCEPTED,→,"to destroy, annihilate",2514,fighter plane,1277,Ukrainian,138,Ukrainian,138,"to destroy, to exterminate, to extirpate, to annihilate, to make (to do) away (with) , to sweep away; to demolish",fighter plane,винищувати,винищувач
11861,shift1410,Polysemy,2,NEW,?,dog,4458,poisonous,424,Russian,157,Russian,157,canine,"poisonous, inedible",sobačij,sobačij
11864,shift3814,Polysemy,1,ACCEPTED,→,hunter,1693,bishop (chess),3602,Croatian,812,Croatian,812,hunter,bishop (chess),lovac,lovac
11865,shift3814,Polysemy,2,ACCEPTED,→,hunter,1693,bishop (chess),3602,Serbian,1093,Serbian,1093,hunter,bishop (chess),ловац (lovac),ловац (lovac)
11872,shift3924,Polysemy,7,ACCEPTED,—,market,593,square (in a town),4234,Serbian,1093,Serbian,1093,market,square (in a town),трг (trg),трг (trg)
11873,shift3924,Polysemy,8,ACCEPTED,—,market,593,square (in a town),4234,Croatian,812,Croatian,812,market,square (in a town),trg,trg
11881,shift5872,Derivation,2,ACCEPTED,→,horse,1661,horse-fly (Tabanidae),1663,Bulgarian,110,Bulgarian,110,horse (Equus caballus),horse-fly (Tabanidae),кон,конска муха
11882,shift5872,Derivation,3,ACCEPTED,→,horse,1661,horse-fly (Tabanidae),1663,Macedonian,118,Macedonian,118,horse (Equus caballus),horse-fly (Tabanidae),коњ,коњска мува
11884,shift5872,Derivation,5,ACCEPTED,→,horse,1661,horse-fly (Tabanidae),1663,Serbian,1093,Serbian,1093,horse (Equus caballus),horse-fly (Tabanidae),коњ,ко̏њска му̀ва
11885,shift5872,Derivation,6,ACCEPTED,→,horse,1661,horse-fly (Tabanidae),1663,Croatian,812,Croatian,812,horse (Equus caballus),horse-fly (Tabanidae),konj,kȍnjska mùha
11886,shift5872,Derivation,7,ACCEPTED,→,horse,1661,horse-fly (Tabanidae),1663,Bosnian,897,Bosnian,897,horse (Equus caballus),horse-fly (Tabanidae),konj,kȍnjska mùha
11896,shift8609,Polysemy,3,NEW,→,ray,1438,radius (geometry),1416,Polish,171,Polish,171,ray,radius (geometry),promień,promień
11900,shift8609,Polysemy,7,NEW,→,ray,1438,radius (geometry),1416,Czech,174,Czech,174,ray,radius (geometry),paprsek,paprsek
11957,shift2348,Polysemy,1,ACCEPTED,→,blood,3630,kinship,1715,Belarusan,242,Belarusan,242,blood,kindred,kroŭ,kroŭ
11958,shift2348,Derivation,2,ACCEPTED,→,blood,3630,kinship,1715,Polish,171,Polish,171,blood,relative (n.),krew,krewny
11966,shift0421,Polysemy,3,ACCEPTED,—,&lt;vessel&gt;,3742,pelvis,339,Czech,174,Czech,174,frying pan [Павлович 1976: 354],pelvis,panév,panév
11968,shift0421,Polysemy,5,ACCEPTED,→,&lt;vessel&gt;,3742,pelvis,339,Russian,157,Russian,157,"bowl, basin",pelvis,taz,taz
11971,shift0421,Polysemy,8,NEW,→,&lt;vessel&gt;,3742,pelvis,339,Serbian,1093,Serbian,1093,"(archaic or rural) wooden trough, vat for mixing particularly milk",pelvis,ка̀рлица,ка̀рлица
11972,shift0421,Polysemy,9,NEW,→,&lt;vessel&gt;,3742,pelvis,339,Bosnian,897,Bosnian,897,"(archaic or rural) wooden trough, vat for mixing particularly milk",pelvis,kàrlica,kàrlica
11978,shift4680,Derivation,1,ACCEPTED,→,horse,1661,dragonfly,4476,Macedonian,118,Macedonian,118,diminutive of horse,dragonfly,коњче,вилино коњче
11982,shift4680,Derivation,5,ACCEPTED,→,horse,1661,dragonfly,4476,Bulgarian,110,Bulgarian,110,dim. from кон 'horse',dragonfly,конче,водно конче
11984,shift4680,Derivation,7,ACCEPTED,→,horse,1661,dragonfly,4476,Lower Sorbian,9,Lower Sorbian,9,horse,dragonfly,kónik,bogowy kónik
12021,shift4216,Derivation,1,ACCEPTED,→,"to follow, go after smb.",2649,"to adhere, support",2221,Russian,157,Russian,157,to go after smb.,to be adherent,следовать (sledovat&#39;),последователь (posledovatel&#39;)
12049,shift4240,Derivation,2,NEW,—,to slide,3171,to move away,2927,Russian,157,Russian,157,to slide,to move away,скользить (skol’zit’),ускользнуть (uskol’znut’)
12062,shift7676,Polysemy,2,NEW,→,to expose to the action of steam,2594,to hatch eggs,2740,Russian,157,Russian,157,to expose to the action of steam,(dialect) to hatch eggs,парить,парить
12074,shift1209,Polysemy,4,ACCEPTED,→,"to approach, come near",2234,to begin (tr.),2332,Russian,157,Russian,157,to come closer,to begin,приступить (pristupit&#39;),приступить (pristupat&#39;)
12081,shift2482,Polysemy,1,NEW,→,to shear,3141,to move ears (of animal),2929,Russian,157,Russian,157,"to shear, to clip, to trim",to tweak (ears),strič&#39;,strič&#39;
12146,shift6773,Polysemy,2,NEW,→,to come,2439,"to fit, suit",2630,Russian,157,Russian,157,to come closer,"to fit, suit",подходить,подходить
12156,shift1391,Polysemy,7,ACCEPTED,→,to sing,3157,to glorify,2695,Russian,157,Russian,157,to sing,to glorify,pet&#39;,pet&#39;
12170,shift1391,Polysemy,21,NEW,→,to sing,3157,to glorify,2695,Serbian,1093,Serbian,1093,to sing,"to glorify, to praise",певати (pevati),певати (pevati)
12171,shift1391,Polysemy,22,NEW,→,to sing,3157,to glorify,2695,Croatian,812,Croatian,812,to sing,to glorify,pjevati,pjevati
12173,shift8607,Polysemy,2,ACCEPTED,→,umbrella,504,umbel,503,Russian,157,Russian,157,umbrella,umbel,зонтик,зонтик
12181,shift7280,Polysemy,2,ACCEPTED,→,sabbath,3905,meeting of witches,627,Czech,174,Czech,174,sabbath,meeting of witches,sabat,sabat
12182,shift7280,Polysemy,3,ACCEPTED,→,sabbath,3905,meeting of witches,627,Polish,171,Polish,171,sabbath,meeting of witches,sabat,sabat
12189,shift7280,Internal cognates,10,ACCEPTED,—,sabbath,3905,meeting of witches,627,Russian,157,Russian,157,sabbath,meeting of witches,шаббат,шабаш
12190,shift1331,Polysemy,1,ACCEPTED,?,to milk,2915,to spawn,3192,Russian,157,Russian,157,to milk,to spray out spawn,doit&#39;,doit&#39;
12199,shift1732,Derivation,1,ACCEPTED,→,&lt;tree&gt;,2104,"&lt;mushroom, fungus&gt;",560,Russian,157,Russian,157,oak,a mushroom species,dub,dubovik
12200,shift1732,Derivation,2,ACCEPTED,→,&lt;tree&gt;,2104,"&lt;mushroom, fungus&gt;",560,Russian,157,Russian,157,birch,rough boletus,bereza,podberezovik
12201,shift1732,Derivation,3,ACCEPTED,→,&lt;tree&gt;,2104,"&lt;mushroom, fungus&gt;",560,Russian,157,Russian,157,fir,orange milky cap (mushroom),el&#39;,pod&#34;elyš
12202,shift1732,Derivation,4,ACCEPTED,→,&lt;tree&gt;,2104,"&lt;mushroom, fungus&gt;",560,Russian,157,Russian,157,asp(en),orange cup boletus,osina,podosinovik
12208,shift1732,Derivation,10,ACCEPTED,→,&lt;tree&gt;,2104,"&lt;mushroom, fungus&gt;",560,Russian,157,Russian,157,lime tree (Tilia sp.),Boletus edulis,липа,липовик
12209,shift1732,Polysemy,11,ACCEPTED,→,&lt;tree&gt;,2104,"&lt;mushroom, fungus&gt;",560,Russian,157,Russian,157,<tree>,"<mushroom, fungus>",береза,березовик
12212,shift6489,Polysemy,1,ACCEPTED,→,"wild, untamed",82,strange,4295,Russian,157,Russian,157,"wild, untamed","strange, odd, weird",дикий,дикий
12216,shift3193,Polysemy,1,ACCEPTED,→,&lt;foot-wear&gt;,1208,aconite,1935,Belarusan,242,Belarusan,242,"shoes, boots","bikh, aconite",bociki,bociki
12217,shift3193,Polysemy,2,ACCEPTED,→,&lt;foot-wear&gt;,1208,aconite,1935,Ukrainian,138,Ukrainian,138,shoes,"bikh, aconite",черевички,(зозулины) черевички
12218,shift3193,Derivation,3,ACCEPTED,→,&lt;foot-wear&gt;,1208,aconite,1935,Upper Sorbian,364,Upper Sorbian,364,shoe,"bikh, aconite",stupjeń,stupnički
12242,shift1192,Derivation,2,NEW,?,finger/toe,1285,finger-ring,1284,Russian,157,Russian,157,finger,ring,perst,persten&#39;
12256,shift5414,Polysemy,1,NEW,→,heart,1588,clapper of a bell,989,Czech,174,Czech,174,heart,clapper of a bell,srdce,srdce
12258,shift7381,Motivation,1,ACCEPTED,→,cold,1032,January,1176,Belarusan,242,Belarusan,242,cold,January,студзёны,студзень
12269,shift5978,Derivation,1,NEW,→,to lead,2834,to bread animals,2367,Russian,157,Russian,157,"to lead, to conduct, to guide",to bread animals,водить,разводить
12272,shift4324,Derivation,2,NEW,→,to copulate,2462,to deceive,2494,Russian,157,Russian,157,to fuck,to deceive,ебать,наебать
12281,shift4616,Polysemy,2,NEW,→,any,2012,bad,3493,Russian,157,Russian,157,"any, every",bad,всякий,всякий
12322,shift4882,Polysemy,1,NEW,→,acorn,1936,clubs (in cards),1015,Polish,171,Polish,171,acorn,(colloquial) the suit of clubs,żołądź,żołądź
12337,shift6003,Polysemy,2,NEW,→,ice,1730,hail,1540,Serbian,1093,Serbian,1093,ice,hail,лед (led),лед (led)
12338,shift6003,Polysemy,3,NEW,→,ice,1730,hail,1540,Croatian,812,Croatian,812,ice,hail,led,led
12339,shift4220,Polysemy,1,ACCEPTED,→,"to follow, go after smb.",2649,"should, ought to",4052,Russian,157,Russian,157,to go after smb.,should; ought,следовать (sledovat&#39;),следует (sleduet)
12340,shift3708,Polysemy,1,ACCEPTED,—,cat,905,hare (Lepus),1562,Polish,171,Polish,171,cat,hare (Lepus),kot,kot
12341,shift3708,Polysemy,2,ACCEPTED,—,cat,905,hare (Lepus),1562,Russian,157,Russian,157,cat,hare (Lepus),маранга,маранга
12352,shift3077,Derivation,1,ACCEPTED,→,"grain, seed",823,freckle,1370,Russian,157,Russian,157,"cannabis, hemp",freckle,konoplja,konopuška
12374,shift3999,Polysemy,5,ACCEPTED,→,basket,3525,beehive,3558,Ukrainian,138,Ukrainian,138,basket,"skep, non-separable hive of twigs or straw, often coated with clay",сапетка,сапетка
12376,shift3999,Derivation,7,ACCEPTED,—,basket,3525,beehive,3558,Serbian,1093,Serbian,1093,basket,beehive,кош (koš),кошница (košnica)
12377,shift3999,Derivation,8,ACCEPTED,—,basket,3525,beehive,3558,Croatian,812,Croatian,812,basket,beehive,koš,košnica
12450,shift1670,Polysemy,1,NEW,?,moustache,734,barbel,3511,Russian,157,Russian,157,a person with moustache,a fish species,usač,usač
12451,shift2636,Polysemy,1,ACCEPTED,→,"grain, seed",823,sty (on the eye),4313,Russian,157,Russian,157,"grain, seed",sty,zërnyško,zërnyško
12452,shift2636,Polysemy,2,ACCEPTED,→,"grain, seed",823,sty (on the eye),4313,Russian,157,Russian,157,corn,sty,žitina,žitina
12457,shift0431,Polysemy,1,ACCEPTED,?,torso,3413,corpse,1103,Bulgarian,110,Bulgarian,110,"trunk, body",dead body,trup,trup
12459,shift0431,Polysemy,3,ACCEPTED,—,torso,3413,corpse,1103,Serbian,1093,Serbian,1093,torso,corpse,труп (trup),труп (trup)
12461,shift0431,Polysemy,5,ACCEPTED,→,torso,3413,corpse,1103,Russian,157,Russian,157,torso,corpse,тело,тело
12463,shift1195,Derivation,2,ACCEPTED,—,wind,88,sail (n.),3920,Russian,157,Russian,157,wind,(obs.) sail,ветер (veter),ветрило (vetrilo)
12465,shift1195,Derivation,4,ACCEPTED,→,wind,88,sail (n.),3920,Belarusan,242,Belarusan,242,wind,sail (n.),вецер,ветразь
12466,shift1195,Derivation,5,ACCEPTED,→,wind,88,sail (n.),3920,Bulgarian,110,Bulgarian,110,wind,sail (n.),вятър,ветрило
12467,shift1195,Derivation,6,ACCEPTED,→,wind,88,sail (n.),3920,Macedonian,118,Macedonian,118,wind,sail (n.),ветер,ветрило
12482,shift0203,Polysemy,2,ACCEPTED,—,jealous,1180,envious,3848,Bulgarian,110,Bulgarian,110,to be jealous,to envy,къскъндисам,къскъндисам
12490,shift0203,Polysemy,10,NEW,—,jealous,1180,envious,3848,Polish,171,Polish,171,jealous,envious,zazdrość,zazdrość
12532,shift2074,Derivation,14,ACCEPTED,→,to plant,2979,plant (biol.),398,Old Church Slavonic,155,Old Church Slavonic,155,"to plant, put (a seed or plant) in the ground",plant (biol.),садити,садъ
12550,shift6801,Derivation,1,NEW,→,to laugh,2832,to mock,2921,Russian,157,Russian,157,laughter,"to mock at, make fun of smb",смех,насмехаться
12562,shift1234,Polysemy,3,NEW,—,to defend,2503,to prohibit,3007,Serbian,1093,Serbian,1093,to defend,to prohibit,бранити (braniti),бранити (braniti)
12563,shift1234,Polysemy,4,NEW,—,to defend,2503,to prohibit,3007,Croatian,812,Croatian,812,to defend,to prohibit,braniti,braniti
12565,shift5901,Polysemy,2,NEW,→,to joke,2810,simple,4082,Russian,157,Russian,157,"in jest, for fun","easily, lightly",шутя (šutjá),шутя (šutjá)
12577,shift1349,Derivation,1,ACCEPTED,—,to become mute,2320,to grow numb,2725,Russian,157,Russian,157,dumb,to become numb,немой (nemoj),онеметь (onemet&#39;)
12579,shift1349,Polysemy,3,NEW,→,to become mute,2320,to grow numb,2725,Belarusan,242,Belarusan,242,to become dumb,to grow numb,анямець,анямець
12582,shift3614,Derivation,3,ACCEPTED,→,to give,2692,to sell,3124,Old East Slavic,160,Old East Slavic,160,to give,to sell,"дати, давати","продати, продавати"
12608,shift6193,Polysemy,2,ACCEPTED,→,to ring (tr.),3088,to make a telephone call,2882,Belarusan,242,Belarusan,242,to ring,to make a telephone call,званіць,званіць
12611,shift6193,Polysemy,5,ACCEPTED,→,to ring (tr.),3088,to make a telephone call,2882,Russian,157,Russian,157,to ring,to make a telephone call,звонить,звонить
12612,shift6193,Polysemy,6,ACCEPTED,→,to ring (tr.),3088,to make a telephone call,2882,Ukrainian,138,Ukrainian,138,to ring,to make a telephone call,дзвонити,дзвонити
12614,shift6193,Polysemy,8,ACCEPTED,→,to ring (tr.),3088,to make a telephone call,2882,Polish,171,Polish,171,to ring,to make a telephone call,dzwonić,dzwonić
12615,shift6193,Polysemy,9,ACCEPTED,→,to ring (tr.),3088,to make a telephone call,2882,Macedonian,118,Macedonian,118,to ring,to make a telephone call,ѕвони,ѕвони
12631,shift6880,Derivation,2,ACCEPTED,→,poverty,447,must,754,Russian,157,Russian,157,to need,must,нуждаться,нужно
12638,shift5053,Polysemy,3,ACCEPTED,→,to answer,2228,to correspond,2464,Bulgarian,110,Bulgarian,110,to answer,to correspond,отговарям,отговарям
12642,shift5053,Polysemy,7,ACCEPTED,→,to answer,2228,to correspond,2464,Russian,157,Russian,157,to answer,to correspond,отвечать (otvečat&#39;),отвечать (otvečat&#39;)
12650,shift5053,Polysemy,15,ACCEPTED,→,to answer,2228,to correspond,2464,Polish,171,Polish,171,to answer,to be compatible,odpowiadać,odpowiadać
12654,shift5053,Polysemy,19,ACCEPTED,→,to answer,2228,to correspond,2464,Ukrainian,138,Ukrainian,138,to answer,to correspond,відповідати,відповідати
12657,shift5053,Polysemy,22,NEW,→,to answer,2228,to correspond,2464,Serbian,1093,Serbian,1093,to answer,to correspond,одговарати (odgovarati),одговарати (odgovarati)
12658,shift5053,Polysemy,23,NEW,→,to answer,2228,to correspond,2464,Croatian,812,Croatian,812,to answer,to correspond,odgovarati,odgovarati
12663,shift5762,Polysemy,2,ACCEPTED,→,line,219,trait,3425,Russian,157,Russian,157,line,trait,черта,черта
12676,shift1168,Derivation,7,ACCEPTED,?,to speak,3193,"to order, command",2953,Russian,157,Russian,157,to say,to order,skazat&#39;,prikazat&#39;
12691,shift0059,Polysemy,1,ACCEPTED,—,correct (adj.),1105,right (vs. left),1481,Russian,157,Russian,157,right,right (vs. left),правый (pravyj),правый (pravyj)
12696,shift5808,Derivation,2,ACCEPTED,→,neck,1837,isthmus,1809,Russian,157,Russian,157,neck,isthmus,шея,перешеек
12699,shift5808,Polysemy,5,ACCEPTED,→,neck,1837,isthmus,1809,Czech,174,Czech,174,"neck, nap",isthmus,šíje,šíje
12700,shift5808,Derivation,6,ACCEPTED,→,neck,1837,isthmus,1809,Ukrainian,138,Ukrainian,138,neck,isthmus,шия,перешийок
12725,shift7112,Polysemy,1,NEW,→,head,1578,life,207,Serbian,1093,Serbian,1093,head,life,глава (glava),глава (glava)
12726,shift4555,Derivation,1,NEW,→,frog,1384,bat,3529,Slovenian,190,Slovenian,190,frog,bat (Microchiroptera),žaba,perožaba
12729,shift6889,Polysemy,2,NEW,←,"light, bright, clear",212,white,62,Serbian,1093,Serbian,1093,"light, bright, clear",white,бео (beo),бео (beo)
12739,shift1103,Polysemy,5,ACCEPTED,—,thin (of an object),2172,high-pitched,1625,Russian,157,Russian,157,"narrow, of small diameter",high pitched (sound),tonkij,tonkij
12745,shift1103,Polysemy,11,NEW,→,thin (of an object),2172,high-pitched,1625,Serbian,1093,Serbian,1093,thin (of an object),high-pitched,танак (tanak),танак (tanak)
12746,shift1103,Polysemy,12,NEW,→,thin (of an object),2172,high-pitched,1625,Croatian,812,Croatian,812,thin (of an object),high-pitched,tanak,tanak
12747,shift7887,Polysemy,1,NEW,→,beard,3541,protrusion at the end of a key,486,Russian,157,Russian,157,diminutive of борода: a (small) beard,protrusion at the end of a key,бородка,бородка
12749,shift5193,Derivation,2,ACCEPTED,—,mother,720,wet-nurse,50,Russian,157,Russian,157,mother,(obsolete) wet-nurse,мама (mama),мамка (mamka)
12751,shift5193,Derivation,4,ACCEPTED,→,mother,720,wet-nurse,50,Polish,171,Polish,171,mother,wet-nurse,mama,mamka
12753,shift5193,Derivation,6,ACCEPTED,—,mother,720,wet-nurse,50,Ukrainian,138,Ukrainian,138,mother,(archaic) wet-nurse,мама (mama),мамка (mamka)
12761,shift2658,Polysemy,1,ACCEPTED,→,bad weather,3499,mushroom,748,Russian,157,Russian,157,"storm, stormy weather",mushroom,pogoda,pogoda
12765,shift3679,Polysemy,1,NEW,?,to break (tr.),2370,to be reluctant,2293,Russian,157,Russian,157,"to break, to tear",to be unwilling,lomat&#39;,lomat&#39;
12774,shift3506,Polysemy,3,NEW,→,to say,3112,to name,2937,Old East Slavic,160,Old East Slavic,160,to say,to name,речи,речи
12775,shift6688,Polysemy,1,ACCEPTED,→,shoulder pole,4054,"wishbone, merrythought",98,Bulgarian,110,Bulgarian,110,shoulder pole,"wishbone, merrythought",кобилица,кобилица
12776,shift6688,Polysemy,2,ACCEPTED,→,shoulder pole,4054,"wishbone, merrythought",98,Macedonian,118,Macedonian,118,shoulder pole,"wishbone, merrythought",кобилица,кобилица
12790,shift2851,Polysemy,3,ACCEPTED,→,big,3588,numerous,1894,Russian,157,Russian,157,big,numerous,большой,большой
12791,shift6755,Derivation,1,ACCEPTED,→,hernia (medical),1617,burstwort (herniaria),3726,Russian,157,Russian,157,"rupture, hernia",burstwort (herniaria),грыжа,грыжник
12806,shift0664,Derivation,1,ACCEPTED,—,"to pull, to draw",3018,to compete (with smn.),2445,Russian,157,Russian,157,"to pull, to tug, to draw",to compete,тягать (tjagat&#39;),тягаться (tjagat&#39;sja)
12814,shift3675,Polysemy,4,ACCEPTED,—,word,120,speech,4193,Russian,157,Russian,157,word,speech,слово (slovo),слово (slovo)
12833,shift3675,Polysemy,23,NEW,→,word,120,speech,4193,Serbian,1093,Serbian,1093,word,speech,реч (reč),реч (reč)
12834,shift3675,Polysemy,24,NEW,→,word,120,speech,4193,Croatian,812,Croatian,812,word,speech,riječ,riječ
12847,shift2250,Polysemy,1,NEW,→,near,1835,stupid,4312,Russian,157,Russian,157,near,stupid,nedalekij,nedalekij
12849,shift3797,Polysemy,1,ACCEPTED,→,priest (Christianity),462,Boletus edulis,3644,Russian,157,Russian,157,priest (Christianity),Boletus edulis,поп,поп
12850,shift1532,Derivation,1,NEW,?,unpleasant,534,snake,4136,Russian,157,Russian,157,"nasty, disgusting",viper,gadkij,gadjuka
12859,shift4419,Polysemy,2,ACCEPTED,→,flower,1323,best part of something,3584,Polish,171,Polish,171,flower,"elita, a group of people who stand out in a community because of some highly valued qualities or goods or privileges they have",kwiat,kwiat
12861,shift4419,Polysemy,4,ACCEPTED,→,flower,1323,best part of something,3584,Serbian,1093,Serbian,1093,flower,best,цвет (cvet),цвет (cvet)
12862,shift4419,Polysemy,5,ACCEPTED,→,flower,1323,best part of something,3584,Croatian,812,Croatian,812,flower,best,cvijet,cvijet
12863,shift4419,Polysemy,6,ACCEPTED,→,flower,1323,best part of something,3584,Russian,157,Russian,157,(obsolete) flower,best,цвет,цвет
12870,shift6302,Polysemy,3,NEW,→,anvil (of a blacksmith),2010,"incus, anvil bone",1764,Russian,157,Russian,157,anvil (of a blacksmith),anvil bone,наковальня,наковальня
12874,shift6302,Polysemy,7,NEW,→,anvil (of a blacksmith),2010,"incus, anvil bone",1764,Belarusan,242,Belarusan,242,anvil (of a blacksmith),anvil bone,наковалня,наковалня
12877,shift6302,Derivation,10,NEW,→,anvil (of a blacksmith),2010,"incus, anvil bone",1764,Czech,174,Czech,174,anvil (of a blacksmith),anvil bone,kovadlina,kovadlinka
12887,shift6302,Derivation,20,NEW,→,anvil (of a blacksmith),2010,"incus, anvil bone",1764,Polish,171,Polish,171,anvil (of a blacksmith),anvil bone,kowadło,kowadełko
12898,shift1472,Polysemy,3,ACCEPTED,→,"earth, soil",3800,"country, land",1109,Russian,157,Russian,157,"earth, ground",land,zemlja,zemlja
12935,shift1472,Polysemy,40,NEW,→,"earth, soil",3800,"country, land",1109,Serbian,1093,Serbian,1093,"earth, soil","country, land",земља (zemlja),земља (zemlja)
12936,shift1472,Polysemy,41,NEW,→,"earth, soil",3800,"country, land",1109,Croatian,812,Croatian,812,"earth, soil","country, land",zemlja,zemlja
12945,shift1472,Polysemy,50,NEW,→,"earth, soil",3800,"country, land",1109,Bulgarian,110,Bulgarian,110,"earth, soil","country, land",земя,земя
12948,shift0142,Polysemy,1,ACCEPTED,→,to close one&#39;s eyes,2434,to die,2517,Russian,157,Russian,157,to close one's eyes,to die,smežit&#39; oči,smežit&#39; oči
12977,shift5039,Derivation,1,NEW,→,to burn (intr.),2384,to be poisoned by fumes,2292,Russian,157,Russian,157,to burn (intr.),to be poisoned by fumes,гореть (goret&#39;),угореть (ugoret&#39;)
12980,shift6717,Derivation,1,ACCEPTED,→,gold,807,term of address with endearment,2158,Russian,157,Russian,157,gold,"dear, darling",золотой,золотце
12981,shift6717,Polysemy,2,ACCEPTED,→,gold,807,term of address with endearment,2158,Serbian,1093,Serbian,1093,gold,"dear, darling",злато (zlato),злато (zlato)
12982,shift6717,Polysemy,3,ACCEPTED,→,gold,807,term of address with endearment,2158,Croatian,812,Croatian,812,gold,"dear, darling",zlato,zlato
12986,shift6717,Polysemy,7,ACCEPTED,→,gold,807,term of address with endearment,2158,Ukrainian,138,Ukrainian,138,gold,term of address with endearment,золото,золото
12996,shift2076,Polysemy,2,ACCEPTED,?,"to shut, close",3155,to stop doing smth.,3227,Russian,157,Russian,157,"to close, to cover",to finish,zakryt&#39;,zakryt&#39;
13019,shift5567,Polysemy,21,ACCEPTED,→,"wild, untamed",82,"rude, impolite",1517,Bulgarian,110,Bulgarian,110,"wild, untamed","(figuratively) savage, barbaric, uncivilized; rough, furious",див,див
13053,shift7157,Polysemy,6,NEW,→,"step, pace",4257,"act, deed",1938,Russian,157,Russian,157,"step, pace","act, deed",шаг,шаг
13054,shift7157,Polysemy,7,NEW,→,"step, pace",4257,"act, deed",1938,Serbian,1093,Serbian,1093,"step, pace","act, deed",корак (korak),корак (korak)
13055,shift7157,Polysemy,8,NEW,→,"step, pace",4257,"act, deed",1938,Croatian,812,Croatian,812,"step, pace","act, deed",korak,korak
13057,shift6225,Polysemy,1,NEW,→,to break (intr.),2368,"to be stubborn, obstinate",2303,Russian,157,Russian,157,to break (intr.),"to be stubborn, refuse to agree to smth. without good reason",ломаться (lomat&#39;sja),ломаться (lomat&#39;sja)
13069,shift1560,Polysemy,4,ACCEPTED,→,nature,1831,"human temper, character",1682,Serbian,1093,Serbian,1093,nature,"human temper, character, nature",природа (priroda),природа (priroda)
13070,shift1560,Polysemy,5,ACCEPTED,→,nature,1831,"human temper, character",1682,Croatian,812,Croatian,812,nature,"human temper, character, nature",priroda,priroda
13071,shift1560,Polysemy,6,ACCEPTED,—,nature,1831,"human temper, character",1682,Russian,157,Russian,157,(obsolete) nature,"human temper, character",натура,натура
13073,shift1714,Derivation,1,NEW,?,"to spring, jump",3201,quick,1908,Serbo-Croatian,156,Serbo-Croatian,156,NA,"quick, fast",poskočiti,poskočni
13084,shift3574,Polysemy,2,ACCEPTED,—,lap,155,vagina,3745,Slovak,234,Slovak,234,lap,internal and external female genital organs,lono,lono
13087,shift1674,Derivation,1,NEW,?,deep,4404,barbel,3511,Russian,157,Russian,157,depth,sawyer,glyb&#39;,glybnik
13088,shift1674,Derivation,2,NEW,?,deep,4404,barbel,3511,Serbo-Croatian,156,Serbo-Croatian,156,deep,Balkan sawyer,dubok,dubec
13113,shift6581,Derivation,5,ACCEPTED,→,sour,4175,acid,1934,Belarusan,242,Belarusan,242,sour,acid,кіслы,кіслата
13114,shift6581,Derivation,6,ACCEPTED,→,sour,4175,acid,1934,Ukrainian,138,Ukrainian,138,sour,acid,кислий,кислота
13115,shift6581,Derivation,7,ACCEPTED,→,sour,4175,acid,1934,Russian,157,Russian,157,sour,acid,кислый,кислота
13127,shift6581,Derivation,19,ACCEPTED,→,sour,4175,acid,1934,Macedonian,118,Macedonian,118,sour,acid,кисел,киселина
13129,shift6581,Derivation,21,ACCEPTED,→,sour,4175,acid,1934,Slovenian,190,Slovenian,190,sour,acid,kisel,kislina
13135,shift6581,Derivation,27,ACCEPTED,→,sour,4175,acid,1934,Czech,174,Czech,174,sour,acid,kyselý,kyselina
13136,shift6581,Derivation,28,ACCEPTED,→,sour,4175,acid,1934,Slovak,234,Slovak,234,sour,acid,kyslý,kyselina
13137,shift6581,Derivation,29,ACCEPTED,→,sour,4175,acid,1934,Serbian,1093,Serbian,1093,sour,acid,кисео (kiseo),киселина (kiselina)
13138,shift6581,Derivation,30,ACCEPTED,→,sour,4175,acid,1934,Croatian,812,Croatian,812,sour,acid,kiseo,kiselina
13140,shift0981,Polysemy,1,ACCEPTED,?,to hope,2772,to wait,3347,Old East Slavic,160,Old East Slavic,160,to expect,to hope,чаяти,чаяти
13148,shift3331,Polysemy,1,ACCEPTED,→,to bend,2338,to deceive,2494,Russian,157,Russian,157,"to crease, to fold",to lie,загнуть (zagnut&#39;),загнуть (zagnut&#39;)
13152,shift1520,Polysemy,2,ACCEPTED,—,rare,1428,sparse,4188,Russian,157,Russian,157,sparse,"scarse, rare",редкий (redkij),редкий (redkij)
13154,shift1520,Polysemy,4,NEW,—,rare,1428,sparse,4188,Croatian,812,Croatian,812,rare,sparse,rijedak,rijedak
13155,shift1520,Polysemy,5,NEW,—,rare,1428,sparse,4188,Serbian,1093,Serbian,1093,rarely,sparsely,ретко (retko),ретко (retko)
13164,shift7196,Polysemy,6,ACCEPTED,→,gold,807,goldenrod,811,Russian,157,Russian,157,gold,goldenrod,золото,золотарник
13167,shift7624,Derivation,1,NEW,→,sap (of a plant),3935,March,589,Belarusan,242,Belarusan,242,sap (of a plant),March,сок,сакавiк
13175,shift3810,Polysemy,5,ACCEPTED,→,horse,1661,knight (chess),1722,Bulgarian,110,Bulgarian,110,horse (Equus caballus),knight (chess),кон,кон
13185,shift3810,Polysemy,15,ACCEPTED,→,horse,1661,knight (chess),1722,Russian,157,Russian,157,horse (Equus caballus),knight (chess),конь,конь
13186,shift3810,Polysemy,16,ACCEPTED,→,horse,1661,knight (chess),1722,Serbian,1093,Serbian,1093,horse (Equus caballus),knight (chess),коњ (konj),коњ (konj)
13187,shift3810,Polysemy,17,ACCEPTED,→,horse,1661,knight (chess),1722,Croatian,812,Croatian,812,horse (Equus caballus),knight (chess),konj,konj
13193,shift2626,Derivation,4,ACCEPTED,→,"to mix, stir",2920,to make disordered,2887,Russian,157,Russian,157,"to mix, stir",to make disordered,мешать,смешаться
13198,shift5804,Polysemy,4,ACCEPTED,→,organ (anatomy),4561,institution,1792,Serbian,1093,Serbian,1093,organ (anatomy),"agency, authority",орган (organ),орган (organ)
13199,shift5804,Polysemy,5,ACCEPTED,→,organ (anatomy),4561,institution,1792,Croatian,812,Croatian,812,organ (anatomy),"agency, authority",organ,organ
13200,shift5804,Polysemy,6,ACCEPTED,→,organ (anatomy),4561,institution,1792,Russian,157,Russian,157,part of an animal or plant organism that performs one of its natural functions,an institution or organization that performs specific tasks in a particular area of public life,орган,орган
13216,shift1164,Polysemy,8,ACCEPTED,—,to suffer,3244,to work,3380,Old East Slavic,160,Old East Slavic,160,"labour, work","difficulty, troble; suffering; grief",трудъ,трудъ
13227,shift1164,Polysemy,19,ACCEPTED,—,to suffer,3244,to work,3380,Russian,157,Russian,157,to suffer,to work hard (dialectal),мучиться (mučit&#39;sja),мучиться (mučit&#39;sja)
13239,shift0029,Polysemy,1,ACCEPTED,—,"to get, obtain",2691,to become infected,2319,Polish,171,Polish,171,"to get, obtain",to become infected,dostac,dostac
13241,shift0029,Polysemy,3,ACCEPTED,—,"to get, obtain",2691,to become infected,2319,Czech,174,Czech,174,"to get, obtain",to become infected,dostat,dostat
13251,shift0029,Polysemy,13,ACCEPTED,→,"to get, obtain",2691,to become infected,2319,Russian,157,Russian,157,"to seize, to grasp",to catch (a disease),схватить (shvatit&#39;),схватить (shvatit&#39;)
13260,shift2129,Polysemy,3,ACCEPTED,→,white,62,&lt;cold steel&gt;,865,Polish,171,Polish,171,white,blanche (arm),biały,biały
13263,shift4688,Polysemy,1,NEW,→,neighbour,1843,fever,1267,Russian,157,Russian,157,neighbour,fever,соседка,соседка
13264,shift1346,Polysemy,1,ACCEPTED,→,thorn,2178,&lt;sturgeon&gt;,3903,Russian,157,Russian,157,thorn,sturgeon,šip,šip
13279,shift2662,Derivation,3,ACCEPTED,←,hand/arm,1550,five,1305,Russian,157,Russian,157,"hand, five",five,pjaternja,pjat&#39;
13287,shift2521,Polysemy,1,ACCEPTED,→,&lt;clothes&gt;,864,menstruation,636,Ukrainian,138,Ukrainian,138,shirt,menstrual flux,košulja,košulja
13288,shift2521,Polysemy,2,ACCEPTED,→,&lt;clothes&gt;,864,menstruation,636,Serbo-Croatian,156,Serbo-Croatian,156,dress,menstrual flux,haljina,haljina
13289,shift2521,Polysemy,3,ACCEPTED,→,&lt;clothes&gt;,864,menstruation,636,Ukrainian,138,Ukrainian,138,shirt,shirt,soročka,soročka
13291,shift2521,Polysemy,5,ACCEPTED,→,&lt;clothes&gt;,864,menstruation,636,Russian,157,Russian,157,shirt,menstrual flux,rubaha,rubaha
13302,shift1675,Polysemy,1,NEW,?,troop (of animals),3442,common minnow,1057,Serbo-Croatian,156,Serbo-Croatian,156,pack,minnow,zboj,zboj
13303,shift1675,Derivation,2,NEW,?,troop (of animals),3442,common minnow,1057,Russian,157,Russian,157,herd,minnow,tabun,tabunec
13313,shift2416,Derivation,1,ACCEPTED,→,&lt;foreigner&gt;,1210,buckwheat,3710,Russian,157,Russian,157,Greek,buckwheat,grečeskij,"greča, grečiha"
13315,shift2416,Polysemy,3,ACCEPTED,→,&lt;foreigner&gt;,1210,buckwheat,3710,Polish,171,Polish,171,a variety of a scythe,buckwheat,litewka,litewka
13316,shift2416,Polysemy,4,ACCEPTED,→,&lt;foreigner&gt;,1210,buckwheat,3710,Czech,174,Czech,174,a Tatar woman,buckwheat,tatarka,tatarka
13325,shift2668,Derivation,1,ACCEPTED,→,to know,2826,to practice witchcraft,2994,Slovak,234,Slovak,234,to know,sorcerer,vedeť,vedomec
13328,shift2668,Derivation,4,ACCEPTED,→,to know,2826,to practice witchcraft,2994,Ukrainian,138,Ukrainian,138,wise,sorcerer,мудрий (mudryj),мудрий (mudryj)
13332,shift2668,Polysemy,8,ACCEPTED,→,to know,2826,to practice witchcraft,2994,Russian,157,Russian,157,to know,"to practice witchcraft, to be wizard (witch)",знать (znat&#39;),знать (znat&#39;)
13333,shift2668,Derivation,9,ACCEPTED,→,to know,2826,to practice witchcraft,2994,Russian,157,Russian,157,to know,"wizard, sorcerer",знать (znat&#39;),знаток (znatok)
13335,shift2668,Derivation,11,NEW,→,to know,2826,to practice witchcraft,2994,Russian,157,Russian,157,to know,witch,ведать,ведьма
13344,shift1024,Polysemy,2,ACCEPTED,?,tongue (body part),3400,captive,892,Russian,157,Russian,157,tongue,prisoner,jazyk,jazyk
13348,shift1024,Polysemy,6,NEW,→,tongue (body part),3400,captive,892,Belarusan,242,Belarusan,242,tongue (body part),captive,язык,язык
13349,shift1024,Polysemy,7,NEW,→,tongue (body part),3400,captive,892,Ukrainian,138,Ukrainian,138,tongue (body part),captive,язик,язик
13350,shift1024,Polysemy,8,NEW,→,tongue (body part),3400,captive,892,Bulgarian,110,Bulgarian,110,tongue (body part),captive from whom information about the enemy can be extracted,език,език
13354,shift4697,Polysemy,1,NEW,→,owner,4576,woodland spirit,117,Russian,157,Russian,157,owner,woodland spirit,хозяин,хозяин
13371,shift5643,Derivation,8,ACCEPTED,→,fire,1286,"firebug, Pyrrhocoris apterus",1291,Serbian,1093,Serbian,1093,fiery,"firebug, Pyrrhocoris apterus",ватрен (vatren),ватрена стеница (vatrena stenica)
13372,shift5643,Derivation,9,ACCEPTED,→,fire,1286,"firebug, Pyrrhocoris apterus",1291,Croatian,812,Croatian,812,fiery,"firebug, Pyrrhocoris apterus",vatren,vatreni opančar
13374,shift0404,Polysemy,1,ACCEPTED,?,coast,1019,hill,1626,Macedonian,118,Macedonian,118,"bank, shore (Толовски, Иллич-Свитыч 1963: 40)",hill,breg,breg
13376,shift6754,Derivation,2,NEW,→,storm,4288,petrel (Procellaria),359,Russian,157,Russian,157,storm,petrel (Procellaria),буря,буревестник
13378,shift4744,Derivation,1,NEW,→,"naked, bare",1819,mountain,728,Russian,157,Russian,157,"naked, bare",mountain,голый,голец
13388,shift2183,Polysemy,10,ACCEPTED,→,"to follow, go after smb.",2649,to act according to,2218,Russian,157,Russian,157,to follow,to obey; to comply,следовать (sledovat&#39;),следовать (sledovat&#39;)&#39;
13435,shift8007,Polysemy,1,ACCEPTED,→,wine,91,spades (in cards),4183,Polish,171,Polish,171,grape (plant),spades (in cards),wino,wino
13436,shift8007,Internal cognates,2,ACCEPTED,→,wine,91,spades (in cards),4183,Russian,157,Russian,157,wine,spades (in cards),вино,"вина, вини"
13437,shift8007,Polysemy,3,ACCEPTED,→,wine,91,spades (in cards),4183,Ukrainian,138,Ukrainian,138,wine,spades (in cards),вино,вино
13438,shift8007,Polysemy,4,ACCEPTED,→,wine,91,spades (in cards),4183,Belarusan,242,Belarusan,242,wine,spades (in cards),вiно,вiно
13442,shift1730,Polysemy,2,ACCEPTED,—,to bark,2250,to tell lie,3291,Russian,157,Russian,157,to bark,to lie (substandard),брехать (brehat&#39;),брехать (brehat&#39;)
13443,shift1730,Polysemy,3,ACCEPTED,—,to bark,2250,to tell lie,3291,Ukrainian,138,Ukrainian,138,to bark,to lie,брехати (brechaty),брехати (brechaty)
13451,shift1329,Polysemy,4,ACCEPTED,?,old man/grandfather,4535,bear (Ursus),3539,Russian,157,Russian,157,"grandfather, gaffer",bear,deduška,deduška
13454,shift1329,Polysemy,7,ACCEPTED,?,old man/grandfather,4535,bear (Ursus),3539,Russian,157,Russian,157,old man,"""a name given to a bear in third person""",starik,starik
13467,shift6744,Polysemy,2,ACCEPTED,—,old (vs. new),4532,previous,458,Russian,157,Russian,157,old (vs. new),previous,старый,старый
13468,shift6744,Polysemy,3,ACCEPTED,—,old (vs. new),4532,previous,458,Serbian,1093,Serbian,1093,old (vs. new),previous,стар (star),стар (star)
13469,shift6744,Polysemy,4,ACCEPTED,—,old (vs. new),4532,previous,458,Croatian,812,Croatian,812,old (vs. new),previous,star,star
13475,shift8541,Polysemy,4,ACCEPTED,→,mirror,675,mirror armour,677,Old East Slavic,160,Old East Slavic,160,mirror,mirror armour,зерцало,зерцало
13476,shift8541,Polysemy,5,ACCEPTED,→,mirror,675,mirror armour,677,Ukrainian,138,Ukrainian,138,(obsolete) mirror,mirror armour,зєрцала,зєрцала
13483,shift8031,Polysemy,1,ACCEPTED,→,to work,3380,to function,2662,Russian,157,Russian,157,to work,to function,работать,работать
13498,shift6914,Derivation,1,NEW,→,morning,712,breakfast,3679,Russian,157,Russian,157,morning,breakfast,утро,завтрак
13509,shift0349,Polysemy,2,ACCEPTED,→,strong,4304,thick,2167,Czech,174,Czech,174,"1) сильный, крепкий [Павлович 1976: 530]",2) thick (board etc),silný,silný
13528,shift0053,Polysemy,5,ACCEPTED,?,time,2200,weather,34,Czech,174,Czech,174,time,weather,čas,čas
13531,shift0053,Polysemy,8,NEW,—,time,2200,weather,34,Serbian,1093,Serbian,1093,time,weather,време (vreme),време (vreme)
13532,shift0053,Polysemy,9,NEW,—,time,2200,weather,34,Croatian,812,Croatian,812,time,weather,vrijeme,vrijeme
13546,shift0053,Polysemy,23,NEW,—,time,2200,weather,34,Bulgarian,110,Bulgarian,110,time,weather,време,време
13547,shift0053,Polysemy,24,NEW,—,time,2200,weather,34,Macedonian,118,Macedonian,118,time,weather,време,време
13556,shift0053,Polysemy,33,NEW,—,time,2200,weather,34,Bulgarian,110,Bulgarian,110,time,weather,време,време
13558,shift6546,Derivation,2,ACCEPTED,→,face,1214,mask,602,Russian,157,Russian,157,face,mask,лицо,личина
13567,shift4673,Polysemy,1,NEW,—,"to end, finish",2577,to experience an orgasm,2591,Russian,157,Russian,157,to finish,to experience an orgasm,кончать,кончать
13569,shift5637,Derivation,2,ACCEPTED,→,god,804,ladybird,145,Russian,157,Russian,157,god,ladybird,Бог,божья коровка
13574,shift5637,Derivation,7,ACCEPTED,→,god,804,ladybird,145,Polish,171,Polish,171,god,(archaic) ladybird,bóg,boża krówka
13583,shift6824,Polysemy,2,NEW,→,dough,4470,essence,3855,Russian,157,Russian,157,dough,"essence, character",тесто,тесто
13587,shift8215,Polysemy,4,ACCEPTED,→,"as, like",2038,because of,3548,Russian,157,Russian,157,"as, like",because of,как,как
13599,shift4420,Polysemy,2,ACCEPTED,→,duck,4495,newspaper hoax,1859,Czech,174,Czech,174,duck,newspaper hoax,kachna,kachna
13602,shift4420,Polysemy,5,ACCEPTED,→,duck,4495,newspaper hoax,1859,Russian,157,Russian,157,duck,newspaper hoax,утка (utka),утка (utka)
13605,shift4420,Polysemy,8,ACCEPTED,→,duck,4495,newspaper hoax,1859,Polish,171,Polish,171,duck,false information made public,kaczka,kaczka
13620,shift2427,Derivation,2,NEW,→,to tremble,3315,aspen,2044,Bulgarian,110,Bulgarian,110,to tremble,aspen,treperja,trepetlika
13623,shift6389,Derivation,1,NEW,→,crooked,1141,crossbill (Loxia),1143,Czech,174,Czech,174,crooked,crossbill (Loxia),křivý,křivka
13624,shift1099,Polysemy,1,NEW,—,"to grasp, seize",2717,"to suffice, be enough",3247,Russian,157,Russian,157,"to seize, to grasp",to lack,хватать (hvatat&#39;),хватать (hvatat&#39;)
13628,shift0587,Derivation,1,NEW,?,dog,4458,Arctic fox,2025,Russian,157,Russian,157,dog (male),polar fox,pës,pesec
13650,shift0761,Polysemy,6,ACCEPTED,?,"to braid, plait, weave",2364,to tell lie,3291,Russian,157,Russian,157,to plait,to say smth usually absurd,plesti,plesti
13671,shift0415,Polysemy,2,ACCEPTED,?,to catch,2407,to hunt,2776,Bulgarian,110,Bulgarian,110,"to catch, to seize [Бернштейн 1986: 299]",to hunt,lovja,lovja
13673,shift0415,Semantic evolution,4,ACCEPTED,→,to catch,2407,to hunt,2776,Old East Slavic,160,Old East Slavic,160,"to hunt, catch",to catch,ловити,ловить
13684,shift1406,Polysemy,3,ACCEPTED,?,wind,88,anemone (Anemone),1993,Russian,157,Russian,157,wind,sea flower,veter,vetrenica
13685,shift1498,Polysemy,1,ACCEPTED,→,winter,94,North,1877,Russian,157,Russian,157,winter,(dialect) North,зима (zima),зима (zima)
13728,shift0581,Derivation,2,ACCEPTED,→,cold,1032,unpleasant,534,Russian,157,Russian,157,"to cool, to get cold","unloved, boring",styt&#39;,postylyj
13729,shift0581,Cognates,3,ACCEPTED,—,cold,1032,unpleasant,534,Russian,157,Russian,157,cold,"shit, nullity (person)","moroz, moroznyj","mraz&#39;, merzkij"
13732,shift0581,Polysemy,6,NEW,→,cold,1032,unpleasant,534,Croatian,812,Croatian,812,cold,unpleasant,hladan,hladan
13737,shift3843,Derivation,1,ACCEPTED,→,curly-headed,1162,chanterelle,942,Russian,157,Russian,157,curly-headed,chanterelle,кудрявый,кудрявка
13753,shift0641,Polysemy,4,ACCEPTED,→,to ripen,3089,to mature,2906,Russian,157,Russian,157,ripeness,maturity,зрелость (zrelost&#39;),зрелость (zrelost&#39;)
13777,shift1633,Polysemy,1,ACCEPTED,→,warp,11,basis,3524,Russian,157,Russian,157,warp,"base, foundation",osnova,osnova
13782,shift4054,Polysemy,1,ACCEPTED,→,to make sit,2897,to imprison,2782,Russian,157,Russian,157,to cause to sit (to set),to imprison,сажать (sažat&#39;),сажать (sažat&#39;)
13788,shift1108,Polysemy,1,ACCEPTED,→,"light, bright, clear",212,glad,788,Russian,157,Russian,157,"light, birght, clear","glad, joyful, pleasant",svetlyj,svetlyj
13795,shift0560,Polysemy,2,ACCEPTED,→,"to mix, stir",2920,to confuse (with),2450,Russian,157,Russian,157,"to mix, stir",to confuse,smešivat&#39;,smešivat&#39;
13804,shift2957,Polysemy,1,NEW,—,expensive,3885,greedy,844,Serbian,1093,Serbian,1093,expensive,greedy,скуп (skup),скуп (skup)
13821,shift4763,Derivation,1,ACCEPTED,→,&lt;foreigner&gt;,1210,&lt;thorny plant&gt;,2101,Russian,157,Russian,157,Tatar,cottonthistle (Onopordum),татарин,татарник
13822,shift4763,Derivation,2,ACCEPTED,→,&lt;foreigner&gt;,1210,&lt;thorny plant&gt;,2101,Russian,157,Russian,157,Mordvin,globe thistle (Echinops),мордвин,мордовник
13831,shift6457,Polysemy,7,NEW,→,mole (Talpa),694,mole cricket (Gryllotalpa),695,Czech,174,Czech,174,mole (Talpa),mole cricket (Gryllotalpa),krt,krtonožka
13833,shift6457,Polysemy,9,NEW,→,mole (Talpa),694,mole cricket (Gryllotalpa),695,Belarusan,242,Belarusan,242,mole (Talpa),(dialectal) mole cricket (Gryllotalpa),крот,крот
13836,shift2981,Derivation,1,ACCEPTED,→,"little, small",232,little finger,231,Czech,174,Czech,174,"little, small",malík,malý,malý
13857,shift2981,Derivation,22,ACCEPTED,→,"little, small",232,little finger,231,Polish,171,Polish,171,"little, small",little finger,mały,mały palec
13865,shift2981,Derivation,30,NEW,→,"little, small",232,little finger,231,Serbian,1093,Serbian,1093,"little, small",little finger,мали (mali),малић (malić)
13866,shift2981,Derivation,31,NEW,→,"little, small",232,little finger,231,Croatian,812,Croatian,812,"little, small",little finger,mali,malić
13972,shift2358,Polysemy,3,ACCEPTED,→,old (vs. young),4533,parents,302,Serbian,1093,Serbian,1093,old (vs. young),"parents, ancestors",star (стар),star (стар)
13973,shift2358,Polysemy,4,ACCEPTED,→,old (vs. young),4533,parents,302,Croatian,812,Croatian,812,old (vs. young),ancestors,star,star
13991,shift3494,Polysemy,12,ACCEPTED,→,&lt;young animal&gt;,2072,child (son or daughter),958,Czech,174,Czech,174,unfeathered chick,child; baby,holátko,holátko
14002,shift3494,Polysemy,23,ACCEPTED,—,&lt;young animal&gt;,2072,child (son or daughter),958,Bulgarian,110,Bulgarian,110,one year old baby animal,one year old baby,годинак,годинак
14003,shift3494,Polysemy,24,ACCEPTED,←,&lt;young animal&gt;,2072,child (son or daughter),958,Bulgarian,110,Bulgarian,110,also of animals,newborn,рожба,рожба
14006,shift3494,Derivation,27,ACCEPTED,←,&lt;young animal&gt;,2072,child (son or daughter),958,Russian,157,Russian,157,young animal,child,детёныш (detёnyš),дитя (ditja)
14023,shift8434,Derivation,5,ACCEPTED,→,arm,2027,sleeve,4113,Serbian,1093,Serbian,1093,arm,sleeve,рука (ruka),рукав (rukav)
14024,shift8434,Derivation,6,ACCEPTED,→,arm,2027,sleeve,4113,Croatian,812,Croatian,812,arm,sleeve,ruka,rukav
14048,shift4596,Polysemy,7,ACCEPTED,→,lentil,194,lens,192,Bulgarian,110,Bulgarian,110,lentil,lens,леща,леща
14049,shift4596,Polysemy,8,ACCEPTED,→,lentil,194,lens,192,Czech,174,Czech,174,lentil,lens,čočka,čočka
14057,shift4596,Polysemy,16,ACCEPTED,→,lentil,194,lens,192,Macedonian,118,Macedonian,118,lentil,lens,лека,лека
14058,shift4596,Derivation,17,ACCEPTED,→,lentil,194,lens,192,Polish,171,Polish,171,lentil,lens,soczewica,soczewka
14059,shift4596,Derivation,18,ACCEPTED,→,lentil,194,lens,192,Slovak,234,Slovak,234,lentil,lens,šošovica,šošovka
14063,shift4596,Polysemy,22,ACCEPTED,→,lentil,194,lens,192,Russian,157,Russian,157,lentil,(obsolete) lens,чечевица,чечевица
14064,shift4596,Polysemy,23,ACCEPTED,→,lentil,194,lens,192,Serbian,1093,Serbian,1093,lentil,lens,сочиво (sočivo),сочиво (sočivo)
14065,shift4596,Polysemy,24,ACCEPTED,→,lentil,194,lens,192,Croatian,812,Croatian,812,lentil,lens,leća,leća
14066,shift4596,Polysemy,25,ACCEPTED,→,lentil,194,lens,192,Serbian,1093,Serbian,1093,lentil,lens,лећа (leća),лећа (leća)
14068,shift3085,Derivation,2,ACCEPTED,→,weather,34,good weather,818,Russian,157,Russian,157,weather,bad weather,погода,непогода
14069,shift3168,Derivation,1,ACCEPTED,→,earring,3797,spindle (Euonymus),4204,Ukrainian,138,Ukrainian,138,earrings,wartybark euonymus (Euonymus verrucosus),sergy,vovči sergy
14074,shift1126,Polysemy,4,ACCEPTED,?,milk,657,"milk-tooth, deciduous tooth",658,Russian,157,Russian,157,milk,tooth,moločnyj,moločnyj
14075,shift1126,Derivation,5,NEW,→,milk,657,"milk-tooth, deciduous tooth",658,Serbian,1093,Serbian,1093,milk,"milk-tooth, deciduous tooth",млеко (mleko),"млечњак (mlenčjak), млечни зуб (mlečni zub)"
14076,shift1126,Derivation,6,NEW,→,milk,657,"milk-tooth, deciduous tooth",658,Croatian,812,Croatian,812,milk,"milk-tooth, deciduous tooth",mlijeko,"mliječnjak, mliječni zub"
14079,shift6118,Derivation,2,ACCEPTED,→,fourth,1359,Thursday,2191,Russian,157,Russian,157,fourth,Thursday,четыре,четверг
14080,shift6118,Derivation,3,ACCEPTED,→,fourth,1359,Thursday,2191,Bosnian,897,Bosnian,897,fourth,Thursday,četiri,četvrtak
14081,shift6118,Derivation,4,ACCEPTED,→,fourth,1359,Thursday,2191,Polish,171,Polish,171,fourth,Thursday,czwarty,czwartek
14082,shift6118,Derivation,5,ACCEPTED,→,fourth,1359,Thursday,2191,Bulgarian,110,Bulgarian,110,fourth,Thursday,четвъртият,Четвъртък
14084,shift6118,Derivation,7,ACCEPTED,→,fourth,1359,Thursday,2191,Czech,174,Czech,174,fourth,Thursday,čtvrtý,čtvrtek
14085,shift6118,Derivation,8,ACCEPTED,→,fourth,1359,Thursday,2191,Croatian,812,Croatian,812,fourth,Thursday,četvrti,četvrtak
14086,shift6118,Derivation,9,ACCEPTED,→,fourth,1359,Thursday,2191,Serbian,1093,Serbian,1093,fourth,Thursday,"четврти, четири",четвртак
14121,shift1537,Derivation,1,ACCEPTED,—,"rag, duster",1418,clothes,1005,Russian,157,Russian,157,a flap of fabric,"raggery (colloq., derog.)",тряпка (trjapka),тряпки (trjapki)
14125,shift1537,Polysemy,5,NEW,→,"rag, duster",1418,clothes,1005,Serbian,1093,Serbian,1093,"rag, duster",clothes,крпа (krpa),крпа (krpa)
14127,shift8233,Motivation,2,ACCEPTED,→,rose,1505,hollyhock,1638,Russian,157,Russian,157,rose,hollyhock,роза,штокроза
14132,shift8233,Motivation,7,ACCEPTED,→,rose,1505,hollyhock,1638,Belarusan,242,Belarusan,242,rose,hollyhock,ружа,шток-ружа
14133,shift8233,Motivation,8,ACCEPTED,→,rose,1505,hollyhock,1638,Bulgarian,110,Bulgarian,110,rose,hollyhock,ружа,градинска ружа
14135,shift8233,Motivation,10,ACCEPTED,→,rose,1505,hollyhock,1638,Ukrainian,138,Ukrainian,138,rose,hollyhock,рожа,рожа городня
14136,shift8233,Motivation,11,ACCEPTED,→,rose,1505,hollyhock,1638,Polish,171,Polish,171,rose,hollyhock,róża,malwa różowa
14143,shift6394,Polysemy,1,ACCEPTED,→,"sick, ill",4069,fan (sport),1229,Russian,157,Russian,157,to be ill,fan (sport),болеть,болеть за кого-л
14156,shift1123,Polysemy,3,ACCEPTED,?,"to soil, make dirty",3187,"to disgrace, dishonor",2532,Russian,157,Russian,157,"to soil, to make dirty, to smear (Dahl)",to besmear,marat&#39;,marat&#39;
14157,shift1123,Polysemy,4,ACCEPTED,?,"to soil, make dirty",3187,"to disgrace, dishonor",2532,Russian,157,Russian,157,to soli,"to disgrace smn, to slander",pačkat&#39;,pačkat&#39;
14160,shift1123,Derivation,7,ACCEPTED,?,"to soil, make dirty",3187,"to disgrace, dishonor",2532,Russian,157,Russian,157,spot,to smear,pjatno,pjatnat&#39;
14180,shift1107,Polysemy,10,ACCEPTED,?,"to smear, anoint",3176,to bribe,2375,Russian,157,Russian,157,"to oil, to lubricate",to bribe (substand.),podmazat&#39;,podmazat&#39;
14203,shift0625,Polysemy,13,ACCEPTED,—,noise,1872,rumour,1522,Russian,157,Russian,157,to make noise,to gossip,baruzdit&#39;,baruzdit&#39;
14205,shift7460,Polysemy,1,NEW,→,ready,1439,almost,1974,Serbian,1093,Serbian,1093,ready,almost,готово (gotovo),готово (gotovo)
14206,shift7460,Derivation,2,NEW,→,ready,1439,almost,1974,Croatian,812,Croatian,812,ready,almost,gotov,gotovo
14209,shift1104,Polysemy,3,ACCEPTED,?,"to end, finish",2577,to kill,2820,Russian,157,Russian,157,"to finish, to stop",to kill (argot),končat&#39;,končat&#39;
14220,shift1718,Polysemy,1,NEW,?,"to turn, rotate (intr.)",3327,quick,1908,Polish,171,Polish,171,"spinning, fidgety","quick, nimble",wartki,wartki
14239,shift8563,Polysemy,1,ACCEPTED,→,animal,1999,cruel,1151,Russian,157,Russian,157,"animal, beast",brutal; cruel; fierce; ferocious; savage; pitiless,зверь (zver&#39;),зверь (zver&#39;)
14252,shift4124,Polysemy,1,ACCEPTED,—,blue,3634,red,1444,Bulgarian,110,Bulgarian,110,blue,red,модър,модър
14253,shift4124,Polysemy,2,ACCEPTED,—,blue,3634,red,1444,Bulgarian,110,Bulgarian,110,blue,reddish,плав,плав
14277,shift1715,Derivation,1,ACCEPTED,→,to cut,2484,quick,1908,Kashub,295,Kashub,295,to cut,"quick, fast",ržnǫc,ržńisti
14292,shift1389,Polysemy,2,ACCEPTED,→,to boil (intr.),2361,to be angry,2255,Russian,157,Russian,157,to boil,to rage with,kipet&#39;,kipet&#39;
14302,shift8372,Derivation,2,ACCEPTED,→,cucumber,1155,melon (Cucumis melo),630,Croatian,812,Croatian,812,cucumber,a species of a melon,krastavac,krastavica
14313,shift0076,Cognates,2,ACCEPTED,—,"branch, twig",3672,willow,85,Russian,157,Russian,157,branch,a species o a willow Salix pendula,ветвь (vetv&#39;),ветла (vetla)
14322,shift0740,Polysemy,5,ACCEPTED,→,to lead,2834,to cause,2410,Russian,157,Russian,157,to bring,to lead,privesti,privesti
14330,shift3801,Polysemy,1,ACCEPTED,→,hermit,1616,Boletus edulis,3644,Russian,157,Russian,157,hermit,Boletus edulis,ошельник,ошельник
14331,shift7108,Polysemy,1,ACCEPTED,→,to tear apart,3286,to cut off relationships,2485,Russian,157,Russian,157,to tear apart,to cut off relationships,порвать,порвать
14336,shift1509,Derivation,4,ACCEPTED,→,yellow,2079,hepatitis,1609,Russian,157,Russian,157,yellow,jaundice,želtyj,želtuha
14343,shift3203,Polysemy,1,ACCEPTED,→,priest (Christianity),462,dandelion,4378,Polish,171,Polish,171,NA,dandelion (Taraxacum),mniszek,mniszek
14344,shift3203,Derivation,2,ACCEPTED,→,priest (Christianity),462,dandelion,4378,Russian,157,Russian,157,priest,dandelion,pop,popik
14345,shift3203,Polysemy,3,ACCEPTED,→,priest (Christianity),462,dandelion,4378,Belarusan,242,Belarusan,242,Roman Catholic priest,dandelion,ksëndz,ksëndz
14370,shift0024,Derivation,1,ACCEPTED,—,"to get, obtain",2691,to manage to do smth,2903,Russian,157,Russian,157,"to receive, to get, to be given",to be a success,получать (polučat&#39;),получаться (polučat&#39;sja)
14373,shift1725,Derivation,1,NEW,?,"to drive, to force to move on",2560,quick,1908,Polish,171,Polish,171,"to catch up with, to reach","quick, fast",ścignąć,ścigły
14374,shift1725,Derivation,2,NEW,?,"to drive, to force to move on",2560,quick,1908,Polish,171,Polish,171,"to disperse, to scatter","quick, fast",rozewrzeć,rozwarty
14386,shift2126,Derivation,1,ACCEPTED,→,stone (piece of rock),4281,stone (of a fruit),4280,Ukrainian,138,Ukrainian,138,stone,stone (fruit),каминь (kamin&#39;),каминец (kaminec)
14419,shift0563,Polysemy,20,NEW,—,man (male),574,"human, person",1683,Serbian,1093,Serbian,1093,man,person,човек (čovek),човек (čovek)
14420,shift0563,Polysemy,21,NEW,—,man (male),574,"human, person",1683,Croatian,812,Croatian,812,man,person,čovjek,čovjek
14455,shift4839,Polysemy,2,NEW,—,stick (n.),4267,penis,343,Russian,157,Russian,157,stick (n.),"penis (within the expression ""to throw stick"")",палка,палка (кинуть палку)
14492,shift3304,Derivation,2,ACCEPTED,→,bell,3568,bellflower (Campanula),3570,Czech,174,Czech,174,bell,bellflower,zvon,zvonek
14495,shift3304,Derivation,5,ACCEPTED,→,bell,3568,bellflower (Campanula),3570,Russian,157,Russian,157,bell,bell flower,kolokol,kolokol&#39;čik
14502,shift3304,Polysemy,12,NEW,→,bell,3568,bellflower (Campanula),3570,Polish,171,Polish,171,bell,bellflower (Campanula),dzwonek,dzwonek
14526,shift2698,Derivation,1,ACCEPTED,→,net (n.),1848,spider,4199,Russian,157,Russian,157,net,spider,сеть (set&#39;),сетник (setnik)
14527,shift2698,Derivation,2,ACCEPTED,→,net (n.),1848,spider,4199,Russian,157,Russian,157,"net, toils",spider,тенета (teneta),"тенетник, тенётник (tenetnik, tenëtnik)"
14530,shift0070,Polysemy,1,ACCEPTED,→,when,56,if,1737,Russian,157,Russian,157,when (temrporal conjunction),"if, whether",kogda,kogda
14557,shift0428,Cognates,1,ACCEPTED,?,melon (Cucumis melo),630,pumpkin,490,Russian,157,Russian,157,melon,pumpkin,arbuz,arbuz
14566,shift8026,Derivation,2,NEW,→,dowry,4474,live-in son-in-law,233,Russian,157,Russian,157,dowry,(dialect) live-in son-in-law,приданое,приданница
14567,shift6549,Polysemy,1,ACCEPTED,→,rain,1420,"many, much",584,Serbian,1093,Serbian,1093,rain,"many, much",киша (kiša),киша (kiša)
14568,shift6549,Polysemy,2,ACCEPTED,→,rain,1420,"many, much",584,Croatian,812,Croatian,812,rain,"many, much",kiša,kiša
14571,shift0172,Polysemy,2,ACCEPTED,→,puppy (of a dog),495,inexperienced,1771,Russian,157,Russian,157,puppy,brat,ščenok,ščenok
14627,shift3859,Polysemy,5,ACCEPTED,→,fire,1286,to shoot,3149,Polish,171,Polish,171,fire,shooting (of weapons),ogień,ogień
14635,shift3859,Polysemy,13,ACCEPTED,→,fire,1286,to shoot,3149,Russian,157,Russian,157,to burn (tr.),to shoot,палить,палить
14636,shift3859,Polysemy,14,NEW,→,fire,1286,to shoot,3149,Serbian,1093,Serbian,1093,fire,shooting (of weapons),ватра (vatra),ватра (vatra)
14637,shift3859,Polysemy,15,NEW,→,fire,1286,to shoot,3149,Croatian,812,Croatian,812,fire,shooting (of weapons),vatra,vatra
14652,shift0941,Derivation,2,ACCEPTED,?,to burn (intr.),2384,to grieve (intr.),2720,Russian,157,Russian,157,burn,to be sad,goret&#39;,gorevat&#39;
14653,shift0941,Derivation,3,ACCEPTED,?,to burn (intr.),2384,to grieve (intr.),2720,Russian,157,Russian,157,to bake,to be upset,peč&#39;,pečalit&#39;sja
14670,shift2496,Polysemy,2,NEW,→,to put shoes on,3031,to deceive,2494,Russian,157,Russian,157,"to put shoes on, to shoe",to deceive,obuvat&#39;,obuvat&#39;
14683,shift1230,Polysemy,2,NEW,?,"to strike, hit",3234,to speak,3193,Russian,157,Russian,157,"to hit, to strike","to say, to articulate smth, to express one's opinion",vjaknut&#39;,vjaknut&#39;
14687,shift5566,Polysemy,2,ACCEPTED,→,"wild, untamed",82,impulsive,1751,Belarusan,242,Belarusan,242,"wild, untamed",wild (of a person),дзікі,дзікі
14689,shift5566,Polysemy,4,ACCEPTED,→,"wild, untamed",82,impulsive,1751,Czech,174,Czech,174,"wild, untamed (about animals)","uncivilized; disordered, unmodified, uneven; conspicuous, eccentric;  undisciplined, unrestrained, unbound, sharp, lush, passionate, unbridled",divoký,divoký
14690,shift5566,Polysemy,5,ACCEPTED,→,"wild, untamed",82,impulsive,1751,Czech,174,Czech,174,"untamed, wild","wild, furious, furious, passionate; passionately longing; eager, obsessed",divý,divý
14698,shift3673,Polysemy,1,ACCEPTED,?,"fearful, dreadful",1247,"ugly, unpleasant",502,Russian,157,Russian,157,"terrible, frightful",ugly,strašnyj,strašnyj
14702,shift1583,Derivation,1,ACCEPTED,→,to see/to look at,3121,because of,3548,Russian,157,Russian,157,to see,in view of,videt&#39;,"vvidu (togo, čto)"
14714,shift1281,Polysemy,1,NEW,→,stomach,4277,"sack, bag",3908,Russian,157,Russian,157,stomach (dialect.),pocket (dialect),kišen&#39;,kišen&#39;
14716,shift3785,Derivation,2,ACCEPTED,→,needle-leaved forest,1842,Boletus edulis,3644,Russian,157,Russian,157,needle-leaved forest,Boletus edulis,бор,боровик
14732,shift4366,Polysemy,3,ACCEPTED,—,"to raise, lift (tr.)",3037,to steal,3220,Serbian,1093,Serbian,1093,"to raise, lift (tr.)",to steal,дићи (dići),дићи (dići)
14733,shift4366,Polysemy,4,ACCEPTED,—,"to raise, lift (tr.)",3037,to steal,3220,Croatian,812,Croatian,812,"to raise, lift (tr.)",to steal,dignuti,dignuti
14738,shift1176,Derivation,2,ACCEPTED,—,to see/to look at,3121,envious,3848,Russian,157,Russian,157,to see,to be envious,videt&#39;,zavidovat&#39;
14740,shift1176,Internal cognates,4,NEW,→,to see/to look at,3121,envious,3848,Polish,171,Polish,171,to see/to look at,to envy,zajrzeć,zazdrość
14742,shift1227,Polysemy,2,ACCEPTED,—,to thrust (into),3299,"to butt, to hit with the horns",2389,Bulgarian,110,Bulgarian,110,to jab,to jab,boda,boda
14752,shift5330,Polysemy,6,ACCEPTED,→,name,1820,reputation,1458,Serbian,1093,Serbian,1093,name,famous person and his/her reputation,име (ime),име (ime)
14753,shift5330,Polysemy,7,ACCEPTED,→,name,1820,reputation,1458,Croatian,812,Croatian,812,name,"fame, reputation",ime,ime
14754,shift5330,Polysemy,8,NEW,→,name,1820,reputation,1458,Russian,157,Russian,157,name,reputation,имя,имя
14760,shift1601,Polysemy,6,ACCEPTED,→,shadow,4010,"phantom, ghost",361,Russian,157,Russian,157,shadow,ghost,ten&#39;,ten&#39;
14767,shift1924,Derivation,1,ACCEPTED,?,to clean,2428,to steal,3220,Russian,157,Russian,157,"to clean, to brush",to ease smb of smth,čistit&#39;,občistit&#39;
14771,shift2200,Derivation,2,NEW,→,tea,2137,gratuity,836,Russian,157,Russian,157,tea,tip,čaj,čaevye
14780,shift7965,Polysemy,2,ACCEPTED,—,jingle bell,1190,diamonds (in cards),4429,Polish,171,Polish,171,jingle bell,diamonds (in cards),dzwonek,dzwonki
14786,shift0044,Polysemy,1,ACCEPTED,—,to know how,2827,"can, to be able",882,Bulgarian,110,Bulgarian,110,to know,to be able,умея (umeja),умея (umeja)
14787,shift0044,Polysemy,2,ACCEPTED,→,to know how,2827,"can, to be able",882,Croatian,812,Croatian,812,to know,"can, to be able, have skill",znati,znati
14788,shift0044,Polysemy,3,ACCEPTED,→,to know how,2827,"can, to be able",882,Serbian,1093,Serbian,1093,to know,"can, to be able",знати (znati),знати (znati)
14793,shift0491,Derivation,2,ACCEPTED,—,nose,1879,nostril,1880,Russian,157,Russian,157,nose,nostril,нос (nos),ноздря (nozdrja)
14808,shift0405,Polysemy,1,ACCEPTED,?,period of time,353,age,1957,Czech,174,Czech,174,"century, epoch [Павлович 1976: 643]",age,vĕk,vĕk
14815,shift0405,Polysemy,8,NEW,→,period of time,353,age,1957,Serbian,1093,Serbian,1093,period of time,period of life,доба (doba),доба (doba)
14816,shift7559,Derivation,1,ACCEPTED,→,white,62,white-eye bream,66,Russian,157,Russian,157,white,white-eye bream,белый,белоглазка
14819,shift7559,Derivation,4,ACCEPTED,→,white,62,white-eye bream,66,Ukrainian,138,Ukrainian,138,white,white-eye bream,бiлий,білоочка
14820,shift7559,Derivation,5,ACCEPTED,→,white,62,white-eye bream,66,Belarusan,242,Belarusan,242,white,white-eye bream,белы,белавочка
14844,shift6288,Derivation,22,ACCEPTED,→,tail,2113,comet,1043,Slovenian,190,Slovenian,190,tail,comet,rep,repatíca
14848,shift8592,Derivation,1,ACCEPTED,→,vessel,3762,ship&#39;s bells,4038,Russian,157,Russian,157,(colloquial) small glass vessel,a half-hour period of time indicated by the ringing of the ship's bell; the sound of a bell indicating such an interval,склянка,склянки
14853,shift8592,Polysemy,6,ACCEPTED,→,vessel,3762,ship&#39;s bells,4038,Polish,171,Polish,171,vessel,ship's bells,szklanka,szklanka
14855,shift8592,Polysemy,8,ACCEPTED,→,vessel,3762,ship&#39;s bells,4038,Ukrainian,138,Ukrainian,138,vessel,ship's bells,склянка,склянка
14857,shift4834,Polysemy,1,NEW,→,moustache,734,tendril (of plant),2148,Russian,157,Russian,157,diminutive of ус 'moustache',tendril (of plant),усик,усик
14858,shift4834,Polysemy,2,NEW,→,moustache,734,tendril (of plant),2148,Polish,171,Polish,171,moustache,tendril (of plant),wąs,wąs
14860,shift4449,Polysemy,1,ACCEPTED,→,monarch,696,king (a playing card),1713,Russian,157,Russian,157,king,king (of playing cards),король (korol&#39;),король (korol&#39;)
14865,shift4449,Polysemy,6,NEW,→,monarch,696,king (a playing card),1713,Serbian,1093,Serbian,1093,monarch,king (a playing card),краљ (kralj),краљ (kralj)
14866,shift4449,Polysemy,7,NEW,→,monarch,696,king (a playing card),1713,Croatian,812,Croatian,812,monarch,king (a playing card),kralj,kralj
14887,shift0807,Polysemy,3,ACCEPTED,—,"rough, uneven",1510,"rude, impolite",1517,Russian,157,Russian,157,"coarse, rough",rude,grubyj,grubyj
14900,shift2032,Derivation,1,ACCEPTED,—,cold,1032,motionless,726,Russian,157,Russian,157,"to cool, to get cold",to stop moving,styt&#39;,zastyt&#39;
14914,shift3407,Polysemy,10,ACCEPTED,—,neck,1837,throat,2186,Old East Slavic,160,Old East Slavic,160,neck,throat,гърло,гърло
14915,shift3407,Cognates,11,ACCEPTED,←,neck,1837,throat,2186,Russian,157,Russian,157,necklace,throat,ожерелье,горло
14921,shift1918,Derivation,2,ACCEPTED,—,"spade, shovel",4182,"shoulder-blade, scapula",4055,Russian,157,Russian,157,spade,shoulder blade,лопата (lopata),лопатка (lopatka)
14935,shift0495,Polysemy,8,ACCEPTED,→,nose,1879,front part,1389,Russian,157,Russian,157,nose,"toe (of a boot, shoe or sock); front part of a ship, plane",нос (nos),нос (nos)
14946,shift2251,Polysemy,5,ACCEPTED,→,to speak,3193,to have opinion,2752,Russian,157,Russian,157,to speak,to express an opinion about something,говорить,говорить
14949,shift1812,Derivation,3,ACCEPTED,→,"to follow, go after smb.",2649,to result in,3079,Russian,157,Russian,157,to go after smb.,"aftermath, consequences",следовать (sledovat&#39;),последствия (posledstvija)
14954,shift3402,Cognates,2,ACCEPTED,→,freedom,1373,territorial entity,2160,Old East Slavic,160,Old East Slavic,160,freedom,"village, settlement",свобода,слобода
14982,shift1147,Polysemy,8,ACCEPTED,—,fox (Vulpes vulpes),1360,cunning person,1157,Russian,157,Russian,157,fox,cunning fox (colloq.),lisa,lisa
15002,shift2402,Derivation,1,ACCEPTED,→,&lt;place name&gt;,276,&lt;fish&gt;,1207,Russian,157,Russian,157,lake,mudfish (Cobitis taenia),pleščeevo,pleščeevka
15003,shift2402,Derivation,2,ACCEPTED,→,&lt;place name&gt;,276,&lt;fish&gt;,1207,Ukrainian,138,Ukrainian,138,river,Balkan sawyer,Tysa,tysovyčka
15004,shift2402,Derivation,3,ACCEPTED,→,&lt;place name&gt;,276,&lt;fish&gt;,1207,Russian,157,Russian,157,Valaam,vendace inhabiting around the island of Valaam,valaam,valaamka
15005,shift2402,Derivation,4,ACCEPTED,→,&lt;place name&gt;,276,&lt;fish&gt;,1207,Serbo-Croatian,156,Serbo-Croatian,156,river,carp from the Morava river,morava,moravac
15006,shift2402,Polysemy,5,ACCEPTED,→,&lt;place name&gt;,276,&lt;fish&gt;,1207,Russian,157,Russian,157,Selenga,a species of an omul,selenga,selenga
15007,shift2402,Derivation,6,ACCEPTED,→,&lt;place name&gt;,276,&lt;fish&gt;,1207,Serbo-Croatian,156,Serbo-Croatian,156,a settlement in Bosnia and Herzegovina,eel,gabela,gabeoka
15008,shift2402,Derivation,7,ACCEPTED,→,&lt;place name&gt;,276,&lt;fish&gt;,1207,Russian,157,Russian,157,lake,a species of sterlet,zajsan,zajsanka
15009,shift2402,Polysemy,8,ACCEPTED,→,&lt;place name&gt;,276,&lt;fish&gt;,1207,Russian,157,Russian,157,Angara,a species of an omul,angara,angara
15010,shift2402,Derivation,9,ACCEPTED,→,&lt;place name&gt;,276,&lt;fish&gt;,1207,Polish,171,Polish,171,lake,smelt,Śniardwy,"śniardwa, śmiardwa"
15011,shift2402,Derivation,10,ACCEPTED,→,&lt;place name&gt;,276,&lt;fish&gt;,1207,Russian,157,Russian,157,island,icefish,sahalin,sahalinka
15012,shift2402,Polysemy,11,ACCEPTED,→,&lt;place name&gt;,276,&lt;fish&gt;,1207,Russian,157,Russian,157,Amur,"fish species, inhabiting in middle and lower Amur, in the rivers Sungari, Ussuri, in the Hanka lake",amur,amur
15013,shift2402,Derivation,12,ACCEPTED,→,&lt;place name&gt;,276,&lt;fish&gt;,1207,Russian,157,Russian,157,lake,vendace from the Sandal lake,sandal,sandalka
15014,shift2402,Derivation,13,ACCEPTED,→,&lt;place name&gt;,276,&lt;fish&gt;,1207,Slovak,234,Slovak,234,NA,ablet,Dunaj,dunajka
15015,shift2402,Polysemy,14,ACCEPTED,→,&lt;place name&gt;,276,&lt;fish&gt;,1207,Russian,157,Russian,157,Dvina,a species of salmon,dvina,dvina
15016,shift2402,Derivation,15,ACCEPTED,→,&lt;place name&gt;,276,&lt;fish&gt;,1207,Serbo-Croatian,156,Serbo-Croatian,156,the river flowing from the Lake Scutari and running into the Adriatic Sea,minnow,bojana,bojanka
15017,shift2402,Polysemy,16,ACCEPTED,→,&lt;place name&gt;,276,&lt;fish&gt;,1207,Serbo-Croatian,156,Serbo-Croatian,156,the river falling into the Lake Ohrid,"trout, ohrid trout",daljana,daljana
15018,shift2402,Derivation,17,ACCEPTED,→,&lt;place name&gt;,276,&lt;fish&gt;,1207,Macedonian,118,Macedonian,118,river,riffle minnow (Alburnus bipunctatus),Vardar,vardarka
15019,shift2402,Derivation,18,ACCEPTED,→,&lt;place name&gt;,276,&lt;fish&gt;,1207,Russian,157,Russian,157,river,tugun (Coregonus tugun),sos&#39;va,sosvinka
15020,shift2402,Polysemy,19,ACCEPTED,→,&lt;place name&gt;,276,&lt;fish&gt;,1207,Czech,174,Czech,174,a small place in Czechia,a species of a carp,Žampach,žampach
15021,shift2402,Derivation,20,ACCEPTED,→,&lt;place name&gt;,276,&lt;fish&gt;,1207,Polish,171,Polish,171,Visla (the river),riffle minnow (Alburnus bipunctatus),Wisła,wiślanka
15022,shift2402,Derivation,21,ACCEPTED,→,&lt;place name&gt;,276,&lt;fish&gt;,1207,Russian,157,Russian,157,river,tugun (Coregonus tugun),mana,manerka
15023,shift4554,Polysemy,1,NEW,→,bird,3594,bat,3529,Russian,157,Russian,157,dim. of bird,(dialect) bat (Microchiroptera),птичка,птичка
15040,shift0927,Derivation,3,ACCEPTED,?,doll,4460,chrysalis,976,Russian,157,Russian,157,doll,nymph,kukla,kukolka
15042,shift0927,Polysemy,5,NEW,—,doll,4460,chrysalis,976,Serbian,1093,Serbian,1093,doll,chrysalis,лутка (lutka),лутка (lutka)
15043,shift3850,Polysemy,1,ACCEPTED,→,talkative person,2120,hatched egg without embryo,1567,Russian,157,Russian,157,talkative person,hatched egg without embryo,болтун,болтун
15058,shift3804,Polysemy,1,ACCEPTED,—,good,814,Boletus edulis,3644,Russian,157,Russian,157,good,Boletus edulis,добрый,добрый гриб
15063,shift4452,Polysemy,4,NEW,→,green,845,inexperienced,1771,Serbian,1093,Serbian,1093,green,inexperienced,зелен (zelen),зелен (zelen)
15064,shift4452,Polysemy,5,NEW,→,green,845,inexperienced,1771,Croatian,812,Croatian,812,green,inexperienced,zelen,zelen
15065,shift4452,Polysemy,6,NEW,→,green,845,inexperienced,1771,Russian,157,Russian,157,green,inexperienced,зелёный,зелёный
15068,shift1553,Derivation,2,ACCEPTED,?,tail,2113,accomplice,1931,Russian,157,Russian,157,tail,hang-by,hvost,prihvosten&#39;
15075,shift0514,Polysemy,5,ACCEPTED,?,head,1578,headstream,1582,Bulgarian,110,Bulgarian,110,head,source,glava,glava
15081,shift3805,Derivation,1,ACCEPTED,→,monarch,696,Boletus edulis,3644,Russian,157,Russian,157,"king's, royal",Boletus edulis,королевский (korolevskij),королевский гриб (korolevskij grib)
15082,shift3805,Polysemy,2,ACCEPTED,→,monarch,696,Boletus edulis,3644,Russian,157,Russian,157,tsar,Boletus edulis,царь (car&#39;),царь (car&#39;)
15083,shift2407,Derivation,1,ACCEPTED,→,pigeon (Columba),370,maize,569,Bulgarian,110,Bulgarian,110,pidgeon,"corn, maize",gălăb,gălăb&#39;
15086,shift0694,Polysemy,1,NEW,?,"to strike, hit",3234,to flow,2639,Russian,157,Russian,157,to beat,to stream out,bit&#39;,bit&#39;
15091,shift7809,Polysemy,1,ACCEPTED,→,to become visible,2327,"to appear, emerge",2231,Russian,157,Russian,157,to become visible,"to appear, emerge",появиться,появиться
15118,shift4005,Polysemy,4,ACCEPTED,→,bee swarm,3556,crowd (of people),1148,Serbian,1093,Serbian,1093,bee swarm,"many, much, crowd (of people)",рој (roj),рој (roj)
15119,shift4005,Polysemy,5,ACCEPTED,→,bee swarm,3556,crowd (of people),1148,Serbian,1093,Serbian,1093,beehive,"many, much, crowd (of people)",кошница (košnica),кошница (košnica)
15120,shift4005,Polysemy,6,ACCEPTED,→,bee swarm,3556,crowd (of people),1148,Croatian,812,Croatian,812,beehive,"many, much, crowd (of people)",košnica,košnica
15127,shift6507,Derivation,1,ACCEPTED,→,bronze,3694,rose chafer,1507,Russian,157,Russian,157,bronze,rose chafer,бронза,бронзовка
15128,shift6507,Derivation,2,ACCEPTED,→,bronze,3694,rose chafer,1507,Belarusan,242,Belarusan,242,bronze,rose chafer,бронза,бронзаўка
15130,shift6507,Derivation,4,ACCEPTED,→,bronze,3694,rose chafer,1507,Ukrainian,138,Ukrainian,138,bronze,rose chafer,бронза,бронзівка
15134,shift3718,Polysemy,1,ACCEPTED,—,to go up,2713,to be excited,2269,Russian,157,Russian,157,to go up,to be exited,подняться,подняться
15178,shift5231,Polysemy,1,NEW,→,anathema,1989,swearword,4356,Russian,157,Russian,157,anathema,(obsolete) swearword,анафема,анафема
15179,shift5231,Polysemy,2,NEW,→,anathema,1989,swearword,4356,Ukrainian,138,Ukrainian,138,anathema,swearword,анафема (archaic анахтема),анафема (archaic анахтема)
15192,shift1180,Polysemy,1,ACCEPTED,?,to hold (in hands),2771,to have opinion,2752,Russian,157,Russian,157,hold,"to think, to consider",deržat&#39;,deržat&#39;
15216,shift3628,Derivation,5,ACCEPTED,→,hand/arm,1550,"handle, gripe",1552,Russian,157,Russian,157,"hand, arm","handle, knob",ruka,ručka
15220,shift1733,Derivation,1,ACCEPTED,→,blind,3624,horse-fly (Tabanidae),1663,Russian,157,Russian,157,blind,gadfly,slepoj,slepen&#39;
15248,shift1634,Polysemy,1,NEW,?,threshold,2185,rapids,1427,Russian,157,Russian,157,threshold,threshold,porog,porog
15268,shift2035,Polysemy,3,ACCEPTED,→,thin (of an object),2172,not strong (of liquid or smell),1882,Polish,171,Polish,171,thin,thin,cienky,cienky
15279,shift1249,Polysemy,2,ACCEPTED,→,"to tear, rend",3288,to vomit,3346,Russian,157,Russian,157,to pluck,to vomit,rvat&#39;,rvet
15305,shift1065,Polysemy,3,ACCEPTED,?,to bind,2345,to oblige,2945,Russian,157,Russian,157,"to tie, to bind",to be binding,vjazat&#39;,objazat&#39;
15315,shift6358,Derivation,1,ACCEPTED,→,"to gather, collect",2667,to intend,2798,Russian,157,Russian,157,"to gather, collect",to intend,собирать,собираться
15317,shift6358,Derivation,3,ACCEPTED,→,"to gather, collect",2667,to intend,2798,Ukrainian,138,Ukrainian,138,"to gather, collect","to intend, to be about to, to be going to",збирати,збиратися
15318,shift6358,Derivation,4,ACCEPTED,→,"to gather, collect",2667,to intend,2798,Belarusan,242,Belarusan,242,"to gather, collect",to intend,збіраць,збірацца
15319,shift2970,Polysemy,1,NEW,→,intact,1796,pure,496,Serbo-Croatian,156,Serbo-Croatian,156,"whole, integer",pure,ceo,ceo
15328,shift1417,Polysemy,2,ACCEPTED,?,guest,855,disease,4442,Russian,157,Russian,157,female guest,fever (Dahl),gost&#39;ja,gost&#39;ja
15331,shift7944,Polysemy,2,NEW,→,smooth,4132,"unforested, treeless place",521,Serbian,1093,Serbian,1093,smooth,"unforested, treeless place",гладак (gladak),гладак (gladak)
15335,shift8149,Derivation,1,ACCEPTED,→,worm,123,scale insect,3950,Belarusan,242,Belarusan,242,worm,scale insect,чарвяк,чарвец
15336,shift8149,Derivation,2,ACCEPTED,→,worm,123,scale insect,3950,Russian,157,Russian,157,worm,scale insect,червь,червец
15337,shift8149,Derivation,3,ACCEPTED,→,worm,123,scale insect,3950,Ukrainian,138,Ukrainian,138,worm,scale insect,черв&#39;я́к,червець
15338,shift8149,Derivation,4,ACCEPTED,→,worm,123,scale insect,3950,Czech,174,Czech,174,worm,scale insect,červ,červec
15339,shift8149,Derivation,5,ACCEPTED,→,worm,123,scale insect,3950,Polish,171,Polish,171,worm,scale insect,czerw,czerwiec
15354,shift6635,Polysemy,2,NEW,→,blood vessel,3631,trait,3425,Russian,157,Russian,157,blood vessel,trait,жилка,жилка
15366,shift1185,Polysemy,2,ACCEPTED,→,wind,88,disease,4442,Russian,157,Russian,157,wind,cow desease: the animal abruptly and with no apparent reason loses appetite and good mood,veter,veter
15369,shift1185,Derivation,5,ACCEPTED,?,wind,88,disease,4442,Russian,157,Russian,157,wind,craze,veter,povetrie
15380,shift4566,Polysemy,2,NEW,—,"tube, pipe",3455,&lt;negative evaluation&gt;,1812,Russian,157,Russian,157,"tube, pipe",<negative evaluation>,труба,труба
15385,shift3192,Derivation,4,ACCEPTED,→,&lt;hat&gt;,1534,aconite,1935,Serbo-Croatian,156,Serbo-Croatian,156,"helmet, hood","bikh, aconite",klobuk,"klobučnik, klobučić"
15386,shift3192,Derivation,5,ACCEPTED,→,&lt;hat&gt;,1534,aconite,1935,Polish,171,Polish,171,"hood, bonnet","bikh, aconite",kaptur,kapturki (niebjeskie)
15389,shift3192,Derivation,8,ACCEPTED,→,&lt;hat&gt;,1534,aconite,1935,Russian,157,Russian,157,cap,"bikh, aconite",kolpak,kolpački
15397,shift1203,Polysemy,6,ACCEPTED,?,nail (body part),1816,hoof,1650,Russian,157,Russian,157,nail,hoof,kohot&#39;,kohot&#39;
15426,shift0450,Polysemy,7,ACCEPTED,?,eye,3890,"opening, hole",4551,Polish,171,Polish,171,eye,"mesh, cell",oko,oko
15453,shift5835,Polysemy,6,ACCEPTED,→,"pellicle, membrane",338,"film, movie",1280,Serbian,1093,Serbian,1093,tape,"film, movie",трака (traka),филмска трака (filmska traka)
15454,shift1220,Polysemy,1,NEW,?,to kick,2819,to dig,2519,Czech,174,Czech,174,"to dig, to excavate",to kick,kopat,kopat
15462,shift1925,Derivation,1,ACCEPTED,→,simple,4082,stupid,4312,Russian,157,Russian,157,simple,simpleton,простой (prostoj),простак (prostak)
15466,shift8243,Polysemy,1,NEW,—,old man,4534,wife&#39;s father,75,Serbian,1093,Serbian,1093,old man,wife's father,старац (starac),старац (starac)
15482,shift7537,Polysemy,1,ACCEPTED,→,to sleep,3169,dormouse,4469,Russian,157,Russian,157,sleepyhead,dormouse,соня,соня
15486,shift7537,Motivation,5,ACCEPTED,→,to sleep,3169,dormouse,4469,Bulgarian,110,Bulgarian,110,"sleepy, drowsy",dormouse,сънлив,сънливец
15500,shift1974,Derivation,7,ACCEPTED,→,friend,1380,husband / wife,1695,Serbian,1093,Serbian,1093,friend,spouse,друг (drug),брачни друг (bračni drug)
15501,shift1974,Derivation,8,ACCEPTED,→,friend,1380,husband / wife,1695,Croatian,812,Croatian,812,friend,spouse,drug,bračni drug
15502,shift5732,Semantic evolution,1,ACCEPTED,→,low (social),265,bad (ethically),3494,Russian,157,Russian,157,"belonging by birth to the lower, taxable class, not of noble birth","disgraceful, dishonest, bad",подлый (podlyj),подлый (podlyj)
15511,shift6846,Polysemy,1,NEW,→,market,593,noisy place,1873,Russian,157,Russian,157,market,noisy place,базар,базар
15513,shift8570,Derivation,2,ACCEPTED,→,lump,269,November,1888,Bulgarian,110,Bulgarian,110,lump,November,груда,"грудень, грудън"
15514,shift8570,Derivation,3,ACCEPTED,→,lump,269,November,1888,Old East Slavic,160,Old East Slavic,160,lump,November,груда,грудьнъ
15515,shift8570,Derivation,4,ACCEPTED,→,lump,269,November,1888,Old Polish,1094,Old Polish,1094,"lump, clod",December,gruda,grudzień
15516,shift8570,Derivation,5,ACCEPTED,→,lump,269,November,1888,Ukrainian,138,Ukrainian,138,lump,(dialect) November,груда,грудень
15524,shift0002,Polysemy,3,ACCEPTED,—,"to calculate, count",2393,to respect,3075,Old East Slavic,160,Old East Slavic,160,to count,"to esteem, to respect",чисти,чисти
15531,shift0002,Derivation,10,NEW,—,"to calculate, count",2393,to respect,3075,Russian,157,Russian,157,"to calculate, count",to respect,считать,почитать
15534,shift8203,Polysemy,2,ACCEPTED,→,beautiful,3545,good (ethically),816,Russian,157,Russian,157,beautiful,"noble (in spirit), gentle; morally worthy",красивый,красивый
15536,shift8203,Polysemy,4,NEW,→,beautiful,3545,good (ethically),816,Serbian,1093,Serbian,1093,beautiful,"good (ethically), kind",леп (lep),леп (lep)
15537,shift8203,Polysemy,5,NEW,→,beautiful,3545,good (ethically),816,Croatian,812,Croatian,812,beautiful,good (ethically),lijep,lijep
15539,shift1148,Polysemy,2,ACCEPTED,?,to cool down (intr.),2460,to calm down,2397,Russian,157,Russian,157,"to get cold, to cool down",to calm down,ostyt&#39;,ostyt&#39;
15555,shift2020,Derivation,3,ACCEPTED,—,to drop (of liquid),2561,"spot, stain",4220,Russian,157,Russian,157,to sprinkle,speckle,kropit&#39;,krap
15562,shift0794,Polysemy,3,ACCEPTED,→,dry,4491,lean,178,Russian,157,Russian,157,to dry,"to lose flesh, to emaciate",sohnut&#39;,sohnut&#39;
15574,shift1948,Polysemy,1,NEW,→,squint-eyed,4236,hare (Lepus),1562,Russian,157,Russian,157,cтрадающий косоглазием,hare,kosoj,kosoj
15588,shift6217,Derivation,1,ACCEPTED,→,hook,1651,Heterodon nasicus,1620,Russian,157,Russian,157,hook,Heterodon nasicus,крючок,западный крючконосый уж
15599,shift1666,Polysemy,1,ACCEPTED,→,to find,2627,bastard,3528,Russian,157,Russian,157,"discovery, finding",bastard,nahodka,nahodka
15610,shift0166,Polysemy,4,ACCEPTED,→,skirt,4102,woman,109,Russian,157,Russian,157,skirt,woman,jubka,jubka
15617,shift6207,Derivation,1,ACCEPTED,→,&lt;noise&gt;,1814,Bitis arietans,3606,Russian,157,Russian,157,to make noise,Bitis arietans,шуметь,шумящая гадюка
15626,shift1218,Polysemy,3,ACCEPTED,→,room,1496,house,1678,Serbian,1093,Serbian,1093,room,house,изба (izba),изба (izba)
15630,shift1216,Polysemy,2,ACCEPTED,—,liquid (adj.),226,flexible,1319,Serbian,1093,Serbian,1093,liquid (adj.),flexible,жидак (židak),жидак (židak)
15638,shift8433,Polysemy,2,ACCEPTED,→,empty,3835,nonsense,1874,Russian,157,Russian,157,empty,meaningless,пустой,пустой
15641,shift8433,Polysemy,5,NEW,→,empty,3835,nonsense,1874,Serbian,1093,Serbian,1093,empty,meaningless,празан (prazan),празан (prazan)
15642,shift8433,Polysemy,6,NEW,→,empty,3835,nonsense,1874,Croatian,812,Croatian,812,empty,nonsense,prazan,prazan
15646,shift3132,Polysemy,3,ACCEPTED,→,"witch, sorceress",100,butterfly,3734,Russian,157,Russian,157,witch,white butterfly,voroguša,voroguša
15647,shift3132,Polysemy,4,ACCEPTED,—,"witch, sorceress",100,butterfly,3734,Upper Sorbian,364,Upper Sorbian,364,witch,night butterfly,khodojta (chodojta),khodojta (chodojta)
15648,shift3132,Polysemy,5,ACCEPTED,→,"witch, sorceress",100,butterfly,3734,Bulgarian,110,Bulgarian,110,witch,night moth,veštica,veštica
15655,shift0599,Polysemy,5,ACCEPTED,?,tree,3432,"wood, timber",114,Russian,157,Russian,157,tree,"wood, timber",derevo,derevo
15680,shift1034,Borrowing,2,ACCEPTED,?,"instrument, tool",1793,weapon,32,Russian,157,Russian,157,"tool, instrument",weapon,orudie,oružie
15693,shift4537,Derivation,7,ACCEPTED,→,middle,652,middle finger,653,Russian,157,Russian,157,middle,middle finger,средний,средний палец
15700,shift4537,Derivation,14,ACCEPTED,→,middle,652,middle finger,653,Czech,174,Czech,174,"middle, midpoint, center",middle finger,střed,"prostředník, prostředníček"
15708,shift4537,Derivation,22,ACCEPTED,→,middle,652,middle finger,653,Macedonian,118,Macedonian,118,middle,middle finger,среден,среден прст
15709,shift4537,Derivation,23,ACCEPTED,→,middle,652,middle finger,653,Belarusan,242,Belarusan,242,middle,middle finger,сярэдні,сярэдні палец
15710,shift4537,Derivation,24,ACCEPTED,→,middle,652,middle finger,653,Bulgarian,110,Bulgarian,110,middle,middle finger,среден,среден пръст
15711,shift4537,Derivation,25,ACCEPTED,→,middle,652,middle finger,653,Polish,171,Polish,171,middle,middle finger,środkowy,środkowy palec
15717,shift4537,Derivation,31,ACCEPTED,→,middle,652,middle finger,653,Slovak,234,Slovak,234,middle,middle finger,stredný,prostredník
15718,shift4537,Derivation,32,ACCEPTED,→,middle,652,middle finger,653,Slovenian,190,Slovenian,190,middle,middle finger,sredina,sredinec
15720,shift4537,Derivation,34,ACCEPTED,→,middle,652,middle finger,653,Ukrainian,138,Ukrainian,138,middle,middle finger,середній,середній палець
15790,shift4537,Derivation,104,ACCEPTED,→,middle,652,middle finger,653,Serbian,1093,Serbian,1093,middle,middle finger,средњи (srednji),средњак (srednjak)
15791,shift4537,Derivation,105,ACCEPTED,→,middle,652,middle finger,653,Croatian,812,Croatian,812,middle,middle finger,srednji,srednjak
15818,shift5609,Derivation,1,NEW,→,flat (adj),1312,louse,261,Russian,157,Russian,157,flat (adj),crab louse,плоский,площица
15822,shift0473,Polysemy,4,ACCEPTED,→,eye,3890,supervision,4341,Russian,157,Russian,157,eye,supervision,glaz,glaz
15830,shift2606,Polysemy,3,ACCEPTED,→,to put,3025,"to establish, found",2586,Russian,157,Russian,157,to erect,to establish,ustanovit&#39;,ustanovit&#39;
15832,shift6014,Derivation,2,ACCEPTED,→,hand/arm,1550,to tame (animal),3281,Russian,157,Russian,157,hand/arm,to tame (animal),рука (ruka),приручить (priručitʹ)
15833,shift6014,Derivation,3,ACCEPTED,→,hand/arm,1550,to tame (animal),3281,Belarusan,242,Belarusan,242,hand/arm,to tame (animal),рука,прыручыць
15834,shift6014,Derivation,4,ACCEPTED,→,hand/arm,1550,to tame (animal),3281,Ukrainian,138,Ukrainian,138,hand/arm,to tame (animal),рука,приручити
15836,shift3124,Derivation,1,ACCEPTED,→,oat,4512,yellow-hammer,2080,Russian,157,Russian,157,oat,yellowhammer (Emberiza citrinella),oves,ovsjanka
15839,shift3124,Derivation,4,ACCEPTED,→,oat,4512,yellow-hammer,2080,Bulgarian,110,Bulgarian,110,oats,yellow-hammer,овес,овесарка
15850,shift1723,Polysemy,1,NEW,?,to fly,2642,quick,1908,Serbo-Croatian,156,Serbo-Croatian,156,"in-flight, allowing to fly","quick, nimble",letni,letni
15851,shift0144,Derivation,1,ACCEPTED,→,to be tied,2308,to feel affection,2614,Russian,157,Russian,157,to become attached,to get attached,privjazat&#39;sja,"privjazat&#39;sja, privjazannost&#39;"
15875,shift0843,Derivation,1,ACCEPTED,→,to speak,3193,to practice witchcraft,2994,Belarusan,242,Belarusan,242,to whisper,quack (male and female),šaptac&#39;,"šeptun, šeptucha"
15877,shift0843,Derivation,3,ACCEPTED,?,to speak,3193,to practice witchcraft,2994,Russian,157,Russian,157,"to speak, to talk",to bewitch,govorit&#39;,zagovorit&#39;
15878,shift0843,Derivation,4,ACCEPTED,→,to speak,3193,to practice witchcraft,2994,Ukrainian,138,Ukrainian,138,"to speak, to pronounce",quack,promovljaty,prymivnik
15879,shift0843,Polysemy,5,NEW,→,to speak,3193,to practice witchcraft,2994,Croatian,812,Croatian,812,to speak,to practice witchcraft,bahoriti,bahoriti
15892,shift1003,Derivation,6,ACCEPTED,—,light (of weight),211,lung,272,Russian,157,Russian,157,light,lung,лёгкий (lёgkij),лёгкое (lёgkoe)
15915,shift1868,Derivation,2,ACCEPTED,→,road,1486,Milky Way,659,Slovenian,190,Slovenian,190,road,Milky Way,cesta,Rimska cesta
15918,shift1868,Derivation,5,ACCEPTED,→,road,1486,Milky Way,659,Czech,174,Czech,174,road,Milky Way,dráha,Mléčná dráha
15919,shift1868,Derivation,6,ACCEPTED,→,road,1486,Milky Way,659,Russian,157,Russian,157,way,Milky way,put&#39;,mlečnyj put&#39;
15920,shift1868,Derivation,7,ACCEPTED,→,road,1486,Milky Way,659,Ukrainian,138,Ukrainian,138,NA,NA,šljach,čumac&#39;kyj šljach
15930,shift1868,Derivation,17,NEW,→,road,1486,Milky Way,659,Serbian,1093,Serbian,1093,road,Milky Way,"пут (put), стаза (staza)","Млечни пут (Mlečni put), Млечна стаза (Mlečna staza)"
15931,shift1868,Derivation,18,NEW,→,road,1486,Milky Way,659,Croatian,812,Croatian,812,road,Milky Way,"staza, put","Mliječna staza, Mliječni put"
15958,shift3933,Polysemy,6,NEW,→,&lt;horned animal&gt;,1538,beautiful girl,3546,Serbian,1093,Serbian,1093,doe,beautiful girl,кошута (košuta),кошута (košuta)
15959,shift3933,Polysemy,7,NEW,→,&lt;horned animal&gt;,1538,beautiful girl,3546,Croatian,812,Croatian,812,"hind, doe",beautiful girl,košuta,košuta
16046,shift1985,Derivation,87,NEW,→,silver,4081,money,700,Serbian,1093,Serbian,1093,silver,silver coin,сребро (srebro),сребрњак (srebrnjak)
16047,shift1985,Derivation,88,NEW,→,silver,4081,money,700,Croatian,812,Croatian,812,silver,silver coin,srebro,srebrnjak
16080,shift1985,Polysemy,121,NEW,→,silver,4081,money,700,Bulgarian,110,Bulgarian,110,silver,money,сребро,сребро
16105,shift2003,Polysemy,12,ACCEPTED,→,sharp,4022,clever,999,Serbian,1093,Serbian,1093,sharp,clever,оштар (oštar),оштар (oštar)
16106,shift2003,Polysemy,13,ACCEPTED,→,sharp,4022,clever,999,Croatian,812,Croatian,812,sharp,clever,oštar,oštar
16107,shift2003,Polysemy,14,NEW,→,sharp,4022,clever,999,Russian,157,Russian,157,sharp,clever,острый,острый
16117,shift2646,Polysemy,7,SUSPENDED,→,"to unfold, unwind",3334,to develop,2516,Russian,157,Russian,157,to develop,to develop,razvivat&#39;,razvivat&#39;
16125,shift0348,Polysemy,1,NEW,?,to go down,2704,to lack,2828,Czech,174,Czech,174,"1) сходить, спускаться [Павлович 1976: 528]","3) to be lacking, missing",scházet,scházet
16131,shift1719,Polysemy,2,ACCEPTED,?,flexible,1319,quick,1908,Slovenian,190,Slovenian,190,flexible,"quick, fast",véhten,véhten
16140,shift0476,Derivation,2,ACCEPTED,?,mouth,735,ravine,1434,Bulgarian,110,Bulgarian,110,"mouth, chaps, lips",narrow (in the mountains),usta,ustie
16179,shift7692,Derivation,1,ACCEPTED,→,to see/to look at,3121,to respect,3075,Croatian,812,Croatian,812,to see,respect,ugledati,ugled
16180,shift7692,Derivation,2,ACCEPTED,→,to see/to look at,3121,to respect,3075,Serbian,1093,Serbian,1093,to see,respect,угледати (ugledati),углед  (ugled)
16188,shift7194,Motivation,2,NEW,→,spleen (anat.),4210,alternate-leaved golden-saxifrage,1979,Russian,157,Russian,157,spleen (anat.),alternate-leaved golden-saxifrage,селезёнка,селезёночник
16189,shift7194,Motivation,3,NEW,→,spleen (anat.),4210,alternate-leaved golden-saxifrage,1979,Polish,171,Polish,171,spleen (anat.),alternate-leaved golden-saxifrage,śledziona,śledziennica
16190,shift5241,Polysemy,1,ACCEPTED,→,house,1678,motherland,724,Lower Sorbian,9,Lower Sorbian,9,house,native land,dom,dom
16194,shift5241,Derivation,5,ACCEPTED,→,house,1678,motherland,724,Czech,174,Czech,174,house,motherland,domov,domovina
16195,shift5241,Derivation,6,ACCEPTED,→,house,1678,motherland,724,Slovak,234,Slovak,234,house,motherland,domov,domovina
16205,shift5241,Derivation,16,ACCEPTED,→,house,1678,motherland,724,Slovenian,190,Slovenian,190,house,motherland,dom,domovina
16235,shift7575,Derivation,3,ACCEPTED,→,to grow (plants),2723,plant (biol.),398,Belarusan,242,Belarusan,242,to grow (plants),plant (biol.),расцi,расліна
16236,shift7575,Derivation,4,ACCEPTED,→,to grow (plants),2723,plant (biol.),398,Bulgarian,110,Bulgarian,110,to grow (plants),plant (biol.),раста,растение
16237,shift7575,Derivation,5,ACCEPTED,→,to grow (plants),2723,plant (biol.),398,Russian,157,Russian,157,to grow (plants),plant (biol.),расти,растение
16238,shift7575,Derivation,6,ACCEPTED,→,to grow (plants),2723,plant (biol.),398,Czech,174,Czech,174,to grow (plants),plant (biol.),růst,rostlina
16239,shift7575,Derivation,7,ACCEPTED,→,to grow (plants),2723,plant (biol.),398,Macedonian,118,Macedonian,118,to grow (plants),plant (biol.),расте,растение
16240,shift7575,Derivation,8,ACCEPTED,→,to grow (plants),2723,plant (biol.),398,Polish,171,Polish,171,to grow (plants),plant (biol.),róść,roślina
16241,shift7575,Derivation,9,ACCEPTED,→,to grow (plants),2723,plant (biol.),398,Slovak,234,Slovak,234,to grow (plants),plant (biol.),rásť,rastlina
16242,shift7575,Derivation,10,ACCEPTED,→,to grow (plants),2723,plant (biol.),398,Slovenian,190,Slovenian,190,to grow (plants),plant (biol.),rásti,rastlína
16243,shift7575,Derivation,11,ACCEPTED,→,to grow (plants),2723,plant (biol.),398,Lower Sorbian,9,Lower Sorbian,9,to grow (plants),plant (biol.),rosć,rostlina
16244,shift7575,Derivation,12,ACCEPTED,→,to grow (plants),2723,plant (biol.),398,Ukrainian,138,Ukrainian,138,to grow (plants),plant (biol.),рости,рослина
16279,shift3855,Derivation,3,NEW,→,"stranger, foreign",4296,to deprive,2509,Russian,157,Russian,157,stranger,to deprive,чужой,отчуждать
16283,shift7266,Polysemy,1,NEW,→,to stand,3211,to begin (tr.),2332,Serbian,1093,Serbian,1093,to stand,to begin (tr.),стати (stati),стати (stati)
16284,shift7266,Polysemy,2,NEW,→,to stand,3211,to begin (tr.),2332,Croatian,812,Croatian,812,to stand,to begin (tr.),stati,stati
16287,shift6009,Polysemy,1,NEW,→,moustache,734,awn,2069,Polish,171,Polish,171,(chiefly in the plural) moustache,awn,wąs,wąs
16288,shift6009,Polysemy,2,NEW,→,moustache,734,awn,2069,Slovak,234,Slovak,234,"(usually in the plural) moustache, whisker",awn (of cereals),fúz,fúz
16293,shift1668,Polysemy,2,NEW,→,pig (Sus scrofa),369,barbel,3511,Croatian,812,Croatian,812,pig (Sus scrofa),"Bleninius sp., Mugil saliens, Trigla sp.",prasica,prasica
16303,shift2197,Derivation,1,ACCEPTED,→,"table, desk",2107,joiner; cabinetmaker,1192,Russian,157,Russian,157,table,carpenter,stol,stoljar
16304,shift2197,Derivation,2,ACCEPTED,→,"table, desk",2107,joiner; cabinetmaker,1192,Slovenian,190,Slovenian,190,table,carpenter,miza,mizar
16314,shift5224,Polysemy,2,ACCEPTED,—,child (son or daughter),958,child (young person),959,Russian,157,Russian,157,child (son or daughter),child (of age),ребёнок,ребёнок
16335,shift5224,Polysemy,23,ACCEPTED,—,child (son or daughter),958,child (young person),959,Polish,171,Polish,171,child (son or daughter),child (of age),dziecko,dziecko
16336,shift5224,Polysemy,24,ACCEPTED,—,child (son or daughter),958,child (young person),959,Slovenian,190,Slovenian,190,child (son or daughter),child (of age),otròk,otròk
16401,shift7954,Polysemy,2,NEW,→,to hold (in hands),2771,to keep as a domestic animal,2814,Russian,157,Russian,157,to hold (in hands),to keep as a domestic animal,держать,держать
16403,shift6854,Polysemy,2,NEW,→,to die,2517,to get tired,2689,Russian,157,Russian,157,to kill oneself,"to tire (intr.), get tired",убиться,убиться
16407,shift6450,Polysemy,2,NEW,→,wart,13,greater celandine,842,Polish,171,Polish,171,wart,greater celandine,brodawka,brodawka
16409,shift3602,Derivation,1,ACCEPTED,→,day,4391,today,3393,Russian,157,Russian,157,NA,NA,den&#39;,segodnja
16416,shift3602,Derivation,8,NEW,→,day,4391,today,3393,Serbian,1093,Serbian,1093,day,today,дан (dan),данас (danas)
16417,shift3602,Derivation,9,NEW,—,day,4391,today,3393,Croatian,812,Croatian,812,day,today,dan,danas
16423,shift4970,Polysemy,1,NEW,→,pawn (in chess),320,"puppet, lay figure",494,Russian,157,Russian,157,pawn (in chess),"puppet, lay figure",пешка,пешка
16427,shift3391,Polysemy,3,ACCEPTED,→,light (of weight),211,not strong (of liquid or smell),1882,Russian,157,Russian,157,light (of weight),weak (of wine),лёгкий,лёгкий
16430,shift3826,Polysemy,1,ACCEPTED,—,moose,709,fly agaric (Amanita muscaria),1328,Russian,157,Russian,157,moose,fly agaric (Amanita muscaria),лось,лосиный гриб
16433,shift0162,Polysemy,2,ACCEPTED,→,"to drive, to force to move on",2560,to tell lie,3291,Russian,157,Russian,157,"to chase, to drive",(slang) to lie,гнать (gnat&#39;),гнать (gnat&#39;)
16443,shift7812,Motivation,9,ACCEPTED,→,fool,1336,pyrite,500,Czech,174,Czech,174,"fool, lunatic",pyrite,blázen,bláznovo zlato
16449,shift5431,Polysemy,2,ACCEPTED,?,to feel,2612,to have smell,2754,Polish,171,Polish,171,to feel,to smell (impers.),czuć,czuć
16460,shift0366,Polysemy,10,ACCEPTED,—,heavy (of weight),1594,difficult,4433,Russian,157,Russian,157,heavy,"hard, difficult",tjaželyj,tjaželyj
16479,shift0366,Polysemy,29,NEW,→,heavy (of weight),1594,difficult,4433,Serbian,1093,Serbian,1093,heavy (of weight),difficult,тежак (težak),тежак (težak)
16480,shift0366,Polysemy,30,NEW,→,heavy (of weight),1594,difficult,4433,Croatian,812,Croatian,812,heavy (of weight),difficult,težak,težak
16482,shift0366,Polysemy,32,NEW,→,heavy (of weight),1594,difficult,4433,Bulgarian,110,Bulgarian,110,heavy (of weight),difficult,тежък,тежък
16525,shift0366,Polysemy,75,NEW,→,heavy (of weight),1594,difficult,4433,Lower Sorbian,9,Lower Sorbian,9,heavy (of weight),difficult,śěžki,śěžki
16530,shift1414,Polysemy,1,NEW,?,thin (of an object),2172,"keen (of senses, mind)",1704,Russian,157,Russian,157,thin,fine,tonkij,tonkij
16536,shift0869,Derivation,4,ACCEPTED,—,hot,1673,fever,1267,Russian,157,Russian,157,hot,fever,žarkij,žar
16538,shift0869,Derivation,6,ACCEPTED,→,hot,1673,fever,1267,Russian,157,Russian,157,hot,fever,gorjačij,gorjačka
16547,shift2098,Polysemy,1,NEW,?,to hew,2763,to object,2944,Russian,157,Russian,157,"to cut off, to chop off",to cut off,otrubit&#39;,otrubit&#39;
16550,shift0743,Polysemy,2,ACCEPTED,?,to weigh (tr.),3369,to think,3293,Russian,157,Russian,157,to weigh,"to consider, to ponder",vzvešivat&#39;,vzvešivat&#39;
16562,shift3713,Polysemy,1,ACCEPTED,—,"to raise, lift (tr.)",3037,to cause to moving,2412,Russian,157,Russian,157,"to raise, lift (tr.)",to cause to moving,поднять,поднять
16563,shift5918,Derivation,1,ACCEPTED,→,blood,3630,Saint-John&#39;s-wort (Hypericum),3926,Belarusan,242,Belarusan,242,blood,John's wood,kroŭ,kryvaŭnik
16569,shift1161,Derivation,2,ACCEPTED,—,to ripen,3089,to become inevitable,2318,Russian,157,Russian,157,to ripen,to be imminent,зреть (zret&#39;),назревать (nazrevat&#39;)
16571,shift2277,Polysemy,1,NEW,→,to float,2637,"to move smoothly, gently",2931,Russian,157,Russian,157,"to swim, to float",to float,plyt&#39;,plyt&#39;
16576,shift3323,Internal cognates,4,ACCEPTED,—,cloudy,1009,sad,3912,Russian,157,Russian,157,cloudy,sad,пасмурный,смурной
16579,shift0862,Polysemy,3,ACCEPTED,?,head,1578,beginning,3564,Russian,157,Russian,157,head,beginning,golova,golova
16618,shift1165,Polysemy,6,ACCEPTED,—,to work,3380,to give birth,2693,Russian,157,Russian,157,"to work hard, to suffer",to deliver (a child),мучиться (mučit&#39;sja),мучиться (mučit&#39;sja)
16627,shift8580,Polysemy,2,ACCEPTED,←,firearm,1290,cannon (weapon),887,Russian,157,Russian,157,"(criminal slang) pistol, handgun",cannon (weapon),пушка,пушка
16655,shift1799,Polysemy,6,NEW,→,to call,2396,to make a telephone call,2882,Serbian,1093,Serbian,1093,to call,to make a telephone call,звати (zvati),звати (zvati)
16666,shift5617,Derivation,3,ACCEPTED,→,key (of a door),1705,keystone,1706,Bulgarian,110,Bulgarian,110,key (of a door),keystone,ключ,Ключов камък
16672,shift5617,Polysemy,9,ACCEPTED,→,key (of a door),1705,keystone,1706,Polish,171,Polish,171,key (of a door),keystone,klucz,klucz
16673,shift5617,Polysemy,10,ACCEPTED,→,key (of a door),1705,keystone,1706,Ukrainian,138,Ukrainian,138,key (of a door),keystone,ключ,ключ
16674,shift5617,Polysemy,11,ACCEPTED,→,key (of a door),1705,keystone,1706,Belarusan,242,Belarusan,242,key (of a door),keystone,ключ,ключ
16692,shift0353,Polysemy,1,NEW,→,grey,846,heavy (of weight),1594,Serbian,1093,Serbian,1093,grey,heavy (of weight),сињи (sinji),сињи (sinji)
16704,shift7122,Polysemy,3,NEW,→,to put,3025,to appoint (to a position),2232,Russian,157,Russian,157,to put,to appoint (to a position),ставить,ставить
16710,shift1776,Polysemy,3,ACCEPTED,→,female calf,1256,girl,786,Russian,157,Russian,157,heifer,girl (colloq.),тёлка,тёлка
16743,shift5613,Polysemy,14,ACCEPTED,→,left,183,left (political),184,Serbian,1093,Serbian,1093,left,left (political),леви (levi),"леви (levi), левичарски (levičarski)"
16744,shift7706,Derivation,1,NEW,→,copper,1093,smooth snake,4133,Russian,157,Russian,157,copper,smooth snake,медь,медянка
16745,shift7706,Derivation,2,NEW,→,copper,1093,smooth snake,4133,Belarusan,242,Belarusan,242,copper,smooth snake,медзь,мядзянка
16746,shift7706,Derivation,3,NEW,→,copper,1093,smooth snake,4133,Ukrainian,138,Ukrainian,138,copper,smooth snake,мiдь,мідянка
16758,shift3378,Derivation,2,ACCEPTED,→,mother,720,queen (bee),1903,Lower Sorbian,9,Lower Sorbian,9,mother (obs.),queen bee,matka,matka
16759,shift3378,Polysemy,3,ACCEPTED,→,mother,720,queen (bee),1903,Bulgarian,110,Bulgarian,110,mother,queen bee,majka,majka
16760,shift1181,Polysemy,1,NEW,?,sediment,3984,something bad,4162,Russian,157,Russian,157,residue,of bad quality,otstoj,otstoj
16777,shift5745,Derivation,4,ACCEPTED,→,"to calculate, count",2393,computer,1075,Czech,174,Czech,174,"to calculate, count",computer,počítat,počítač
16786,shift5745,Derivation,13,ACCEPTED,→,"to calculate, count",2393,computer,1075,Croatian,812,Croatian,812,"to calculate, count",computer,računati,"računalo, računar"
16787,shift5745,Derivation,14,ACCEPTED,→,"to calculate, count",2393,computer,1075,Serbian,1093,Serbian,1093,"to calculate, count",computer,рачунати (računati),рачунар (računar)
16789,shift1639,Derivation,1,ACCEPTED,→,"to go, walk",2715,"to resemble, be alike",3073,Russian,157,Russian,157,to walk,to be similar,ходить (hodit&#39;),походить (pohodit&#39;)
16794,shift1033,Derivation,1,ACCEPTED,?,to smell bad,3177,to quarrel,3035,Russian,157,Russian,157,to stink,"X is stinking = X is expressing his or her discontent, and the speaker does not approve X's opinion",vonjat&#39;,razvonjat&#39;sja
16798,shift4568,Polysemy,2,ACCEPTED,→,to rotate (tr.),3097,to ache,2214,Russian,157,Russian,157,to rotate (tr.),to ache,крутить,крутить
16808,shift0926,Polysemy,6,ACCEPTED,—,barley,3516,sty (on the eye),4313,Russian,157,Russian,157,barley,eye desease,jačmen&#39;,jačmen&#39;
16826,shift6303,Derivation,1,ACCEPTED,—,earth,3798,strawberry (Fragaria moschata),4299,Russian,157,Russian,157,earth,wild strawberry,земля,земляника
16845,shift6303,Derivation,20,ACCEPTED,→,earth,3798,strawberry (Fragaria moschata),4299,Polish,171,Polish,171,earth,wild strawberry,ziemia,poziomka
16849,shift7847,Polysemy,1,NEW,→,sound,4173,news,1857,Serbian,1093,Serbian,1093,sound,news,глас (glas),глас (glas)
16850,shift7847,Polysemy,2,NEW,→,sound,4173,news,1857,Croatian,812,Croatian,812,sound,news,glas,glas
16854,shift1248,Polysemy,1,ACCEPTED,→,"to be, exist",2310,"may, to be allowed",610,Bulgarian,110,Bulgarian,110,"to be, to happen, to take place","possible, probable (only 3rd person sg)",bivam,biva
16868,shift1722,Polysemy,1,ACCEPTED,—,alive,1970,active,1939,Russian,157,Russian,157,alive,vivacious,živoj,živoj
16874,shift8443,Polysemy,2,NEW,→,"to drive, to force to move on",2560,to fire (from job),2628,Russian,157,Russian,157,"to drive, to force to move on",to fire (from job),выгнать,выгнать
16880,shift4512,Polysemy,3,ACCEPTED,→,candle,885,spark plug,4185,Russian,157,Russian,157,candle,spark plug,свеча,свеча
16892,shift1023,Polysemy,1,ACCEPTED,→,squirrel (Sciurus),4237,&lt;money&gt;,559,Old East Slavic,160,Old East Slavic,160,squirrel,money unit,вѣверица,вѣверица
16897,shift1023,Polysemy,6,ACCEPTED,→,squirrel (Sciurus),4237,&lt;money&gt;,559,Old East Slavic,160,Old East Slavic,160,squirrel,money unit,вѣкша,вѣкша
16898,shift1023,Polysemy,7,ACCEPTED,→,squirrel (Sciurus),4237,&lt;money&gt;,559,Old East Slavic,160,Old East Slavic,160,squirrel,"mite, lepton",бѣла,бѣла
16907,shift5362,Derivation,2,ACCEPTED,→,iron,1806,fetters,1265,Russian,157,Russian,157,iron,(archaic) fetters,железо (železo),железа (železa)
16915,shift1516,Cognates,2,NEW,?,work (n.),121,"service, good turn",3998,Russian,157,Russian,157,service,favour,služba,usluga
16925,shift1035,Polysemy,9,NEW,—,healthy,1585,intact,1796,Croatian,812,Croatian,812,healthy,intact,čitav,čitav
16926,shift1035,Polysemy,10,NEW,—,healthy,1585,intact,1796,Serbian,1093,Serbian,1093,healthy,intact,читав (čitav),читав (čitav)
16936,shift2520,Polysemy,1,ACCEPTED,→,house,1678,coffin,1030,Bulgarian,110,Bulgarian,110,"house, home",coffin,kăšta,kăšta
16937,shift2520,Derivation,2,ACCEPTED,→,house,1678,coffin,1030,Russian,157,Russian,157,house,coffin,dom,domovina
16940,shift6015,Derivation,1,ACCEPTED,→,foot/leg,1340,leg (furniture),186,Russian,157,Russian,157,foot/leg,leg (furniture),нога,ножка
16956,shift6015,Polysemy,17,NEW,→,foot/leg,1340,leg (furniture),186,Serbian,1093,Serbian,1093,foot/leg,leg (furniture),нога (noga),нога (noga)
16957,shift6015,Polysemy,18,NEW,→,foot/leg,1340,leg (furniture),186,Croatian,812,Croatian,812,foot/leg,leg (furniture),noga,noga
16987,shift1323,Polysemy,5,ACCEPTED,—,dark (adj.),4382,"gloomy, depressed",796,Czech,174,Czech,174,dull [Павлович 1976: 145],gloomy (fig.),chmurný,chmurný
16989,shift1323,Derivation,7,ACCEPTED,→,dark (adj.),4382,"gloomy, depressed",796,Russian,157,Russian,157,darkness,gloomy,мрак (mrak),мрачный (mračnyj)
16995,shift1323,Polysemy,13,NEW,→,dark (adj.),4382,"gloomy, depressed",796,Serbian,1093,Serbian,1093,dark (adj.),"gloomy, depressed",таман (taman),таман (taman)
16996,shift1323,Polysemy,14,NEW,→,dark (adj.),4382,"gloomy, depressed",796,Croatian,812,Croatian,812,dark (adj.),"gloomy, depressed",taman,taman
16999,shift0932,Derivation,3,ACCEPTED,?,heart,1588,centre,930,Russian,157,Russian,157,heart,middle,serdce,seredina
17008,shift0932,Polysemy,12,NEW,→,heart,1588,centre,930,Serbian,1093,Serbian,1093,heart,centre,срце (srce),срце (srce)
17014,shift7502,Derivation,1,ACCEPTED,→,wind,88,chickenpox,956,Polish,171,Polish,171,windy,chickenpox,wietrzny,ospa wietrzna
17023,shift7502,Motivation,10,ACCEPTED,→,wind,88,chickenpox,956,Russian,157,Russian,157,wind,chickenpox,ветер (veter),ветрянка (vetrjanka)
17024,shift6452,Polysemy,1,NEW,→,beard,3541,fibres prepared for spinning,1269,Russian,157,Russian,157,beard,(dialectal) fibres prepared for spinning,борода,борода
17031,shift3450,Polysemy,2,ACCEPTED,→,"only, just",4547,"but, however",3729,Russian,157,Russian,157,only,"but, however",tol&#39;ko,tol&#39;ko
17035,shift2392,Derivation,2,NEW,→,cheerful,950,rainbow,1421,Ukrainian,138,Ukrainian,138,cheerful,rainbow,veselyj,veselka
17049,shift7268,Polysemy,1,ACCEPTED,→,mother,720,origin,4562,Serbian,1093,Serbian,1093,mother,"basis, foundation",мајка (majka),мајка (majka)
17050,shift7268,Polysemy,2,ACCEPTED,→,mother,720,origin,4562,Russian,157,Russian,157,mother,origin,мать,мать
17051,shift7268,Polysemy,3,ACCEPTED,→,mother,720,origin,4562,Croatian,812,Croatian,812,mother,origin,majka,majka
17055,shift2212,Derivation,1,ACCEPTED,—,foot,1338,mountain foot,729,Russian,157,Russian,157,"leg, foot",foot,noga,podnožie
17056,shift2212,Polysemy,2,ACCEPTED,?,foot,1338,mountain foot,729,Russian,157,Russian,157,lower part of the foot,bottom,podošva,podošva gory
17064,shift3230,Polysemy,1,ACCEPTED,→,runner,1523,millstone,665,Czech,174,Czech,174,runner,upper millstone,běhoun,běhoun
17068,shift1359,Polysemy,3,SUSPENDED,→,"firm, solid",1296,healthy,1585,Serbian,1093,Serbian,1093,"firm, solid",healthy,крепак (krepak),крепак (krepak)
17100,shift2513,Polysemy,5,ACCEPTED,→,&lt;hat&gt;,1534,"caul, amniotic sac",915,Polish,171,Polish,171,"cap, night cap",amnionic membrane,czepek,czepek
17103,shift2513,Polysemy,8,ACCEPTED,→,&lt;hat&gt;,1534,"caul, amniotic sac",915,Russian,157,Russian,157,cap,amnionic membrane,šapočka,šapočka
17104,shift2513,Polysemy,9,ACCEPTED,→,&lt;hat&gt;,1534,"caul, amniotic sac",915,Russian,157,Russian,157,"cap, night cap",amnionic membrane,čepec,čepec
17138,shift6946,Polysemy,2,NEW,→,"sign, designation",4076,letter (character),199,Serbian,1093,Serbian,1093,"sign, designation",letter (character),знак (znak),знак (znak)
17157,shift6203,Derivation,2,NEW,→,fragile,1362,Anguis fragilis,1998,Russian,157,Russian,157,"fragile, easy to break",Anguis fragilis,ломкий,ломкая веретеница
17184,shift0545,Derivation,6,ACCEPTED,→,to pay,2963,to revenge,3082,Russian,157,Russian,157,to pay,to repay,platit&#39;,otplatit&#39;
17197,shift0545,Polysemy,19,ACCEPTED,→,to pay,2963,to revenge,3082,Russian,157,Russian,157,to pay one's debt,to revenge,расквитаться (raskvitat&#39;sja),расквитаться (raskvitat&#39;sja)
17198,shift0545,Derivation,20,ACCEPTED,→,to pay,2963,to revenge,3082,Russian,157,Russian,157,recompense,revenge,мзда (mzda),возмездие (vozmezdie)
17203,shift5060,Polysemy,1,ACCEPTED,→,lenten (fare),193,fatless,1245,Russian,157,Russian,157,lenten (fare),lean (meat),постный (postnyj),постный (postnyj)
17217,shift7588,Polysemy,3,NEW,→,to move down (tr.),2928,to diminish,2522,Russian,157,Russian,157,to move down (tr.),to diminish,опускать,опускать
17219,shift8109,Polysemy,2,ACCEPTED,→,dolphin,4461,butterfly stroke,3736,Russian,157,Russian,157,dolphin,variation of the butterfly stroke,дельфин,дельфин
17220,shift8109,Polysemy,3,ACCEPTED,→,dolphin,4461,butterfly stroke,3736,Czech,174,Czech,174,dolphin,competitive swimming style combining a butterfly stroke of the arms with the simultaneous movement of both legs up and down,delfín,delfín
17222,shift8109,Polysemy,5,ACCEPTED,→,dolphin,4461,butterfly stroke,3736,Macedonian,118,Macedonian,118,dolphin,butterfly stroke,делфин,делфин
17223,shift8109,Polysemy,6,ACCEPTED,→,dolphin,4461,butterfly stroke,3736,Polish,171,Polish,171,dolphin,butterfly stroke,delfin,delfin
17228,shift6496,Polysemy,2,NEW,→,"hazy, turbid, opaque",1576,"suspicious, questionable",4352,Russian,157,Russian,157,"hazy, turbid, opaque","suspicious, questionable",мутный,мутный
17229,shift2958,Polysemy,1,ACCEPTED,—,strength,4301,clean (adj.),998,Serbo-Croatian,156,Serbo-Croatian,156,force,purity (reg.),snaga,snaga
17230,shift1873,Derivation,1,NEW,?,to dislocate (of a joint),2533,to go mad,2707,Russian,157,Russian,157,"to dislocate, to disjoint",to go mad,vyvihnut&#39;,svihnut&#39;sja
17233,shift6547,Derivation,1,NEW,—,correct (adj.),1105,healthy,1585,Russian,157,Russian,157,"right, correct",to get better,pravil&#39;nyj,popravljat&#39;sja
17236,shift3946,Polysemy,2,ACCEPTED,→,standart-bearer,4246,&lt;military rank&gt;,558,Polish,171,Polish,171,a person appointed to carry the flag,a person in the military hierarchy higher than a sergeant and lower than a lieutenant,chorąży,chorąży
17237,shift3946,Semantic evolution,3,ACCEPTED,→,standart-bearer,4246,&lt;military rank&gt;,558,Russian,157,Russian,157,standart-bearer,military rank,прапорщик,прапорщик
17240,shift3946,Polysemy,6,NEW,→,standart-bearer,4246,&lt;military rank&gt;,558,Serbian,1093,Serbian,1093,standart-bearer,in the Serbian Armed Forces and in some of the world armies one of the highest non-commissioned officers,заставник (zastavnik),заставник (zastavnik)
17241,shift3946,Polysemy,7,NEW,→,standart-bearer,4246,&lt;military rank&gt;,558,Croatian,812,Croatian,812,standart-bearer,the lowest officer rank in some armies,zastavnik,zastavnik
17244,shift2966,Derivation,1,NEW,→,knot,1723,"rope, cord",1504,Serbian,1093,Serbian,1093,knot,"rope, string, cord, lashing",уза (uza),уже (uže)
17245,shift2966,Derivation,2,NEW,→,knot,1723,"rope, cord",1504,Croatian,812,Croatian,812,knot,"rope, string, cord, lashing",uza,uže
17248,shift4720,Semantic evolution,1,NEW,→,sleeping,4112,dense (forest),4413,Old East Slavic,160,Old East Slavic,160,sleeping,dense (forest),дрѣмѫчии,дремучий
17256,shift5627,Derivation,8,ACCEPTED,→,"Mary, mother of Jesus",601,ladybird,145,Macedonian,118,Macedonian,118,form of Мария 'Mary',ladybird,Мара,бубамара
17259,shift5627,Derivation,11,ACCEPTED,→,"Mary, mother of Jesus",601,ladybird,145,Serbian,1093,Serbian,1093,"Mary, mother of Jesus",ladybird,Мара (Mara),бубамара (bubamara)
17260,shift5627,Derivation,12,ACCEPTED,→,"Mary, mother of Jesus",601,ladybird,145,Croatian,812,Croatian,812,"Mary, mother of Jesus",ladybird,Mara,bubamara
17267,shift2188,Derivation,3,ACCEPTED,→,to be separated,2297,to die,2517,Serbian,1093,Serbian,1093,to be separated,to die,раставити (rastaviti),раставити се (rastaviti se)
17301,shift5236,Polysemy,1,ACCEPTED,→,brother,3700,member of religious organisation,634,Russian,157,Russian,157,brother,member of religious organisation,brat,brat
17304,shift5236,Polysemy,4,ACCEPTED,→,brother,3700,member of religious organisation,634,Ukrainian,138,Ukrainian,138,brother,member of the Christian brotherhood; monk,брат,брат
17307,shift5236,Polysemy,7,ACCEPTED,→,brother,3700,member of religious organisation,634,Czech,174,Czech,174,brother,"member of a religious community, monastic order",bratr,bratr
17315,shift2257,Polysemy,2,NEW,—,to cut,2484,"to carp, find faults",2400,Russian,157,Russian,157,to saw,to find fault,pilit&#39;,pilit&#39;
17321,shift2961,Polysemy,2,ACCEPTED,—,bow-string,3662,tendon,2147,Serbian,1093,Serbian,1093,bow-string,tendon,тетива (tetiva),тетива (tetiva)
17322,shift2961,Polysemy,3,ACCEPTED,—,bow-string,3662,tendon,2147,Croatian,812,Croatian,812,bow-string,tendon,tetiva,tetiva
17324,shift7597,Motivation,1,ACCEPTED,→,to blow,2355,dandelion,4378,Russian,157,Russian,157,to blow,dandelion,дуть,одуванчик
17325,shift7597,Motivation,2,ACCEPTED,→,to blow,2355,dandelion,4378,Polish,171,Polish,171,to blow,(colloquial) dandelion,dmuchać,dmuchawiec
17326,shift7597,Derivation,3,ACCEPTED,→,to blow,2355,dandelion,4378,Belarusan,242,Belarusan,242,to blow,dandelion,дзьмухаць,дзьмухавец
17327,shift7597,Motivation,4,ACCEPTED,→,to blow,2355,dandelion,4378,Belarusan,242,Belarusan,242,to blow,dandelion,дуць,адуванчык
17334,shift1904,Polysemy,1,NEW,?,flat (adj),1312,unfunny,522,Russian,157,Russian,157,flat,stupid,ploskij,ploskij
17339,shift6580,Derivation,4,ACCEPTED,→,bed,3549,bearing (mechanical device),3544,Czech,174,Czech,174,bed,bearing (mechanical device),lože,ložisko
17340,shift6580,Derivation,5,ACCEPTED,→,bed,3549,bearing (mechanical device),3544,Slovak,234,Slovak,234,bed,bearing (mechanical device),lože,ložisko
17342,shift6580,Derivation,7,ACCEPTED,→,bed,3549,bearing (mechanical device),3544,Polish,171,Polish,171,bed,bearing (mechanical device),łoże,łożysko
17349,shift1399,Polysemy,6,ACCEPTED,→,dirty,4440,bad (ethically),3494,Russian,157,Russian,157,dirty,dirty,grjaznyj,grjaznyj
17360,shift1399,Polysemy,17,NEW,→,dirty,4440,bad (ethically),3494,Serbian,1093,Serbian,1093,dirty,evil spirit,поган (pogan),поган (pogan)
17361,shift1399,Polysemy,18,NEW,→,dirty,4440,bad (ethically),3494,Croatian,812,Croatian,812,dirty,evil spirit,pogan,pogan
17363,shift1399,Polysemy,20,NEW,→,dirty,4440,bad (ethically),3494,Serbian,1093,Serbian,1093,dirt,"moral corruption, vice, debauchery",блато (blato),блато (blato)
17364,shift1399,Polysemy,21,NEW,→,dirty,4440,bad (ethically),3494,Croatian,812,Croatian,812,dirt,"moral depravity, vice, social bottom",blato,blato
17367,shift5679,Polysemy,3,ACCEPTED,→,mine (underground tunnel),669,mine (explosive device),668,Russian,157,Russian,157,(XVIII-XIX c.) excavation made in the rock or under a structure in order to blow it up with an explosive charge,(from XIX c.) mine (explosive device),мина,мина
17374,shift0231,Derivation,1,ACCEPTED,—,to die,2517,very,3761,Russian,157,Russian,157,death,strongly,смерть (smert&#39;),до смерти (do smerti)
17395,shift5678,Polysemy,1,ACCEPTED,→,monster (abnormal creature),704,cruel,1151,Russian,157,Russian,157,monster,"a person with some bad character traits, oddities in behavior, etc.",монстр,монстр
17397,shift5678,Polysemy,3,ACCEPTED,→,monster (abnormal creature),704,cruel,1151,Russian,157,Russian,157,monster,"about a person of low, repulsive moral qualities",чудовище (čudóvišče),чудовище (čudóvišče)
17401,shift5678,Polysemy,7,ACCEPTED,→,monster (abnormal creature),704,cruel,1151,Polish,171,Polish,171,a person who stands out from others with a special ugliness,"a person considered in their actions as particularly malicious or cruel, or even devoid of human feelings",potwór,potwór
17404,shift8452,Internal cognates,2,NEW,→,to turn over,3323,disgusting,4444,Russian,157,Russian,157,to turn over,disgusting,otvorotit’,otvratitel’nyj
17407,shift4953,Polysemy,2,ACCEPTED,—,sky,4106,ceiling,921,Russian,157,Russian,157,sky,a type of ceiling in Russian churches,небо,небо
17415,shift5621,Polysemy,1,NEW,→,priest (Christianity),462,dung-beetle,4501,Russian,157,Russian,157,priest,(dialect) dung-beetle,поп,поп
17425,shift2545,Polysemy,6,ACCEPTED,—,low (location),263,low (social),265,Russian,157,Russian,157,low,contemptible,низкий (nizkij),низкий (nizkij)
17426,shift2545,Polysemy,7,NEW,→,low (location),263,low (social),265,Serbian,1093,Serbian,1093,low (location),low (social),низак (nizak),низак (nizak)
17428,shift4734,Polysemy,1,NEW,→,"corral, enclosure for cattle",1104,herd,1613,Polish,171,Polish,171,"(datet, dialect) enclosure for cattle or sheep",herd,hurt,hurt
17452,shift4580,Polysemy,1,NEW,→,to wake up (intr.),3348,to erupt,2584,Russian,157,Russian,157,to wake up (intr.),to erupt,проснуться (prosnut&#39;sja),проснуться (prosnut&#39;sja)
17455,shift2196,Derivation,2,NEW,→,"to braid, plait, weave",2364,wall,6,Old East Slavic,160,Old East Slavic,160,to plait,"fence, wall",плести,оплотъ
17459,shift5775,Polysemy,3,ACCEPTED,→,bow (weapon),3659,"bow, fiddlestick",3660,Bulgarian,110,Bulgarian,110,bow (weapon),"bow, fiddlestick",лък,лък
17471,shift5775,Polysemy,15,ACCEPTED,→,bow (weapon),3659,"bow, fiddlestick",3660,Slovenian,190,Slovenian,190,bow (weapon),"bow, fiddlestick",lok,lok
17492,shift7297,Polysemy,1,NEW,→,to hit the target,2769,to find,2627,Serbian,1093,Serbian,1093,to hit the target,to find,погодити (pogoditi),погодити (pogoditi)
17496,shift0591,Polysemy,3,ACCEPTED,?,house,1678,family,1226,Russian,157,Russian,157,house,"family, household",dom,dom
17503,shift0591,Derivation,10,ACCEPTED,→,house,1678,family,1226,Russian,157,Russian,157,house,members of one's family,дом,домашние
17513,shift1226,Polysemy,2,ACCEPTED,←,"to strike, hit",3234,wound (n.),125,Czech,174,Czech,174,"blow, a strong jolt",wound,rána,rána
17522,shift0184,Polysemy,7,ACCEPTED,→,to sleep,3169,to copulate,2462,Russian,157,Russian,157,to sleep,"to shag, to go to bed",spat&#39;,spat&#39;
17525,shift0184,Polysemy,10,NEW,→,to sleep,3169,to copulate,2462,Serbian,1093,Serbian,1093,to sleep,to have sexual intercourse (with),спавати (spavati),спавати (spavati)
17526,shift0184,Polysemy,11,NEW,→,to sleep,3169,to copulate,2462,Croatian,812,Croatian,812,to sleep,to have sexual intercourse (with),spavati,spavati
17527,shift4278,Derivation,1,ACCEPTED,—,to sweep,3260,blizzard,3627,Russian,157,Russian,157,to sweep,blizzard,мести (mesti),метель (metel&#39;)
17528,shift4278,Derivation,2,ACCEPTED,→,to sweep,3260,blizzard,3627,Belarusan,242,Belarusan,242,to sweep,blizzard,месці,мяцель
17529,shift4278,Derivation,3,ACCEPTED,→,to sweep,3260,blizzard,3627,Ukrainian,138,Ukrainian,138,to sweep,blizzard,мести,метелиця
17535,shift7649,Polysemy,2,NEW,→,to pinch,2976,to hurt,2777,Russian,157,Russian,157,to pinch,(only 3sg) to hurt,щипать,щипать
17536,shift7649,Polysemy,3,NEW,→,to pinch,2976,to hurt,2777,Belarusan,242,Belarusan,242,to pinch,to hurt,шчыпаць,шчыпаць
17565,shift0113,Derivation,7,ACCEPTED,?,to throw,3296,to leave,2838,Russian,157,Russian,157,to throw,to leave,kidat&#39;,"pokinut&#39;, pokidat&#39;"
17566,shift0113,Polysemy,8,ACCEPTED,?,to throw,3296,to leave,2838,Russian,157,Russian,157,to throw,to leave,brosat&#39;,brosat&#39;
17580,shift5283,Derivation,4,ACCEPTED,—,husband,1694,wife,73,Russian,157,Russian,157,husband,wife,супруг,супруга
17583,shift1671,Derivation,1,ACCEPTED,→,alder (tree),1967,common minnow,1057,Czech,174,Czech,174,alder,minnow,olše,olšovka
17599,shift0792,Derivation,11,ACCEPTED,→,deaf,4396,stupid,4312,Russian,157,Russian,157,deaf,"fool, dupe",gluhoj,glušnja
17641,shift6330,Polysemy,2,NEW,→,hammer,1545,"hammer bone, malleus",1546,Russian,157,Russian,157,small hammer,"hammer bone, malleus",молоточек,молоточек
17648,shift2261,Derivation,2,ACCEPTED,→,to remember,3063,to feel,2612,Serbian,1093,Serbian,1093,to remember,to feel,сетити се (setiti se),осетити се (osetiti se)
17649,shift2261,Derivation,3,ACCEPTED,→,to remember,3063,to feel,2612,Croatian,812,Croatian,812,to remember,to feel,sjetiti,osjetiti
17666,shift5761,Derivation,4,ACCEPTED,→,court (of a sovereign),1114,polite,431,Czech,174,Czech,174,court (of a sovereign),polite,dvůr,zdvořilý
17677,shift7270,Polysemy,1,NEW,→,blue,3634,blonde,3629,Serbian,1093,Serbian,1093,blue,blonde,плав (plav),плав (plav)
17678,shift7270,Polysemy,2,NEW,→,blue,3634,blonde,3629,Croatian,812,Croatian,812,blue,blonde,plav,plav
17694,shift2837,Derivation,1,ACCEPTED,→,iron,1806,iron (for pressing clothes),1807,Polish,171,Polish,171,iron,iron,żelazo,żelazko
17713,shift0160,Polysemy,6,ACCEPTED,→,salad,3927,lettuce,201,Russian,157,Russian,157,salad,lettuce,салат,салат
17714,shift0160,Polysemy,7,ACCEPTED,→,salad,3927,lettuce,201,Ukrainian,138,Ukrainian,138,salad,lettuce,салат,салат
17718,shift0160,Polysemy,11,ACCEPTED,→,salad,3927,lettuce,201,Macedonian,118,Macedonian,118,salad,lettuce,салата,салата
17731,shift8049,Polysemy,1,ACCEPTED,→,backside,3491,buttock,3737,Russian,157,Russian,157,"backside, back part",buttock,зад,зад
17734,shift8049,Polysemy,4,ACCEPTED,→,backside,3491,buttock,3737,Ukrainian,138,Ukrainian,138,"back part, rear end",buttock,зад,зад
17737,shift1221,Polysemy,1,NEW,?,to dig,2519,to find,2627,Russian,157,Russian,157,to unearth,to find,otkopat&#39;,otkopat&#39;
17756,shift3105,Cognates,2,ACCEPTED,→,throat,2186,barrel (of a gun),3518,Russian,157,Russian,157,throat,barrel (of a gun),горло,жерло
17757,shift1257,Polysemy,1,NEW,—,to intend,2798,to doubt,2546,Serbian,1093,Serbian,1093,to intend,to doubt,канити се (kaniti se),канити се (kaniti se)
17758,shift6112,Derivation,1,ACCEPTED,→,not to do,1883,Sunday,4335,Ukrainian,138,Ukrainian,138,not to do,Sunday,не ділати,неділя
17759,shift6112,Derivation,2,ACCEPTED,→,not to do,1883,Sunday,4335,Belarusan,242,Belarusan,242,not to do,Sunday,не дзялаць,нядзеля
17760,shift6112,Derivation,3,ACCEPTED,→,not to do,1883,Sunday,4335,Old East Slavic,160,Old East Slavic,160,not to do,Sunday,не дѣлати,недѣля
17761,shift6112,Derivation,4,ACCEPTED,→,not to do,1883,Sunday,4335,Bulgarian,110,Bulgarian,110,not to do,Sunday,не дялам,неделя
17762,shift6112,Derivation,5,ACCEPTED,→,not to do,1883,Sunday,4335,Polish,171,Polish,171,not to do,Sunday,ne działać,niedziela
17763,shift6112,Derivation,6,NEW,→,not to do,1883,Sunday,4335,Bosnian,897,Bosnian,897,not to do,Sunday,ne djiela,Nedjelja
17776,shift3187,Polysemy,1,ACCEPTED,→,to dig,2519,to kick,2819,Polish,171,Polish,171,to dig,to kick,kopać,kopać
17777,shift3187,Polysemy,2,ACCEPTED,→,to dig,2519,to kick,2819,Slovenian,190,Slovenian,190,to dig,to kick,kópati,kópati
17778,shift3187,Polysemy,3,ACCEPTED,→,to dig,2519,to kick,2819,Czech,174,Czech,174,to dig,to kick,kopati,kopati
17779,shift3187,Polysemy,4,ACCEPTED,→,to dig,2519,to kick,2819,Slovak,234,Slovak,234,to dig,to kick,kopať,kopať
17780,shift3187,Polysemy,5,ACCEPTED,→,to dig,2519,to kick,2819,Upper Sorbian,364,Upper Sorbian,364,to dig,to kick,kopač,kopač
17781,shift3187,Polysemy,6,ACCEPTED,→,to dig,2519,to kick,2819,Lower Sorbian,9,Lower Sorbian,9,to dig,to kick,kopaś,kopaś
17782,shift3187,Polysemy,7,ACCEPTED,→,to dig,2519,to kick,2819,Kashub,295,Kashub,295,to dig,to kick,kopac,kopac
17783,shift3187,Polysemy,8,ACCEPTED,→,to dig,2519,to kick,2819,Old East Slavic,160,Old East Slavic,160,to dig,to kick,копати (kopati),копати (kopati)
17784,shift3187,Polysemy,9,ACCEPTED,→,to dig,2519,to kick,2819,Ukrainian,138,Ukrainian,138,to dig,to kick,копати (kopaty),копати (kopaty)
17793,shift2379,Semantic evolution,9,ACCEPTED,→,arrow,2033,bullet,3716,Slovak,234,Slovak,234,arrow,bullet,strela,strela
17801,shift0592,Polysemy,1,ACCEPTED,→,to fall down,2605,to fail,2600,Russian,157,Russian,157,to fall through,to fail,provalit&#39;sja,provalit&#39;sja
17813,shift0504,Polysemy,2,ACCEPTED,?,ear,3792,listener,228,Russian,157,Russian,157,ear,a person who can eavesdrop,uho,uho
17818,shift6816,Polysemy,1,NEW,→,to stand still,3215,"state, situation",4250,Russian,157,Russian,157,"to be in vertical position, to stand","state, situation",стоять,состояние
17820,shift7622,Derivation,1,ACCEPTED,→,birch,3592,March,589,Ukrainian,138,Ukrainian,138,birch,March,береза,березень
17821,shift7622,Derivation,2,ACCEPTED,→,birch,3592,March,589,Czech,174,Czech,174,birch,March,bříza,březen
17822,shift7622,Derivation,3,ACCEPTED,→,birch,3592,March,589,Polish,171,Polish,171,birch,March,brzoza,brzezień
17823,shift7622,Derivation,4,ACCEPTED,→,birch,3592,March,589,Russian,157,Russian,157,birch,(archaic) March,берёза,березозол
17829,shift0747,Derivation,6,ACCEPTED,—,to see/to look at,3121,to meet,2909,Russian,157,Russian,157,to see,"to meet, to see each other",videt&#39;,videt&#39;sja
17830,shift0747,Polysemy,7,ACCEPTED,→,to see/to look at,3121,to meet,2909,Russian,157,Russian,157,to see,to meet,videt&#39;,videt&#39;
17845,shift0747,Derivation,22,ACCEPTED,→,to see/to look at,3121,to meet,2909,Russian,157,Russian,157,to see/to look at,to meet,видеть,увидеться
17846,shift0747,Polysemy,23,NEW,→,to see/to look at,3121,to meet,2909,Serbian,1093,Serbian,1093,to see/to look at,to meet,видети (videti),видети (videti)
17847,shift0747,Polysemy,24,NEW,→,to see/to look at,3121,to meet,2909,Croatian,812,Croatian,812,to see/to look at,to meet,vidjeti,vidjeti
17856,shift4207,Derivation,1,ACCEPTED,→,"yard, courtyard",2075,palace,288,Russian,157,Russian,157,courtyard,palace,двор (dvor),дворец (dvorec)
17857,shift4207,Polysemy,2,ACCEPTED,→,"yard, courtyard",2075,palace,288,Ukrainian,138,Ukrainian,138,courtyard,palace,дворець,дворець
17858,shift4207,Derivation,3,ACCEPTED,→,"yard, courtyard",2075,palace,288,Belarusan,242,Belarusan,242,"yard, courtyard",palace,двор,дварэц
17862,shift1843,Semantic evolution,1,ACCEPTED,→,"fun, gaiety",1399,wedding,37,Belarusan,242,Belarusan,242,fun,wedding,вяселле (vjasjéllje),вяселле (vjasjéllje)
17865,shift1843,Polysemy,4,ACCEPTED,→,"fun, gaiety",1399,wedding,37,Old East Slavic,160,Old East Slavic,160,"fun, gaiety",wedding,веселье,веселье
17866,shift1843,Semantic evolution,5,ACCEPTED,→,"fun, gaiety",1399,wedding,37,Ukrainian,138,Ukrainian,138,"fun, gaiety",wedding,весiлля (vesíllja),весiлля (vesíllja)
17867,shift1843,Polysemy,6,ACCEPTED,—,"fun, gaiety",1399,wedding,37,Russian,157,Russian,157,"fun, gaiety",wedding,веселье (vesel&#39;e),веселье (vesel&#39;e)
17868,shift1843,Polysemy,7,ACCEPTED,→,"fun, gaiety",1399,wedding,37,Polish,171,Polish,171,"fun, gaiety",wedding,wesele,wesele
17876,shift8268,Polysemy,1,ACCEPTED,→,old man,4534,term of address to a man,2154,Russian,157,Russian,157,old man,"(informal, dated) term of address to a man>",старик,старик
17899,shift5030,Polysemy,15,NEW,→,mother,720,motherland,724,Macedonian,118,Macedonian,118,mother,motherland,маjка,маjковина
17907,shift5030,Internal cognates,23,NEW,→,mother,720,motherland,724,Polish,171,Polish,171,mother,"(dated or literary) motherland, country of origin",mać,macierz
17919,shift5030,Derivation,35,NEW,→,mother,720,motherland,724,Serbian,1093,Serbian,1093,mother,motherland (in relation to compatriots who are a minority in other countries),мати (mati),матица (matica)
17923,shift4230,Polysemy,1,ACCEPTED,—,to sow,3190,to cause,2410,Russian,157,Russian,157,to sow,to cause,сеять (sejat&#39;),сеять (sejat&#39;)
17937,shift3807,Polysemy,1,ACCEPTED,→,old man,4534,Boletus edulis,3644,Russian,157,Russian,157,old man,Boletus edulis,старик,старик
17943,shift4714,Polysemy,1,ACCEPTED,→,root (of a plant),1499,book spine,3648,Russian,157,Russian,157,diminutive of корень 'root',book back,корешок,корешок
17947,shift7638,Polysemy,2,ACCEPTED,→,&lt;ethnic group&gt;,3786,&lt;clothes&gt;,864,Russian,157,Russian,157,Hungarian woman,(historical) hussar jacket,венгерка,венгерка
17954,shift0060,Polysemy,5,ACCEPTED,?,straight,4292,right (vs. left),1481,Bulgarian,110,Bulgarian,110,straight,right,prav,prav
17960,shift0392,Polysemy,2,ACCEPTED,—,beautiful,3545,good,814,Czech,174,Czech,174,beautiful [Павлович 1976: 361],good,pĕkný,pĕkný
17962,shift0392,Polysemy,4,ACCEPTED,→,beautiful,3545,good,814,Russian,157,Russian,157,"beautiful, nice",good (dialect),krasivyj,krasivyj
17973,shift0392,Polysemy,15,ACCEPTED,→,beautiful,3545,good,814,Serbian,1093,Serbian,1093,beautiful,good,леп (lep),леп (lep)
17974,shift0392,Polysemy,16,ACCEPTED,→,beautiful,3545,good,814,Croatian,812,Croatian,812,beautiful,good,lijep,lijep
17980,shift0392,Derivation,22,ACCEPTED,←,beautiful,3545,good,814,Russian,157,Russian,157,"handsome, pretty",good,хорошенький,хорошенький
17984,shift1511,Derivation,1,ACCEPTED,?,to love,2874,friend,1380,Russian,157,Russian,157,to be benevolent,buddy,prijat&#39;,prijatel&#39;
17995,shift2602,Polysemy,5,ACCEPTED,→,to extinguish,2596,"to destroy, annihilate",2514,Russian,157,Russian,157,"to extinguish, put out (fire)","to weaken, to prevent from growing, to stop",gasit&#39;,gasit&#39;
18011,shift0079,Derivation,1,ACCEPTED,—,"to turn, rotate (tr.)",3328,to distort,2538,Russian,157,Russian,157,"to spin, to rotate",to perverse,vraščat&#39;,izvraščat&#39;
18029,shift2311,Polysemy,2,ACCEPTED,?,clean (adj.),998,empty,3835,Russian,157,Russian,157,clean,open,čistyj,čistyj
18030,shift2311,Polysemy,3,ACCEPTED,→,clean (adj.),998,empty,3835,Serbian,1093,Serbian,1093,clean (adj.),"empty, open, free of people",чист (čist),чист (čist)
18071,shift8251,Derivation,13,NEW,→,bed,3549,sexual partner,4004,Russian,157,Russian,157,bed,concubine,ложе,наложница
18076,shift1586,Derivation,4,ACCEPTED,?,to find,2627,to be situated,2299,Russian,157,Russian,157,to find,to be,nahodit&#39;,nahodit&#39;sja
18080,shift1586,Derivation,8,NEW,→,to find,2627,to be situated,2299,Serbian,1093,Serbian,1093,to find,to be situated,наћи (naći),наћи се (naći se)
18081,shift1586,Derivation,9,NEW,→,to find,2627,to be situated,2299,Croatian,812,Croatian,812,to find,to be situated,naći,naći se
18082,shift4723,Polysemy,1,NEW,→,grandfather,826,house spirit,1679,Russian,157,Russian,157,grandfather,house spirit,дедушка,дедушка
18085,shift4075,Polysemy,1,ACCEPTED,—,other,4567,second (num.),3979,Ukrainian,138,Ukrainian,138,another,second (adj.),другий,другий
18087,shift4075,Polysemy,3,ACCEPTED,—,other,4567,second (num.),3979,Serbian,1093,Serbian,1093,other,second (num.),други (drugi),други (drugi)
18088,shift4075,Polysemy,4,ACCEPTED,—,other,4567,second (num.),3979,Croatian,812,Croatian,812,other,second (num.),drugi,drugi
18089,shift4075,Polysemy,5,ACCEPTED,—,other,4567,second (num.),3979,Belarusan,242,Belarusan,242,other,second (num.),другi,другi
18090,shift4075,Polysemy,6,ACCEPTED,—,other,4567,second (num.),3979,Czech,174,Czech,174,other,second (num.),druhý,druhý
18091,shift4075,Polysemy,7,ACCEPTED,—,other,4567,second (num.),3979,Slovak,234,Slovak,234,other,second (num.),druhý,druhý
18092,shift4075,Polysemy,8,ACCEPTED,—,other,4567,second (num.),3979,Slovenian,190,Slovenian,190,other,second (num.),drugi,drugi
18093,shift4075,Polysemy,9,ACCEPTED,—,other,4567,second (num.),3979,Lower Sorbian,9,Lower Sorbian,9,other,second (num.),drugi,drugi
18094,shift4075,Polysemy,10,ACCEPTED,—,other,4567,second (num.),3979,Polish,171,Polish,171,other,second (num.),drugi,drugi
18122,shift0399,Derivation,1,ACCEPTED,?,ford,1345,watering place (for animals),25,Czech,174,Czech,174,"wade, fording site",watering place,brod,brodidlo
18136,shift6550,Polysemy,1,ACCEPTED,→,&lt;hat&gt;,1534,mushroom cap,749,Slovenian,190,Slovenian,190,"hat, cap",head of a mushroom,klobuk,klobuk
18137,shift6550,Polysemy,2,ACCEPTED,→,&lt;hat&gt;,1534,mushroom cap,749,Russian,157,Russian,157,diminutive of шляпа 'hat',head of a mushroom,шляпка,шляпка
18146,shift6550,Polysemy,11,ACCEPTED,→,&lt;hat&gt;,1534,mushroom cap,749,Polish,171,Polish,171,hat,head of a mushroom,kapelusz,kapelusz
18151,shift0256,Cognates,3,ACCEPTED,?,flat (adj),1312,equal,3850,Russian,157,Russian,157,even,equal,rovnyj,ravnyj
18156,shift0256,Polysemy,8,NEW,—,flat (adj),1312,equal,3850,Serbian,1093,Serbian,1093,flat (adj),equal,раван (ravan),раван (ravan)
18157,shift0256,Polysemy,9,NEW,—,flat (adj),1312,equal,3850,Croatian,812,Croatian,812,flat (adj),equal,ravan,ravan
18179,shift8436,Polysemy,6,ACCEPTED,→,neck,1837,neck (of a musical instrument),1838,Croatian,812,Croatian,812,neck,neck (of a musical instrument),vrat,vrat
18181,shift8436,Polysemy,8,ACCEPTED,→,neck,1837,neck (of a musical instrument),1838,Czech,174,Czech,174,neck,neck (of a musical instrument),krk,krk
18202,shift1418,Polysemy,6,ACCEPTED,?,expensive,3885,"dear, darling",4397,Russian,157,Russian,157,expensive,dear,dorogoj,dorogoj
18237,shift0828,Derivation,5,ACCEPTED,→,to hold (in hands),2771,to contain,2455,Russian,157,Russian,157,hold,to contain,deržat&#39;,soderžat&#39;
18245,shift2525,Polysemy,4,NEW,→,to dig,2519,to bury,2388,Serbian,1093,Serbian,1093,to dig,to bury,копати (kopati),копати (kopati)
18252,shift0381,Derivation,2,ACCEPTED,—,"to pull, to draw",3018,to smoke (tobacco),3180,Russian,157,Russian,157,"to pull, to draw",to inhale,tjanut&#39;,zatjagivat&#39;sja
18265,shift3696,Polysemy,1,ACCEPTED,→,beautiful,3545,chanterelle,942,Russian,157,Russian,157,(dialectal) nice one,(dialectal) chanterelle,красуля,красуля
18267,shift1892,Polysemy,1,ACCEPTED,→,to sting,3224,to induce,2789,Russian,157,Russian,157,"to jab, to sting",to incite,strekat&#39;,podstrekat&#39;
18314,shift0180,Derivation,3,ACCEPTED,→,to break (tr.),2370,to confess,2449,Russian,157,Russian,157,"to split, to cleave",to come clean,raskolot&#39;,raskolot&#39;sja
18316,shift7111,Derivation,1,ACCEPTED,→,middle,652,means,617,Russian,157,Russian,157,middle,means,средний,средство
18321,shift4922,Derivation,1,NEW,→,soldier,4154,birch bolete (Leccinum scabrum),3593,Russian,157,Russian,157,soldier,(dialect) birch bolete (Leccinum scabrum),солдат,солдатик
18356,shift4738,Polysemy,1,NEW,→,to bend,2338,"to swear, curse",3258,Russian,157,Russian,157,to bend,"(dialect) to swear, curse",гнуть,гнуть
18371,shift7631,Polysemy,2,NEW,→,to boil (intr.),2361,abundance,1929,Russian,157,Russian,157,to boil (intr.),to be filled with many scurrying people or animals,кипеть,кипеть (+ Instr.)
18373,shift0031,Polysemy,2,ACCEPTED,—,free,1371,"can, to be able",882,Russian,157,Russian,157,free,"can, to be able",свободный,свободен
18377,shift0031,Polysemy,6,ACCEPTED,→,free,1371,"can, to be able",882,Russian,157,Russian,157,"free, independed, not-imprisoned, unrestricted",having permission or opportunity,вольный (vol&#39;nyj),волен (volen)
18378,shift0031,Polysemy,7,NEW,→,free,1371,"can, to be able",882,Serbian,1093,Serbian,1093,freely,"can, to be able",слободно (slobodno),слободно (slobodno)
18379,shift0031,Polysemy,8,NEW,→,free,1371,"can, to be able",882,Croatian,812,Croatian,812,freely,"can, to be able",slobodno,slobodno
18381,shift3792,Polysemy,1,ACCEPTED,→,cow,1122,Boletus edulis,3644,Russian,157,Russian,157,little cow,Boletus edulis,коровка,коровка
18397,shift5424,Polysemy,5,ACCEPTED,→,light (n.),210,electricity,3826,Russian,157,Russian,157,light (n.),(colloquial) electricity,свет,свет
18412,shift5196,Derivation,3,ACCEPTED,→,saint,3922,"devil, satan",4422,Russian,157,Russian,157,saint,"(dialect, dated) devil who appears about Christmastide to the one who puts on the mask",святой (svjatoj),святоша (svjatoša)
18414,shift4418,Polysemy,2,NEW,←,flower,1323,beautiful,3545,Belarusan,242,Belarusan,242,flowering of cereal plants,beauty,краса,краса
18428,shift0653,Derivation,4,ACCEPTED,?,to eat,2569,to be fed up with,2271,Russian,157,Russian,157,to eat,to be fed up with,est&#39;,nadoest&#39;
18430,shift0402,Polysemy,1,NEW,?,to choke,2426,to vomit,3346,Czech,174,Czech,174,to strangle [Павлович 1976: 64],NA,dávit,dávit
18445,shift1312,Polysemy,5,ACCEPTED,?,pig (Sus scrofa),369,slattern,4109,Russian,157,Russian,157,pig,"sloven, untidy person",svin&#39;ja,svin&#39;ja
18454,shift1312,Polysemy,14,NEW,→,pig (Sus scrofa),369,slattern,4109,Croatian,812,Croatian,812,pig (Sus scrofa),slattern,svinja,svinja
18455,shift1312,Polysemy,15,NEW,→,pig (Sus scrofa),369,slattern,4109,Serbian,1093,Serbian,1093,pig (Sus scrofa),slattern,свиња (svinja),свиња (svinja)
18544,shift5339,Polysemy,80,NEW,→,iron,1806,metal,643,Russian,157,Russian,157,iron (adj.),(colloquial) metal (adj.),железный,железный
18550,shift3710,Derivation,6,ACCEPTED,→,fly (n.),1327,fly agaric (Amanita muscaria),1328,Russian,157,Russian,157,fly (n.),fly agaric (Amanita muscaria),муха,мухомор
18558,shift3710,Derivation,14,ACCEPTED,→,fly (n.),1327,fly agaric (Amanita muscaria),1328,Belarusan,242,Belarusan,242,fly (n.),fly agaric (Amanita muscaria),муха,мухамор
18559,shift3710,Derivation,15,ACCEPTED,→,fly (n.),1327,fly agaric (Amanita muscaria),1328,Bulgarian,110,Bulgarian,110,fly (n.),fly agaric (Amanita muscaria),муха,мухоморка
18560,shift3710,Derivation,16,ACCEPTED,→,fly (n.),1327,fly agaric (Amanita muscaria),1328,Bosnian,897,Bosnian,897,fly (n.),fly agaric (Amanita muscaria),muha,muhara
18561,shift3710,Derivation,17,ACCEPTED,→,fly (n.),1327,fly agaric (Amanita muscaria),1328,Czech,174,Czech,174,fly (n.),fly agaric (Amanita muscaria),moucha,muchomůrka
18565,shift3710,Derivation,21,ACCEPTED,→,fly (n.),1327,fly agaric (Amanita muscaria),1328,Serbian,1093,Serbian,1093,fly (n.),fly agaric (Amanita muscaria),муха (muha),мухара (muhara)
18566,shift3710,Derivation,22,ACCEPTED,→,fly (n.),1327,fly agaric (Amanita muscaria),1328,Croatian,812,Croatian,812,fly (n.),fly agaric (Amanita muscaria),muha,muhara
18571,shift2979,Derivation,1,ACCEPTED,→,"little, small",232,girl,786,Old East Slavic,160,Old East Slavic,160,small,girl,малыи,малица
18584,shift2976,Derivation,1,ACCEPTED,→,to pour,2993,rain,1420,Russian,157,Russian,157,to pour,heavy rain,lit&#39;,liven&#39;
18591,shift1999,Derivation,4,ACCEPTED,?,smooth,4132,"to escape, flee",2585,Russian,157,Russian,157,"to slide, to glide","to leave, to disappear quickly, in a quick move",skol&#39;zit&#39;,uskol&#39;zat&#39;
18594,shift1867,Derivation,2,NEW,→,to take,3268,bribe,3685,Russian,157,Russian,157,to take,bribe (n.),vzjat&#39;,vzjatka
18597,shift7472,Derivation,3,ACCEPTED,→,time,2200,verb,3758,Polish,171,Polish,171,time,verb,czas,czasownik
18598,shift4464,Polysemy,1,ACCEPTED,→,blue,3634,gay,773,Russian,157,Russian,157,blue,gay,голубой (goluboj),голубой (goluboj)
18626,shift0137,Polysemy,10,ACCEPTED,—,to suffer,3244,to endure,2578,Polish,171,Polish,171,to suffer,to endure,cierpieć,cierpieć
18634,shift2100,Polysemy,2,ACCEPTED,?,to build,2383,to pretend,3003,Russian,157,Russian,157,to build,to pretend,stroit&#39;,stroit&#39;
18636,shift1631,Polysemy,2,ACCEPTED,?,to sprinkle,3202,to run,3101,Ukrainian,138,Ukrainian,138,"splash, sprinkle","to dart, to take a run",porskati,porskati
18676,shift4256,Derivation,1,ACCEPTED,→,sphere; ball,4196,potato,445,Lower Sorbian,9,Lower Sorbian,9,ball (n.),potato,kula,kulka
18688,shift4295,Polysemy,11,ACCEPTED,—,story,4290,history,1632,Russian,157,Russian,157,story,history,история,история
18709,shift2490,Polysemy,3,ACCEPTED,→,brothel,3699,"disorder, mess",4446,Russian,157,Russian,157,house of prostitution,mess,бардак (bardak),бардак (bardak)
18711,shift8198,Polysemy,2,NEW,—,army,2030,battle,3534,Russian,157,Russian,157,"(high, archaic) army",(obsolete) battle,рать,рать
18721,shift0391,Polysemy,1,ACCEPTED,—,good,814,"kind, good-hearted",1711,Czech,174,Czech,174,good,kind,dobrý,dobrý
18746,shift1297,Polysemy,3,ACCEPTED,→,dew,4424,rain,1420,Serbian,1093,Serbian,1093,dew,"drizzle, light rain",роса (rosa),роса (rosa)
18755,shift1384,Derivation,1,ACCEPTED,→,to break (tr.),2370,buckthorn (Frangula),3709,Russian,157,Russian,157,"to smash down, shatter, destroy",buckthorn,крушить (krušit&#39;),крушина (krušina)
18760,shift2621,Polysemy,3,ACCEPTED,→,poison,422,anger,1996,Serbian,1093,Serbian,1093,poisonous,angry,отрован (otrovan),отрован (otrovan)
18761,shift2621,Polysemy,4,ACCEPTED,→,poison,422,anger,1996,Croatian,812,Croatian,812,poisonous,angry,otrovan,otrovan
18786,shift2714,Polysemy,18,ACCEPTED,→,liver,236,location of emotions,239,Croatian,812,Croatian,812,liver,location of emotions,jetra,jetra
18858,shift1385,Polysemy,2,ACCEPTED,→,"to go, walk",2715,"to fall (of rain, snow)",2603,Russian,157,Russian,157,to go,"to fall (также to rain, to snow, to hail)",idti,idti
18869,shift0646,Polysemy,2,ACCEPTED,?,to play (intr.),2981,dance (n.),4377,Macedonian,118,Macedonian,118,to play,to dance,igra,igra
18876,shift0646,Polysemy,9,NEW,—,to play (intr.),2981,dance (n.),4377,Serbian,1093,Serbian,1093,to play,dance,играти (igrati),играти (igrati)
18881,shift2199,Derivation,2,NEW,→,lock (n.),240,metalworker,645,Lower Sorbian,9,Lower Sorbian,9,lock,mechanic,zamek,zamkaŕ
18922,shift8334,Polysemy,41,ACCEPTED,→,"little, small",232,child,957,Belarusan,242,Belarusan,242,"little, small",child,малы,малы
18931,shift8334,Polysemy,50,ACCEPTED,→,"little, small",232,child,957,Ukrainian,138,Ukrainian,138,"little, small",child,малий,малий
18932,shift8334,Polysemy,51,NEW,→,"little, small",232,child,957,Serbian,1093,Serbian,1093,"little, small",child,мали (mali),мали (mali)
18933,shift8334,Polysemy,52,NEW,→,"little, small",232,child,957,Croatian,812,Croatian,812,"little, small",child,mal,mal
18935,shift1409,Polysemy,1,NEW,?,wolf,107,poisonous,424,Russian,157,Russian,157,"wolfish, lupine","poisonous, inedible",volčij,volčij
18941,shift3726,Polysemy,4,ACCEPTED,—,"to raise, lift (tr.)",3037,to move away,2927,Serbian,1093,Serbian,1093,"to raise, lift (tr.)","to move away, to remove",дићи (dići),дићи (dići)
18951,shift5460,Polysemy,2,ACCEPTED,→,number,1893,date,4385,Russian,157,Russian,157,number,date,число,число
18952,shift2973,Polysemy,1,ACCEPTED,→,mouse,733,birthmark,3599,Polish,171,Polish,171,mouse,birthmark,myszka,myszka
18960,shift4727,Polysemy,1,NEW,→,sod (stratum of soil),4150,oath,4513,Old East Slavic,160,Old East Slavic,160,sod (stratum of soil),oath,"дернъ, дьрънъ","дернъ, дьрънъ"
18973,shift4908,Derivation,1,NEW,→,grandfather,826,"devil, satan",4422,Russian,157,Russian,157,grandfather,"devil, satan",дед,дедко
18979,shift1731,Derivation,2,ACCEPTED,→,stone (piece of rock),4281,turnstone (Arenaria),3468,Russian,157,Russian,157,stone,turnstone,kamen&#39;,kamnešarka
18981,shift4965,Polysemy,1,NEW,→,simultaneously,4083,immediately,1743,Russian,157,Russian,157,simultaneously,immediately,сразу,сразу
19003,shift7580,Derivation,2,NEW,→,beard,3541,salsify,3929,Russian,157,Russian,157,beard,salsify,борода,козлобородник
19008,shift4092,Cognates,4,ACCEPTED,—,before,3562,ancestor,1990,Russian,157,Russian,157,in front of; before,ancestor,перед,предок
19009,shift4092,Polysemy,5,ACCEPTED,—,before,3562,ancestor,1990,Czech,174,Czech,174,"front part, front side of something",ancestor,předek,předek
19010,shift4092,Derivation,6,ACCEPTED,→,before,3562,ancestor,1990,Polish,171,Polish,171,"front, fore",ancestor,przód,przodek
19017,shift2804,Polysemy,3,ACCEPTED,→,gold,807,money,700,Polish,171,Polish,171,golden,zloty (currency unit of Poland),złoty,złoty
19031,shift3813,Polysemy,1,ACCEPTED,→,shooter,4045,bishop (chess),3602,Czech,174,Czech,174,shooter,bishop (chess),střelec,střelec
19032,shift3813,Polysemy,2,NEW,→,shooter,4045,bishop (chess),3602,Slovak,234,Slovak,234,shooter,bishop (chess),strelec,strelec
19035,shift7907,Polysemy,1,ACCEPTED,→,"rag, duster",1418,spineless person,4206,Russian,157,Russian,157,"rag, duster",spineless person,тряпка,тряпка
19037,shift7907,Polysemy,3,NEW,→,"rag, duster",1418,spineless person,4206,Serbian,1093,Serbian,1093,"rag, duster",spineless person,крпа (krpa),крпа (krpa)
19038,shift7907,Polysemy,4,NEW,→,"rag, duster",1418,spineless person,4206,Croatian,812,Croatian,812,"rag, duster",spineless person,krpa,krpa
19040,shift1591,Derivation,1,NEW,?,to strew,3233,"rash, eruption",1429,Russian,157,Russian,157,to scatter,rash,sypat&#39;,syp&#39;
19056,shift3166,Derivation,2,ACCEPTED,→,to sing,3157,rooster,1497,Belarusan,242,Belarusan,242,to sing,cock,pec&#39;,peven&#39;
19060,shift3166,Derivation,6,NEW,→,to sing,3157,rooster,1497,Serbian,1093,Serbian,1093,to sing,rooster,певати (pevati),певац (pevac)
19061,shift3166,Derivation,7,NEW,→,to sing,3157,rooster,1497,Croatian,812,Croatian,812,to sing,rooster,pjevati,pijetao
19068,shift0914,Polysemy,6,ACCEPTED,?,"to draw, paint",2551,to write,3387,Russian,157,Russian,157,to draw,to write (principal meaning),pisat&#39;,pisat&#39;
19109,shift1245,Polysemy,1,ACCEPTED,—,quick,1908,clever,999,Polish,171,Polish,171,"quick, fast",smart,bystry,bystry
19114,shift1245,Polysemy,6,NEW,→,quick,1908,clever,999,Serbian,1093,Serbian,1093,quick,clever,хитар (hitar),хитар (hitar)
19119,shift2519,Polysemy,1,ACCEPTED,→,house,1678,tomb,3397,Macedonian,118,Macedonian,118,"house, home",grave stone,kukja,kukja
19122,shift2519,Polysemy,4,ACCEPTED,→,house,1678,tomb,3397,Belarusan,242,Belarusan,242,NA,grave stone,chatka,chatka
19123,shift2519,Derivation,5,ACCEPTED,→,house,1678,tomb,3397,Old East Slavic,160,Old East Slavic,160,chamber,"grave stone, tomb",палата,полатка
19124,shift2519,Semantic evolution,6,ACCEPTED,→,house,1678,tomb,3397,Russian,157,Russian,157,house,tomb,dom,dom
19132,shift3867,Polysemy,7,ACCEPTED,→,mother,720,term of address to a woman,2157,Russian,157,Russian,157,mother,<term of address to a woman>,мать (mat&#39;),мать (mat&#39;)
19161,shift0346,Polysemy,8,ACCEPTED,—,dream (during sleep),4479,daydream (n.),4393,Russian,157,Russian,157,dream,"(XIX c., rare) daydream",мечта (mečta),мечта (mečta)
19163,shift0346,Polysemy,10,ACCEPTED,—,dream (during sleep),4479,daydream (n.),4393,Czech,174,Czech,174,dream,daydream,sen,sen
19185,shift0346,Polysemy,32,NEW,→,dream (during sleep),4479,daydream (n.),4393,Serbian,1093,Serbian,1093,dream (during sleep),daydream (n.),сан (san),сан (san)
19186,shift0346,Polysemy,33,NEW,→,dream (during sleep),4479,daydream (n.),4393,Croatian,812,Croatian,812,dream (during sleep),daydream (n.),san,san
19189,shift0346,Polysemy,36,NEW,→,dream (during sleep),4479,daydream (n.),4393,Bulgarian,110,Bulgarian,110,dream (during sleep),daydream (n.),сън,сън
19209,shift2053,Polysemy,5,ACCEPTED,→,"to light, to kindle (the fire)",2851,to provoke,3014,Russian,157,Russian,157,to kindle,to provoke,разжигать (razžigat&#39;),разжигать (razžigat&#39;)
19215,shift8514,Polysemy,1,ACCEPTED,—,fresh (of water),1377,unleavened (bread),531,Russian,157,Russian,157,fresh (of water),unleavened (bread),пресный,пресный
19216,shift8514,Polysemy,2,ACCEPTED,—,fresh (of water),1377,unleavened (bread),531,Ukrainian,138,Ukrainian,138,fresh (of water),unleavened (bread),прісний,прісний
19223,shift1077,Polysemy,4,ACCEPTED,?,greasy,838,fat (adj.)(of a person),1239,Russian,157,Russian,157,"fat, oily",fat,žirnyj,žirnyj
19248,shift0933,Polysemy,5,ACCEPTED,?,man (male),574,husband,1694,Czech,174,Czech,174,man [Павлович 1976: 253],husband,muž,muž
19249,shift0933,Derivation,6,ACCEPTED,?,man (male),574,husband,1694,Russian,157,Russian,157,man,husband,mužčina,muž
19253,shift0933,Polysemy,10,ACCEPTED,?,man (male),574,husband,1694,Ukrainian,138,Ukrainian,138,man,husband,čolovik,čolovik
19282,shift0933,Polysemy,39,NEW,→,man (male),574,husband,1694,Serbian,1093,Serbian,1093,man,husband,човек (čovek),човек (čovek)
19283,shift0933,Polysemy,40,NEW,→,man (male),574,husband,1694,Croatian,812,Croatian,812,man,husband,čovjek,čovjek
19391,shift0943,Polysemy,2,ACCEPTED,→,to take,3268,to buy,2390,Russian,157,Russian,157,to take,to buy,vzjat&#39;,vzjat&#39;
19429,shift7046,Polysemy,2,NEW,→,to whip,3374,to induce,2789,Russian,157,Russian,157,to whip slightly,to stimulate,подстёгивать,подстёгивать
19432,shift1582,Polysemy,1,ACCEPTED,?,to put,3025,to build,2383,Russian,157,Russian,157,"to put, to place","to build, to set up",stavit&#39;,stavit&#39;
19439,shift5565,Polysemy,1,ACCEPTED,—,"wild, untamed",82,violent,3769,Russian,157,Russian,157,wild,"rude, ill-bred, vulgar",дикий (dikij),дикий (dikij)
19440,shift5565,Polysemy,2,ACCEPTED,→,"wild, untamed",82,violent,3769,Ukrainian,138,Ukrainian,138,"wild, untamed",wild (of a person),дикий,дикий
19453,shift5565,Polysemy,15,ACCEPTED,→,"wild, untamed",82,violent,3769,Czech,174,Czech,174,"wild, predatory, evil animal; beast, predator","(about violent emotional movements) inhuman, ruthless predation, cruelty, sensuality; (about people) insensitive, ruthless, evil man; savage, cruel",bestie,bestie
19454,shift5565,Polysemy,16,ACCEPTED,→,"wild, untamed",82,violent,3769,Serbian,1093,Serbian,1093,"wild, untamed",violent,диваљ (divalj),диваљ (divalj)
19456,shift7928,Derivation,1,NEW,→,grass,833,May,609,Belarusan,242,Belarusan,242,"grass, herb",May,трава,травень
19457,shift7928,Derivation,2,NEW,→,grass,833,May,609,Ukrainian,138,Ukrainian,138,grass,May,трава,травень
19463,shift0401,Polysemy,1,NEW,?,to choke,2426,to sink (tr.),3158,Bulgarian,110,Bulgarian,110,to strangle [Бернштейн 1986: 105],to sink,davja,davja
19483,shift1973,Polysemy,2,ACCEPTED,—,"to stick, adhere",3223,"to bother, pester",2362,Russian,157,Russian,157,"to stick, to adhere, to cling","to hammer at smn, to nag",приставать (pristavat&#39;),приставать (pristavat&#39;)&#39;
19490,shift6044,Derivation,2,NEW,—,to be stupid,2304,to deceive,2494,Russian,157,Russian,157,fool,to make a fool,дурак,дурить
19493,shift0693,Polysemy,1,ACCEPTED,—,"to strike, hit",3234,to break (tr.),2370,Russian,157,Russian,157,to beat,"to crush, to break",bit&#39;,bit&#39;
19499,shift6022,Polysemy,2,ACCEPTED,→,heel (of a foot),1596,heel (of bread),1598,Czech,174,Czech,174,dim. of pata 'heel (of a foot)',heel (of bread),patka,patka
19501,shift6022,Polysemy,4,ACCEPTED,→,heel (of a foot),1596,heel (of bread),1598,Polish,171,Polish,171,dim. of pięta 'heel (of a foot)',heel (of bread),piętka,piętka
19516,shift0441,Polysemy,1,NEW,?,enemy,3840,cunning person,1157,Macedonian,118,Macedonian,118,enemy,cunning fox,vrag,vrag
19536,shift1326,Derivation,4,ACCEPTED,?,to hide (tr.),2764,to bury,2388,Russian,157,Russian,157,to bury,to bury,horonit&#39;sja,horonit&#39;
19538,shift1326,Polysemy,6,ACCEPTED,?,to hide (tr.),2764,to bury,2388,Polish,171,Polish,171,to hide,to bury,chować,chować
19558,shift1467,Derivation,13,NEW,→,heart,1588,brave,3675,Serbian,1093,Serbian,1093,heart,brave,срце (srce),срчан (srčan)
19559,shift1467,Derivation,14,NEW,→,heart,1588,brave,3675,Croatian,812,Croatian,812,heart,brave,srce,srčan
19571,shift0308,Polysemy,2,NEW,→,to step on,3222,to attack,2243,Russian,157,Russian,157,"to step, to tread",to attack,nastupat&#39;,nastupat&#39;
19576,shift1470,Polysemy,5,ACCEPTED,→,light (of weight),211,"unimportant, slight",523,Serbian,1093,Serbian,1093,light (of weight),"unimportant, slight",лак (lak),лак (lak)
19578,shift1470,Polysemy,7,ACCEPTED,→,light (of weight),211,"unimportant, slight",523,Russian,157,Russian,157,light (of weight),"unimportant, slight",лёгкий,лёгкий
19585,shift6169,Polysemy,3,ACCEPTED,→,nose,1879,coati,1020,Russian,157,Russian,157,nose,coati,нос,носуха
19590,shift6169,Derivation,8,ACCEPTED,→,nose,1879,coati,1020,Polish,171,Polish,171,nose,coati,nos,ostronos
19591,shift1604,Derivation,1,ACCEPTED,?,Romani,1492,to mock,2921,Russian,157,Russian,157,a nomadic tribe of indian origin,"to jeer, to sneer (smn, smth)",cygan,cyganit&#39;
19597,shift7515,Derivation,2,NEW,→,to cut,2484,comma,1045,Polish,171,Polish,171,"to cut, to slice",comma,przecinać,przecinek
19603,shift1766,Polysemy,2,ACCEPTED,→,to catch up,2409,to understand,3331,Russian,157,Russian,157,to catch up,to understand (colloq.),догонять (dogonjat&#39;),догонять (dogonjat&#39;)
19614,shift1048,Polysemy,4,ACCEPTED,→,midnight,655,North,1877,Polish,171,Polish,171,midnight,North,północ,północ
19617,shift0666,Polysemy,1,ACCEPTED,→,soul,4172,"human, person",1683,Russian,157,Russian,157,soul,person,душа (duša),душа (duša)
19627,shift0666,Polysemy,11,NEW,→,soul,4172,"human, person",1683,Croatian,812,Croatian,812,soul,person,duša,duša
19628,shift0666,Polysemy,12,NEW,→,soul,4172,"human, person",1683,Serbian,1093,Serbian,1093,soul,person,душа (duša),душа (duša)
19632,shift5288,Derivation,2,NEW,→,hand/arm,1550,hand (of a clock),1548,Czech,174,Czech,174,hand/arm,hand (of a clock),ruka,ručička
19643,shift2834,Derivation,6,ACCEPTED,→,to whet,3372,to improve,2783,Russian,157,Russian,157,to sharpen,to hone,točit&#39;,ottačivat&#39;
19689,shift4422,Derivation,1,ACCEPTED,→,plum,415,tonsil,3401,Bulgarian,110,Bulgarian,110,plum,tonsil,слива,сливица
19697,shift5416,Derivation,5,ACCEPTED,→,sulfur,4329,match (for fire),605,Czech,174,Czech,174,sulfur,match (for fire),síra,sirka
19700,shift3857,Semantic evolution,1,NEW,→,sudden,4322,"vain, in vain",3746,Russian,157,Russian,157,sudden,vain,напрасный,напрасный
19721,shift2679,Polysemy,20,ACCEPTED,→,&lt;animal&gt;,1916,fool,1336,Russian,157,Russian,157,ram,fool,baran,baran
19737,shift6678,Derivation,2,NEW,→,to pour,2993,"rash, eruption",1429,Russian,157,Russian,157,to pour,"rash, eruption",сыпать,сыпь
19739,shift5413,Polysemy,1,ACCEPTED,→,tongue (body part),3400,clapper of a bell,989,Russian,157,Russian,157,tongue (body part),clapper of a bell,язык (jazyk),язык (jazyk)
19740,shift5413,Polysemy,2,ACCEPTED,→,tongue (body part),3400,clapper of a bell,989,Bulgarian,110,Bulgarian,110,tongue (body part),clapper of a bell,език,език
19760,shift7758,Derivation,1,ACCEPTED,→,hand/arm,1550,"to govern, control, rule",2716,Serbian,1093,Serbian,1093,hand/arm,"to govern, control, rule",рука (ruka),руковати (rukovati)
19761,shift7758,Derivation,2,ACCEPTED,→,hand/arm,1550,"to govern, control, rule",2716,Croatian,812,Croatian,812,hand/arm,"to govern, control, rule",ruka,rukovati
19767,shift7758,Derivation,8,ACCEPTED,→,hand/arm,1550,"to govern, control, rule",2716,Russian,157,Russian,157,hand/arm,"to govern, control, rule",рука,руководить
19778,shift1063,Polysemy,7,ACCEPTED,?,dark (adj.),4382,ignorant,1738,Russian,157,Russian,157,dark,"ignoramus, dipstick",temnyj,temnyj
19790,shift0968,Derivation,4,ACCEPTED,?,bad,3493,evil (adj.),3874,Russian,157,Russian,157,evil,angry,zlo,zloj
19791,shift0968,Polysemy,5,ACCEPTED,?,bad,3493,evil (adj.),3874,Polish,171,Polish,171,bad,evil,zły,zły
19829,shift3384,Polysemy,2,NEW,→,cold,1032,"fearful, dreadful",1247,Serbian,1093,Serbian,1093,cold,"fearful, dreadful",хладан (hladan),хладан (hladan)
19876,shift0860,Polysemy,44,NEW,→,old man,4534,husband,1694,Polish,171,Polish,171,old man,"(slang, derogatory) husband",stary,stary
19886,shift0860,Polysemy,54,NEW,→,old man,4534,husband,1694,Russian,157,Russian,157,old man,(dialect) husband,старик,старик
19889,shift2002,Polysemy,3,NEW,→,"rough, uneven",1510,approximately,2019,Russian,157,Russian,157,"rough, uneven",approximately,грубый,грубый
19890,shift4736,Derivation,1,NEW,→,to see/to look at,3121,hill,1626,Russian,157,Russian,157,to see/to look at,"(dialect) hill, mountain",глядеть,глядень
19891,shift2088,Derivation,1,NEW,?,garlic (Allium sativum),769,garlic-scented agaric,770,Russian,157,Russian,157,garlic,hedge garlic,česnok,česnočnik
19893,shift1160,Polysemy,1,ACCEPTED,→,&lt;foreigner&gt;,1210,cockroach,1025,Polish,171,Polish,171,spaniard,(dialect) cockroach,hiszpan,hiszpan
19894,shift1160,Polysemy,2,ACCEPTED,→,&lt;foreigner&gt;,1210,cockroach,1025,Ukrainian,138,Ukrainian,138,cossack,(dialect) cockroach,козак (kozak),козак (kozak)
19895,shift1160,Polysemy,3,ACCEPTED,→,&lt;foreigner&gt;,1210,cockroach,1025,Polish,171,Polish,171,"Moscovite, Russian",(dialect) cockroach,moskal,moskal
19897,shift1160,Polysemy,5,ACCEPTED,→,&lt;foreigner&gt;,1210,cockroach,1025,Ukrainian,138,Ukrainian,138,Swede,(dialect) cockroach,швед (šved),швед (šved)
19898,shift1160,Polysemy,6,ACCEPTED,→,&lt;foreigner&gt;,1210,cockroach,1025,Kashub,295,Kashub,295,French,cockroach,frańcuz,frańcuz
19900,shift1160,Polysemy,8,ACCEPTED,→,&lt;foreigner&gt;,1210,cockroach,1025,Polish,171,Polish,171,"mazur, a resident of Mazov in Poland",(dialect) cockroach,mazur,mazur
19901,shift1160,Polysemy,9,ACCEPTED,→,&lt;foreigner&gt;,1210,cockroach,1025,Russian,157,Russian,157,"resident of Poshexonje - the area along the Sheksna (Shekhona) river, modern Poshekhonsky District district in Yaroslavl Oblast",(dialect) cockroach,пошехон (pošehon),пошехон (pošehon)
19903,shift1160,Polysemy,11,ACCEPTED,→,&lt;foreigner&gt;,1210,cockroach,1025,Russian,157,Russian,157,Prussian,cockroach,прусак (prusak),прусак (prusak)
19904,shift1160,Polysemy,12,ACCEPTED,→,&lt;foreigner&gt;,1210,cockroach,1025,Czech,174,Czech,174,Swabian,cockroach,šváb,šváb
19905,shift1160,Polysemy,13,ACCEPTED,→,&lt;foreigner&gt;,1210,cockroach,1025,Polish,171,Polish,171,Japanese man,(dialect) cockroach,japonec,japonec
19906,shift1160,Polysemy,14,ACCEPTED,→,&lt;foreigner&gt;,1210,cockroach,1025,Russian,157,Russian,157,gypsy,(dialect) red cockroaches,цыган (cygan),цыгане (cygane)
19907,shift1160,Polysemy,15,ACCEPTED,→,&lt;foreigner&gt;,1210,cockroach,1025,Russian,157,Russian,157,kyrgyz,(dialect) cockroach,киргиз (kirgiz),киргиз (kirgiz)
19909,shift1160,Polysemy,17,ACCEPTED,→,&lt;foreigner&gt;,1210,cockroach,1025,Slovak,234,Slovak,234,a German,(dialect) black cockroach,ňemec,ňemec
19911,shift1160,Derivation,19,ACCEPTED,→,&lt;foreigner&gt;,1210,cockroach,1025,Ukrainian,138,Ukrainian,138,Jew,(dialect) cockroach,жид (žyd),жидочок (žydočok)
19912,shift1160,Polysemy,20,ACCEPTED,→,&lt;foreigner&gt;,1210,cockroach,1025,Polish,171,Polish,171,"Góral (ethnic group primarily found in their traditional area of southern Poland, northern Slovakia, and in the region of Cieszyn Silesia in the Czech Republic)",(dialect) cockroach,góral,góral
19913,shift1160,Polysemy,21,ACCEPTED,→,&lt;foreigner&gt;,1210,cockroach,1025,Slovenian,190,Slovenian,190,Russian,(dialect) cockroach,rûs,rûs
19914,shift1160,Derivation,22,ACCEPTED,→,&lt;foreigner&gt;,1210,cockroach,1025,Russian,157,Russian,157,(dialect) Vepsians,(dialect) cockroach,чудь (čud&#39;),чудь (čud&#39;)
19915,shift1160,Polysemy,23,ACCEPTED,→,&lt;foreigner&gt;,1210,cockroach,1025,Russian,157,Russian,157,German,(dialect) cockroach,немец (nemec),немец (nemec)
19916,shift1160,Polysemy,24,ACCEPTED,→,&lt;foreigner&gt;,1210,cockroach,1025,Russian,157,Russian,157,French,cockroach,француз (francuz),француз (francuz)
19917,shift1160,Polysemy,25,ACCEPTED,→,&lt;foreigner&gt;,1210,cockroach,1025,Ukrainian,138,Ukrainian,138,(dialect) Prussian,(dialect) cockroach,прус (prus),прус (prus)
19918,shift1160,Polysemy,26,ACCEPTED,→,&lt;foreigner&gt;,1210,cockroach,1025,Ukrainian,138,Ukrainian,138,Swabian,(dialect) cockroach,шваб (švab),шваб (švab)
19919,shift1160,Polysemy,27,ACCEPTED,→,&lt;foreigner&gt;,1210,cockroach,1025,Belarusan,242,Belarusan,242,Prussian,cockroach,"прус (prus), прусак (prusak)","прус (prus), прусак (prusak)"
19920,shift1160,Polysemy,28,ACCEPTED,→,&lt;foreigner&gt;,1210,cockroach,1025,Polish,171,Polish,171,Swabian,(dialect) cockroach,szwab,szwab
19921,shift1160,Derivation,29,ACCEPTED,→,&lt;foreigner&gt;,1210,cockroach,1025,Polish,171,Polish,171,Russian,(dialect) cockroach,Rusek,Rusek
19922,shift1160,Polysemy,30,ACCEPTED,→,&lt;foreigner&gt;,1210,cockroach,1025,Czech,174,Czech,174,Russian,(dialect) cockroach,Rus,Rus
19923,shift1160,Polysemy,31,ACCEPTED,→,&lt;foreigner&gt;,1210,cockroach,1025,Slovak,234,Slovak,234,Russian,(dialect) cockroach,Rus,Rus
19924,shift1160,Polysemy,32,ACCEPTED,→,&lt;foreigner&gt;,1210,cockroach,1025,Slovak,234,Slovak,234,Swabian,black cockroach,šváb,šváb
19930,shift1160,Polysemy,38,ACCEPTED,→,&lt;foreigner&gt;,1210,cockroach,1025,Polish,171,Polish,171,Prussian,(dialect) cockroach,prusak,prusak
19937,shift1160,Derivation,45,NEW,→,&lt;foreigner&gt;,1210,cockroach,1025,Serbian,1093,Serbian,1093,Russian,cockroach,Рус (Rus),бубаруса (bubarusa)
19938,shift1160,Derivation,46,NEW,→,&lt;foreigner&gt;,1210,cockroach,1025,Serbian,1093,Serbian,1093,Swabian,cockroach,Шваб (Švab),бубашваба (bubašvaba)
19939,shift1160,Derivation,47,NEW,→,&lt;foreigner&gt;,1210,cockroach,1025,Croatian,812,Croatian,812,Swabian,cockroach,švab,bubašvaba
19940,shift2657,Derivation,1,NEW,→,to hew,2763,to lose consciousness,2868,Russian,157,Russian,157,"to chop, to hew",to lose consciousness (vern.),rubit&#39;,otrubit&#39;sja
19943,shift4330,Derivation,1,ACCEPTED,→,white,62,bed-clothes,3551,Ukrainian,138,Ukrainian,138,white,bed-clothes,бiлий (bilyj),бiлизна (bilyzna)
19945,shift4330,Derivation,3,ACCEPTED,→,white,62,bed-clothes,3551,Russian,157,Russian,157,white,bed-clothes,белый (belyj),бельё (bel&#39;ё)
19946,shift4330,Derivation,4,ACCEPTED,→,white,62,bed-clothes,3551,Bulgarian,110,Bulgarian,110,white,bed-clothes,бяло,бельо
19947,shift4330,Derivation,5,ACCEPTED,→,white,62,bed-clothes,3551,Belarusan,242,Belarusan,242,white,bed-clothes,белы,бялізна
19948,shift4330,Derivation,6,ACCEPTED,→,white,62,bed-clothes,3551,Polish,171,Polish,171,white,bed-clothes,biel,bielizna
19949,shift4330,Derivation,7,ACCEPTED,→,white,62,bed-clothes,3551,Slovak,234,Slovak,234,white,bed-clothes,biely,bielizeň
19978,shift2827,Derivation,2,NEW,→,to thrust (into),3299,to quarrel,3035,Russian,157,Russian,157,"to push into, to force into","blowup, rowing (colloq.)",vtykat&#39;,vtyk
19997,shift0049,Polysemy,2,ACCEPTED,?,"to walk, wander",3350,"to loaf, do nothing",2858,Russian,157,Russian,157,"to stroll, to walk",not to work,guljat&#39;,guljat&#39;
20004,shift0474,Polysemy,2,ACCEPTED,→,eye,3890,evil eye,3875,Russian,157,Russian,157,eye,"evil eye (colloq., obs.)",glaz,glaz
20022,shift1105,Derivation,1,ACCEPTED,?,"to smear, anoint",3176,"to strike, hit",3234,Russian,157,Russian,157,to spread,to strike,mazat&#39;,vmazat&#39;
20038,shift2125,Polysemy,2,ACCEPTED,→,to stand,3211,"to be, to take place",2311,Russian,157,Russian,157,to stand,"to be, to take place",стоять (stojat&#39;),стоять (stojat&#39;)
20046,shift1407,Derivation,1,ACCEPTED,→,hawk (Accipiter),1569,hawkweed (Hieracium),1570,Russian,157,Russian,157,hawk,hawkweed,ястреб (jastreb),ястребинка (jastrebinka)
20051,shift1407,Derivation,6,ACCEPTED,→,hawk (Accipiter),1569,hawkweed (Hieracium),1570,Belarusan,242,Belarusan,242,hawk (Accipiter),hawkweed (Hieracium),ястраб,ястрабок
20055,shift1407,Derivation,10,ACCEPTED,→,hawk (Accipiter),1569,hawkweed (Hieracium),1570,Polish,171,Polish,171,hawk (Accipiter),hawkweed (Hieracium),jastrząb,jastrzębiec
20056,shift1407,Derivation,11,ACCEPTED,→,hawk (Accipiter),1569,hawkweed (Hieracium),1570,Czech,174,Czech,174,hawk (Accipiter),hawkweed (Hieracium),jestřáb,jestřábník
20058,shift6680,Polysemy,1,NEW,→,to pour,2993,to fail,2600,Russian,157,Russian,157,to pour,to fail someone on exam,засыпать,засыпать
20061,shift0359,Polysemy,1,ACCEPTED,?,to touch,3307,to offend (tr.),2948,Russian,157,Russian,157,"to touch, to brush against",to wound,zadet&#39;,zadet&#39;
20069,shift4959,Derivation,2,NEW,—,"to ask, inquire",2240,to ask (for),2238,Russian,157,Russian,157,"to ask, inquire",to ask (for),спросить,попросить
20074,shift7425,Polysemy,1,NEW,→,green,845,grey,846,Serbian,1093,Serbian,1093,green,grey,зелен (zelen),зелен (zelen)
20075,shift7425,Polysemy,2,NEW,→,green,845,grey,846,Croatian,812,Croatian,812,green,grey,zelen,zelen
20098,shift6691,Derivation,1,ACCEPTED,→,dinner fork,4436,"wishbone, merrythought",98,Russian,157,Russian,157,dinner fork,"wishbone, merrythought",вилка,вилочка
20108,shift1967,Polysemy,4,ACCEPTED,?,to pass by,2961,to pass (of time),2960,Russian,157,Russian,157,"to move, to shift",to pass,projti,projti
20127,shift1416,Polysemy,2,NEW,?,abundance,1929,harvest,1565,Russian,157,Russian,157,"abundance, plenty",harvest,obilie,obilie
20129,shift5379,Derivation,2,ACCEPTED,→,cross (n.),1142,sacrum (bone),3911,Russian,157,Russian,157,cross (n.),sacrum (bone),крест,крестец
20130,shift5379,Derivation,3,ACCEPTED,→,cross (n.),1142,sacrum (bone),3911,Ukrainian,138,Ukrainian,138,cross (n.),sacrum (bone),криж,крижі
20135,shift5379,Derivation,8,ACCEPTED,→,cross (n.),1142,sacrum (bone),3911,Czech,174,Czech,174,cross (n.),sacrum (bone),kříž,křížová kost
20136,shift5379,Derivation,9,ACCEPTED,→,cross (n.),1142,sacrum (bone),3911,Bosnian,897,Bosnian,897,cross (n.),sacrum (bone),krst,krstačna kost
20139,shift5379,Derivation,12,ACCEPTED,→,cross (n.),1142,sacrum (bone),3911,Slovenian,190,Slovenian,190,cross (n.),sacrum (bone),križ,križnica
20140,shift5379,Derivation,13,ACCEPTED,→,cross (n.),1142,sacrum (bone),3911,Slovak,234,Slovak,234,cross (n.),sacrum (bone),kríž,krížová kosť
20141,shift5379,Derivation,14,ACCEPTED,→,cross (n.),1142,sacrum (bone),3911,Polish,171,Polish,171,cross (n.),sacrum (bone),krzyż,kość krzyżowa
20142,shift5379,Derivation,15,ACCEPTED,→,cross (n.),1142,sacrum (bone),3911,Macedonian,118,Macedonian,118,cross (n.),sacrum (bone),крст,крсна коска
20147,shift5379,Derivation,20,ACCEPTED,→,cross (n.),1142,sacrum (bone),3911,Croatian,812,Croatian,812,cross (n.),sacrum (bone),križ,križa
20148,shift5379,Derivation,21,ACCEPTED,→,cross (n.),1142,sacrum (bone),3911,Serbian,1093,Serbian,1093,cross (n.),sacrum (bone),крст (krst),"крста (krsta), крстина (krstina)"
20149,shift5379,Derivation,22,ACCEPTED,→,cross (n.),1142,sacrum (bone),3911,Croatian,812,Croatian,812,cross (n.),loins,krst,krzsta
20160,shift0240,Polysemy,2,NEW,?,to wash,3355,to celebrate,2415,Russian,157,Russian,157,to wash,to wet,myt&#39;,obmyvat&#39;
20183,shift0515,Polysemy,22,NEW,→,head,1578,peak of mountain,326,Serbian,1093,Serbian,1093,top of the head,peak of mountain,теме (teme),теме (teme)
20184,shift0515,Polysemy,23,NEW,→,head,1578,peak of mountain,326,Croatian,812,Croatian,812,head,peak of mountain,tjeme,tjeme
20211,shift0424,Polysemy,1,ACCEPTED,→,shoulder,4053,branch (of a river),3671,Czech,174,Czech,174,shoulder,branch (of river),rameno,rameno
20212,shift0424,Polysemy,2,ACCEPTED,→,shoulder,4053,branch (of a river),3671,Russian,157,Russian,157,shoulder,branch (of a river),плечо,плечо
20213,shift0424,Polysemy,3,ACCEPTED,→,shoulder,4053,branch (of a river),3671,Polish,171,Polish,171,shoulder,branch (of a river),ramię,ramię
20214,shift0424,Polysemy,4,ACCEPTED,→,shoulder,4053,branch (of a river),3671,Slovak,234,Slovak,234,shoulder,branch (of a river),rameno,rameno
20221,shift2160,Polysemy,5,ACCEPTED,→,"human, person",1683,servant,3997,Old East Slavic,160,Old East Slavic,160,people,"dependents, servants, slaves",люди,люди
20222,shift2160,Polysemy,6,ACCEPTED,→,"human, person",1683,servant,3997,Russian,157,Russian,157,"man, human being",servant (male),čelovek,čelovek
20224,shift5513,Polysemy,1,ACCEPTED,→,rowan,1513,fieldfare,1274,Russian,157,Russian,157,rowan,fieldfare,рябина,рябинник
20231,shift4581,Polysemy,1,ACCEPTED,→,grandmother,827,mandrel (technology),577,Russian,157,Russian,157,grandmother,mandrel (technology),бабка,бабка
20267,shift0025,Polysemy,2,ACCEPTED,—,to reach,3040,"to get, obtain",2691,Polish,171,Polish,171,to reach,"to get, obtain",dostac,dostac
20288,shift4222,Polysemy,1,NEW,—,funnel,1400,whirlpool,59,Russian,157,Russian,157,funnel,whirlpool,воронка (voronka),воронка (voronka)
20293,shift6598,Derivation,5,ACCEPTED,→,limit,217,definition,4409,Russian,157,Russian,157,limit,definition,предел,определение
20297,shift2909,Polysemy,1,ACCEPTED,→,hen,1607,vagina,3745,Slovenian,190,Slovenian,190,female chick,vagina,kurica,kurica
20309,shift3719,Polysemy,1,ACCEPTED,—,to go up,2713,"to revolt, rebel",3085,Russian,157,Russian,157,to go up,"to revolt, rebel",подняться,подняться
20317,shift1758,Derivation,3,ACCEPTED,→,"can, to be able",882,"to defeat, win",2501,Ukrainian,138,Ukrainian,138,to be able,"to win a battle or war; defeat the opponent; to become the first in sports competitions, games, etc.",могти (mohty),перемогти (peremohty)
20320,shift1758,Derivation,6,ACCEPTED,→,"can, to be able",882,"to defeat, win",2501,Belarusan,242,Belarusan,242,"can, to be able",to win,магчы,"перамагчы, перамагаць"
20329,shift1179,Derivation,3,ACCEPTED,?,to burn (intr.),2384,distilled alcohol,4451,Czech,174,Czech,174,"to burn, to scorch",vodka,paliti,pálenka
20330,shift1179,Derivation,4,ACCEPTED,?,to burn (intr.),2384,distilled alcohol,4451,Ukrainian,138,Ukrainian,138,"to burn, to flare",vodka,hority,horilka
20331,shift1179,Derivation,5,ACCEPTED,→,to burn (intr.),2384,distilled alcohol,4451,Russian,157,Russian,157,to burn,hot punch,žeč&#39;,žženka
20360,shift4923,Derivation,1,NEW,→,"ear, spike (of a grain plant)",3793,birch bolete (Leccinum scabrum),3593,Russian,157,Russian,157,"ear, spike (of a grain plant)",birch bolete (Leccinum scabrum),колос,колосовик
20367,shift4614,Polysemy,1,NEW,—,insane,1784,very,3761,Russian,157,Russian,157,insane,very,сумасшедший,сумасшедший
20368,shift4614,Polysemy,2,NEW,—,insane,1784,very,3761,Russian,157,Russian,157,insane,very,безумный,безумный
20383,shift7383,Motivation,1,NEW,→,ice,1730,January,1176,Czech,174,Czech,174,ice,January,led,leden
20386,shift5029,Derivation,1,ACCEPTED,→,father,1242,motherland,724,Russian,157,Russian,157,father,motherland,otec / отец,otečestvo /отечество
20388,shift5029,Derivation,3,ACCEPTED,→,father,1242,motherland,724,Czech,174,Czech,174,father,motherland,otec,otčina
20392,shift5029,Derivation,7,ACCEPTED,→,father,1242,motherland,724,Ukrainian,138,Ukrainian,138,father,motherland,батько,батьківщина
20397,shift5029,Derivation,12,NEW,→,father,1242,motherland,724,Belarusan,242,Belarusan,242,father,motherland,айцец,айчына
20398,shift5029,Derivation,13,NEW,→,father,1242,motherland,724,Belarusan,242,Belarusan,242,father,motherland,бацька,бацькаўшчына
20399,shift5029,Derivation,14,NEW,→,father,1242,motherland,724,Bulgarian,110,Bulgarian,110,father,motherland,отец,отечество
20413,shift5029,Derivation,28,NEW,→,father,1242,motherland,724,Macedonian,118,Macedonian,118,father,motherland,татко,татковина
20415,shift5029,Derivation,30,NEW,→,father,1242,motherland,724,Polish,171,Polish,171,father,motherland,ojciec,ojczyzna
20419,shift5029,Derivation,34,NEW,→,father,1242,motherland,724,Ukrainian,138,Ukrainian,138,father,motherland,отець,вітчизна
20433,shift5029,Derivation,48,NEW,→,father,1242,motherland,724,Bulgarian,110,Bulgarian,110,father,motherland,татко,татковина
20434,shift5029,Derivation,49,NEW,→,father,1242,motherland,724,Serbian,1093,Serbian,1093,father,motherland,отац (otac),отаџбина (otadžbina)
20435,shift5029,Derivation,50,NEW,→,father,1242,motherland,724,Croatian,812,Croatian,812,father,motherland,otac,otadžbina
20437,shift5741,Polysemy,1,ACCEPTED,→,water,16,distilled alcohol,4451,Polish,171,Polish,171,water,vodka,woda,wódka
20445,shift2170,Polysemy,3,ACCEPTED,→,to spoil (tr.),3198,to deprave,2508,Russian,157,Russian,157,spoil,to spoil,portit&#39;,portit&#39;
20450,shift1476,Derivation,2,ACCEPTED,→,"to remain, stay",3062,corpse,1103,Russian,157,Russian,157,"to stay, to remain",remnants,ostavat&#39;sja,ostanki
20457,shift3109,Polysemy,2,ACCEPTED,→,woman,109,sheaf,4025,Russian,157,Russian,157,woman; old woman,"a stack of sheaves in the field (5, 10, 20)",баба (baba),баба (baba)
20458,shift3109,Polysemy,3,ACCEPTED,→,woman,109,sheaf,4025,Belarusan,242,Belarusan,242,woman,several sheaves put together,бабка,бабка
20459,shift3109,Polysemy,4,ACCEPTED,→,woman,109,sheaf,4025,Croatian,812,Croatian,812,old woman,a stack of sheaves of sorghum and corn,баба (baba),баба (baba)
20460,shift3109,Polysemy,5,ACCEPTED,→,woman,109,sheaf,4025,Czech,174,Czech,174,"old woman, grandmother",last big sheaf,bába,bába
20461,shift3109,Polysemy,6,ACCEPTED,→,woman,109,sheaf,4025,Polish,171,Polish,171,"(colloquial, somewhat derogatory) woman, village woman (a woman from the village),  (childish) grandmother",last big sheaf,baba,baba
20462,shift3109,Polysemy,7,ACCEPTED,→,woman,109,sheaf,4025,Lower Sorbian,9,Lower Sorbian,9,woman; old woman,the heaps of flax set up in the form of a cone or pyramid-like on the field,baba,baby (pl.)
20466,shift7873,Derivation,1,NEW,→,roof,1493,icicle,1732,Czech,174,Czech,174,roof,icicle,střecha,střechýl
20488,shift0397,Polysemy,1,ACCEPTED,?,empty,3835,idle,1735,Czech,174,Czech,174,empty [Павлович 1976: 418],idle,prázdný,prázdný
20494,shift4960,Polysemy,2,ACCEPTED,→,wing,92,outbuilding,4570,Russian,157,Russian,157,wing,outbuilding,крыло,крыло
20499,shift7187,Polysemy,1,ACCEPTED,→,autumn fall of the leaves,2064,November,1888,Belarusan,242,Belarusan,242,autumn fall of the leaves,November,лістапад,лістапад
20500,shift7187,Polysemy,2,ACCEPTED,→,autumn fall of the leaves,2064,November,1888,Czech,174,Czech,174,autumn fall of the leaves,November,listopad,listopad
20502,shift7187,Polysemy,4,ACCEPTED,→,autumn fall of the leaves,2064,November,1888,Ukrainian,138,Ukrainian,138,autumn fall of the leaves,November,листопад,листопад
20511,shift1376,Polysemy,2,ACCEPTED,→,"stairs, ladder",4241,stirrup,4273,Belarusan,242,Belarusan,242,(полеск. диал) веревка с крюком и петлями для ног для подъема на дерево за бортью,stirrup (lit.),stremja,stremja
20513,shift1376,Derivation,4,ACCEPTED,←,"stairs, ladder",4241,stirrup,4273,Russian,157,Russian,157,stairs,stirrup,стремянка (stremjanka),стремя (stremja)
20515,shift7645,Derivation,2,NEW,→,to cut,2484,yarrow,2076,Russian,157,Russian,157,to cut,(rare) yarrow,резать,порезная трава
20516,shift7645,Derivation,3,NEW,→,to cut,2484,yarrow,2076,Belarusan,242,Belarusan,242,to cut,yarrow,рэзаць,серпарэзнік
20524,shift2685,Polysemy,8,ACCEPTED,→,"companion, partner",1067,husband / wife,1695,Serbian,1093,Serbian,1093,"companion, conjugal partner","spouse,",партнер (partner),партнер (partner)
20525,shift2685,Polysemy,9,ACCEPTED,→,"companion, partner",1067,husband / wife,1695,Croatian,812,Croatian,812,"companion, partner","spouse, conjugal partner, lover",partner,partner
20547,shift1189,Derivation,1,ACCEPTED,?,&lt;horned animal&gt;,1538,&lt;insect&gt;,1727,Russian,157,Russian,157,"nanny goat, she goat",beetle,koza,kozjavka
20548,shift1189,Derivation,2,ACCEPTED,?,&lt;horned animal&gt;,1538,&lt;insect&gt;,1727,Russian,157,Russian,157,cow,ladybird,korova,korovka
20551,shift1287,Polysemy,1,NEW,→,to pour,2993,"to strike, hit",3234,Polish,171,Polish,171,to pour,"to beat, to batter (colloq.)",lać,lać
20572,shift1530,Derivation,1,ACCEPTED,→,&lt;plant (biol.)&gt;,277,brown,3703,Russian,157,Russian,157,cinnamon,brown,корица (korica),коричневый (koričnevyj)
20589,shift2294,Polysemy,3,ACCEPTED,→,pure,496,innocent,1783,Serbian,1093,Serbian,1093,pure,innocent,чист (čist),чист (čist)
20596,shift3829,Derivation,1,ACCEPTED,—,wolf,107,fly agaric (Amanita muscaria),1328,Russian,157,Russian,157,wolf's,fly agaric (Amanita muscaria),волчий,волчий гриб
20602,shift0505,Polysemy,3,ACCEPTED,?,throat,2186,ravine,1434,Russian,157,Russian,157,throat,"gorge, ravine, mountain passage",gorlo,gorlo
20604,shift0505,Polysemy,5,ACCEPTED,→,throat,2186,ravine,1434,Serbian,1093,Serbian,1093,throat,gorge,грло (grlo),грло (grlo)
20614,shift0337,Polysemy,9,NEW,→,"to strike, hit",3234,to astonish,2241,Russian,157,Russian,157,"to strike, hit",to astonish,ošarašit’,ošarašit’
20615,shift0337,Polysemy,10,NEW,—,"to strike, hit",3234,to astonish,2241,Russian,157,Russian,157,"to strike, hit",to astonish,ogorošit’,ogorošit’
20617,shift7299,Polysemy,1,ACCEPTED,→,"uncultivated, unprocessed",511,"rude, impolite",1517,Russian,157,Russian,157,"coarse, unpolished",barbaric,neotesannyj,neotesannyj
20618,shift6468,Derivation,1,NEW,→,horse,1661,mole cricket (Gryllotalpa),695,Macedonian,118,Macedonian,118,horse (Equus caballus),mole cricket (Gryllotalpa),коњ,коњоштип
20624,shift5703,Polysemy,1,NEW,→,court (of a sovereign),1114,noble,1870,Russian,157,Russian,157,court (of a sovereign),noble,двор (dvor),дворянин (dvorjanin)
20625,shift3162,Derivation,1,ACCEPTED,→,to tickle,3301,water nymph,19,Ukrainian,138,Ukrainian,138,to tickle,mermaid,loskotat&#39;,loskotucha
20626,shift3162,Derivation,2,ACCEPTED,→,to tickle,3301,water nymph,19,Russian,157,Russian,157,to tickle,mermaid (dialect),ščekotat&#39;,ščekotalka
20627,shift3162,Derivation,3,ACCEPTED,→,to tickle,3301,water nymph,19,Belarusan,242,Belarusan,242,to tickle (dialect.),mermaid,kazytat&#39;,kazyta
20629,shift8199,Derivation,2,ACCEPTED,→,wing,92,bat,3529,Russian,157,Russian,157,wing,genus of bats (Pteropus),крыло,крылан
20630,shift8199,Derivation,3,ACCEPTED,→,wing,92,bat,3529,Ukrainian,138,Ukrainian,138,wing,genus of bats (Pteropus),крило,крилан
20631,shift8199,Derivation,4,ACCEPTED,→,wing,92,bat,3529,Belarusan,242,Belarusan,242,wing,genus of bats (Pteropus),крыло,крылан
20633,shift6049,Polysemy,2,ACCEPTED,→,to forge,2652,to shoe (horses),3148,Russian,157,Russian,157,to forge,to shoe (horses),ковать,ковать
20634,shift6049,Polysemy,3,ACCEPTED,→,to forge,2652,to shoe (horses),3148,Bulgarian,110,Bulgarian,110,to forge,to shoe (horses),кова,кова
20635,shift6049,Derivation,4,ACCEPTED,→,to forge,2652,to shoe (horses),3148,Macedonian,118,Macedonian,118,to forge,to shoe (horses),кова,потковува
20636,shift6049,Polysemy,5,ACCEPTED,→,to forge,2652,to shoe (horses),3148,Polish,171,Polish,171,to forge,to shoe (horses),kuć,kuć
20638,shift6049,Polysemy,7,ACCEPTED,→,to forge,2652,to shoe (horses),3148,Ukrainian,138,Ukrainian,138,to forge,to shoe (horses),кувати,кувати
20639,shift6049,Polysemy,8,ACCEPTED,→,to forge,2652,to shoe (horses),3148,Belarusan,242,Belarusan,242,to forge,to shoe (horses),каваць,каваць
20640,shift6049,Derivation,9,ACCEPTED,→,to forge,2652,to shoe (horses),3148,Slovenian,190,Slovenian,190,to forge,to shoe (horses),kováti,podkováti
20678,shift2297,Polysemy,1,ACCEPTED,—,to believe in,2337,to trust,3316,Russian,157,Russian,157,to believe in smth.,to trust,верить (verit&#39;),верить (verit&#39;)
20705,shift1934,Polysemy,2,ACCEPTED,—,"mangy, scabby",580,bad,3493,Russian,157,Russian,157,"mangy, scabby",bad,паршивый (paršivyj),паршивый (paršivyj)
20718,shift1708,Derivation,4,ACCEPTED,→,blue,3634,bruise,3705,Russian,157,Russian,157,blue,bruise,sinij,sinjak
20723,shift1708,Derivation,9,NEW,→,blue,3634,bruise,3705,Serbian,1093,Serbian,1093,blue,bruise,модар (modar),модрица (modrica)
20724,shift1708,Derivation,10,NEW,→,blue,3634,bruise,3705,Croatian,812,Croatian,812,blue,bruise,modar,modrica
20730,shift4645,Derivation,2,NEW,→,couple,1112,to copulate,2462,Russian,157,Russian,157,couple,to copulate,пара,спариваться
20748,shift0034,Polysemy,16,ACCEPTED,→,to hear / to listen,2759,to obey,2943,Macedonian,118,Macedonian,118,"to hear, to listen",to obey,sluša,sluša
20774,shift0034,Polysemy,42,ACCEPTED,→,to hear / to listen,2759,to obey,2943,Czech,174,Czech,174,to hear / to listen,to obey,poslouchati,poslouchati
20787,shift0034,Derivation,55,ACCEPTED,→,to hear / to listen,2759,to obey,2943,Russian,157,Russian,157,to listen,to obey,слушать (slušat&#39;),слушаться (slušat&#39;sja)
20822,shift0034,Polysemy,90,ACCEPTED,→,to hear / to listen,2759,to obey,2943,Lower Sorbian,9,Lower Sorbian,9,to hear / to listen,to obey,słuchaś,słuchaś
20829,shift0034,Polysemy,97,ACCEPTED,→,to hear / to listen,2759,to obey,2943,Bulgarian,110,Bulgarian,110,to listen,to obey,слушам,слушам
20838,shift0034,Polysemy,106,ACCEPTED,→,to hear / to listen,2759,to obey,2943,Serbian,1093,Serbian,1093,to hear / to listen,to obey,слушати (slušati),слушати (slušati)
20842,shift0034,Polysemy,110,ACCEPTED,→,to hear / to listen,2759,to obey,2943,Croatian,812,Croatian,812,to hear / to listen,to obey,slušati,slušati
20850,shift0034,Polysemy,118,ACCEPTED,→,to hear / to listen,2759,to obey,2943,Belarusan,242,Belarusan,242,to hear / to listen,to obey,слухаць,слухаць
20863,shift0034,Polysemy,131,ACCEPTED,→,to hear / to listen,2759,to obey,2943,Polish,171,Polish,171,to listen,to obey,słuchać,słuchać
20995,shift0966,Derivation,10,ACCEPTED,?,woman,109,wife,73,Russian,157,Russian,157,wife,woman,žena,ženščina
21024,shift0966,Polysemy,39,NEW,—,woman,109,wife,73,Serbian,1093,Serbian,1093,woman,wife,жена (žena),жена (žena)
21025,shift0966,Polysemy,40,NEW,—,woman,109,wife,73,Croatian,812,Croatian,812,woman,wife,žena,žena
21039,shift6436,Derivation,2,NEW,→,sour,4175,rotten,1508,Serbian,1093,Serbian,1093,sour,to get rotten,кисео (kiseo),укиселити (ukiseliti)
21042,shift0837,Semantic evolution,1,ACCEPTED,?,guest,855,merchant,638,Old East Slavic,160,Old East Slavic,160,"guest, stranger",guest merchant,гость,гость
21043,shift0235,Polysemy,1,ACCEPTED,→,"thick (of a growth, hair)",2168,"bass, low-pitched voice",3526,Russian,157,Russian,157,thick,deep,gustoj,gustoj
21047,shift0509,Polysemy,1,ACCEPTED,—,comb (of a bird),1041,comb,1040,Russian,157,Russian,157,comb (of roaster),comb,"гребень (greben&#39;), гребешок (grebešok)","гребень (greben&#39;), гребешок (grebešok)"
21069,shift0012,Derivation,13,ACCEPTED,—,"to calculate, count",2393,to read,3042,Old East Slavic,160,Old East Slavic,160,"to count, to calculate",to read,чисти,чисти
21117,shift1672,Derivation,1,ACCEPTED,?,mirror,675,mirror carp,678,Ukrainian,138,Ukrainian,138,mirror,mirror carp,dzerkalo,zerkalec
21118,shift1672,Derivation,2,ACCEPTED,→,mirror,675,mirror carp,678,Polish,171,Polish,171,mirror,mirror carp,lustro,lustreń
21130,shift1057,Polysemy,12,NEW,→,"box, container",3665,coffin,1030,Serbian,1093,Serbian,1093,"box, container",coffin,ковчег (kovčeg),ковчег (kovčeg)
21131,shift1057,Polysemy,13,NEW,→,"box, container",3665,coffin,1030,Croatian,812,Croatian,812,"box, container",coffin,kovčeg,kovčeg
21133,shift6662,Polysemy,1,ACCEPTED,→,sea,3970,"many, much",584,Russian,157,Russian,157,sea,"many, much, a lot of",море,море
21135,shift6662,Polysemy,3,ACCEPTED,→,sea,3970,"many, much",584,Serbian,1093,Serbian,1093,sea,"many, much",море (more),море (more)
21136,shift6662,Polysemy,4,ACCEPTED,→,sea,3970,"many, much",584,Croatian,812,Croatian,812,sea,"many, much",more,more
21144,shift2512,Polysemy,1,ACCEPTED,→,&lt;clothes&gt;,864,"caul, amniotic sac",915,Russian,157,Russian,157,shirt,shirt,rubaška,rubaška
21146,shift2512,Polysemy,3,ACCEPTED,→,&lt;clothes&gt;,864,"caul, amniotic sac",915,Russian,157,Russian,157,shirt,amnionic membrane,soročka,soročka
21149,shift2512,Polysemy,6,ACCEPTED,—,&lt;clothes&gt;,864,"caul, amniotic sac",915,Serbo-Croatian,156,Serbo-Croatian,156,clothes,amnionic membrane,oblač,oblač
21150,shift2512,Polysemy,7,ACCEPTED,→,&lt;clothes&gt;,864,"caul, amniotic sac",915,Bulgarian,110,Bulgarian,110,shirt,amnionic membrane,riza,riza
21151,shift2512,Polysemy,8,NEW,→,&lt;clothes&gt;,864,"caul, amniotic sac",915,Serbian,1093,Serbian,1093,shirt,"caul, amniotic sac",кошуљица (košuljica),košuljica
21152,shift2512,Polysemy,9,NEW,→,&lt;clothes&gt;,864,"caul, amniotic sac",915,Croatian,812,Croatian,812,<clothes>,"caul, amniotic sac",košuljica,košuljica
21153,shift4924,Polysemy,1,NEW,→,pillow,376,birch bolete (Leccinum scabrum),3593,Russian,157,Russian,157,pillow,(dialect) birch bolete (Leccinum scabrum),подушка,подушка
21157,shift8191,Derivation,2,ACCEPTED,→,"to calculate, count",2393,to intend,2798,Russian,157,Russian,157,"to calculate, count",to intend,считать,расчитывать
21160,shift8191,Polysemy,5,ACCEPTED,→,"to calculate, count",2393,to intend,2798,Serbian,1093,Serbian,1093,"to calculate, count",to intend,рачунати (računati),рачунати (računati)
21161,shift8191,Polysemy,6,ACCEPTED,→,"to calculate, count",2393,to intend,2798,Croatian,812,Croatian,812,"to calculate, count",to intend,računati,računati
21165,shift4125,Polysemy,1,ACCEPTED,—,to stand up,3216,to stop doing smth.,3227,Russian,157,Russian,157,to stand up,"to give up, stop doing",встать (vstat&#39;),встать (vstat&#39;)
21175,shift1091,Polysemy,3,ACCEPTED,→,to die,2517,to want,3353,Russian,157,Russian,157,to die,to die,umirat&#39;,umirat&#39;
21191,shift4721,Cognates,1,NEW,—,swamp,4354,meat jelly,622,Russian,157,Russian,157,swamp,meat jelly,дрегва,дрегва
21195,shift8565,Derivation,1,ACCEPTED,→,lump,269,December,4401,Ukrainian,138,Ukrainian,138,"hardened, compressed piece of some substance",December,груда,грудень
21196,shift8565,Derivation,2,ACCEPTED,→,lump,269,December,4401,Polish,171,Polish,171,"lump, clod",December,gruda,grudzień
21197,shift8565,Derivation,3,ACCEPTED,→,lump,269,December,4401,Belarusan,242,Belarusan,242,lump,(dialect) December,груда,грудзень
21198,shift8565,Derivation,4,ACCEPTED,→,lump,269,December,4401,Slovak,234,Slovak,234,lump,(dialect) December,hruda,hruden
21218,shift6495,Polysemy,4,ACCEPTED,→,lame,149,bad,3493,Russian,157,Russian,157,"to limp, be lame","to be bad, imperfect",хромать,хромать
21221,shift6495,Polysemy,7,ACCEPTED,→,lame,149,bad,3493,Serbian,1093,Serbian,1093,"to limp, to be lame","to be bad, imperfect",хрaмати (hramati),хрaмати (hramati)
21230,shift6386,Derivation,1,NEW,→,yellow,2079,golden oriole,810,Czech,174,Czech,174,yellow,golden oriole,žlutý,žluva
21251,shift2564,Derivation,2,ACCEPTED,—,bird,3594,to tell a person&#39;s fortune,3290,Old East Slavic,160,Old East Slavic,160,red-footed falcon,telling fortune watching birds,кобецъ,кобь
21257,shift2155,Semantic evolution,6,ACCEPTED,→,&lt;foreigner&gt;,1210,giant,781,Ukrainian,138,Ukrainian,138,"Varangian, a person from the Scandinavian tribe","husky, sturdy",varjah,"varjah, varjaha"
21305,shift3712,Polysemy,1,ACCEPTED,—,"to raise, lift (tr.)",3037,to instigate,2796,Russian,157,Russian,157,"to raise, lift (tr.)",to cause,поднять,поднять
21309,shift3712,Polysemy,5,NEW,→,"to raise, lift (tr.)",3037,to instigate,2796,Serbian,1093,Serbian,1093,"to raise, lift (tr.)",to instigate,подићи (podići),подићи (podići)
21310,shift3712,Polysemy,6,NEW,→,"to raise, lift (tr.)",3037,to instigate,2796,Croatian,812,Croatian,812,"to raise, lift (tr.)",to instigate,podignuti,podignuti
21311,shift1945,Polysemy,1,ACCEPTED,?,bud (on a twig),3712,kidney,1708,Russian,157,Russian,157,bud,kidney,počka,počka
21316,shift1095,Cognates,2,ACCEPTED,?,sea,3970,lake,147,Russian,157,Russian,157,sea,lake (dialect),more,more
21325,shift1178,Derivation,4,ACCEPTED,?,crane (Grus),1129,cranberry (Oxycoccus),1128,Russian,157,Russian,157,crane,cranberry (dial.),žuravl&#39;,žuravika
21333,shift5461,Polysemy,1,ACCEPTED,—,number,1893,quantity,1900,Russian,157,Russian,157,number,quantity,число,число
21336,shift5461,Polysemy,4,ACCEPTED,—,number,1893,quantity,1900,Serbian,1093,Serbian,1093,number,quantity,број (broj),број (broj)
21345,shift3706,Derivation,6,ACCEPTED,→,mother,720,"&lt;exclamation of surprise, pain or sorrow&gt;",3787,Russian,157,Russian,157,mother,"exclamation of surprise, fright",mama,ма́мочки; mámočki
21361,shift6610,Derivation,2,ACCEPTED,→,to make smb/smth light (of weight),2898,"to castrate, geld",2406,Russian,157,Russian,157,light (of weight),"to castrate, geld",легкий,легчить
21362,shift1088,Derivation,1,ACCEPTED,→,bride,3687,daughter-in-law,4389,Russian,157,Russian,157,bride,daughter in law,nevesta,nevestka
21413,shift1817,Polysemy,2,ACCEPTED,→,to make black,2884,to slander,3166,Russian,157,Russian,157,to blacken,to blacken,чернить (černit&#39;),чернить (černit&#39;)
21425,shift1626,Polysemy,5,ACCEPTED,—,short (size),4048,brief,3691,Russian,157,Russian,157,short,"short, brief",korotkij,korotkij
21435,shift1626,Polysemy,15,NEW,→,short (size),4048,brief,3691,Serbian,1093,Serbian,1093,short (size),brief,кратак (kratak),кратак (kratak)
21436,shift1626,Polysemy,16,NEW,→,short (size),4048,brief,3691,Croatian,812,Croatian,812,short (size),brief,kratak,kratak
21458,shift1116,Polysemy,3,ACCEPTED,—,to bark,2250,to quarrel,3035,Russian,157,Russian,157,to bark at each other,"to swear, to curse",arkat&#39;sja,arkat&#39;sja
21461,shift1116,Polysemy,6,ACCEPTED,?,to bark,2250,to quarrel,3035,Russian,157,Russian,157,to bark,"to shout, to make noise, to yell",brehat&#39;,brehat&#39;
21463,shift1116,Derivation,8,ACCEPTED,?,to bark,2250,to quarrel,3035,Russian,157,Russian,157,to bark,"to quarrel, to scold",lajat&#39;,"lajat&#39;sja, oblajat&#39;"
21480,shift6428,Polysemy,2,NEW,→,"to light, to kindle (the fire)",2851,"to strike, hit",3234,Russian,157,Russian,157,"to light, to kindle (the fire)","to beat, hit",засветить,засветить
21508,shift1097,Polysemy,1,ACCEPTED,?,heavy (of weight),1594,very,3761,Russian,157,Russian,157,heavy,serious,tjaželyj,tjaželyj
21519,shift8150,Derivation,1,ACCEPTED,→,shield,4034,scale insect,3950,Russian,157,Russian,157,shield,scale insect,щит,щитовка
21526,shift5815,Derivation,2,ACCEPTED,→,rainbow,1421,iris (anatomy),1805,Russian,157,Russian,157,rainbow,iris (anatomy),радуга (raduga),радужка (radužka)
21527,shift5815,Polysemy,3,ACCEPTED,→,rainbow,1421,iris (anatomy),1805,Czech,174,Czech,174,rainbow,iris (anatomy),duha,duhovka
21535,shift5815,Derivation,11,ACCEPTED,→,rainbow,1421,iris (anatomy),1805,Polish,171,Polish,171,rainbow,iris (anatomy),tęcza,tęczówka
21547,shift5705,Derivation,1,ACCEPTED,→,room,1496,cage,872,Russian,157,Russian,157,room,cage,клеть,клетка
21550,shift0754,Derivation,1,ACCEPTED,→,"to bend, bow (intr.)",2340,to be disposed towards,2267,Russian,157,Russian,157,to bend,to be inclined,naklonjat&#39;sja,"imet&#39; sklonnosti, naklonnosti"
21561,shift7191,Derivation,5,ACCEPTED,→,cold,1032,November,1888,Croatian,812,Croatian,812,cold,November,stud,studeni
21582,shift5429,Polysemy,1,ACCEPTED,→,to make deaf,2886,"to stun, to knock out",3238,Russian,157,Russian,157,to make deaf,"to stun, to knock out",оглушить,оглушить
21583,shift5429,Polysemy,2,ACCEPTED,→,to make deaf,2886,"to stun, to knock out",3238,Polish,171,Polish,171,to temporarily disable hearing,to hit a person or an animal hard and make them unconscious,ogłuszyć,ogłuszyć
21591,shift1102,Polysemy,5,ACCEPTED,?,soft (adj.),4151,tender (adj.),2146,Russian,157,Russian,157,soft,meek,mjagkij,mjagkij
21606,shift3277,Polysemy,3,ACCEPTED,→,zebra,128,pedestrian crossing,333,Russian,157,Russian,157,zebra,pedestrian crossing,зебра (zebra),зебра (zebra)
21611,shift3277,Polysemy,8,ACCEPTED,→,zebra,128,pedestrian crossing,333,Macedonian,118,Macedonian,118,zebra,pedestrian crossing,зебра,зебра
21614,shift1746,Derivation,2,ACCEPTED,—,"to pull, to draw",3018,to drink,2557,Russian,157,Russian,157,"to pull, to draw",to drink slowly,tjanut&#39;,potjagivat&#39;
21618,shift2372,Polysemy,2,ACCEPTED,→,day,4391,24 hours,4581,Russian,157,Russian,157,daytime,day,den&#39;,den&#39;
21625,shift2372,Polysemy,9,NEW,→,day,4391,24 hours,4581,Serbian,1093,Serbian,1093,day,24 hours,дан (dan),дан (dan)
21628,shift4385,Polysemy,1,ACCEPTED,→,uncle,506,term of address to a man,2154,Russian,157,Russian,157,uncle (mother's or father's brother),<term of address to a man>,дядя (djadja),дядя (djadja)
21642,shift7307,Polysemy,2,ACCEPTED,→,cold,1032,December,4401,Old Church Slavonic,155,Old Church Slavonic,155,cold,December,стоуденъ,стоуденъ
21643,shift7307,Derivation,3,ACCEPTED,→,cold,1032,December,4401,Ukrainian,138,Ukrainian,138,to cool,(dialect) December,студити,студень
21644,shift7307,Derivation,4,ACCEPTED,→,cold,1032,December,4401,Slovak,234,Slovak,234,to cool,(dialect) December,studiť,studeň
21645,shift7307,Derivation,5,ACCEPTED,→,cold,1032,December,4401,Bulgarian,110,Bulgarian,110,cold,(dialect) December,студен,студени
21646,shift6209,Derivation,1,ACCEPTED,→,snub-nosed,4144,Vipera latastei,3772,Russian,157,Russian,157,snub-nosed,Vipera latastei,курносый,курносая гадюка
21656,shift3210,Derivation,2,ACCEPTED,→,black,3610,priest (Christianity),462,Old East Slavic,160,Old East Slavic,160,black,monk,чьрныи,чьрньць
21664,shift0638,Polysemy,4,ACCEPTED,—,empty,3835,"vain, in vain",3746,Russian,157,Russian,157,empty,vain,пустой (pustoj),пустой (pustoj)
21666,shift0638,Polysemy,6,ACCEPTED,—,empty,3835,"vain, in vain",3746,Old East Slavic,160,Old East Slavic,160,empty,vain,тъщий,тъщий
21676,shift0638,Polysemy,16,ACCEPTED,→,empty,3835,"vain, in vain",3746,Serbian,1093,Serbian,1093,empty,meaningless,празан (prazan),празан (prazan)
21677,shift0638,Polysemy,17,ACCEPTED,→,empty,3835,"vain, in vain",3746,Croatian,812,Croatian,812,empty,in vain,prazan,prazan
21732,shift0380,Polysemy,4,ACCEPTED,→,to throw,3296,to stop doing smth.,3227,Russian,157,Russian,157,to throw,to give up,brosat&#39;,brosat&#39;
21738,shift0380,Polysemy,10,NEW,→,to throw,3296,to stop doing smth.,3227,Croatian,812,Croatian,812,to throw,to give up doing smth.,baciti,baciti
21739,shift0380,Polysemy,11,NEW,→,to throw,3296,to stop doing smth.,3227,Serbian,1093,Serbian,1093,to throw,to give up doing smth.,бацити (baciti),бацити (baciti)
21741,shift0559,Derivation,2,ACCEPTED,—,to heat up,2760,"to strike, hit",3234,Russian,157,Russian,157,heat,to hit heavily (vern.),gret&#39;,ogret&#39;
21745,shift2021,Derivation,2,ACCEPTED,→,to be awake,2258,active,1939,Russian,157,Russian,157,to be awake,"active, lively",бодрствовать (bodrstvovat&#39;),бодрый (bodryj)
21747,shift6221,Derivation,2,ACCEPTED,→,"mute, dumb",755,child (young person),959,Ukrainian,138,Ukrainian,138,do not speak,"a child who does not yet know how to speak; baby, breast child",не мовити,немовля
21748,shift6221,Derivation,3,ACCEPTED,→,"mute, dumb",755,child (young person),959,Belarusan,242,Belarusan,242,do not speak,"infant, baby",не мовіць,немаўля
21749,shift6221,Derivation,4,ACCEPTED,→,"mute, dumb",755,child (young person),959,Czech,174,Czech,174,don't speak! (prohibitive),infant,nemluv,nemluvně
21750,shift6221,Derivation,5,ACCEPTED,→,"mute, dumb",755,child (young person),959,Polish,171,Polish,171,do not speak,"infant, baby",nie mówić,niemowlę
21753,shift4102,Polysemy,2,ACCEPTED,—,mirror,675,mirror (website),676,Russian,157,Russian,157,mirror,a copy of an internet page to be used if the original is down,зеркало (zerkalo),зеркало (zerkalo)
21763,shift2290,Polysemy,1,NEW,→,threshold,2185,limit,217,Russian,157,Russian,157,threshold,threshold,porog,porog
21766,shift6119,Derivation,2,ACCEPTED,→,fifth,1275,Friday,1378,Russian,157,Russian,157,fifth,Friday,пять,пятница
21767,shift6119,Derivation,3,ACCEPTED,→,fifth,1275,Friday,1378,Czech,174,Czech,174,fifth,Friday,pátý,pátek
21769,shift6119,Derivation,5,ACCEPTED,→,fifth,1275,Friday,1378,Croatian,812,Croatian,812,fifth,Friday,peti,petak
21770,shift6119,Derivation,6,ACCEPTED,→,fifth,1275,Friday,1378,Serbian,1093,Serbian,1093,fifth,Friday,пети (peti),петак (petak)
21771,shift6119,Derivation,7,ACCEPTED,→,fifth,1275,Friday,1378,Bosnian,897,Bosnian,897,fifth,Friday,pet,petak
21772,shift6119,Derivation,8,ACCEPTED,→,fifth,1275,Friday,1378,Bulgarian,110,Bulgarian,110,fifth,Friday,пет,петък
21785,shift4733,Polysemy,1,NEW,→,buttock,3737,wagtail (Motacilla),4,Russian,157,Russian,157,(dialect) buttock,(dialect) wagtail (Motacilla),гузица,гузица
21786,shift4637,Polysemy,1,NEW,→,to rivet,3092,to work carelessly,3381,Russian,157,Russian,157,to rivet,to work carelessly,клепать,клепать
21796,shift2462,Derivation,1,ACCEPTED,→,&lt;foreigner&gt;,1210,child before baptism,960,Serbo-Croatian,156,Serbo-Croatian,156,Turk,unchristened child,turčin,turče
21797,shift2462,Derivation,2,ACCEPTED,→,&lt;foreigner&gt;,1210,child before baptism,960,Bulgarian,110,Bulgarian,110,jew,a child before baptism,evrein,evrejče
21799,shift2462,Polysemy,4,ACCEPTED,→,&lt;foreigner&gt;,1210,child before baptism,960,Russian,157,Russian,157,Sami,a child before baptism,lop,lop
21804,shift0695,Polysemy,5,ACCEPTED,—,"to strike, hit",3234,"to defeat, win",2501,Russian,157,Russian,157,to beat,"to win, to defeat",bit&#39;,bit&#39;
21817,shift3072,Polysemy,1,ACCEPTED,—,dog,4458,mole cricket (Gryllotalpa),695,Ukrainian,138,Ukrainian,138,"she-dog, bitch",mole cricket (dialect),сучка (sučka),сучка (sučka)
21818,shift3072,Derivation,2,ACCEPTED,→,dog,4458,mole cricket (Gryllotalpa),695,Bulgarian,110,Bulgarian,110,dog,mole cricket (Gryllotalpa),куче,сляпо куче
21820,shift3072,Derivation,4,NEW,→,dog,4458,mole cricket (Gryllotalpa),695,Ukrainian,138,Ukrainian,138,(dialectal) dog,mole cricket (Gryllotalpa),собака,собачка
21822,shift3809,Polysemy,2,ACCEPTED,→,elephant,3827,bishop (chess),3602,Russian,157,Russian,157,elephant,bishop (chess),слон,слон
21824,shift3809,Polysemy,4,NEW,→,elephant,3827,bishop (chess),3602,Ukrainian,138,Ukrainian,138,elephant,bishop (chess),слон,слон
21827,shift3392,Polysemy,3,ACCEPTED,→,mouth,735,"precipice, abyss",453,Polish,171,Polish,171,"jaw, chaps",abyss,czeluść,czeluść
21828,shift3392,Polysemy,4,ACCEPTED,←,mouth,735,"precipice, abyss",453,Russian,157,Russian,157,mouth,abyss,past&#39;,past&#39;
21845,shift1460,Polysemy,1,ACCEPTED,?,to lie (posture),2848,to be situated,2299,Russian,157,Russian,157,to lie (down),to be somewhere,ležat&#39;,ležat&#39;
21862,shift6812,Polysemy,2,NEW,→,sharp,4022,"acute (disease, condition)",1941,Russian,157,Russian,157,sharp,"acute (disease, condition)",острый,острый
21863,shift5303,Polysemy,1,NEW,→,kilogram,1709,100 units of currency,4582,Czech,174,Czech,174,kilogram,100 units of currency,kilo,kilo
21864,shift5303,Polysemy,2,NEW,→,kilogram,1709,100 units of currency,4582,Slovak,234,Slovak,234,kilogram,100 units of currency,kg,kg
21866,shift1162,Derivation,1,ACCEPTED,?,"to spring, jump",3201,frog,1384,Russian,157,Russian,157,"to hop, to leap",frog (dialect),skakat&#39;,skakuha
21873,shift3680,Polysemy,2,ACCEPTED,→,"to do, act",2545,to speak,3193,Old East Slavic,160,Old East Slavic,160,"to do, to make",to speak,дѣяти,дѣяти
21874,shift3680,Polysemy,3,ACCEPTED,←,"to do, act",2545,to speak,3193,Ukrainian,138,Ukrainian,138,affair,speech,рiч,рiч
21875,shift3680,Polysemy,4,ACCEPTED,→,"to do, act",2545,to speak,3193,Old East Slavic,160,Old East Slavic,160,to do,to speak,творити,творити
21887,shift2596,Polysemy,1,ACCEPTED,→,to transit,3310,to infringe,2792,Russian,157,Russian,157,to step over,to break,prestupat&#39;,prestupat&#39;
21890,shift3769,Polysemy,3,ACCEPTED,—,alike,1969,probably,468,Russian,157,Russian,157,alike,probably,похоже (ср.р.),похоже
21891,shift7195,Motivation,1,NEW,→,gold,807,alternate-leaved golden-saxifrage,1979,Russian,157,Russian,157,gold,(dialect) alternate-leaved golden-saxifrage,золото,золотянка
21895,shift3409,Polysemy,4,NEW,—,sharp,4022,"strong (wind, frost)",4306,Russian,157,Russian,157,sharp,"strong (wind, frost)",острый,острый
21896,shift3409,Polysemy,5,NEW,→,sharp,4022,"strong (wind, frost)",4306,Serbian,1093,Serbian,1093,sharp,"strong (wind, frost)",оштар (oštar),оштар (oštar)
21897,shift3409,Polysemy,6,NEW,→,sharp,4022,"strong (wind, frost)",4306,Croatian,812,Croatian,812,sharp,"strong (wind, frost)",oštar,oštar
21899,shift4747,Derivation,1,NEW,→,hump (of a person or camel),1687,pink salmon (Oncorhynchus gorbuscha),385,Russian,157,Russian,157,hump (of a person or camel),pink salmon (Oncorhynchus gorbuscha),горб,горбуша
21909,shift7904,Polysemy,4,NEW,→,"textile, cloth",2162,sail (n.),3920,Bulgarian,110,Bulgarian,110,"canvas, cloth",sail (n.),платно,платно
21927,shift1113,Polysemy,4,ACCEPTED,?,taste (n.),2132,inclination to smth,1759,Russian,157,Russian,157,taste,"inclination, passion",vkus,vkus
21938,shift0017,Polysemy,1,ACCEPTED,?,salty,3931,funny,1401,Russian,157,Russian,157,salty,obscene,solenyj,solenyj
21964,shift4966,Derivation,1,NEW,—,blow,3633,immediately,1743,Russian,157,Russian,157,to hit,immediately,разить,сразу
21973,shift5672,Polysemy,4,ACCEPTED,→,cell (of honeycomb),926,cell (in biology),924,Czech,174,Czech,174,cell (of honeycomb),cell (in biology),buňka,buňka
21975,shift5672,Polysemy,6,ACCEPTED,→,cell (of honeycomb),926,cell (in biology),924,Slovak,234,Slovak,234,cell (of honeycomb),cell (in biology),bunka,bunka
21980,shift7623,Derivation,1,ACCEPTED,→,birch,3592,April,2021,Church Slavonic,235,Church Slavonic,235,birch,April,брѣза,брѣзьнъ
21981,shift7623,Derivation,2,ACCEPTED,→,birch,3592,April,2021,Bulgarian,110,Bulgarian,110,birch,April,бреза,брезен
21986,shift1619,Polysemy,4,ACCEPTED,—,insane,1784,rabid,1410,Russian,157,Russian,157,"frantic, wild, mad",rabid,bešenyj,bešenyj
21991,shift1644,Polysemy,2,ACCEPTED,→,to milk,2915,to extort (money from smb.),2597,Russian,157,Russian,157,to milk,to racket,doit&#39;,doit&#39;
22021,shift4691,Polysemy,1,NEW,→,thrush,2187,coward,1123,Russian,157,Russian,157,thrush,scared man,дрозд,дрозд
22024,shift6454,Derivation,1,ACCEPTED,→,wolf,107,mole cricket (Gryllotalpa),695,Ukrainian,138,Ukrainian,138,wolf,"changa, mole cricket",вовк (vovk),вовчок (vovčok)
22030,shift2491,Polysemy,1,ACCEPTED,→,mental hospital,637,"disorder, mess",4446,Russian,157,Russian,157,asylum,noisy atmosphere,durdom,durdom
22056,shift1692,Polysemy,1,ACCEPTED,—,to fall down,2605,"to fall (of rain, snow)",2603,Russian,157,Russian,157,to fall,"to fall out (rain, snow)",padat&#39;,"padat&#39;, vypadat&#39;"
22067,shift1692,Polysemy,12,NEW,→,to fall down,2605,"to fall (of rain, snow)",2603,Serbian,1093,Serbian,1093,to fall down,"to fall (of rain, snow)",пасти (pasti),пасти (pasti)
22068,shift1692,Polysemy,13,NEW,→,to fall down,2605,"to fall (of rain, snow)",2603,Croatian,812,Croatian,812,to fall down,"to fall (of rain, snow)",pasti,pasti
22086,shift5554,Polysemy,1,ACCEPTED,→,&lt;high rank officail in the Catholic Church&gt;,1536,&lt;alcoholic drink&gt;,1915,Czech,174,Czech,174,"the Pope, the head of the Catholic Church, the Holy Father","drink made from wine, sugar and oranges",papež,papež
22115,shift1005,Polysemy,11,ACCEPTED,—,head,1578,boss,3651,Russian,157,Russian,157,head,chief,голова (golova),golova
22128,shift1005,Polysemy,24,NEW,→,head,1578,boss,3651,Serbian,1093,Serbian,1093,head,"boss, leader",глава (glava),глава (glava)
22129,shift1005,Polysemy,25,NEW,→,head,1578,boss,3651,Croatian,812,Croatian,812,head,boss,glava,glava
22135,shift5511,Derivation,1,ACCEPTED,→,neck,1837,Eurasian wryneck,3865,Russian,157,Russian,157,neck,Eurasian wryneck,шея,вертишейка
22149,shift1683,Derivation,3,ACCEPTED,?,monarch,696,goldcrest,808,Czech,174,Czech,174,king,kinglet,král,králíček
22157,shift2242,Derivation,2,ACCEPTED,→,cheerful,950,drunk,4488,Russian,157,Russian,157,cheerful,tipsy,veselyj,navesele
22159,shift0310,Polysemy,1,NEW,?,horned,1659,"unfaithful, adulterous",520,Russian,157,Russian,157,horn,to cheat on (spouse),rog,nastavit&#39; roga
22164,shift4274,Derivation,3,ACCEPTED,—,to see/to look at,3121,to spy,3204,Russian,157,Russian,157,to look,to spy,глядеть /glâdet’,соглядатай/ soglâdataj
22167,shift7507,Derivation,1,NEW,→,term (chronological),2153,urgent,547,Russian,157,Russian,157,term (chronological),urgent,срок,срочный
22168,shift7507,Derivation,2,NEW,→,term (chronological),2153,urgent,547,Belarusan,242,Belarusan,242,term (chronological),urgent,тэрмін,тэрміновы
22169,shift7507,Derivation,3,NEW,→,term (chronological),2153,urgent,547,Ukrainian,138,Ukrainian,138,"term, date, time",urgent,термін,терміновий
22177,shift3632,Polysemy,2,NEW,—,evil (adj.),3874,spicy,4198,Russian,157,Russian,157,evil (adj.),"strong (about mustard, horseradish, tobacco)",злой (zloj),злой (zloj)
22181,shift1829,Polysemy,3,NEW,→,wing,92,side (n.),4071,Serbian,1093,Serbian,1093,wing,side (n.),крило (krilo),крило (krilo)
22182,shift1829,Polysemy,4,NEW,→,wing,92,side (n.),4071,Croatian,812,Croatian,812,wing,side (n.),krilo,krilo
22185,shift7146,Polysemy,1,ACCEPTED,→,to break (tr.),2370,"to make, create",2902,Russian,157,Russian,157,to break (tr.),to make,разбить,разбить
22205,shift1060,Derivation,1,NEW,?,berry,3582,buttock,3737,Russian,157,Russian,157,berry,buttock,jagoda,jagodica
22207,shift0760,Polysemy,2,ACCEPTED,?,"paint, dye (n.)",285,colour,1038,Czech,174,Czech,174,paint [Павлович 1976: 25],colour,barva,barva
22252,shift3395,Polysemy,1,NEW,→,hell,1601,mouth,735,Russian,157,Russian,157,hell,"mouth, chaps, throat",ad,ad
22255,shift1488,Derivation,2,ACCEPTED,→,dry,4491,land (vs. sea),153,Russian,157,Russian,157,dry,land,suhoj,suša
22260,shift4643,Polysemy,1,NEW,→,to put out,3029,to tell,3289,Russian,157,Russian,157,to put out,to tell,выложить (vyložit’),выложить (vyložit’)
22261,shift4643,Derivation,2,NEW,→,to put out,3029,to tell,3289,Russian,157,Russian,157,to put out,to tell,из + *ложить,изложить
22263,shift4690,Polysemy,1,NEW,→,well-being,44,"property, possessions",478,Russian,157,Russian,157,(dialect) well-being,"(dialect) property, possessions",добрыдни,добрыдни
22272,shift5272,Polysemy,6,ACCEPTED,→,jay,1179,siberian jay,4065,Russian,157,Russian,157,(dialectal )jay,(dialectal ) siberian jay,ронжа,ронжа
22275,shift1058,Polysemy,1,NEW,→,berry,3582,cheek,948,Russian,157,Russian,157,berry,"upper part of the cheek, cheekbones",jagoda,jagodki
22281,shift0679,Derivation,1,NEW,?,strength,4301,violence,3768,Russian,157,Russian,157,force,violence,sila,nasilie
22287,shift7234,Derivation,2,NEW,→,"spring, fountain",4226,fontanelle,1334,Russian,157,Russian,157,"spring, fountain",fontanelle,родник,родничок
22299,shift3270,Polysemy,2,ACCEPTED,→,palace,288,transport station,3428,Polish,171,Polish,171,"large building, palace, castle","place of arrival, stop and departure of public transport equipped with buildings, platforms and departure stands and a building where travelers can wait for a train, bus, plane, ferry and buy tickets",dworzec,dworzec
22328,shift1853,Derivation,11,ACCEPTED,—,to breathe,2373,to rest,3076,Russian,157,Russian,157,breath,to have rest,дышать (dyšat&#39;),отдыхать (otdyhat&#39;)
22351,shift6224,Polysemy,1,NEW,→,to break (intr.),2368,to behave affectedly,2334,Russian,157,Russian,157,to break (intr.),to behave affectedly,ломаться (lomat&#39;sja),ломаться (lomat&#39;sja)
22357,shift2751,Polysemy,3,ACCEPTED,→,quiet (vs. loud),1909,calm,877,Russian,157,Russian,157,quiet (vs. loud),"serene, calm, without anxiety, without turmoil",тихий,тихий
22375,shift2751,Polysemy,21,NEW,—,quiet (vs. loud),1909,calm,877,Serbian,1093,Serbian,1093,quiet (vs. loud),calm,тих (tih),тих (tih)
22376,shift2751,Polysemy,22,NEW,—,quiet (vs. loud),1909,calm,877,Croatian,812,Croatian,812,quiet (vs. loud),calm,tih,tih
22383,shift0759,Polysemy,7,NEW,→,"to turn, rotate (intr.)",3327,to feel dizzy,2615,Serbian,1093,Serbian,1093,"to turn, rotate (intr.)",to feel dizzy,вртети се (vrteti se),вртети се (vrteti se)
22399,shift5389,Polysemy,1,ACCEPTED,→,rooster,1497,"tap, faucet",2128,Lower Sorbian,9,Lower Sorbian,9,dim. from kokot 'rooster',"tap, faucet",kokotk,kokotk
22401,shift5389,Polysemy,3,ACCEPTED,→,rooster,1497,"tap, faucet",2128,Polish,171,Polish,171,dim. from kur 'rooster',"tap, faucet",kurek,kurek
22402,shift5389,Polysemy,4,ACCEPTED,→,rooster,1497,"tap, faucet",2128,Czech,174,Czech,174,rooster,"tap, faucet",kohout,kohout
22403,shift5389,Polysemy,5,ACCEPTED,→,rooster,1497,"tap, faucet",2128,Slovak,234,Slovak,234,dim. of kohút 'rooster',"tap, faucet",kohútik,kohútik
22416,shift2089,Derivation,3,ACCEPTED,→,dust,4503,pollen,433,Russian,157,Russian,157,dust,pollen,pyl&#39;,pyl&#39;ca
22447,shift0383,Derivation,6,NEW,→,to see/to look at,3121,to tell a person&#39;s fortune,3290,Russian,157,Russian,157,to see,"fortune-teller, prophet",видеть,ясновидящий
22452,shift0923,Polysemy,1,ACCEPTED,?,"naked, bare",1819,bald,3504,Czech,174,Czech,174,"naked, nude [Павлович 1976: 131]",bald,holý,holý
22473,shift4879,Polysemy,1,NEW,→,leaf,174,spades (in cards),4183,Macedonian,118,Macedonian,118,leaf,spades (in cards),лист,лист
22483,shift2881,Polysemy,8,NEW,→,thick,2167,big,3588,Serbian,1093,Serbian,1093,thick,big,дебео (debeo),дебео (debeo)
22484,shift1337,Polysemy,1,ACCEPTED,?,attack (n.),2050,attack of disease,2051,Russian,157,Russian,157,attack,attack,pristup,pristup
22520,shift3817,Polysemy,3,ACCEPTED,→,"horseman, rider",1666,knight (chess),1722,Czech,174,Czech,174,"horseman, rider",knight (chess),jezdec,jezdec
22532,shift0457,Derivation,1,ACCEPTED,—,eye,3890,"spot, stain",4220,Russian,157,Russian,157,eye,"round spot, sometimes with a colourful edge (in insects)",glaz,glazok
22539,shift6944,Polysemy,1,NEW,→,to rear up,3044,to disagree,2524,Russian,157,Russian,157,to rear up,"to sharply show disagreement, protest, opposition",встать на дыбы,встать на дыбы
22544,shift0991,Polysemy,1,ACCEPTED,→,to want,3353,to intend,2798,Russian,157,Russian,157,to want,to intend,хотеть,хотеть
22549,shift0991,Polysemy,6,ACCEPTED,→,to want,3353,to intend,2798,Serbian,1093,Serbian,1093,to want,to intend,хтети (hteti),хтети (hteti)
22550,shift0991,Polysemy,7,ACCEPTED,→,to want,3353,to intend,2798,Croatian,812,Croatian,812,to want,to intend,htjeti,htjeti
22588,shift8277,Polysemy,1,NEW,→,to stand up,3216,to recover,3051,Serbian,1093,Serbian,1093,to stand up,to recover,устати (ustati),устати (ustati)
22589,shift8277,Polysemy,2,NEW,→,to stand up,3216,to recover,3051,Croatian,812,Croatian,812,to stand up,to recover,ustati,ustati
22593,shift5632,Derivation,1,NEW,→,Easter,3804,"firebug, Pyrrhocoris apterus",1291,Bulgarian,110,Bulgarian,110,Easter,"firebug, Pyrrhocoris apterus",Великден,великденче
22603,shift0993,Derivation,4,ACCEPTED,?,to know,2826,to understand,3331,Russian,157,Russian,157,to know,to be aware,znat&#39;,osoznat&#39;
22624,shift8485,Derivation,1,ACCEPTED,→,contents,1087,content,1086,Russian,157,Russian,157,contents,content,содержимое,содержание
22644,shift1890,Polysemy,1,NEW,—,correct (adj.),1105,fat (adj.)(of a person),1239,Russian,157,Russian,157,"right, correct",to put on weight,правильный (pravil&#39;nyj),поправиться (popravit&#39;sja)
22653,shift1242,Polysemy,1,NEW,?,to shake,3136,to speak,3193,Russian,157,Russian,157,"to chat, babble","to chat, babble",boltat&#39;,boltat&#39;
22660,shift0783,Derivation,6,ACCEPTED,—,to fall asleep,2604,to die,2517,Russian,157,Russian,157,"to sleep, to repose",to pass away,počivat&#39;,počit&#39;
22702,shift4762,Derivation,1,NEW,→,air,1961,lung,272,Russian,157,Russian,157,air,"(dialect, pl.) lung",воздух,воздухи
22707,shift2349,Polysemy,1,NEW,→,strong,4304,clever,999,Russian,157,Russian,157,strong,good at smth,sil&#39;nyj,sil&#39;nyj
22710,shift7145,Derivation,1,ACCEPTED,→,to eat,2569,breakfast,3679,Polish,171,Polish,171,to eat,breakfast,jeść,śniadanie
22711,shift7145,Derivation,2,ACCEPTED,→,to eat,2569,breakfast,3679,Czech,174,Czech,174,to eat,breakfast,jíst,snídaně
22712,shift7145,Derivation,3,ACCEPTED,→,to eat,2569,breakfast,3679,Belarusan,242,Belarusan,242,to eat,breakfast,есцi,сняданок
22713,shift7145,Derivation,4,ACCEPTED,→,to eat,2569,breakfast,3679,Macedonian,118,Macedonian,118,to eat,breakfast,јадете,поjядок
22715,shift0124,Polysemy,2,ACCEPTED,→,flower,1323,fire,1286,Serbian,1093,Serbian,1093,flower,candle flame,цвет (cvet),цвет (cvet)
22721,shift6915,Derivation,2,NEW,→,evening,3871,"dinner, evening meal",4437,Serbian,1093,Serbian,1093,evening,dinner,вече (veče),вечера (večera)
22722,shift6915,Derivation,3,NEW,→,evening,3871,"dinner, evening meal",4437,Croatian,812,Croatian,812,evening,dinner,večer,večera
22724,shift3201,Derivation,2,ACCEPTED,→,milk,657,dandelion,4378,Upper Sorbian,364,Upper Sorbian,364,milk,dandelion,mloko,mlóč
22725,shift3201,Derivation,3,ACCEPTED,→,milk,657,dandelion,4378,Polish,171,Polish,171,milk (adj.),(colloquial) dandelion,mleczny,mlecz
22732,shift8412,Polysemy,2,NEW,→,autumn fall of the leaves,2064,October,4521,Croatian,812,Croatian,812,autumn fall of the leaves,October,listopad,listopad
22733,shift6455,Derivation,1,ACCEPTED,→,bear (Ursus),3539,mole cricket (Gryllotalpa),695,Russian,157,Russian,157,bear,mole cricket,медведь (medved&#39;),медведка (medvedka)
22734,shift6455,Derivation,2,ACCEPTED,→,bear (Ursus),3539,mole cricket (Gryllotalpa),695,Ukrainian,138,Ukrainian,138,(dialectal) bear,(dialectal) mole cricket,медвєдь,медведик
22735,shift6455,Polysemy,3,ACCEPTED,→,bear (Ursus),3539,mole cricket (Gryllotalpa),695,Polish,171,Polish,171,bear (Ursus),mole cricket (Gryllotalpa),niedźwiedź,niedźwiadek
22736,shift6455,Polysemy,4,ACCEPTED,→,bear (Ursus),3539,mole cricket (Gryllotalpa),695,Upper Sorbian,364,Upper Sorbian,364,bear (Ursus),mole cricket (Gryllotalpa),mjedwjedź,mjedwedź
22737,shift6455,Derivation,5,ACCEPTED,→,bear (Ursus),3539,mole cricket (Gryllotalpa),695,Bulgarian,110,Bulgarian,110,bear (Ursus),mole cricket (Gryllotalpa),мече,мече прасе
22757,shift1539,Derivation,1,ACCEPTED,—,cross (n.),1142,clubs (in cards),1015,Russian,157,Russian,157,cross,clubs (cards),крест (krest),крести (kresti)
22760,shift1539,Derivation,4,ACCEPTED,→,cross (n.),1142,clubs (in cards),1015,Czech,174,Czech,174,cross (n.),clubs (in cards),kříž,kříže
22767,shift1539,Polysemy,11,ACCEPTED,→,cross (n.),1142,clubs (in cards),1015,Slovenian,190,Slovenian,190,cross (n.),clubs (in cards),križ,križ
22768,shift1539,Derivation,12,NEW,→,cross (n.),1142,clubs (in cards),1015,Czech,174,Czech,174,cross (n.),clubs (in cards),kříž,kříže
22783,shift2629,Derivation,3,ACCEPTED,→,field,1271,on the outside,4541,Serbian,1093,Serbian,1093,field,on the outside,поље (polje),напоље (napolje)
22784,shift2629,Derivation,4,ACCEPTED,→,field,1271,on the outside,4541,Croatian,812,Croatian,812,field,on the outside,polje,napolju
22797,shift0856,Polysemy,12,ACCEPTED,—,moon,708,month,706,Russian,157,Russian,157,"moon (in modern Russian usually referring to a crescent or a gibbous moon, but not a full moon)",month,месяц (mesjac),месяц (mesjac)
22802,shift0856,Polysemy,17,ACCEPTED,→,moon,708,month,706,Kashub,295,Kashub,295,moon,month,ksąžëc,ksąžëc
22816,shift0856,Polysemy,31,ACCEPTED,→,moon,708,month,706,Polish,171,Polish,171,"(archaic, poetic) moon",month,miesiąc,miesiąc
22875,shift0856,Polysemy,90,ACCEPTED,→,moon,708,month,706,Lower Sorbian,9,Lower Sorbian,9,moon,month,mjasec,mjasec
22980,shift0856,Polysemy,195,NEW,→,moon,708,month,706,Belarusan,242,Belarusan,242,moon,month,месяц,месяц
22981,shift0856,Polysemy,196,NEW,→,moon,708,month,706,Ukrainian,138,Ukrainian,138,moon,month,місяц,місяц
22986,shift0856,Polysemy,201,NEW,→,moon,708,month,706,Serbian,1093,Serbian,1093,moon,month,месец,месец
22987,shift0856,Polysemy,202,NEW,→,moon,708,month,706,Croatian,812,Croatian,812,moon,month,mjesec,mjesec
22988,shift0856,Polysemy,203,NEW,→,moon,708,month,706,Bulgarian,110,Bulgarian,110,(colloquial) moon,month,месец,месец
22989,shift0856,Derivation,204,NEW,→,moon,708,month,706,Macedonian,118,Macedonian,118,moon,month,месечина,месец
22990,shift0856,Polysemy,205,NEW,→,moon,708,month,706,Slovenian,190,Slovenian,190,moon,month,mesec,mesec
22991,shift0856,Polysemy,206,NEW,→,moon,708,month,706,Czech,174,Czech,174,moon,month,měsíc,měsíc
22992,shift0856,Polysemy,207,NEW,→,moon,708,month,706,Upper Sorbian,364,Upper Sorbian,364,moon,month,měsac,měsac
22993,shift0856,Polysemy,208,NEW,→,moon,708,month,706,Lower Sorbian,9,Lower Sorbian,9,moon,month,mjasec,mjasec
22994,shift0856,Polysemy,209,NEW,→,moon,708,month,706,Slovak,234,Slovak,234,moon,month,mesiac,mesiac
23228,shift0237,Polysemy,2,NEW,?,"to tear off, peel off",3287,"to carp, find faults",2400,Russian,157,Russian,157,"to bark, to peel",to find fault,drat&#39;,pridirat&#39;sja
23233,shift1869,Polysemy,2,ACCEPTED,→,to burn (intr.),2384,"passionate, zealous",314,Serbian,1093,Serbian,1093,to burn (intr.),"to be passionate about something, to burn with something",горети (goreti),горети (goreti)
23234,shift1869,Polysemy,3,ACCEPTED,→,to burn (intr.),2384,"passionate, zealous",314,Croatian,812,Croatian,812,to burn (intr.),"to be passionate about something, to burn with something",gorjeti,gorjeti
23237,shift3674,Polysemy,2,ACCEPTED,—,"ugly, unpleasant",502,bad (ethically),3494,Russian,157,Russian,157,crazy,bad,durnoj,durnoj
23238,shift3674,Polysemy,3,ACCEPTED,—,"ugly, unpleasant",502,bad (ethically),3494,Russian,157,Russian,157,"unsighted, deprive of beauty",dishonest,nekrasivyj,nekrasivyj
23245,shift2103,Polysemy,2,ACCEPTED,—,warm,10,"friendly, amicable",1381,Russian,157,Russian,157,warm,warm,teplyj,teplyj
23259,shift2022,Derivation,6,ACCEPTED,→,"to awaken, wake up",2246,to cause,2410,Russian,157,Russian,157,to wake up,to impel,budit&#39;,pobudit&#39;
23271,shift1395,Derivation,3,ACCEPTED,→,cross (n.),1142,crossbill (Loxia),1143,Bulgarian,110,Bulgarian,110,cross (n.),crossbill (Loxia),кръст,кръсточовка
23274,shift1395,Derivation,6,ACCEPTED,→,cross (n.),1142,crossbill (Loxia),1143,Polish,171,Polish,171,cross (n.),crossbill (Loxia),krzyż,krzyżodziób
23291,shift1994,Polysemy,5,NEW,→,face,1214,front part,1389,Croatian,812,Croatian,812,face,front part,lice,lice
23296,shift1061,Cognates,1,ACCEPTED,→,hen,1607,whore,67,Czech,174,Czech,174,hen,prostitute (vulg.),kur,kurva
23308,shift0362,Derivation,2,ACCEPTED,←,"to suffice, be enough",3247,"can, to be able",882,Serbian,1093,Serbian,1093,to be enough,"can, to be able",смоћи (smoći),моћи (moći)
23309,shift0362,Derivation,3,ACCEPTED,←,"to suffice, be enough",3247,"can, to be able",882,Croatian,812,Croatian,812,to be enough,"can, to be able",smoći,moći
23314,shift3557,Polysemy,5,NEW,→,heart,1588,inside,1787,Serbian,1093,Serbian,1093,heart,inside,срце (srce),срце (srce)
23315,shift3557,Polysemy,6,NEW,→,heart,1588,inside,1787,Croatian,812,Croatian,812,heart,inside,srce,srce
23320,shift1149,Derivation,5,ACCEPTED,—,red,1444,&lt;disease&gt;,4373,Russian,157,Russian,157,red,German measles,красный,краснуха
23324,shift0269,Polysemy,3,ACCEPTED,—,to dig,2519,to investigate,2801,Russian,157,Russian,157,to dig,NA,kopat&#39;,"kopat&#39;, dokopat&#39;sja"
23330,shift0269,Polysemy,9,NEW,—,to dig,2519,to investigate,2801,Serbian,1093,Serbian,1093,to dig,to investigate,копати (kopati),копати (kopati)
23331,shift0269,Polysemy,10,NEW,—,to dig,2519,to investigate,2801,Serbian,1093,Serbian,1093,to dig,to investigate,чепркати (čeprkati),чепркати (čeprkati)
23332,shift0269,Polysemy,11,NEW,—,to dig,2519,to investigate,2801,Croatian,812,Croatian,812,to dig,to investigate,kopati,kopati
23333,shift0269,Polysemy,12,NEW,—,to dig,2519,to investigate,2801,Serbian,1093,Serbian,1093,to dig,to investigate,čeprkati,čeprkati
23346,shift1899,Polysemy,2,ACCEPTED,→,good,814,OK,4531,Russian,157,Russian,157,good,consent,хорошо (horošo),хорошо (horošo)
23350,shift1899,Polysemy,6,ACCEPTED,→,good,814,OK,4531,Serbian,1093,Serbian,1093,well,OK,добро (dobro),добро (dobro)
23351,shift1899,Polysemy,7,ACCEPTED,→,good,814,OK,4531,Croatian,812,Croatian,812,well,OK,dobro,dobro
23352,shift1899,Polysemy,8,NEW,→,good,814,OK,4531,Russian,157,Russian,157,good,OK,ладно,ладно
23360,shift4317,Polysemy,2,ACCEPTED,→,pit,389,prison,467,Russian,157,Russian,157,pit; hole,prison,яма (jama),яма (jama)
23382,shift2169,Polysemy,1,ACCEPTED,→,"to raise, lift (tr.)",3037,"to awaken, wake up",2246,Russian,157,Russian,157,"to lift, to raise",to wake up (smn),podnimat&#39;,podnimat&#39;
23392,shift2169,Polysemy,11,NEW,→,"to raise, lift (tr.)",3037,"to awaken, wake up",2246,Serbian,1093,Serbian,1093,"to raise, lift (tr.)","to awaken, wake up",дићи (dići),дићи (dići)
23393,shift2169,Polysemy,12,NEW,→,"to raise, lift (tr.)",3037,"to awaken, wake up",2246,Croatian,812,Croatian,812,"to raise, lift (tr.)","to awaken, wake up",dignuti,dignuti
23400,shift6733,Polysemy,1,NEW,→,bridge,3689,"sternum, breastbone",4266,Polish,171,Polish,171,bridge,"sternum, breastbone",mostek,mostek
23434,shift5491,Derivation,6,ACCEPTED,→,red,1444,common redstart,1059,Belarusan,242,Belarusan,242,red,common redstart,руды,рудахвостка
23436,shift5491,Derivation,8,ACCEPTED,→,red,1444,common redstart,1059,Serbian,1093,Serbian,1093,red,common redstart,црвен (crven),црвенорепка (crveborepka)
23437,shift5491,Derivation,9,ACCEPTED,→,red,1444,common redstart,1059,Croatian,812,Croatian,812,red,common redstart,crven,crvenrepka
23444,shift1438,Derivation,1,ACCEPTED,→,louse,261,bad,3493,Russian,157,Russian,157,lousy (infested with lice),bad,вшивый (všivyj),вшивый (všivyj)
23448,shift1640,Polysemy,2,ACCEPTED,→,alive,1970,quick,1908,Russian,157,Russian,157,alive,"quick, fast",živoj,živo
23450,shift1640,Polysemy,4,ACCEPTED,—,alive,1970,quick,1908,Belarusan,242,Belarusan,242,alive,"quick, fast",bodryj,bodryj
23451,shift1640,Polysemy,5,ACCEPTED,?,alive,1970,quick,1908,Czech,174,Czech,174,"vivacious, cheery","quick, fast",čujný,čujný
23463,shift0296,Polysemy,4,ACCEPTED,→,forehead,1347,front part,1389,Bulgarian,110,Bulgarian,110,forehead,front part,чело,чело
23470,shift0296,Polysemy,11,NEW,→,forehead,1347,front part,1389,Serbian,1093,Serbian,1093,forehead,front part,чело (čelo),чело (čelo)
23471,shift0296,Polysemy,12,NEW,→,forehead,1347,front part,1389,Croatian,812,Croatian,812,forehead,front part,čelo,čelo
23488,shift1585,Polysemy,4,ACCEPTED,→,"manufacturer, producer",583,"commodity, goods",1047,Russian,157,Russian,157,the patronimics of the person who invented the drink,"ancient vodka, with aromatic herbs",erofeič,erofeič
23490,shift1585,Semantic evolution,6,ACCEPTED,→,"manufacturer, producer",583,"commodity, goods",1047,Russian,157,Russian,157,manufacturer's name,thermos,Thermos,termos
23498,shift5783,Polysemy,2,ACCEPTED,—,shoulder,4053,upper arm,541,Russian,157,Russian,157,shoulder,(anat.) upper arm,плечо (plečó),плечо (plečó)
23499,shift5783,Polysemy,3,ACCEPTED,—,shoulder,4053,upper arm,541,Belarusan,242,Belarusan,242,shoulder,upper arm,плячо,плячо
23509,shift4398,Polysemy,2,ACCEPTED,→,wolf,107,pike (fish),373,Polish,171,Polish,171,wolf (Canis lupus),(dialect) pike (fish),wilk,wilk
23514,shift0614,Polysemy,4,ACCEPTED,?,"to pull, to draw",3018,to weigh (intr.),3368,Russian,157,Russian,157,"to pull, to draw",to look like,tjanut&#39;,tjanut&#39;
23521,shift0901,Polysemy,6,ACCEPTED,?,light (of weight),211,simple,4082,Russian,157,Russian,157,light (weight),"easy, simple",legkij,legkij
23532,shift0901,Polysemy,17,NEW,→,light (of weight),211,simple,4082,Serbian,1093,Serbian,1093,light (of weight),simple,лаган (lagan),лаган (lagan)
23533,shift0901,Polysemy,18,NEW,→,light (of weight),211,simple,4082,Croatian,812,Croatian,812,light (of weight),simple,lak,lak
23538,shift2872,Syncretism,4,ACCEPTED,—,high (location),1623,"high (size), tall",1624,Serbian,1093,Serbian,1093,high (location),"high (size), tall",висок (visоk),висок (visоk)
23539,shift2872,Syncretism,5,ACCEPTED,—,high (location),1623,"high (size), tall",1624,Croatian,812,Croatian,812,high (location),"high (size), tall",visok,visok
23540,shift2872,Syncretism,6,ACCEPTED,—,high (location),1623,"high (size), tall",1624,Russian,157,Russian,157,high (location),"high (size), tall",высокий,высокий
23546,shift4871,Derivation,1,NEW,→,tambourine,2124,diamonds (in cards),4429,Russian,157,Russian,157,tambourine,diamonds (in cards),бубен,бубны
23548,shift1378,Polysemy,1,NEW,?,quick,1908,hare (Lepus),1562,Serbo-Croatian,156,Serbo-Croatian,156,"quick, fast (person)",hare (Montenegro),brzac,brzac
23553,shift5806,Derivation,2,ACCEPTED,→,net (n.),1848,retina,1466,Russian,157,Russian,157,"net, toils, network",retina,сеть,сетчатка
23555,shift5806,Polysemy,4,ACCEPTED,→,net (n.),1848,retina,1466,Czech,174,Czech,174,"net, toils, network",retina,síť,sítnice
23556,shift5806,Derivation,5,ACCEPTED,→,net (n.),1848,retina,1466,Macedonian,118,Macedonian,118,"net, toils, network",retina,мрежа,мрежница
23559,shift5806,Derivation,8,ACCEPTED,→,net (n.),1848,retina,1466,Polish,171,Polish,171,diminutive of sieć 'net',retina,siatka,siatkówka
23561,shift5806,Derivation,10,ACCEPTED,→,net (n.),1848,retina,1466,Serbian,1093,Serbian,1093,"net, toils, network",retina,мрежа (mreža),мрежњача (mrežnjača)
23562,shift5806,Derivation,11,ACCEPTED,→,net (n.),1848,retina,1466,Croatian,812,Croatian,812,"net, toils, network",retina,mreža,mrežnica
23567,shift8178,Polysemy,4,ACCEPTED,→,&lt;fruit&gt;,1211,glans penis,790,Czech,174,Czech,174,acorn,glans penis,žalud,žalud
23573,shift8178,Polysemy,10,ACCEPTED,→,&lt;fruit&gt;,1211,glans penis,790,Slovak,234,Slovak,234,acorn,glans penis,žaluď,žaluď
23574,shift8178,Polysemy,11,ACCEPTED,→,&lt;fruit&gt;,1211,glans penis,790,Polish,171,Polish,171,acorn,glans penis,żołądź,żołądź
23577,shift8403,Derivation,1,ACCEPTED,→,rut,1531,October,4521,Czech,174,Czech,174,rutting,October,říje,říjen
23586,shift1786,Derivation,3,ACCEPTED,→,"narrow, close",1827,to oppress,2952,Russian,157,Russian,157,narrow,to oppress,тесный,притеснять
23590,shift6692,Polysemy,2,NEW,→,shoulder pole,4054,dragonfly,4476,Russian,157,Russian,157,shoulder pole,dragonfly (Aeshna),коромысло,коромысло
23592,shift4998,Polysemy,1,ACCEPTED,—,ray,1438,reed (in loom),1448,Czech,174,Czech,174,ray,reed (in loom),paprsek,paprsek
23598,shift8073,Derivation,2,ACCEPTED,→,to burn (intr.),2384,fuel,1395,Russian,157,Russian,157,to burn (intr.),fuel,гореть,горючее
23599,shift8073,Polysemy,3,ACCEPTED,→,to burn (intr.),2384,fuel,1395,Russian,157,Russian,157,to stoke (an oven),fuel,топить,топливо
23604,shift8073,Derivation,8,ACCEPTED,→,to burn (intr.),2384,fuel,1395,Ukrainian,138,Ukrainian,138,to burn (intr.),fuel,палити,паливо
23605,shift8073,Derivation,9,ACCEPTED,→,to burn (intr.),2384,fuel,1395,Slovenian,190,Slovenian,190,to burn (intr.),fuel,goreti,gorivo
23606,shift8073,Derivation,10,ACCEPTED,→,to burn (intr.),2384,fuel,1395,Slovak,234,Slovak,234,to burn (intr.),fuel,páliť,palivo
23607,shift8073,Derivation,11,ACCEPTED,→,to burn (intr.),2384,fuel,1395,Czech,174,Czech,174,to burn (intr.),fuel,pálit,palivo
23608,shift8073,Derivation,12,ACCEPTED,→,to burn (intr.),2384,fuel,1395,Polish,171,Polish,171,to burn (intr.),fuel,palić,paliwo
23609,shift8073,Derivation,13,ACCEPTED,→,to burn (intr.),2384,fuel,1395,Serbian,1093,Serbian,1093,to burn (intr.),fuel,горети (goreti),гориво (gorivo)
23610,shift8073,Derivation,14,ACCEPTED,→,to burn (intr.),2384,fuel,1395,Croatian,812,Croatian,812,to burn (intr.),fuel,gorjeti,gorivo
23612,shift1171,Polysemy,1,ACCEPTED,→,heart,1588,location of emotions,239,Russian,157,Russian,157,heart,heart,serdce,serdce
23639,shift1171,Polysemy,28,NEW,→,heart,1588,location of emotions,239,Serbian,1093,Serbian,1093,heart,location of emotions,срце (srce),срце (srce)
23640,shift1171,Polysemy,29,NEW,→,heart,1588,location of emotions,239,Croatian,812,Croatian,812,heart,location of emotions,srce,srce
23656,shift1171,Polysemy,45,NEW,→,heart,1588,location of emotions,239,Bulgarian,110,Bulgarian,110,heart,location of emotions,сърце,сърце
23681,shift1171,Polysemy,70,NEW,→,heart,1588,location of emotions,239,Polish,171,Polish,171,heart,location of emotions,serce,serce
23682,shift1171,Polysemy,71,NEW,—,heart,1588,location of emotions,239,Kashubian,1609,Kashubian,1609,heart,location of emotions,serce,serce
23683,shift1171,Polysemy,72,NEW,—,heart,1588,location of emotions,239,Lower Sorbian,9,Lower Sorbian,9,heart,location of emotions,wutšoba,wutšoba
23684,shift1171,Polysemy,73,NEW,—,heart,1588,location of emotions,239,Silesian,1676,Silesian,1676,heart,location of emotions,serce,serce
23685,shift1171,Polysemy,74,NEW,—,heart,1588,location of emotions,239,Belarusan,242,Belarusan,242,heart,location of emotions,сэрца,сэрца
23686,shift1171,Polysemy,75,NEW,→,heart,1588,location of emotions,239,Ukrainian,138,Ukrainian,138,heart,location of emotions,серце,серце
23687,shift1171,Polysemy,76,NEW,—,heart,1588,location of emotions,239,Czech,174,Czech,174,heart,location of emotions,srdce,srdce
23688,shift1171,Polysemy,77,NEW,—,heart,1588,location of emotions,239,Slovak,234,Slovak,234,heart,location of emotions,srdce,srdce
23689,shift1171,Polysemy,78,NEW,—,heart,1588,location of emotions,239,Slovenian,190,Slovenian,190,heart,location of emotions,srce,srce
23778,shift4355,Derivation,1,ACCEPTED,→,to burn (intr.),2384,hot,1673,Russian,157,Russian,157,to burn (intr.),hot,гореть (goret&#39;),горячий
23787,shift1550,Polysemy,7,ACCEPTED,—,trunk (of a tree),3451,torso,3413,Serbian,1093,Serbian,1093,trunk (of a tree),torso,труп (trup),труп (trup)
23806,shift0019,Polysemy,3,ACCEPTED,?,to remind,3065,"to resemble, be alike",3073,Russian,157,Russian,157,to remind,to remind,napominat&#39;,napominat&#39;
23811,shift0019,Derivation,8,NEW,→,to remind,3065,"to resemble, be alike",3073,Serbian,1093,Serbian,1093,to remind,"to resemble, be alike",сетити (setiti),подсетити (podsetiti)
23837,shift4192,Polysemy,1,NEW,→,now,1890,soon,4167,Russian,157,Russian,157,now,soon,сейчас,сейчас
23839,shift4192,Polysemy,3,NEW,→,now,1890,soon,4167,Serbian,1093,Serbian,1093,now,soon,сад (sad),сад (sad)
23844,shift0319,Cognates,4,ACCEPTED,→,to go up,2713,"to rise (of Moon, Sun)",3090,Russian,157,Russian,157,to go up,"to rise (of Moon, Sun)",восхождение,восход
23848,shift1373,Polysemy,1,ACCEPTED,→,bull,3715,bittern (Botaurus),3609,Ukrainian,138,Ukrainian,138,bull,bittern,бугай (buhaj),бугай (buhaj)
23852,shift1373,Polysemy,5,ACCEPTED,→,bull,3715,bittern (Botaurus),3609,Belarusan,242,Belarusan,242,bull,bittern (Botaurus),бугай (bugaj),бугай (bugaj)
23853,shift1373,Polysemy,6,ACCEPTED,→,bull,3715,bittern (Botaurus),3609,Russian,157,Russian,157,bull,bittern (Botaurus),бугай (bugaj),бугай (bugaj)
23866,shift3501,Semantic evolution,6,ACCEPTED,→,word,120,thing,2174,Polish,171,Polish,171,"speech, conversation",thing,rzecz,rzecz
23882,shift0419,Derivation,1,ACCEPTED,→,quick,1908,insolent,1788,Russian,157,Russian,157,"quick, fast",to venture to far,"borzyj, borzoj",oborzet&#39;
23900,shift1381,Polysemy,13,NEW,←,coast,1019,"edge, border",3810,Croatian,812,Croatian,812,coast (reg.),"edge, border",kraj,kraj
23902,shift1986,Polysemy,1,ACCEPTED,→,greasy,838,fertile (soil),1263,Russian,157,Russian,157,"fat, well fed",fertile (soil),tučnyj,tučnyj
23948,shift4686,Derivation,2,ACCEPTED,→,blind,3624,caecum (blind gut),871,Russian,157,Russian,157,blind,caecum (intestinum),слепой,слепая кишка
23953,shift4686,Derivation,7,ACCEPTED,→,blind,3624,caecum (blind gut),871,Ukrainian,138,Ukrainian,138,blind,caecum (blind gut),сліпий,сліпа кишка
23961,shift4686,Derivation,15,ACCEPTED,→,blind,3624,caecum (blind gut),871,Czech,174,Czech,174,blind,caecum (blind gut),slepý,slepé střevo
23973,shift4686,Derivation,27,ACCEPTED,→,blind,3624,caecum (blind gut),871,Bulgarian,110,Bulgarian,110,blind,caecum (blind gut),сляп,сляпо черво
23979,shift2152,Derivation,2,ACCEPTED,→,tail,2113,"horsetail, equisetum",1669,Russian,157,Russian,157,tail,horsetail,hvost,hvošč
23991,shift5890,Polysemy,2,ACCEPTED,→,&lt;bird&gt;,3478,term of address with endearment,2158,Russian,157,Russian,157,swallow bird,"term of address with endearment to woman, girl",ласточка,ласточка
23992,shift5890,Polysemy,3,ACCEPTED,→,&lt;bird&gt;,3478,term of address with endearment,2158,Serbian,1093,Serbian,1093,pigeon,darling,голуб (golub),голуб (golub)
24022,shift0849,Derivation,7,ACCEPTED,?,heavy (of weight),1594,important,1746,Russian,157,Russian,157,weight,ponderable,ves,vesomyj
24031,shift0849,Semantic evolution,16,ACCEPTED,→,heavy (of weight),1594,important,1746,Polish,171,Polish,171,heavy (of weight),important,ważny,ważny
24037,shift5731,Polysemy,1,NEW,→,low (location),263,"bass, low-pitched voice",3526,Russian,157,Russian,157,low (location),"bass, low-pitched voice",низкий (nizkij),низкий (nizkij)
24038,shift5731,Polysemy,2,NEW,→,low (location),263,"bass, low-pitched voice",3526,Serbian,1093,Serbian,1093,low (location),"bass, low-pitched voice",низак (nizak),низак (nizak)
24057,shift4354,Derivation,1,NEW,→,to itch,2806,to want,3353,Russian,157,Russian,157,to itch,to want,зудеть (zudet&#39;) + Inf.,зудеть (zudet&#39;) + Inf.
24063,shift1441,Derivation,1,NEW,?,"to turn, rotate (intr.)",3327,"to coagulate, curdle",2436,Russian,157,Russian,157,to spin,to coagulate,vertet&#39;sja,svertyvat&#39;sja (o krovi)
24066,shift1445,Derivation,1,NEW,?,to know,2826,noble,1870,Russian,157,Russian,157,to know,noble,znat&#39;,znatnyj
24088,shift2699,Polysemy,2,ACCEPTED,→,dark (adj.),4382,blind,3624,Old East Slavic,160,Old East Slavic,160,dark,blind,темныи,темный
24095,shift3198,Derivation,1,NEW,→,rye,1532,cornflower (Centaurea),1102,Belarusan,242,Belarusan,242,rye,bluebottle (dialect),žyta,žytnički
24101,shift2275,Polysemy,2,ACCEPTED,?,"to lower, put down",2875,"to disgrace, dishonor",2532,Russian,157,Russian,157,"to lower, drop down",to humiliate,opuskat&#39;,opuskat&#39;
24103,shift2275,Derivation,4,ACCEPTED,→,"to lower, put down",2875,"to disgrace, dishonor",2532,Russian,157,Russian,157,low,"to dishonor, to humble",низкий (nizkij),унижать (unižat&#39;)
24106,shift1339,Polysemy,3,ACCEPTED,?,hair (of animals),1542,feathering,1251,Russian,157,Russian,157,"fur, hair",down,šerst&#39;,šerst&#39;
24111,shift6820,Polysemy,2,ACCEPTED,→,"to mix, stir",2920,to talk nonsense,3279,Russian,157,Russian,157,"to mix, stir",to talk nonsense,болтать,болтать
24112,shift7433,Polysemy,1,NEW,→,dry,4491,pure,496,Serbian,1093,Serbian,1093,dry,pure,сув (suv),сув (suv)
24113,shift7433,Polysemy,2,NEW,→,dry,4491,pure,496,Croatian,812,Croatian,812,dry,pure,suh,suh
24115,shift3612,Polysemy,1,ACCEPTED,—,hand,1547,fascicle (cluster of flowers or berries),1236,Russian,157,Russian,157,hand,bunch (of grapes),kist&#39;,kist&#39;
24120,shift1800,Polysemy,5,ACCEPTED,—,tail,2113,penis,343,Polish,171,Polish,171,tail,penis,kita,kita
24145,shift8610,Polysemy,2,NEW,—,ray,1438,water jet,18,Czech,174,Czech,174,ray,water jet,paprsek,paprsek
24162,shift0971,Polysemy,1,ACCEPTED,?,tail,2113,queue,1907,Russian,157,Russian,157,tail,queue,hvost,hvost
24175,shift3251,Polysemy,2,ACCEPTED,→,Sunday,4335,week,41,Old East Slavic,160,Old East Slavic,160,Sunday,week,недѣля,недѣля
24183,shift3251,Polysemy,10,ACCEPTED,—,Sunday,4335,week,41,Czech,174,Czech,174,Sunday,week,neděle,neděle
24195,shift3251,Polysemy,22,NEW,—,Sunday,4335,week,41,Serbian,1093,Serbian,1093,Sunday,week,недеља (nedelja),недеља (nedelja)
24196,shift3251,Polysemy,23,NEW,—,Sunday,4335,week,41,Croatian,812,Croatian,812,Sunday,week (arh.),nedjelja,nedjelja
24197,shift3251,Polysemy,24,NEW,→,Sunday,4335,week,41,Macedonian,118,Macedonian,118,Sunday,week,недела,недела
24264,shift0055,Polysemy,6,ACCEPTED,?,sharp,4022,spicy,4198,Russian,157,Russian,157,sharp,spicy,ostryj,ostryj
24274,shift3585,Derivation,2,ACCEPTED,→,to throw,3296,"to draw, paint",2551,Russian,157,Russian,157,to throw,"to draw, paint",бросать,набросок
24286,shift3820,Polysemy,1,ACCEPTED,→,jumper,1199,knight (chess),1722,Polish,171,Polish,171,jumper,knight (chess),skoczek,skoczek
24302,shift3588,Polysemy,2,ACCEPTED,→,"present, gift",457,talent,2118,Russian,157,Russian,157,"present, gift",talent,дар (dar),дар (dar)
24305,shift3588,Polysemy,5,NEW,→,"present, gift",457,talent,2118,Serbian,1093,Serbian,1093,"present, gift",talent,дар (dar),дар (dar)
24306,shift3588,Polysemy,6,NEW,→,"present, gift",457,talent,2118,Croatian,812,Croatian,812,"present, gift",talent,dar,dar
24310,shift3588,Polysemy,10,NEW,→,"present, gift",457,talent,2118,Macedonian,118,Macedonian,118,"present, gift",talent,дар,дар
24311,shift3588,Polysemy,11,NEW,→,"present, gift",457,talent,2118,Bulgarian,110,Bulgarian,110,"present, gift",talent,дар,дар
24312,shift3588,Polysemy,12,NEW,→,"present, gift",457,talent,2118,Belarusan,242,Belarusan,242,"present, gift",talent,дар,дар
24313,shift3588,Polysemy,13,NEW,→,"present, gift",457,talent,2118,Ukrainian,138,Ukrainian,138,"present, gift",talent,дар,дар
24314,shift3588,Polysemy,14,NEW,→,"present, gift",457,talent,2118,Czech,174,Czech,174,"present, gift",talent,dar,dar
24318,shift3588,Polysemy,18,NEW,→,"present, gift",457,talent,2118,Slovak,234,Slovak,234,"present, gift",talent,dar,dar
24319,shift3588,Polysemy,19,NEW,→,"present, gift",457,talent,2118,Polish,171,Polish,171,"present, gift",talent,dar,dar
24332,shift1554,Polysemy,3,ACCEPTED,←,sphere; ball,4196,cannon (weapon),887,Old East Slavic,160,Old East Slavic,160,cannon ball,canon,пушка,пушка
24343,shift4906,Polysemy,1,NEW,→,sin,4084,misfortune,681,Russian,157,Russian,157,sin,(dialect) misfortune,грех,грех
24349,shift1348,Polysemy,1,ACCEPTED,→,to fall asleep,2604,to ice over,2778,Russian,157,Russian,157,to fall asleep,to get covered with ice,zasnut&#39;,zasnut&#39;
24366,shift5576,Polysemy,9,ACCEPTED,→,glutton,798,wolverine,108,Bulgarian,110,Bulgarian,110,glutton,wolverine,лакомец,лакомец
24367,shift5576,Polysemy,10,ACCEPTED,→,glutton,798,wolverine,108,Macedonian,118,Macedonian,118,glutton,wolverine,лакомец,лакомец
24374,shift5092,Polysemy,2,ACCEPTED,→,"idler, loafer",1736,sloth (South American mammal),4119,Bulgarian,110,Bulgarian,110,"idler, loafer",sloth (South American mammal),ленивец,ленивец
24375,shift5092,Polysemy,3,ACCEPTED,→,"idler, loafer",1736,sloth (South American mammal),4119,Russian,157,Russian,157,"idler, loafer",sloth (South American mammal),ленивец (lenivec),ленивец (lenivec)
24377,shift5092,Polysemy,5,ACCEPTED,—,"idler, loafer",1736,sloth (South American mammal),4119,Czech,174,Czech,174,lazy person,sloth (South American mammal),lenochod,lenochod
24386,shift5092,Polysemy,14,ACCEPTED,—,"idler, loafer",1736,sloth (South American mammal),4119,Polish,171,Polish,171,"(colloquial, derogatory) lazy person, idler, loafer",sloth (South American mammal),leniwiec,leniwiec
24388,shift5092,Polysemy,16,ACCEPTED,—,"idler, loafer",1736,sloth (South American mammal),4119,Slovenian,190,Slovenian,190,lazy person,sloth (South American mammal),lenivec,lenivec
24391,shift5092,Polysemy,19,ACCEPTED,→,"idler, loafer",1736,sloth (South American mammal),4119,Macedonian,118,Macedonian,118,"lazy person, idler, loafer",sloth (South American mammal),мрзливец,мрзливец
24396,shift5092,Polysemy,24,ACCEPTED,→,"idler, loafer",1736,sloth (South American mammal),4119,Slovak,234,Slovak,234,lazy person,sloth (South American mammal),leňoch,leňoch
24400,shift5092,Polysemy,28,ACCEPTED,→,"idler, loafer",1736,sloth (South American mammal),4119,Croatian,812,Croatian,812,"idler, loafer",sloth (South American mammal),lenjivac,lenjivac
24401,shift5092,Polysemy,29,ACCEPTED,→,"idler, loafer",1736,sloth (South American mammal),4119,Bosnian,897,Bosnian,897,"idler, loafer",sloth (South American mammal),ljenjivac,ljenjivac
24402,shift5092,Polysemy,30,ACCEPTED,—,"idler, loafer",1736,sloth (South American mammal),4119,Ukrainian,138,Ukrainian,138,(colloquial) lazy person,sloth (South American mammal),лінивець,лінивець
24403,shift5092,Polysemy,31,ACCEPTED,→,"idler, loafer",1736,sloth (South American mammal),4119,Belarusan,242,Belarusan,242,"idler, loafer",sloth (South American mammal),лянівец,лянівец
24406,shift5092,Polysemy,34,NEW,→,"idler, loafer",1736,sloth (South American mammal),4119,Serbian,1093,Serbian,1093,"idler, loafer",sloth (South American mammal),лењивац (lenjivac),лењивац (lenjivac)
24407,shift5092,Derivation,35,NEW,→,"idler, loafer",1736,sloth (South American mammal),4119,Croatian,812,Croatian,812,idle,sloth (South American mammal),lijеn,ljеnjivac
24411,shift3459,Polysemy,2,ACCEPTED,→,exact,3878,"to resemble, be alike",3073,Russian,157,Russian,157,"exactly, precisely","like, similar to, as if",точно (točno),точно (točno)
24419,shift7621,Polysemy,2,NEW,→,"to shut, close",3155,to imprison,2782,Russian,157,Russian,157,"to shut, close","(slang) to arrest, imprison",закрыть,закрыть
24423,shift6106,Derivation,2,ACCEPTED,→,milk,657,field sowthistle,1273,Polish,171,Polish,171,milk,field sowthistle,mleczny,mlecz
24437,shift2190,Derivation,12,ACCEPTED,→,"to search, look for",3120,to investigate,2801,Russian,157,Russian,157,"to search, to look for",investigation,iskat&#39;,razyskanija
24452,shift3822,Polysemy,1,ACCEPTED,—,beautiful,3545,fly agaric (Amanita muscaria),1328,Russian,157,Russian,157,beautiful,fly agaric (Amanita muscaria),красавец,красавец
24458,shift0475,Polysemy,3,ACCEPTED,→,eye,3890,observer,4516,Russian,157,Russian,157,eye,horse ward in vanguard (Cossack),glaz,glaz
24460,shift3928,Derivation,1,NEW,→,lemon,188,hand grenade,1549,Russian,157,Russian,157,lemon,(colloquial) hand grenade,лимон,лимонка
24465,shift1403,Derivation,3,ACCEPTED,—,"to follow, go after smb.",2649,"to watch, look after",3358,Russian,157,Russian,157,to follow,to watch,следовать (sledovat&#39;),следить (sledit&#39;)
24488,shift2610,Polysemy,1,ACCEPTED,→,bad,3493,brave,3675,Russian,157,Russian,157,bad,bold,lihoj,lihoj
24495,shift3527,Polysemy,4,ACCEPTED,→,head,1578,"top, upper part",3407,Serbian,1093,Serbian,1093,head,top,глава (glava),глава (glava)
24496,shift3527,Polysemy,5,ACCEPTED,→,head,1578,"top, upper part",3407,Croatian,812,Croatian,812,head,top,glava,glava
24500,shift7094,Polysemy,2,ACCEPTED,→,"to improve (intr.), become better",2784,to convalesce,2457,Russian,157,Russian,157,to become better,to convalesce,поправиться (poprait&#39;sja),поправиться (poprait&#39;sja)
24502,shift2347,Internal cognates,2,ACCEPTED,—,"step (of a staircase, step-ladder)",4256,"stage, phase",4240,Russian,157,Russian,157,step,degree,stupen&#39;ka,stepen&#39;
24506,shift5844,Polysemy,2,ACCEPTED,→,bitch,3605,&lt;curse&gt;,869,Russian,157,Russian,157,bitch,a k. of curse,сука (suka),сука (suka)
24512,shift0213,Derivation,2,ACCEPTED,→,clean (adj.),998,"totally, absolutely",3415,Russian,157,Russian,157,"clean, pure",completely,чистый (čistyj),начисто (načisto)
24529,shift5051,Polysemy,2,ACCEPTED,→,grandfather,826,old man,4534,Russian,157,Russian,157,grandfather,old man,дед,дед
24537,shift5051,Polysemy,10,ACCEPTED,→,grandfather,826,old man,4534,Ukrainian,138,Ukrainian,138,grandfather,old man,дід,дід
24539,shift5051,Polysemy,12,ACCEPTED,—,grandfather,826,old man,4534,Belarusan,242,Belarusan,242,grandfather,old man,дзед,дзед
24557,shift5051,Polysemy,30,NEW,→,grandfather,826,old man,4534,Polish,171,Polish,171,grandfather,(colloquial) old man,dziadek,dziadek
24559,shift5051,Polysemy,32,NEW,→,grandfather,826,old man,4534,Lower Sorbian,9,Lower Sorbian,9,(rare) grandfather,old man,źěd,źěd
24563,shift5051,Polysemy,36,NEW,→,grandfather,826,old man,4534,Bulgarian,110,Bulgarian,110,grandfather,old man,дядо,дядо
24583,shift5614,Polysemy,14,ACCEPTED,→,right (vs. left),1481,right (political),1480,Serbian,1093,Serbian,1093,right (vs. left),right (political),десни (desni),"десни (desni), десничарски (desničarski)"
24584,shift5614,Derivation,15,ACCEPTED,→,right (vs. left),1481,right (political),1480,Croatian,812,Croatian,812,right (vs. left),right (political),desni,desničarski
24598,shift2366,Derivation,12,ACCEPTED,→,fire,1286,inflammation,1773,Russian,157,Russian,157,to burn,inflammation,палить,воспаление
24600,shift2366,Polysemy,14,NEW,→,fire,1286,inflammation,1773,Serbian,1093,Serbian,1093,fire,"high temperature, fever",ватра (vatra),ватра (vatra)
24601,shift2366,Polysemy,15,NEW,→,fire,1286,inflammation,1773,Croatian,812,Croatian,812,fire,"high temperature, fever",vatra,vatra
24608,shift4242,Derivation,2,NEW,—,to move,2925,to perform,2970,Russian,157,Russian,157,to move aside,to perform (a speech),двигать /dvigat’,(за)двинуть /(za)dvinut’
24609,shift4242,Polysemy,3,NEW,—,to move,2925,to perform,2970,Russian,157,Russian,157,to push,to perform ( a speech),толкнуть/ tolknut’,толкнуть/ tolknut’
24617,shift0963,Derivation,2,ACCEPTED,?,good,814,very,3761,Russian,157,Russian,157,good,well,horošo,horošen&#39;ko
24696,shift1968,Polysemy,3,ACCEPTED,?,to flow,2639,to pass (of time),2960,Russian,157,Russian,157,"to leak, to ooze (liquids)","to disappear, to get lost, to pass","uteč&#39;, isteč&#39; i dr.","uteč&#39;, isteč&#39; i dr."
24697,shift1968,Polysemy,4,ACCEPTED,→,to flow,2639,to pass (of time),2960,Ukrainian,138,Ukrainian,138,to flow (on the surface of smth),to pass (time),splyvaty,splyvaty
24705,shift1292,Polysemy,2,ACCEPTED,→,navel,1833,belly,3572,Czech,174,Czech,174,belly button,belly (vern.),pupek,pupek
24711,shift4706,Polysemy,1,NEW,→,"to tear, rend",3288,to flog,2638,Russian,157,Russian,157,"to tear, rend",to flog,драть,драть
24713,shift3699,Polysemy,2,ACCEPTED,—,to glorify,2695,"to disgrace, dishonor",2532,Russian,157,Russian,157,to glorify,"to disgrace, dishonor",честить,честить
24714,shift3699,Derivation,3,ACCEPTED,—,to glorify,2695,"to disgrace, dishonor",2532,Russian,157,Russian,157,to glorify,"to disgrace, dishonor",прославить (proslavit&#39;),ославить (oslavit&#39;)
24724,shift0004,Polysemy,4,ACCEPTED,?,to taste (tr.),3283,"to try, to attempt",3318,Macedonian,118,Macedonian,118,to try (a dish etc),to try (fig.),obide,obide
24726,shift0004,Derivation,6,ACCEPTED,—,to taste (tr.),3283,"to try, to attempt",3318,Old East Slavic,160,Old East Slavic,160,to taste,to try,въкоусити,покуситися
24728,shift0004,Polysemy,8,ACCEPTED,—,to taste (tr.),3283,"to try, to attempt",3318,Russian,157,Russian,157,to taste,to try,probovat&#39;,пробовать (probovat&#39;)
24743,shift0004,Polysemy,23,ACCEPTED,—,to taste (tr.),3283,"to try, to attempt",3318,Russian,157,Russian,157,to taste,"to try, to attempt",пробовать,пробовать
24745,shift0004,Derivation,25,NEW,→,to taste (tr.),3283,"to try, to attempt",3318,Croatian,812,Croatian,812,to taste,"to try, to attempt",kušati,pokušati
24746,shift0004,Polysemy,26,NEW,→,to taste (tr.),3283,"to try, to attempt",3318,Serbian,1093,Serbian,1093,to taste,"to try, to attempt",кушати (kušati),кушати (kušati)
24753,shift3688,Polysemy,1,ACCEPTED,→,fox (Vulpes vulpes),1360,chanterelle,942,Russian,157,Russian,157,diminutive of лисица 'fox',chanterelle,лисичка,лисичка
24759,shift3688,Derivation,7,ACCEPTED,→,fox (Vulpes vulpes),1360,chanterelle,942,Serbian,1093,Serbian,1093,fox (Vulpes vulpes),chanterelle,лисица (lisica),лисичица (lisičica)
24760,shift3688,Derivation,8,ACCEPTED,→,fox (Vulpes vulpes),1360,chanterelle,942,Croatian,812,Croatian,812,fox (Vulpes vulpes),chanterelle,lisica,"lisičica, lisičarka"
24761,shift3688,Derivation,9,ACCEPTED,→,fox (Vulpes vulpes),1360,chanterelle,942,Ukrainian,138,Ukrainian,138,fox (Vulpes vulpes),chanterelle,лисиця,лисичка
24762,shift3688,Polysemy,10,ACCEPTED,→,fox (Vulpes vulpes),1360,chanterelle,942,Slovak,234,Slovak,234,fox (Vulpes vulpes),(pl.) chanterelle,líška,lišky
24763,shift3688,Derivation,11,ACCEPTED,→,fox (Vulpes vulpes),1360,chanterelle,942,Slovenian,190,Slovenian,190,fox (Vulpes vulpes),chanterelle,lisica,lisička
24764,shift3688,Derivation,12,ACCEPTED,→,fox (Vulpes vulpes),1360,chanterelle,942,Belarusan,242,Belarusan,242,fox (Vulpes vulpes),chanterelle,лісіца,лісічка
24766,shift3688,Derivation,14,ACCEPTED,→,fox (Vulpes vulpes),1360,chanterelle,942,Macedonian,118,Macedonian,118,fox (Vulpes vulpes),chanterelle,лисица,лисичарка
24768,shift3688,Polysemy,16,ACCEPTED,→,fox (Vulpes vulpes),1360,chanterelle,942,Czech,174,Czech,174,fox (Vulpes vulpes),chanterelle,liška,liška
24770,shift2613,Derivation,1,ACCEPTED,?,"common, shared",1064,"to inform, let know",2791,Russian,157,Russian,157,common,to communicate,obščij,soobščat&#39;
24791,shift1320,Polysemy,1,ACCEPTED,?,storm,4288,scandal,3953,Russian,157,Russian,157,"snowstorm, snow-blast","quarrel, fight",kuter&#39;ma,kuter&#39;ma
24804,shift8571,Derivation,1,ACCEPTED,→,Saint Nicholas,3925,December,4401,Bulgarian,110,Bulgarian,110,Saint Nicholas,(dialect) December,свети Никола,никулски месец
24810,shift2041,Polysemy,3,ACCEPTED,→,thin (of an object),2172,narrow,1826,Serbian,1093,Serbian,1093,thin (of an object),narrow,танак (tanak),танак (tanak)
24811,shift2041,Polysemy,4,ACCEPTED,→,thin (of an object),2172,narrow,1826,Croatian,812,Croatian,812,thin (of an object),narrow,tanak,tanak
24816,shift3863,Derivation,1,ACCEPTED,→,father,1242,"&lt;exclamation of surprise, pain or sorrow&gt;",3787,Russian,157,Russian,157,father,"<exclamation, expressing strong emotions as reaction to the (usually) unexpected events: joy, fear, surprise etc.>","батюшки, batûški","батюшки, batûški"
24817,shift3863,Derivation,2,ACCEPTED,→,father,1242,"&lt;exclamation of surprise, pain or sorrow&gt;",3787,Russian,157,Russian,157,father,"<exclamation of sorrow, pain and surprise>","батеньки, baten’ki","батеньки, baten’ki"
24832,shift4606,Polysemy,2,NEW,—,"earnest, serious",3796,important,1746,Russian,157,Russian,157,"serious, thoughful",important,серьезный,серьезный
24842,shift0170,Polysemy,1,ACCEPTED,→,"to strike, hit",3234,to eat,2569,Russian,157,Russian,157,to thrash (wheat),"уплетать, интенсивно есть",molotit&#39;,molotit&#39;
24856,shift4703,Polysemy,3,ACCEPTED,→,width,72,latitude,164,Russian,157,Russian,157,width,latitude,широкий,широта
24861,shift0355,Polysemy,4,NEW,—,soon,4167,recently,1443,Serbian,1093,Serbian,1093,soon,recently,сад (sad),сад (sad)
24862,shift0355,Polysemy,5,NEW,—,soon,4167,recently,1443,Serbian,1093,Serbian,1093,soon,recently,скоро (skoro),скоро (skoro)
24863,shift0355,Polysemy,6,NEW,—,soon,4167,recently,1443,Croatian,812,Croatian,812,soon,recently,skoro,skoro
24868,shift6881,Polysemy,1,NEW,→,debt,4399,must,754,Russian,157,Russian,157,debt,must,долг,должен
24875,shift2463,Derivation,1,NEW,→,&lt;blood-sucking insect&gt;,3479,summer,4330,Ukrainian,138,Ukrainian,138,gadfly,summer (when there are many gadflies),hedz&#39;,hedzen&#39;
24876,shift7029,Polysemy,1,NEW,→,swelling (on skin),4365,turkey,3465,Polish,171,Polish,171,(colloquial) bump (swelling on the skin caused by illness or injury),"(dialectal, regional) female turkey",gula,gula
24877,shift4331,Polysemy,1,ACCEPTED,—,mouse,733,computer mouse,1076,Russian,157,Russian,157,a small rodent,a small device that is controlled by hand and used to control the position of the cursor on the computer screen,мышь/myš’,мышь/myš’
24880,shift4331,Polysemy,4,ACCEPTED,→,mouse,733,computer mouse,1076,Bulgarian,110,Bulgarian,110,mouse,mouse (computer),мишка,мишка
24883,shift4331,Polysemy,7,ACCEPTED,→,mouse,733,computer mouse,1076,Polish,171,Polish,171,mouse,mouse (computer),mysz,mysz
24892,shift4331,Polysemy,16,ACCEPTED,→,mouse,733,computer mouse,1076,Belarusan,242,Belarusan,242,mouse,mouse (computer),мыш,мыш
24893,shift4331,Polysemy,17,ACCEPTED,→,mouse,733,computer mouse,1076,Ukrainian,138,Ukrainian,138,mouse,mouse (computer),миша,миша
24907,shift4466,Polysemy,1,ACCEPTED,→,pink,384,happy,1555,Bulgarian,110,Bulgarian,110,pink,happy,розов (rozov),розов (rozov)
24908,shift4466,Polysemy,2,ACCEPTED,→,pink,384,happy,1555,Czech,174,Czech,174,pink,happy,růžový,růžový
24910,shift4466,Polysemy,4,NEW,→,pink,384,happy,1555,Serbian,1093,Serbian,1093,pink,"happy, positive",ружичаст (ružičast),ружичаст (ružičast)
24913,shift2945,Polysemy,3,ACCEPTED,→,pure,496,honest,1640,Serbian,1093,Serbian,1093,pure,"honest, sincere",чист (čist),чист (čist)
24922,shift2581,Polysemy,2,ACCEPTED,→,to stand,3211,to depend,2507,Serbian,1093,Serbian,1093,to stand,to depend,стајати (stajati),стајати (stajati)
24924,shift1124,Polysemy,1,ACCEPTED,—,"spot, stain",4220,disgrace,4443,Russian,157,Russian,157,spot,something discrediting,пятно (pjatno),пятно (pjatno)
24945,shift6679,Polysemy,2,ACCEPTED,—,sling (weapon),4115,slingshot,4116,Czech,174,Czech,174,sling (weapon),slingshot,prak,prak
24950,shift6679,Polysemy,7,ACCEPTED,→,sling (weapon),4115,slingshot,4116,Polish,171,Polish,171,sling (weapon),slingshot,proca,proca
24957,shift6679,Polysemy,14,ACCEPTED,→,sling (weapon),4115,slingshot,4116,Slovak,234,Slovak,234,sling (weapon),slingshot,prak,prak
24959,shift6061,Polysemy,1,NEW,→,bear (Ursus),3539,clumsy,1016,Serbian,1093,Serbian,1093,bear (Ursus),clumsy,медвед (medved),медвед (medved)
24960,shift6061,Polysemy,2,NEW,→,bear (Ursus),3539,clumsy,1016,Croatian,812,Croatian,812,bear (Ursus),clumsy,medvjed,medvjed
24961,shift7354,Derivation,1,ACCEPTED,→,to fall down,2605,West,45,Russian,157,Russian,157,to fall down,West,падать,запад
24964,shift4199,Polysemy,2,NEW,→,"rag, duster",1418,whore,67,Polish,171,Polish,171,"rag, duster","(slang, offensive) a woman whom the speaker evaluates very negatively because of her sexual behavior that violates accepted social norms",szmata,szmata
24968,shift3229,Polysemy,1,NEW,→,runner,1523,shuttle (weaving instrument),4061,Russian,157,Russian,157,runner,shuttle (loom),бегун (begun),бегун (begun)
24969,shift0965,Derivation,1,ACCEPTED,→,other,4567,friend,1380,Russian,157,Russian,157,"another, other, different",friend,другой (drugoj),друг (drug)
24972,shift0965,Derivation,4,NEW,→,other,4567,friend,1380,Belarusan,242,Belarusan,242,"second, other",friend,другі,друг
24973,shift0965,Derivation,5,NEW,→,other,4567,friend,1380,Ukrainian,138,Ukrainian,138,"second, other",friend,другий,другий
24974,shift0965,Derivation,6,NEW,→,other,4567,friend,1380,Serbian,1093,Serbian,1093,other,friend,други (drugi),друг (drug)
24975,shift0965,Derivation,7,NEW,→,other,4567,friend,1380,Croatian,812,Croatian,812,other,friend,drugi,drug
25000,shift1051,Cognates,4,ACCEPTED,?,mind (n.),667,memory,635,Russian,157,Russian,157,opinion,memory,mnenie,pamjat&#39;
25015,shift8171,Motivation,4,ACCEPTED,→,willow,85,willowherb,87,Polish,171,Polish,171,willow,willowherb,wierzba,wierzbownica
25016,shift8171,Motivation,5,ACCEPTED,→,willow,85,willowherb,87,Czech,174,Czech,174,willow,willowherb,vrba,vrbovka
25017,shift4089,Polysemy,1,ACCEPTED,→,end,3837,territorial entity,2160,Old East Slavic,160,Old East Slavic,160,end,"territorial unit, city district",конецъ,конецъ
25022,shift1069,Cognates,1,ACCEPTED,—,to see/to look at,3121,to know,2826,Russian,157,Russian,157,to see,to know,videt&#39;,vedat&#39;
25031,shift1069,Polysemy,10,NEW,→,to see/to look at,3121,to know,2826,Serbian,1093,Serbian,1093,to see/to look at,to know,видети (videti),видети (videti)
25042,shift2334,Polysemy,2,NEW,?,"jewelry, precious thing",1188,talent,2118,Russian,157,Russian,157,talent,ability,talant,talant
25065,shift0398,Polysemy,1,NEW,→,inflated,1774,"false, wrong",1222,Czech,174,Czech,174,"empty, hollow [Павлович 1976: 97]",false,dutý,dutý
25072,shift2162,Polysemy,4,NEW,→,white,62,blank,3621,Serbian,1093,Serbian,1093,white,blank,бео (beo),бео (beo)
25081,shift2122,Derivation,4,ACCEPTED,→,pumpkin,490,vegetable marrow,3750,Russian,157,Russian,157,pumpkin,vegetable marrow,kabak,kabačok
25102,shift1531,Polysemy,1,ACCEPTED,?,stingy,4272,"scanty, scarce",3955,Russian,157,Russian,157,too thrifty,scanty,skupoj,skupoj
25110,shift2472,Derivation,2,ACCEPTED,→,to sit,3160,ambush,1986,Russian,157,Russian,157,to sit,ambush,sidet&#39;,zasada
25130,shift3080,Polysemy,17,NEW,→,&lt;animal&gt;,1916,cunning person,1157,Russian,157,Russian,157,beatle,(informal) cunning person,жук,жук
25132,shift2817,Polysemy,1,ACCEPTED,—,skull,4104,helmet,1602,Czech,174,Czech,174,skull,helmet,leb,leb
25135,shift0005,Polysemy,3,ACCEPTED,→,"to go, walk",2715,to find,2627,Russian,157,Russian,157,to come across,to find,najti,najti
25139,shift0005,Derivation,7,ACCEPTED,→,"to go, walk",2715,to find,2627,Russian,157,Russian,157,walk slowly,"to find, to get",dybat&#39;,nadybat&#39;
25141,shift0005,Derivation,9,NEW,→,"to go, walk",2715,to find,2627,Serbian,1093,Serbian,1093,"to go, walk",to find,ићи (ići),наћи (naći)
25142,shift0005,Derivation,10,NEW,→,"to go, walk",2715,to find,2627,Croatian,812,Croatian,812,"to go, walk",to find,ići,naći
25145,shift1643,Derivation,3,ACCEPTED,?,soul,4172,butterfly,3734,Russian,157,Russian,157,soul,moth,duša,dušička
25154,shift4975,Polysemy,2,ACCEPTED,→,gilt,784,pleasant,408,Serbian,1093,Serbian,1093,gilt,pleasant,златан (zlatan),златан (zlatan)
25155,shift4975,Polysemy,3,ACCEPTED,→,gilt,784,pleasant,408,Croatian,812,Croatian,812,gilt,pleasant,zlatan,zlatan
25199,shift0331,Polysemy,3,ACCEPTED,→,oil (food),4528,"petroleum, oil",360,Serbian,1093,Serbian,1093,oil (food),"petroleum, oil",уље (ulje),уље (ulje)
25200,shift0331,Polysemy,4,ACCEPTED,→,oil (food),4528,"petroleum, oil",360,Croatian,812,Croatian,812,oil (food),"petroleum, oil",ulje,ulje
25206,shift8454,Polysemy,1,NEW,→,"branch, twig",3672,flagellum,1309,Polish,171,Polish,171,"branch, twig",flagellum,wić,wić
25236,shift1927,Derivation,1,ACCEPTED,→,spirit (supernatural being),4208,smell (n.),4128,Russian,157,Russian,157,spirit,"perfume, smelly",дух (dukh),"духи (dukhi), душистый (dushistyj)"
25246,shift0875,Derivation,3,ACCEPTED,?,black,3610,"vulgar, common",3784,Russian,157,Russian,157,black,plain folk,černyj,čern&#39;
25251,shift3767,Polysemy,1,ACCEPTED,?,to cry (of animals),2481,"to cry, weep",2482,Russian,157,Russian,157,to emit loud sounds,to cry,revet&#39;,revet&#39;
25252,shift3767,Polysemy,2,ACCEPTED,?,to cry (of animals),2481,"to cry, weep",2482,Russian,157,Russian,157,to howl,"to cry loudly, to howl",vyt&#39;,vyt&#39;
25262,shift2241,Polysemy,3,ACCEPTED,→,monarch,696,bridegroom,3688,Old East Slavic,160,Old East Slavic,160,prince,newly wed,кънзѧь,кънзѧь
25264,shift2488,Polysemy,1,ACCEPTED,→,&lt;profession&gt;,280,&lt;capricorn beetle&gt;,863,Russian,157,Russian,157,"wood cutter, wood chopper",beetle from the Cerambycidae family,дровосек (drovosek),дровосек (drovosek)
25299,shift1109,Polysemy,2,ACCEPTED,—,to neigh,2939,to laugh,2832,Russian,157,Russian,157,to nicker,to laugh too loudly (substand.),ржать (ržat&#39;),ржать (ržat&#39;)
25311,shift3974,Polysemy,1,ACCEPTED,→,fisherman,1302,osprey (Pandion haliaёtus),4565,Polish,171,Polish,171,fisherman,osprey (Pandion haliaёtus),rybołów,rybołów
25315,shift3974,Derivation,5,ACCEPTED,→,fisherman,1302,osprey (Pandion haliaёtus),4565,Serbian,1093,Serbian,1093,fisherman,osprey (Pandion haliaёtus),рибар,орао рибар
25316,shift3974,Derivation,6,ACCEPTED,→,fisherman,1302,osprey (Pandion haliaёtus),4565,Bulgarian,110,Bulgarian,110,fisherman,osprey (Pandion haliaёtus),рибар,орел рибар
25322,shift3974,Derivation,12,ACCEPTED,→,fisherman,1302,osprey (Pandion haliaёtus),4565,Serbian,1093,Serbian,1093,fisherman,osprey (Pandion haliaёtus),рибар,јастреб рибар
25333,shift0841,Derivation,1,ACCEPTED,?,ram,1425,snipe (Gallinago),4137,Russian,157,Russian,157,ram,"snipe, Scolopax gallinago",baran,barašek
25343,shift3903,Polysemy,2,ACCEPTED,→,"complex, complicated",1071,difficult,4433,Russian,157,Russian,157,"complex, complicated",difficult,сложный (složnyj),сложный (složnyj)
25345,shift7432,Polysemy,1,ACCEPTED,→,dry,4491,thin (of a person),2171,Serbian,1093,Serbian,1093,dry,thin (of a person),сув (suv),сув (suv)
25346,shift7432,Polysemy,2,ACCEPTED,→,dry,4491,thin (of a person),2171,Croatian,812,Croatian,812,dry,thin (of a person),suh,suh
25348,shift7432,Polysemy,4,ACCEPTED,→,dry,4491,thin (of a person),2171,Russian,157,Russian,157,dry,thin (of a person),сухой,сухой
25350,shift8090,Polysemy,2,ACCEPTED,→,to play (intr.),2981,"to play (theater, movie)",2982,Russian,157,Russian,157,to play (intr.),"to play (theater, movie)",играть,играть
25370,shift0741,Polysemy,7,ACCEPTED,→,"branch, twig",3672,tribe,3435,Slovak,234,Slovak,234,"trunk, stem, knag","kindred, tribe",kmeň,kmeň
25377,shift0959,Polysemy,6,NEW,→,fish,1300,muscle,747,Serbian,1093,Serbian,1093,fish,muscle,рибић (ribić),рибић (ribić)
25384,shift0871,Derivation,2,ACCEPTED,?,to put,3025,to leave,2838,Russian,157,Russian,157,"to put, to place",to leave,stavit&#39;,ostavit&#39;
25395,shift1893,Polysemy,2,NEW,—,weak,28,bad (ethically),3494,Serbian,1093,Serbian,1093,weak,bad (ethically),слаб (slab),слаб (slab)
25398,shift1379,Derivation,1,ACCEPTED,?,quick,1908,carabus (Carabus),894,Slovenian,190,Slovenian,190,"quick, fast",ground beetle,brz,brzec
25401,shift3158,Derivation,1,ACCEPTED,→,white,62,underwear,516,Ukrainian,138,Ukrainian,138,white,"underwear, linen",бiлий (bilyj),бiлизна (bilyzna)
25404,shift3158,Derivation,4,ACCEPTED,→,white,62,underwear,516,Russian,157,Russian,157,white,underwear,белый (belyj),бельё (bel&#39;ё)
25405,shift3158,Derivation,5,ACCEPTED,→,white,62,underwear,516,Bulgarian,110,Bulgarian,110,white,underwear,бяло,бельо
25406,shift3158,Derivation,6,ACCEPTED,→,white,62,underwear,516,Belarusan,242,Belarusan,242,white,underwear,белы,бялізна
25407,shift3158,Derivation,7,ACCEPTED,→,white,62,underwear,516,Polish,171,Polish,171,white,underwear,biel,bielizna
25408,shift3158,Derivation,8,ACCEPTED,→,white,62,underwear,516,Slovak,234,Slovak,234,white,underwear,biely,bielizeň
25421,shift7648,Derivation,1,NEW,→,cotton,1107,to grow numb,2725,Russian,157,Russian,157,cotton,to grow numb,ватный,становиться ватным
25426,shift5805,Polysemy,2,ACCEPTED,→,to sleep,3169,temple (region of skull),2142,Czech,174,Czech,174,sleep (n.),temple (region of skull),spánek,spánek
25432,shift5492,Derivation,2,ACCEPTED,→,tail,2113,common redstart,1059,Russian,157,Russian,157,tail,common redstart,хвост,горихвостка
25438,shift5492,Derivation,8,ACCEPTED,→,tail,2113,common redstart,1059,Belarusan,242,Belarusan,242,tail,common redstart,хвост,рудахвостка
25446,shift6675,Polysemy,2,NEW,→,to be born,2259,"to appear, emerge",2231,Russian,157,Russian,157,to be born,"to appear, emerge",родиться,родиться
25451,shift0347,Polysemy,1,NEW,?,"to drive, to force to move on",2560,"to search, look for",3120,Czech,174,Czech,174,"1) прогонять, сгонять [Павлович 1976: 527 ]","3) to look for, to search",shanĕt,shanĕt
25465,shift2308,Cognates,3,ACCEPTED,—,to hang,2733,to weigh (intr.),3368,Russian,157,Russian,157,to hang (intr.),weight,viset&#39;,ves
25472,shift2944,Polysemy,2,NEW,→,white,62,pure,496,Serbian,1093,Serbian,1093,white,pure,бео (beo),бео (beo)
25475,shift0537,Polysemy,1,NEW,?,horn,1657,cape,889,Bulgarian,110,Bulgarian,110,??,"horn, a plot of land where one natural component juts out into the other",rog,rog
25480,shift3422,Cognates,3,NEW,→,"human temper, character",1682,obstinate,4518,Russian,157,Russian,157,"human temper, character","obstinacy, restiveness",нрав,норов
25486,shift2468,Derivation,1,ACCEPTED,→,dark (adj.),4382,prison,467,Russian,157,Russian,157,dark,jail,temnyj,temnica
25498,shift8212,Derivation,4,ACCEPTED,→,June,1200,July,1198,Czech,174,Czech,174,June,July,červen,červenec
25507,shift0758,Derivation,6,ACCEPTED,?,to fill (tr.),2626,to carry out,2402,Russian,157,Russian,157,"full, complete",to fulfil,polnyj,ispolnit&#39;
25521,shift2293,Polysemy,3,ACCEPTED,→,pure,496,"genuine, true",778,Serbian,1093,Serbian,1093,pure,"real, true",чист (čist),чист (čist)
25564,shift7667,Derivation,1,NEW,→,hair,1541,horsehair worm,1665,Russian,157,Russian,157,hair,horsehair worm,волос,волосатик
25565,shift7667,Derivation,2,NEW,→,hair,1541,horsehair worm,1665,Ukrainian,138,Ukrainian,138,hair,horsehair worm,волос,волосатик
25566,shift7667,Derivation,3,NEW,→,hair,1541,horsehair worm,1665,Belarusan,242,Belarusan,242,hair,horsehair worm,волас,валасень
25567,shift1273,Polysemy,1,ACCEPTED,→,"to wet, moisten",3371,"to strike, hit",3234,Russian,157,Russian,157,to moisten,to kill,močit&#39;,močit&#39;
25572,shift1118,Polysemy,1,ACCEPTED,?,nail (body part),1816,claw,995,Russian,157,Russian,157,nail (human),claw,kogot&#39;,kogot&#39;
25646,shift2267,Derivation,5,ACCEPTED,→,insane,1784,"passionate, zealous",314,Russian,157,Russian,157,insane,"passionate, zealous",безумный,без ума
25650,shift1307,Derivation,2,ACCEPTED,?,blind,3624,mole (Talpa),694,Russian,157,Russian,157,blind,mole,slepoj,slepuh
25664,shift6999,Derivation,1,NEW,→,cage,872,chest (body part),954,Russian,157,Russian,157,cage,chest (body part),клетка,грудная клетка
25671,shift1143,Polysemy,3,ACCEPTED,—,round (adj.),1511,entire,3846,Russian,157,Russian,157,round,complete,kruglyj,kruglyj
25677,shift2736,Derivation,1,ACCEPTED,→,to rub,3100,to wash (clothes),3356,Russian,157,Russian,157,to rub,to wash,teret&#39;,stirat&#39;
25694,shift1793,Derivation,7,ACCEPTED,→,man (male),574,courage,1113,Russian,157,Russian,157,man,courageous,muž,mužestvennyj
25709,shift7773,Polysemy,7,ACCEPTED,—,breakfast,3679,"lunch, midday meal",271,Bulgarian,110,Bulgarian,110,(dialect)  late breakfast at 10 o'clock,"(dialect) lunch, midday meal",ручок,ручок
25715,shift4641,Polysemy,1,NEW,—,to rivet,3092,to slander,3166,Russian,157,Russian,157,to rivet,to slander,клепать,клепать
25722,shift0582,Polysemy,1,ACCEPTED,?,"to inhabit, live",2793,to be situated,2299,Russian,157,Russian,157,"to live, to dwell (animate)","to be somewhere (inanimate, colloq.)",žit&#39;,žit&#39;
25723,shift0582,Polysemy,2,NEW,—,"to inhabit, live",2793,to be situated,2299,Serbian,1093,Serbian,1093,"to inhabit, live",to be situated,боравити (boraviti),боравити (boraviti)
25724,shift0582,Polysemy,3,NEW,—,"to inhabit, live",2793,to be situated,2299,Croatian,812,Croatian,812,"to inhabit, live",to be situated,boraviti,boraviti
25730,shift1043,Polysemy,3,ACCEPTED,→,to drag,2548,to steal,3220,Russian,157,Russian,157,"to draggle, to draw",to steal,тащить (taščit&#39;),тащить (taščit&#39;)
25731,shift1043,Derivation,4,ACCEPTED,→,to drag,2548,to steal,3220,Russian,157,Russian,157,"to pull, to draw",to steal,тянуть (tjanut&#39;),стянуть (stjanut&#39;)
25783,shift0992,Polysemy,3,ACCEPTED,→,to see/to look at,3121,to have experience,2748,Russian,157,Russian,157,to see,"to witnessed, experience",videt&#39;,videt&#39;
25797,shift0552,Derivation,3,ACCEPTED,—,granule,830,small quantity of something,4124,Russian,157,Russian,157,"grain, cereal","smallest particle, minimal",крупа (krupa),крупица (krupica)
25805,shift6796,Derivation,1,ACCEPTED,→,eye,3890,eye (of potato),3891,Russian,157,Russian,157,eye,eye (of potato),глаз,глазок
25822,shift5612,Polysemy,10,ACCEPTED,→,red,1444,socialist or communist,4148,Serbian,1093,Serbian,1093,red,socialist or communist,црвен (crven),црвен (crven)
25823,shift5612,Polysemy,11,ACCEPTED,→,red,1444,socialist or communist,4148,Croatian,812,Croatian,812,red,socialist or communist,crven,crven
25828,shift1657,Polysemy,1,ACCEPTED,—,wooden object,116,corpse,1103,Old East Slavic,160,Old East Slavic,160,stump,dead body,трупъ,трупъ
25829,shift1657,Derivation,2,ACCEPTED,→,wooden object,116,corpse,1103,Russian,157,Russian,157,"chock, log",to kick the bucket,čurka,okočurit&#39;sja
25830,shift1657,Derivation,3,ACCEPTED,→,wooden object,116,corpse,1103,Russian,157,Russian,157,"stake, pole",to die,kol,okolet&#39;
25838,shift0855,Derivation,7,ACCEPTED,→,to feed,2611,to bring up (children),2381,Russian,157,Russian,157,to nurture,to bring up,pitat&#39;,vospityvat&#39;
25843,shift0855,Polysemy,12,ACCEPTED,—,to feed,2611,to bring up (children),2381,Bulgarian,110,Bulgarian,110,to feed (domestic animals),to bring up (children),отхранвам,отхранвам
25849,shift4414,Derivation,2,ACCEPTED,—,to threaten,3294,thunderstorm,2190,Russian,157,Russian,157,to threaten,thunderstorm,угрожать,гроза
25860,shift8017,Derivation,2,NEW,→,"many-coloured, motley",585,lemming,187,Russian,157,Russian,157,"many-coloured, motley",lemming,пёстрый,пеструшка
25861,shift1620,Polysemy,1,ACCEPTED,—,to sit,3160,to be imprisoned,2279,Russian,157,Russian,157,to sit (down),to serve a prison term,сидеть (sidet&#39;),сидеть (sidet&#39;)
25864,shift0940,Polysemy,1,ACCEPTED,?,raw,1436,"hard, solid",1558,Bulgarian,110,Bulgarian,110,"wet, fresh, juicy",hard,surov,surov
25878,shift0493,Polysemy,4,ACCEPTED,?,nose,1879,beak,3536,Russian,157,Russian,157,nose,nose,nos,nos
25888,shift5421,Derivation,1,ACCEPTED,→,smoke,4130,common fumitory (Fumaria officinalis),1054,Russian,157,Russian,157,smoke,common fumitory (Fumaria officinalis),дым (dym),дымянка (dymjanka)
25892,shift5421,Derivation,5,ACCEPTED,→,smoke,4130,common fumitory (Fumaria officinalis),1054,Polish,171,Polish,171,smoke,common fumitory (Fumaria officinalis),dym,dymnica
25894,shift5421,Derivation,7,ACCEPTED,→,smoke,4130,common fumitory (Fumaria officinalis),1054,Serbian,1093,Serbian,1093,smoke,common fumitory (Fumaria officinalis),дим (dim),димњача (dimnjača)
25895,shift5421,Derivation,8,ACCEPTED,→,smoke,4130,common fumitory (Fumaria officinalis),1054,Croatian,812,Croatian,812,smoke,common fumitory (Fumaria officinalis),dim,dimnjača
25908,shift0468,Polysemy,3,ACCEPTED,?,eye,3890,eye of typhoon,3893,Russian,157,Russian,157,eye,"eye (strom, tropic cyclone)",glaz,glaz
25923,shift1475,Polysemy,2,ACCEPTED,→,"to turn, rotate (intr.)",3327,to stop doing smth.,3227,Russian,157,Russian,157,"to turn, rotate (intr.)","to give up, stop doing smth.",свернуть (svernut&#39;),свернуть (svernut&#39;)
25930,shift5217,Derivation,2,NEW,←,air,1961,breathing,3683,Russian,157,Russian,157,air,breathing,воздух,дыхание
25936,shift0573,Polysemy,4,ACCEPTED,?,to come,2439,to begin,2331,Russian,157,Russian,157,to come,to come,prihodit&#39;,prihodit&#39;
25967,shift3174,Polysemy,1,ACCEPTED,→,broom,3697,comet,1043,Serbo-Croatian,156,Serbo-Croatian,156,"broom, besom",(dialectal) comet,metla,metla
25968,shift3174,Polysemy,2,ACCEPTED,→,broom,3697,comet,1043,Czech,174,Czech,174,(obsolete) broom,comet's tail,metla,metla
25974,shift0974,Derivation,1,ACCEPTED,→,"to mix, stir",2920,"to revolt, rebel",3085,Russian,157,Russian,157,"to puddle, to rile",riot,mutit&#39;,smuta
25984,shift0490,Polysemy,5,ACCEPTED,→,nose,1879,cape,889,Russian,157,Russian,157,nose,"cape, small peninsula",нос (nos),нос (nos)
25988,shift0490,Polysemy,9,ACCEPTED,→,nose,1879,cape,889,Bulgarian,110,Bulgarian,110,nose,cape,нос (nos),нос (nos)
26010,shift5771,Derivation,2,NEW,→,to emit smoke,2572,censer,929,Old East Slavic,160,Old East Slavic,160,smoke,censer,кадити,кадило
26014,shift1285,Polysemy,1,NEW,—,lip,224,muzzle,756,Croatian,812,Croatian,812,lip,muzzle,labrnja,labrnja
26015,shift1285,Polysemy,2,NEW,—,lip,224,muzzle,756,Serbian,1093,Serbian,1093,(pejorative) lip,muzzle,лабрња (labrnja),лабрња (labrnja)
26016,shift8174,Polysemy,1,ACCEPTED,→,common jasmine,1055,mock-orange,687,Russian,157,Russian,157,common jasmine,mock-orange,жасмин,жасмин
26018,shift8174,Derivation,3,ACCEPTED,→,common jasmine,1055,mock-orange,687,Ukrainian,138,Ukrainian,138,common jasmine,mock-orange,жасмин,садовий жасмин
26019,shift8174,Internal cognates,4,ACCEPTED,→,common jasmine,1055,mock-orange,687,Belarusan,242,Belarusan,242,common jasmine,mock-orange,язмін,жасмін
26021,shift8174,Derivation,6,ACCEPTED,→,common jasmine,1055,mock-orange,687,Polish,171,Polish,171,common jasmine,mock-orange,jaśmin,jaśminowiec
26030,shift8174,Polysemy,15,ACCEPTED,→,common jasmine,1055,mock-orange,687,Czech,174,Czech,174,common jasmine,(colloquial) mock-orange,jasmín,jasmín
26037,shift4593,Polysemy,5,NEW,→,voice,3778,vote,3781,Russian,157,Russian,157,voice,vote,голос,голос
26038,shift4593,Polysemy,6,NEW,→,voice,3778,vote,3781,Serbian,1093,Serbian,1093,voice,vote,глас (glas),глас (glas)
26039,shift4593,Polysemy,7,NEW,→,voice,3778,vote,3781,Croatian,812,Croatian,812,voice,vote,glas,glas
26047,shift4391,Polysemy,6,ACCEPTED,→,crane (Grus),1129,lifting machine,208,Czech,174,Czech,174,crane (Grus),tech. equipment for lifting and moving heavy load,jeřáb,jeřáb
26051,shift4391,Polysemy,10,ACCEPTED,→,crane (Grus),1129,lifting machine,208,Polish,171,Polish,171,crane (Grus),large crane for lifting and carrying a load suspended on a movable arm,żuraw,żuraw
26140,shift6536,Derivation,1,NEW,→,to rub,3100,"to haunt, bother",2744,Russian,157,Russian,157,to rub,"relentlessly be near someone, something, annoying with their presence",тереть,тереться
26143,shift1155,Polysemy,1,ACCEPTED,→,"mute, dumb",755,quiet (vs. loud),1909,Russian,157,Russian,157,mute,"quiet, noiseless (bookish)",немой (nemoj),немой (nemoj)
26173,shift2094,Polysemy,2,NEW,?,sharp,4022,severe (about pain),4002,Russian,157,Russian,157,sharp,severe,ostryj,ostryj
26189,shift2243,Polysemy,1,ACCEPTED,—,"to follow, go after smb.",2649,to follow logically,2647,Russian,157,Russian,157,to follow,to follow logically,следовать (sledovat&#39;),следовать (sledovat&#39;)
26207,shift2166,Polysemy,2,ACCEPTED,→,to sit down,3161,to shrink (of textile),3153,Russian,157,Russian,157,to sit down,to shrink,sadit&#39;sja,sadit&#39;sja
26214,shift7438,Polysemy,1,NEW,→,cruel,1151,February,1252,Belarusan,242,Belarusan,242,"fierce, cruel, grim",February,люты,люты
26215,shift7438,Polysemy,2,NEW,→,cruel,1151,February,1252,Ukrainian,138,Ukrainian,138,"fierce, cruel, severe",February,лютий,лютий
26216,shift7438,Polysemy,3,NEW,→,cruel,1151,February,1252,Polish,171,Polish,171,"(obsolete) severe, harsh, fierce, cruel",February,luty,luty
26219,shift3791,Derivation,1,ACCEPTED,→,yellow,2079,Boletus edulis,3644,Russian,157,Russian,157,yellow,Boletus edulis,желтый,желтяк
26221,shift1144,Derivation,2,ACCEPTED,?,calm,877,dead (adj.),4394,Russian,157,Russian,157,"peace, calm",to pass away,pokoj,počit&#39;
26222,shift1144,Polysemy,3,ACCEPTED,?,calm,877,dead (adj.),4394,Russian,157,Russian,157,calm (obs.),dead,pokojnyj,pokojnyj
26228,shift2411,Cognates,1,ACCEPTED,→,arc,2024,bow (weapon),3659,Russian,157,Russian,157,"curve (saddle, river)",bow,luka,luk
26239,shift3096,Derivation,1,ACCEPTED,→,wet,49,wood-louse,115,Russian,157,Russian,157,wet,wood louse,mokryj,mokrica
26259,shift1681,Derivation,1,NEW,→,greasy,838,talc,2117,Czech,174,Czech,174,fat,talcum powder,mastný,mastek
26260,shift1681,Derivation,2,NEW,→,greasy,838,talc,2117,Slovenian,190,Slovenian,190,"greasy, fat",talcum powder,lojanï,lojevec
26270,shift3139,Polysemy,3,ACCEPTED,→,to throw,3296,to cast out,2405,Serbian,1093,Serbian,1093,to throw,to cast out,бацити (baciti),бацити (baciti)
26283,shift1231,Polysemy,1,ACCEPTED,—,to bark,2250,to shout,3150,Russian,157,Russian,157,to bark,to shout loudly,гавкать (gavkat&#39;),гавкать (gavkat&#39;)
26290,shift0062,Polysemy,7,NEW,→,summer,4330,year,2077,Serbian,1093,Serbian,1093,summer,year,лето (ljeto),лето (ljeto)
26291,shift0062,Polysemy,8,NEW,→,summer,4330,year,2077,Croatian,812,Croatian,812,summer,year,ljeto,ljeto
26293,shift0062,Polysemy,10,NEW,→,summer,4330,year,2077,Bulgarian,110,Bulgarian,110,summer,year,лято,лято
26299,shift1504,Derivation,1,ACCEPTED,→,empty,3835,desert (n.),4418,Russian,157,Russian,157,empty,desert,pustoj,pustynja
26305,shift0276,Polysemy,1,ACCEPTED,→,expensive,3885,important,1746,Russian,157,Russian,157,valuable,valuable,cennyj,cennyj
26307,shift0276,Polysemy,3,ACCEPTED,→,expensive,3885,important,1746,Russian,157,Russian,157,precious,important,cennyj,cennyj
26325,shift4849,Polysemy,2,NEW,→,to spit,3196,to despise,2513,Russian,157,Russian,157,to spit,"to despise, do not care",плевать,плевать
26332,shift1513,Polysemy,2,ACCEPTED,?,to respect,3075,"to treat, regale",3314,Russian,157,Russian,157,"to rever, to honor, to worship",to wine and dine,počitat&#39;,potčevat&#39;
26345,shift3830,Derivation,1,ACCEPTED,→,mouse,733,fly agaric (Amanita muscaria),1328,Russian,157,Russian,157,mouse's,fly agaric (Amanita muscaria),мышиный,мышиный опёнок
26347,shift2983,Cognates,1,ACCEPTED,→,raspberry,1430,wild strawberry,81,Russian,157,Russian,157,raspberry,(dialect) wild strawberry,малина (malina),малина (malina)
26351,shift1606,Polysemy,4,ACCEPTED,→,Romani,1492,to nomadize,2941,Croatian,812,Croatian,812,"Gipsy, Gypsy",nomad,Ciganin,Ciganin
26352,shift1606,Polysemy,5,ACCEPTED,→,Romani,1492,to nomadize,2941,Serbian,1093,Serbian,1093,Gipsy,nomad,Циганин (Ciganin),Циганин (Ciganin)
26361,shift0624,Derivation,5,NEW,→,to see/to look at,3121,to have an appearance,2746,Russian,157,Russian,157,to look at,to have an appearance,глядеть,выглядеть
26363,shift0624,Polysemy,7,NEW,→,to see/to look at,3121,to have an appearance,2746,Polish,171,Polish,171,to see/to look at,to have an appearance,wyglądać,wyglądać
26368,shift1765,Polysemy,5,NEW,→,to reach,3040,to ripen,3089,Russian,157,Russian,157,"to come to, to arrive at, to reach",to ripen to the end (about fruits),дойти,дойти
26370,shift1765,Polysemy,7,NEW,→,to reach,3040,to ripen,3089,Serbian,1093,Serbian,1093,"to reach, to catch up, to overtake",to ripen,стићи (stići),стићи (stići)
26380,shift6392,Derivation,1,ACCEPTED,→,sun,4333,moderlieschen,690,Polish,171,Polish,171,sun (adj.),moderlieschen (Leucaspius delineatus),słoneczny,slunečnice
26384,shift6392,Derivation,5,ACCEPTED,→,sun,4333,moderlieschen,690,Czech,174,Czech,174,sun,moderlieschen,slunce,slunka
26388,shift4553,Polysemy,1,NEW,→,cuckoo,1154,Eurasian hoopoe,3860,Russian,157,Russian,157,cuckoo,(dialect) hoopoe (Upupa epops),кукушка,кукушка
26393,shift1436,Polysemy,3,ACCEPTED,→,thick,2167,"bass, low-pitched voice",3526,Russian,157,Russian,157,"fat, thick",low pitched (voice),tolstyj,tolstyj
26402,shift1436,Polysemy,12,NEW,→,thick,2167,"bass, low-pitched voice",3526,Serbian,1093,Serbian,1093,thick,"bass, low-pitched voice",дебео (debeo),дебео (debeo)
26407,shift4743,Derivation,1,NEW,→,"naked, bare",1819,charr (Salvelinus),945,Russian,157,Russian,157,"naked, bare",charr (Salvelinus),голый,голец
26412,shift3926,Derivation,4,ACCEPTED,→,word,120,verb,3758,Czech,174,Czech,174,word,verb,slovo,sloveso
26413,shift3926,Polysemy,5,ACCEPTED,→,word,120,verb,3758,Church Slavonic,235,Church Slavonic,235,word,verb,глаголъ,глаголъ
26418,shift4263,Derivation,1,ACCEPTED,→,nameless,1821,ring finger,1483,Russian,157,Russian,157,nameless,ring finger,безымянный (bezymjannyj),безымянный палец (bezymjannyj palec)
26431,shift4263,Derivation,14,ACCEPTED,→,nameless,1821,ring finger,1483,Belarusan,242,Belarusan,242,nameless,ring finger,безназоўны,безназоўны палец
26432,shift4263,Derivation,15,ACCEPTED,→,nameless,1821,ring finger,1483,Ukrainian,138,Ukrainian,138,nameless,ring finger,безіменний,безіменний палець
26433,shift4263,Derivation,16,ACCEPTED,→,nameless,1821,ring finger,1483,Bulgarian,110,Bulgarian,110,nameless,ring finger,безименен,безимен пръст
26480,shift1119,Polysemy,5,ACCEPTED,?,coal,1018,anthrax,2008,Russian,157,Russian,157,coal,anthrax,ugolëk,ugolëk
26494,shift0470,Polysemy,6,ACCEPTED,→,eye,3890,vision,3776,Russian,157,Russian,157,eye,sight,glaz,glaz
26511,shift6113,Polysemy,1,ACCEPTED,→,front part of foot,1390,sock,4149,Russian,157,Russian,157,front part of foot,sock,носок (nosok),носок (nosok)
26513,shift3808,Derivation,1,ACCEPTED,→,dry,4491,Boletus edulis,3644,Russian,157,Russian,157,dry,Boletus edulis,сухой,сухан
26514,shift2666,Polysemy,1,ACCEPTED,→,star,4247,destiny,4419,Polish,171,Polish,171,star,fortune,gwiazda,gwiazda
26519,shift2666,Polysemy,6,ACCEPTED,→,star,4247,destiny,4419,Serbian,1093,Serbian,1093,star,destiny,звезда (zvezda),звезда (zvezda)
26520,shift2666,Polysemy,7,ACCEPTED,→,star,4247,destiny,4419,Croatian,812,Croatian,812,star,destiny,zvijezda,zvijezda
26521,shift2666,Polysemy,8,ACCEPTED,→,star,4247,destiny,4419,Ukrainian,138,Ukrainian,138,planet,destiny,планета,планета
26528,shift1975,Polysemy,5,ACCEPTED,→,to think,3293,"to care for, look after",2399,Serbian,1093,Serbian,1093,to think,"to care for, look after",мислити (misliti),мислити (misliti)
26533,shift0577,Polysemy,3,ACCEPTED,?,old (vs. young),4533,old (vs. new),4532,Russian,157,Russian,157,the one who reached old age,existing for a long time,staryj,staryj
26534,shift0577,Polysemy,4,NEW,—,old (vs. young),4533,old (vs. new),4532,Serbian,1093,Serbian,1093,old (vs. young),old (vs. new),стар (star),стар (star)
26535,shift0577,Polysemy,5,NEW,—,old (vs. young),4533,old (vs. new),4532,Croatian,812,Croatian,812,old (vs. young),old (vs. new),star,star
26538,shift5506,Derivation,1,NEW,→,to crawl,2473,Eurasian nuthatch,3861,Russian,157,Russian,157,to crawl,Eurasian nuthatch,ползти,поползень
26545,shift2417,Polysemy,1,ACCEPTED,→,"heathen, pagan",1591,buckwheat,3710,Czech,174,Czech,174,female pagan,buckwheat,pohanka,pohanka
26549,shift0345,Polysemy,2,ACCEPTED,→,"to strike, hit",3234,to steal,3220,Czech,174,Czech,174,"to hit, to hack (with an axe etc) [Павлович 1976: 523]",to steal (vern.),seknout,seknout
26554,shift1055,Semantic evolution,1,ACCEPTED,→,"lead, plumbum",173,tin (n.),2202,Old East Slavic,160,Old East Slavic,160,lead,tin,олово (olovo),олово (olovo)
26642,shift5562,Derivation,1,ACCEPTED,→,gold,807,platinum,406,Russian,157,Russian,157,gold,(obsolete and regional) platinum,золото,белое золото
26685,shift0432,Polysemy,1,ACCEPTED,?,ligament (anat.),209,back of the head,3487,Czech,174,Czech,174,"chorda, copula (anatom.)",back of the head (colloq.),vaz,vaz
26688,shift0087,Polysemy,1,ACCEPTED,?,wet,49,raw,1436,Russian,157,Russian,157,humid,raw,syroj,syroj
26693,shift0087,Polysemy,6,NEW,→,wet,49,raw,1436,Serbian,1093,Serbian,1093,wet,raw,сиров (sirov),сиров (sirov)
26694,shift0087,Polysemy,7,NEW,→,wet,49,raw,1436,Croatian,812,Croatian,812,wet,raw,sirov,sirov
26699,shift2163,Derivation,1,ACCEPTED,—,to cut,2484,to stop doing smth.,3227,Russian,157,Russian,157,"to whip, to swish",to stop,отсечь (otseč&#39;),пресечь (preseč&#39;)
26712,shift0164,Derivation,4,ACCEPTED,?,"to turn, rotate (intr.)",3327,to return (intr.),3080,Russian,157,Russian,157,"to spin, to rotate",to return,vraščat&#39;sja,vozvraščat&#39;sja
26718,shift1572,Derivation,1,NEW,?,to give,2692,to teach,3285,Russian,157,Russian,157,to give,to teach,davat&#39;,prepodavat&#39;
26721,shift3488,Polysemy,3,NEW,→,"to raise, lift (tr.)",3037,to begin (tr.),2332,Serbian,1093,Serbian,1093,"to raise, lift (tr.)",to begin (tr.),подићи (podići),подићи (podići)
26725,shift0503,Polysemy,4,ACCEPTED,?,ear,3792,hearing,1587,Russian,157,Russian,157,ear,hearing,uho,uho
26733,shift1527,Derivation,2,ACCEPTED,→,cold,1032,cold (disease),1033,Russian,157,Russian,157,"cold, frost",cold,stuža,prostuda
26741,shift7777,Derivation,1,NEW,→,flower,1323,April,2021,Polish,171,Polish,171,flower,April,kwiat,kwiecień
26742,shift7777,Derivation,2,NEW,→,flower,1323,April,2021,Ukrainian,138,Ukrainian,138,flower,April,квітка,квітень
26743,shift7777,Derivation,3,NEW,→,flower,1323,April,2021,Belarusan,242,Belarusan,242,flowering of cereal plants,April,краса,красавiк
26749,shift1115,Polysemy,1,ACCEPTED,→,to knock,2824,"to inform, let know",2791,Old East Slavic,160,Old East Slavic,160,"to knock, to hit",to indicate,клепати,клепати
26751,shift1115,Polysemy,3,ACCEPTED,→,to knock,2824,"to inform, let know",2791,Russian,157,Russian,157,to knock,"to inform, to delate (argot)",stučat&#39;,stučat&#39;
26773,shift8366,Polysemy,3,ACCEPTED,→,"lead, plumbum",173,(fishing) sinker,1205,Macedonian,118,Macedonian,118,"lead, plumbum",(fishing) sinker,олово,олово
26777,shift1667,Polysemy,4,ACCEPTED,→,rooster,1497,chanterelle,942,Russian,157,Russian,157,diminutive of петух 'rooster',chanterelle,петушок,петушок
26780,shift1667,Derivation,7,NEW,→,rooster,1497,chanterelle,942,Slovak,234,Slovak,234,chicken,chanterelle,kura,kuriatko
26781,shift1667,Polysemy,8,NEW,→,rooster,1497,chanterelle,942,Slovak,234,Slovak,234,rooster,(pl.) chanterelle,kohút,kohútky
26783,shift1667,Polysemy,10,NEW,→,rooster,1497,chanterelle,942,Czech,174,Czech,174,diminutive of kuře 'chicken',(Moravia) chanterelle,kuřátko,kuřátko
26784,shift0567,Derivation,1,ACCEPTED,?,to come,2439,must,754,Russian,157,Russian,157,to come,to have to,prihodit&#39;,prihodit&#39;sja
26797,shift3802,Polysemy,1,ACCEPTED,→,root vegetable,1503,Boletus edulis,3644,Russian,157,Russian,157,beta (plant),Boletus edulis,бурак,бурак
26798,shift3802,Polysemy,2,ACCEPTED,→,root vegetable,1503,Boletus edulis,3644,Russian,157,Russian,157,root vegetable,Boletus edulis,репа,репник
26802,shift0870,Derivation,2,ACCEPTED,→,hot,1673,"passionate, zealous",314,Russian,157,Russian,157,"to blaze, to flare",ardent,pylat&#39;,pylkij
26809,shift0870,Polysemy,9,ACCEPTED,→,hot,1673,"passionate, zealous",314,Russian,157,Russian,157,hot,hot tempered,gorjačij,gorjačij
26826,shift1303,Derivation,5,ACCEPTED,—,"to pull, to draw",3018,"to slow, linger",3175,Russian,157,Russian,157,to drag,delay,волочь (voloč&#39;),волокита (volokita)
26828,shift1303,Polysemy,7,ACCEPTED,—,"to pull, to draw",3018,"to slow, linger",3175,Russian,157,Russian,157,pull,linger,тянуть (tjanut&#39;),тянуть (tjanut&#39;)
26843,shift0887,Derivation,6,ACCEPTED,→,sharp,4022,acute (of sound),1942,Russian,157,Russian,157,to cut,"argute, screaming (sound)",rezat&#39;,rezkij
26917,shift0797,Cognates,1,ACCEPTED,—,healthy,1585,correct (adj.),1105,Russian,157,Russian,157,healthy,sound,zdorovyj,zdravyj
26945,shift0685,Polysemy,2,ACCEPTED,←,to run,3101,to fly,2642,Russian,157,Russian,157,to fly,to run,letat&#39;,letat&#39;
26949,shift0685,Polysemy,6,NEW,←,to run,3101,to fly,2642,Croatian,812,Croatian,812,to run,to fly,letjeti,letjeti
26961,shift2357,Derivation,12,ACCEPTED,→,father,1242,parents,302,Russian,157,Russian,157,father,parents,отец (otec),отцы ( otcy)
26975,shift1767,Polysemy,3,ACCEPTED,→,to reach,3040,to become ready (of food),2321,Polish,171,Polish,171,"to come (""find yourself in a certain place while going""; ""by moving in its own way, reach some point in space"")","to become ready (of food) (""(dish) achieve a state that allows it to be used in a certain way by humans"")",dojść,dojść
26976,shift1767,Polysemy,4,ACCEPTED,→,to reach,3040,to become ready (of food),2321,Russian,157,Russian,157,"to come to, to arrive at, to reach","(colloquial) to reach full readiness (about what is being cooked, baked, etc.)",дойти,дойти
26996,shift5306,Polysemy,1,NEW,→,lemon,188,million,664,Russian,157,Russian,157,lemon,million,lemon,million
27002,shift2247,Polysemy,4,NEW,→,free,1371,free of charge,1372,Serbian,1093,Serbian,1093,free,free of charge,слободан (slobodan),слободан (slobodan)
27003,shift2247,Polysemy,5,NEW,→,free,1371,free of charge,1372,Croatian,812,Croatian,812,free,free of charge,slobodan,slobodan
27012,shift2701,Polysemy,3,ACCEPTED,→,ram,1425,battering-ram,3532,Slovenian,190,Slovenian,190,ovčji samec,battering ram,oven,oven
27018,shift2701,Polysemy,9,ACCEPTED,→,ram,1425,battering-ram,3532,Russian,157,Russian,157,ram,battering ram,baran,baran
27053,shift1413,Polysemy,8,ACCEPTED,→,sharp,4022,"keen (of senses, mind)",1704,Russian,157,Russian,157,sharp,sharp,ostryj,ostryj
27060,shift1413,Polysemy,15,ACCEPTED,→,sharp,4022,"keen (of senses, mind)",1704,Serbian,1093,Serbian,1093,sharp,"keen (of senses, mind)",оштар (oštar),оштар (oštar)
27061,shift1413,Polysemy,16,ACCEPTED,→,sharp,4022,"keen (of senses, mind)",1704,Croatian,812,Croatian,812,sharp,"keen (of senses, mind)",oštar,oštar
27063,shift3714,Polysemy,1,ACCEPTED,—,"to raise, lift (tr.)",3037,to increase (tr.),2786,Russian,157,Russian,157,"to raise, lift (tr.)",to increase (tr.),поднять,поднять
27065,shift3714,Polysemy,3,ACCEPTED,→,"to raise, lift (tr.)",3037,to increase (tr.),2786,Serbian,1093,Serbian,1093,"to raise, lift (tr.)",to increase (tr.),подићи (podići),подићи (podići)
27066,shift3714,Polysemy,4,ACCEPTED,→,"to raise, lift (tr.)",3037,to increase (tr.),2786,Croatian,812,Croatian,812,"to raise, lift (tr.)",to increase (tr.),podignuti,podignuti
27069,shift0548,Derivation,3,ACCEPTED,→,"narrow, close",1827,difficult,4433,Russian,157,Russian,157,tight,"in great distress, in low circumstances",tesnyj,stesnennyj
27090,shift8378,Derivation,1,ACCEPTED,→,heather,1592,September,3996,Belarusan,242,Belarusan,242,heather,September,верас,верасень
27091,shift8378,Derivation,2,ACCEPTED,→,heather,1592,September,3996,Ukrainian,138,Ukrainian,138,heather,September,верес,вересень
27092,shift8378,Derivation,3,ACCEPTED,→,heather,1592,September,3996,Polish,171,Polish,171,heather,September,wrzos,wrzesień
27093,shift5509,Derivation,1,NEW,→,carrion,897,Egyptian vulture,3815,Russian,157,Russian,157,(obsolete) carrion,Egyptian vulture,стерво,стревятник
27095,shift2568,Semantic evolution,2,ACCEPTED,←,knee,1718,genitalia,777,Polish,171,Polish,171,"lap, knees, breast",genitalia (obs.),łono,łono
27128,shift4195,Derivation,2,ACCEPTED,→,straight,4292,exactly,3879,Russian,157,Russian,157,straight,exactly,прямой (prjamoj),прямо (prjamo)
27147,shift1525,Polysemy,2,NEW,?,fairy tale,1216,"false, wrong",1222,Russian,157,Russian,157,(fairy) tale,fable,skazka,skazka
27155,shift3795,Derivation,1,ACCEPTED,→,"ear, spike (of a grain plant)",3793,Boletus edulis,3644,Russian,157,Russian,157,"ear, spike (of a grain plant)",Boletus edulis,колос,колосовик
27172,shift0917,Polysemy,14,NEW,→,"high (size), tall",1624,loud,259,Bulgarian,110,Bulgarian,110,"high (size), tall",loud,висок,висок
27185,shift1184,Polysemy,12,NEW,→,wing,92,flank (military),1311,Serbian,1093,Serbian,1093,wing,flank (military),крило (krilo),крило (krilo)
27191,shift4850,Polysemy,1,ACCEPTED,→,alone,1976,monk,702,Church Slavonic,235,Church Slavonic,235,lonely person,monk,инокъ,инокъ
27192,shift0081,Derivation,1,ACCEPTED,?,"to pull, to draw",3018,inclination to smth,1759,Russian,157,Russian,157,"to pull, to draw",desire,tjanut&#39;,tjaga
27208,shift1629,Polysemy,9,ACCEPTED,→,long (size),246,"high (size), tall",1624,Russian,157,Russian,157,long,tall,dlinnyj,dlinnyj
27216,shift2931,Derivation,4,ACCEPTED,←,"to strike, hit",3234,to copulate,2462,Russian,157,Russian,157,to hit,to copulate,ëbnut&#39;,ebat&#39;
27217,shift2931,Polysemy,5,NEW,→,"to strike, hit",3234,to copulate,2462,Russian,157,Russian,157,"to beat, hit",to copulate,трахнуть,трахнуть
27230,shift1632,Polysemy,5,ACCEPTED,←,to flow,2639,to run,3101,Russian,157,Russian,157,"to leak, to ooze (liquids)",to escape,utekat&#39;,utekat&#39;
27231,shift1632,Polysemy,6,ACCEPTED,→,to flow,2639,to run,3101,Russian,157,Russian,157,to run,to flow,bežat&#39;,bežat&#39;
27270,shift1398,Derivation,5,ACCEPTED,→,cat,905,catnip (Nepeta cataria),913,Russian,157,Russian,157,cat,catmint,kot,kotovnik
27275,shift6463,Polysemy,3,ACCEPTED,→,"to live, be alive",2855,"to inhabit, live",2793,Russian,157,Russian,157,"to live, be alive","to inhabit, live",жить,жить
27276,shift6463,Polysemy,4,ACCEPTED,→,"to live, be alive",2855,"to inhabit, live",2793,Belarusan,242,Belarusan,242,"to live, be alive","to inhabit, live",жыць,жыць
27288,shift6458,Derivation,1,ACCEPTED,→,pig (Sus scrofa),369,mole cricket (Gryllotalpa),695,Bulgarian,110,Bulgarian,110,pig,"changa, mole cricket",прасе (prase),попово прасе (popovo prase)
27289,shift2985,Derivation,1,ACCEPTED,→,oil (food),4528,slippery jack (Suillus luteus),4118,Russian,157,Russian,157,oil,oil,maslo,maslenok
27290,shift2168,Polysemy,1,ACCEPTED,—,pot,444,furnace,1403,Old East Slavic,160,Old East Slavic,160,"cauldron, pot, cup","fireplace, hearth, oven, furnace","гърнъ, грънъ, горнъ","гърнъ, грънъ, горнъ"
27309,shift0775,Derivation,19,NEW,→,to cut,2484,to decide,2495,Serbian,1093,Serbian,1093,separate,to decide,лучити (lučiti),одлучити (odlučiti)
27310,shift0775,Derivation,20,NEW,→,to cut,2484,to decide,2495,Croatian,812,Croatian,812,to cut (tr.),to decide,lučiti,odlučiti
27334,shift1352,Derivation,2,ACCEPTED,?,skin (of a person),4100,bat,3529,Russian,157,Russian,157,doeskin,batfish,rovduga,rovduška
27339,shift3061,Polysemy,2,ACCEPTED,—,to divide into several parts,2541,to distinguish,2537,Russian,157,Russian,157,to separate,to understand (coll.),сечь,сечь
27347,shift1010,Polysemy,1,ACCEPTED,→,vessel,3762,blood vessel,3631,Russian,157,Russian,157,vessel,blood vessel,сосуд,сосуд
27354,shift1010,Polysemy,8,ACCEPTED,→,vessel,3762,blood vessel,3631,Czech,174,Czech,174,vessel,blood vessel,céva,céva
27383,shift4920,Polysemy,1,NEW,→,swamp,4354,birch bolete (Leccinum scabrum),3593,Russian,157,Russian,157,swamp,(dialect) birch bolete (Leccinum scabrum),болото,болотник
27385,shift1469,Derivation,1,ACCEPTED,—,wind,88,light-headed,213,Russian,157,Russian,157,wind,featherbrained,ветер (veter),ветреный (vetrenyj)
27425,shift2214,Polysemy,2,ACCEPTED,→,healthy,1585,fat (adj.)(of a person),1239,Russian,157,Russian,157,"to recover, to get well","to plump, to get fat",popravit&#39;sja,popravit&#39;sja
27442,shift1132,Derivation,3,ACCEPTED,?,to fall down,2605,to flow into,2640,Russian,157,Russian,157,to fall,to inflow (water currents),padat&#39;,vpadat&#39;
27463,shift1802,Derivation,1,ACCEPTED,—,"to care for, look after",2399,"to worry, be agitated",3382,Russian,157,Russian,157,to take care,worried,заботиться (zabotit&#39;sja),озабоченный (ozabočennyj)
27472,shift4375,Derivation,2,ACCEPTED,→,to ask (for),2238,to pray,2996,Russian,157,Russian,157,to ask (for),to pray,молить (molit&#39;),молиться (molit&#39;sja)
27484,shift4375,Polysemy,14,ACCEPTED,→,to ask (for),2238,to pray,2996,Bulgarian,110,Bulgarian,110,to ask (for),to pray,моля,моля се
27501,shift4375,Polysemy,31,ACCEPTED,→,to ask (for),2238,to pray,2996,Ukrainian,138,Ukrainian,138,to ask (for),to pray,молити,молитися
27502,shift4375,Derivation,32,NEW,→,to ask (for),2238,to pray,2996,Serbian,1093,Serbian,1093,to ask (for),to pray,молити (moliti),молити се (moliti se)
27503,shift4375,Derivation,33,NEW,→,to ask (for),2238,to pray,2996,Croatian,812,Croatian,812,to ask (for),to pray,moliti,moliti se
27537,shift5489,Polysemy,1,NEW,→,haymaking (time),1573,Eurasian hoopoe,3860,Ukrainian,138,Ukrainian,138,haymaking (time),(dial) Eurasian hoopoe,сiнокос,сiнокос
27543,shift0446,Polysemy,1,ACCEPTED,—,eyelid,3899,eyebrow,3897,Old East Slavic,160,Old East Slavic,160,eyelashes,eyelid,бръвь,бръвь
27555,shift1042,Polysemy,6,NEW,→,"to drive, to force to move on",2560,to drive (the car),2559,Serbian,1093,Serbian,1093,"to drive, to force to move on",to drive (the car),терати (terati),терати (terati)
27556,shift1042,Polysemy,7,NEW,→,"to drive, to force to move on",2560,to drive (the car),2559,Croatian,812,Croatian,812,"to drive, to force to move on",to drive (a vehicle),tjerati,tjerati
27559,shift5203,Polysemy,1,ACCEPTED,—,to seem,3122,to please,2984,Russian,157,Russian,157,to seem,to like,показаться (pokazat&#39;sja),показаться (pokazat&#39;sja)
27574,shift0555,Polysemy,3,ACCEPTED,?,snake,4136,"guileful, crafty person",856,Russian,157,Russian,157,snake,"insidious, spiteful, evil",zmeja,zmeja
27593,shift6674,Polysemy,2,ACCEPTED,→,&lt;woman&gt;,2,"opening, hole",4551,Russian,157,Russian,157,mom,female plug,мама,мама
27602,shift1608,Polysemy,1,NEW,?,doomsday,4465,"tumult, turmoil",3460,Russian,157,Russian,157,"Apocalypse, the Judgement day in the Cristian teaching","extreme disorder, mess",svetoprestavlenie,svetoprestavlenie
27612,shift3806,Polysemy,1,ACCEPTED,→,grey-haired,848,Boletus edulis,3644,Russian,157,Russian,157,grey-haired,Boletus edulis,седой,седой
27613,shift3200,Derivation,1,NEW,→,bald,3504,dandelion,4378,Bulgarian,110,Bulgarian,110,bald,dandelion,"kelav, keljav",kelavče
27614,shift3200,Derivation,2,NEW,→,bald,3504,dandelion,4378,Ukrainian,138,Ukrainian,138,bald,dandelion,plišyvyj,plešiveč
27628,shift4693,Derivation,1,NEW,→,tobacco,3391,puffball,489,Russian,157,Russian,157,tobacco,Lycoperdon,табак,табачник
27630,shift7757,Polysemy,2,NEW,←,noon,1875,"lunch, midday meal",271,Russian,157,Russian,157,(infornal) noon,"lunch, midday meal",обед,обед
27642,shift4755,Derivation,1,NEW,→,fool,1336,northern fulmar (Fulmarus glacialis),1878,Russian,157,Russian,157,fool,northern fulmar (Fulmarus glacialis),глупый,глупыш
27644,shift4699,Derivation,1,NEW,→,long (size),246,snake,4136,Russian,157,Russian,157,long (size),(dialect) snake,долгий,долгая
27645,shift1068,Internal cognates,1,ACCEPTED,—,to feel,2612,to perceive smell,2969,Russian,157,Russian,157,to feel,to smell,чувствовать (čuvstvovat&#39;),чуять (čujat&#39;)
27656,shift0275,Polysemy,2,ACCEPTED,→,poisonous,424,sarcastic,3938,Russian,157,Russian,157,poisonous,"pungent, incisive",jadovityj,jadovityj
27661,shift0275,Polysemy,7,NEW,→,poisonous,424,sarcastic,3938,Serbian,1093,Serbian,1093,poisonous,sarcastic,отрован (otrovan),отрован (otrovan)
27662,shift0275,Polysemy,8,NEW,→,poisonous,424,sarcastic,3938,Croatian,812,Croatian,812,poisonous,sarcastic,otrovan,otrovan
27667,shift5233,Polysemy,1,NEW,→,middle,652,Wednesday,39,Old Church Slavonic,155,Old Church Slavonic,155,"middle, center",Wednesday,срѣда,срѣда
27669,shift5233,Derivation,3,NEW,→,middle,652,Wednesday,39,Russian,157,Russian,157,middle,Wednesday,середина,среда
27670,shift5233,Derivation,4,NEW,→,middle,652,Wednesday,39,Polish,171,Polish,171,middle,Wednesday,środek,sroda
27671,shift5233,Derivation,5,NEW,→,middle,652,Wednesday,39,Czech,174,Czech,174,middle,Wednesday,střed,středa
27672,shift5233,Derivation,6,NEW,→,middle,652,Wednesday,39,Serbian,1093,Serbian,1093,middle,Wednesday,средњи,среда
27673,shift5233,Derivation,7,NEW,→,middle,652,Wednesday,39,Serbo-Croatian,156,Serbo-Croatian,156,middle,Wednesday,sredina,srijeda
27675,shift5233,Derivation,9,NEW,→,middle,652,Wednesday,39,Bulgarian,110,Bulgarian,110,middle,Wednesday,срѣда,Сряда
27676,shift5233,Derivation,10,NEW,→,middle,652,Wednesday,39,Bosnian,897,Bosnian,897,middle,Wednesday,srěda,Srijeda
27682,shift7525,Derivation,4,ACCEPTED,→,hundred,1689,myriapod,757,Czech,174,Czech,174,hundred,myriapod,sto,stonožka
27683,shift7525,Derivation,5,ACCEPTED,→,hundred,1689,myriapod,757,Polish,171,Polish,171,hundred,myriapod,sto,stonoga
27687,shift7525,Derivation,9,ACCEPTED,→,hundred,1689,myriapod,757,Bulgarian,110,Bulgarian,110,hundred,myriapod,сто,стоножка
27690,shift7525,Derivation,12,ACCEPTED,→,hundred,1689,myriapod,757,Macedonian,118,Macedonian,118,hundred,myriapod,сто,стоногалка
27695,shift7525,Derivation,17,NEW,→,hundred,1689,myriapod,757,Serbian,1093,Serbian,1093,hundred,myriapod,сто (sto),стонога (stonoga)
27696,shift7525,Derivation,18,NEW,→,hundred,1689,myriapod,757,Croatian,812,Croatian,812,hundred,myriapod,sto,stonoga
27697,shift7525,Derivation,19,NEW,→,hundred,1689,myriapod,757,Belarusan,242,Belarusan,242,hundred,myriapod,сто,станожка
27701,shift7986,Polysemy,2,ACCEPTED,→,mood,707,humor,1686,Ukrainian,138,Ukrainian,138,mood,humor,гумор,гумор
27702,shift7986,Polysemy,3,ACCEPTED,→,mood,707,humor,1686,Belarusan,242,Belarusan,242,mood,humor,гумар,гумар
27704,shift7986,Polysemy,5,ACCEPTED,→,mood,707,humor,1686,Polish,171,Polish,171,mood,humor,humor,humor
27715,shift0751,Polysemy,6,ACCEPTED,?,leaf,174,sheet of paper,4028,Russian,157,Russian,157,leave,sheet,list,list
27726,shift0751,Polysemy,17,NEW,→,leaf,174,sheet of paper,4028,Serbian,1093,Serbian,1093,leaf,sheet of paper,лист (list),лист (list)
27727,shift0751,Polysemy,18,NEW,→,leaf,174,sheet of paper,4028,Croatian,812,Croatian,812,leaf,sheet of paper,list,list
27732,shift0751,Polysemy,23,NEW,→,leaf,174,sheet of paper,4028,Macedonian,118,Macedonian,118,leaf,sheet of paper,лист,лист
27748,shift6617,Polysemy,2,NEW,→,difficult,4433,very,3761,Serbian,1093,Serbian,1093,"with effort, with difficulty",very,тешко (teško),тешко (teško)
27749,shift6617,Polysemy,3,NEW,→,difficult,4433,very,3761,Croatian,812,Croatian,812,"with difficulty, with effort",very,teško,teško
27774,shift1049,Polysemy,1,ACCEPTED,—,berry,3582,&lt;berry&gt;,3476,Czech,174,Czech,174,berry,"strawberry, wild strawberry",jahoda,jahoda
27776,shift1049,Polysemy,3,ACCEPTED,→,berry,3582,&lt;berry&gt;,3476,Polish,171,Polish,171,berry,blueberry (colloq.),jagoda,jagody
27780,shift1049,Polysemy,7,ACCEPTED,—,berry,3582,&lt;berry&gt;,3476,Serbian,1093,Serbian,1093,berry,strawberry,jaгода (jagoda),jaгода (jagoda)
27781,shift1049,Polysemy,8,ACCEPTED,—,berry,3582,&lt;berry&gt;,3476,Croatian,812,Croatian,812,berry,strawberry,jagoda,jagoda
27784,shift1420,Polysemy,2,ACCEPTED,—,frequent,1375,"thick (of a growth, hair)",2168,Russian,157,Russian,157,often,thick (growth),častyj,častyj
27787,shift1420,Polysemy,5,NEW,←,frequent,1375,"thick (of a growth, hair)",2168,Serbian,1093,Serbian,1093,frequent,"thick (of a growth, hair)",густ (gust),густ (gust)
27788,shift1420,Polysemy,6,NEW,→,frequent,1375,"thick (of a growth, hair)",2168,Serbian,1093,Serbian,1093,frequent,"thick (of a growth, hair)",чест (čest),чест (čest)
27806,shift7269,Polysemy,1,NEW,→,free,1371,brave,3675,Serbian,1093,Serbian,1093,freedom,bravery,слобода (sloboda),слобода (sloboda)
27809,shift7767,Internal cognates,1,ACCEPTED,→,water,16,otter (Lutra lutra),4569,Russian,157,Russian,157,water,otter (Lutra lutra),вода,выдра
27829,shift4731,Polysemy,1,NEW,—,dirty,4440,swamp,4354,Russian,157,Russian,157,"dirt, flith",(old) swamp,грязь,грязь
27837,shift4756,Derivation,1,NEW,→,deaf,4396,western capercaillie (Tetrao urogallus),46,Russian,157,Russian,157,deaf,western capercaillie (Tetrao urogallus),глухой,глухарь
27847,shift0757,Derivation,4,ACCEPTED,→,to lose one&#39;s way,2872,"to make a mistake, be wrong",2879,Russian,157,Russian,157,to get lost,to be wrong,заблудиться (zabludit&#39;sja),заблуждаться (zabluždat&#39;sja)
27862,shift4179,Polysemy,3,ACCEPTED,→,"to strike, hit",3234,strike of lightning,4302,Russian,157,Russian,157,"to beat, hit",to strike (of lightning),бить (bit&#39;),бить (bit&#39;)
27863,shift4179,Polysemy,4,ACCEPTED,→,"to strike, hit",3234,strike of lightning,4302,Russian,157,Russian,157,"to beat, hit",to strike (of lightning),ударять (udarjat&#39;),ударять (udarjat&#39;)
27868,shift4179,Polysemy,9,NEW,—,"to strike, hit",3234,strike of lightning,4302,Serbian,1093,Serbian,1093,"to beat, hit",to strike (of lightning),ударити (udariti),ударити (udariti)
27872,shift3787,Polysemy,3,ACCEPTED,→,ear,3792,"&lt;mushroom, fungus&gt;",560,Russian,157,Russian,157,ear (diminutive),chanterelle,ушко,ушки
27877,shift1374,Derivation,3,ACCEPTED,→,&lt;thorny plant&gt;,2101,goldfinch (Carduelis),812,Macedonian,118,Macedonian,118,thorn,goldfinch,trn,trnarče
27885,shift1182,Derivation,3,ACCEPTED,→,sediment,3984,lumpen,270,Russian,157,Russian,157,(obsolete) residue in liquids,dreg,подонок (podonok),подонок (podonok)
27891,shift0897,Derivation,3,ACCEPTED,→,forehead,1347,hill,1626,Russian,157,Russian,157,forehead,steep hillock,лоб,взлобок
27907,shift8415,Derivation,1,ACCEPTED,→,yellow,2079,October,4521,Ukrainian,138,Ukrainian,138,yellow,October,жовтий,жовтень
27908,shift4696,Polysemy,1,NEW,→,uncle,506,woodland spirit,117,Russian,157,Russian,157,uncle,woodland spirit,дядюшка,дядюшка
27928,shift5758,Polysemy,12,NEW,—,smoke,4130,"steam, vapour",4251,Serbian,1093,Serbian,1093,to emit smoke,"to emit steam, vapour",пушити се (pušiti sе),пушити се (pušiti sе)
27929,shift5758,Polysemy,13,NEW,—,smoke,4130,"steam, vapour",4251,Croatian,812,Croatian,812,to emit smoke,"to emit steam, vapour",pušiti sе,pušiti sе
27935,shift8015,Polysemy,1,NEW,→,"to follow, go after smb.",2649,to listen,2854,Serbian,1093,Serbian,1093,"to follow, go after smb.",to listen carefully,пратити (pratiti),пратити (pratiti)
27936,shift8015,Polysemy,2,NEW,→,"to follow, go after smb.",2649,to listen,2854,Croatian,812,Croatian,812,"to follow, go after smb.",to listen carefully,pratiti,pratiti
27938,shift0084,Semantic evolution,2,ACCEPTED,—,to dig,2519,to row (with oars),3098,Russian,157,Russian,157,to dig,to row (with oars),грести,грести
27941,shift8417,Derivation,2,NEW,→,swallow (bird),4353,Triglidae (fish),3440,Bulgarian,110,Bulgarian,110,swallow (bird),Triglidae (fish),лястовица,морска лястовица
27944,shift1145,Polysemy,3,ACCEPTED,?,cold,1032,indifferent,1766,Russian,157,Russian,157,cold,cold,holodnyj,holodnyj
27952,shift1145,Polysemy,11,NEW,→,cold,1032,indifferent,1766,Serbian,1093,Serbian,1093,cold,indifferent,студен (studen),студен (studen)
27953,shift1145,Polysemy,12,NEW,→,cold,1032,indifferent,1766,Serbian,1093,Serbian,1093,cold,indifferent,хладан (hladan),хладан (hladan)
27954,shift1145,Polysemy,13,NEW,→,cold,1032,indifferent,1766,Croatian,812,Croatian,812,cold,indifferent,hladan,hladan
27956,shift4754,Polysemy,1,NEW,→,to go deaf,2703,to fail (of engine),2601,Russian,157,Russian,157,to become deaf,to fail (of engine),глохнуть,глохнуть
27962,shift0046,Polysemy,5,ACCEPTED,?,dog,4458,seal (animal),3973,Russian,157,Russian,157,to cub,to bring forth pups (sea-calf),ščenit&#39;sja,ščenit&#39;sja
27969,shift2361,Derivation,3,ACCEPTED,→,white,62,"albugo, wall-eye",1965,Russian,157,Russian,157,white,"leucoma, wall-eye",belyj,bel&#39;mo
27972,shift4749,Derivation,1,NEW,→,snow,4140,common bullfinch,1048,Russian,157,Russian,157,snow,bullfinch (Pyrrhula pyrrhula),снег,снегирь
27985,shift0999,Derivation,2,ACCEPTED,?,key (of a door),1705,clavicle,994,Russian,157,Russian,157,a key,clavicle,ključ,ključica
28000,shift0071,Derivation,5,ACCEPTED,?,part,306,destiny,4419,Russian,157,Russian,157,part,"fate, lot",čast&#39;,učast&#39;
28002,shift0071,Polysemy,7,ACCEPTED,?,part,306,destiny,4419,Russian,157,Russian,157,"part, share",destiny,dolja,dolja
28016,shift0071,Motivation,21,NEW,→,part,306,destiny,4419,Bulgarian,110,Bulgarian,110,part,"destiny, fate",част,участ
28017,shift0071,Polysemy,22,NEW,→,part,306,destiny,4419,Bulgarian,110,Bulgarian,110,part,destiny,дял,дял
28045,shift0068,Derivation,25,NEW,→,morning,712,tomorrow,3398,Serbian,1093,Serbian,1093,morning,tomorrow,јутро (jutro),сутра (sutra)
28046,shift0068,Derivation,26,NEW,→,morning,712,tomorrow,3398,Croatian,812,Croatian,812,morning,tomorrow,jutro,sutra
28051,shift0068,Derivation,31,NEW,—,morning,712,tomorrow,3398,Bulgarian,110,Bulgarian,110,morning,tomorrow,утрин,утре
28107,shift0068,Derivation,87,NEW,—,morning,712,tomorrow,3398,Slovenian,190,Slovenian,190,morning,tomorrow (adv.),jútro,jútri
28108,shift0068,Internal cognates,88,NEW,—,morning,712,tomorrow,3398,Slovak,234,Slovak,234,morning,tomorrow,jutro,zajtra
28109,shift0068,Internal cognates,89,NEW,—,morning,712,tomorrow,3398,Czech,174,Czech,174,morning,tomorrow,jitra,zítra
28128,shift0068,Polysemy,108,NEW,→,morning,712,tomorrow,3398,Old Polish,1094,Old Polish,1094,morning,tomorrow,jutro,jutro
28230,shift1717,Derivation,2,ACCEPTED,→,wind,88,quick,1908,Czech,174,Czech,174,wind,"quick, fast",vítr,vĕtrný
28238,shift3284,Derivation,2,ACCEPTED,→,to teach,3285,to punish,3020,Russian,157,Russian,157,to teach,"to give a lesson, to castigate, to punish",učit&#39;,proučit&#39;
28240,shift2971,Derivation,1,ACCEPTED,→,thorn,2178,dog-rose,4459,Russian,157,Russian,157,thorn,dogrose,šip,šipovnik
28247,shift4316,Polysemy,1,ACCEPTED,→,fortress,1353,prison,467,Russian,157,Russian,157,fortress,(obsolete) prison,крепость (krepost&#39;),крепость (krepost&#39;)
28248,shift4316,Polysemy,2,ACCEPTED,→,fortress,1353,prison,467,Russian,157,Russian,157,"(historical) fortress, stockaded town","(dated) prison, jail",острог (ostgog),острог (ostgog)
28252,shift1338,Polysemy,1,ACCEPTED,?,red,1444,&lt;salmon&gt;,3900,Russian,157,Russian,157,red,salmon,krasnyj,krasnaja ryba
28261,shift8614,Derivation,1,NEW,→,ray,1438,radius (bone),1415,Russian,157,Russian,157,ray,radius (bone),луч,лучевая кость
28262,shift8614,Derivation,2,NEW,→,ray,1438,radius (bone),1415,Polish,171,Polish,171,ray,radius (bone),promień,kość promieniowa
28263,shift8614,Derivation,3,NEW,→,ray,1438,radius (bone),1415,Ukrainian,138,Ukrainian,138,ray,radius (bone),промінь,променева кістка
28265,shift8614,Derivation,5,NEW,→,ray,1438,radius (bone),1415,Bulgarian,110,Bulgarian,110,ray,radius (bone),лъч,лъчева кост
28276,shift0016,Polysemy,10,NEW,→,sweet (taste),4358,"dear, darling",4397,Serbian,1093,Serbian,1093,sweet (taste),"dear, darling",сладак (sladak),сладак (sladak)
28277,shift0016,Polysemy,11,NEW,→,sweet (taste),4358,"dear, darling",4397,Croatian,812,Croatian,812,sweet (taste),"dear, darling",sladak,sladak
28288,shift3873,Polysemy,1,NEW,—,"branch, twig",3672,relative (n.),1454,Russian,157,Russian,157,"branch, twig",relative (n.),ветвь (vetv’),ветвь (vetv’)
28299,shift0785,Derivation,4,ACCEPTED,→,to press,3002,to oppress,2952,Russian,157,Russian,157,"to press, to squeeze",to make feel inferior,davit&#39;,podavljat&#39;
28305,shift0785,Polysemy,10,ACCEPTED,—,to press,3002,to oppress,2952,Russian,157,Russian,157,NA,press,gnet,gnet
28317,shift1669,Derivation,2,NEW,→,beard,3541,barbel,3511,Serbian,1093,Serbian,1093,beard,barbel,брада (brada),брадаш (bradaš)
28324,shift3333,Polysemy,4,ACCEPTED,→,to boil (intr.),2361,"to worry, be agitated",3382,Russian,157,Russian,157,to boil (intr.),"to get excited; flare up, fume; get steamed up, lose one's cool",кипятиться (kipjatit&#39;sja),кипятиться (kipjatit&#39;sja)
28343,shift0838,Polysemy,1,ACCEPTED,—,hump (of a person or camel),1687,hill,1626,Slovak,234,Slovak,234,hump,"hill, hillock, knoll, mound",hrb,hrb
28357,shift6257,Derivation,2,NEW,←,blood vessel,3631,tendon,2147,Russian,157,Russian,157,blood vessel,tendon,жилка,жила
28367,shift0357,Polysemy,6,NEW,→,weak,28,bad,3493,Serbian,1093,Serbian,1093,weak,bad,слаб (slab),слаб (slab)
28368,shift0357,Polysemy,7,NEW,→,weak,28,bad,3493,Croatian,812,Croatian,812,weak,bad,slab,slab
28371,shift4358,Polysemy,1,ACCEPTED,→,"stopper, plug",4285,traffic jam,3423,Polish,171,Polish,171,"stopper, cork",traffic jam,korek,korek
28374,shift4358,Polysemy,4,ACCEPTED,→,"stopper, plug",4285,traffic jam,3423,Russian,157,Russian,157,"stopper, plug",traffic jam,пробка (probka),пробка (probka)
28375,shift4358,Polysemy,5,ACCEPTED,→,"stopper, plug",4285,traffic jam,3423,Belarusan,242,Belarusan,242,"stopper, plug",traffic jam,пробка (probka),пробка (probka)
28376,shift4358,Polysemy,6,ACCEPTED,→,"stopper, plug",4285,traffic jam,3423,Ukrainian,138,Ukrainian,138,"stopper, plug",traffic jam,пробка (probka),пробка (probka)
28416,shift3845,Polysemy,2,ACCEPTED,→,literally,230,figuratively,1278,Russian,157,Russian,157,literally,figuratively,буквально,буквально
28422,shift1258,Polysemy,2,NEW,—,to drop (of liquid),2561,to die,2517,Serbian,1093,Serbian,1093,to drop (of liquid),"to languish, to suffer, to die",капати (kapati),капати (kapati)
28427,shift2516,Polysemy,1,ACCEPTED,→,empty,3835,hungry,1690,Polish,171,Polish,171,empty,hungry,czczy,czczy
28428,shift0425,Polysemy,1,ACCEPTED,→,shoulder,4053,mountain slope,732,Bulgarian,110,Bulgarian,110,shoulder,slope (hill),рамо (ramo),рамо (ramo)
28481,shift7526,Derivation,1,ACCEPTED,→,forty,1354,myriapod,757,Russian,157,Russian,157,forty,myriapod,сорок,сороконожка
28489,shift7526,Derivation,9,NEW,→,forty,1354,myriapod,757,Belarusan,242,Belarusan,242,forty,myriapod,сорак,сараканожка
28501,shift5079,Polysemy,1,NEW,→,to stand up,3216,to stop moving,3229,Russian,157,Russian,157,to stand up,to stop moving,встать (vstat&#39;),встать (vstat&#39;)
28504,shift6925,Polysemy,2,NEW,—,unprofitable,536,bad,3493,Russian,157,Russian,157,unprofitable,"not giving advantages, not conducive to benefit, success, etc.",невыгодный,невыгодный
28533,shift1166,Derivation,4,ACCEPTED,—,to chew,2425,bit (part of horse harness),3604,Lower Sorbian,9,Lower Sorbian,9,"to gnaw, to nibble",bar bit,gryzaś,gryzda
28537,shift1166,Derivation,8,NEW,→,to chew,2425,bit (part of horse harness),3604,Serbian,1093,Serbian,1093,to chew,bit (part of horse harness),жватати (жвакати)/ žvatati (žvakati),жвале (žvale)
28538,shift1166,Derivation,9,NEW,→,to chew,2425,bit (part of horse harness),3604,Croatian,812,Croatian,812,to chew,bit (part of horse harness),žvakati,žvale
28539,shift5091,Polysemy,1,NEW,→,garbage,765,police officer,430,Russian,157,Russian,157,garbage,police officer (argo),musor (мусор),musor (мусор)
28553,shift7498,Polysemy,10,ACCEPTED,→,&lt;vessel&gt;,3742,skull,4104,Slovak,234,Slovak,234,"(цветочный) горшок, черепок",skull,črep,črep
28554,shift7498,Derivation,11,ACCEPTED,→,&lt;vessel&gt;,3742,skull,4104,Polish,171,Polish,171,bowl,skull,czasza,czaszka
28558,shift2960,Polysemy,2,ACCEPTED,→,"to strike, hit",3234,"to castrate, geld",2406,Serbian,1093,Serbian,1093,"to beat, hit","to castrate, geld",тући (tući),тући (tući)
28583,shift6018,Derivation,6,ACCEPTED,→,to gnaw,2696,rodent,1490,Russian,157,Russian,157,to gnaw,rodent,грызть,грызун
28584,shift6018,Derivation,7,ACCEPTED,→,to gnaw,2696,rodent,1490,Belarusan,242,Belarusan,242,to gnaw,rodent,грызці,грызун
28585,shift6018,Derivation,8,ACCEPTED,→,to gnaw,2696,rodent,1490,Ukrainian,138,Ukrainian,138,to gnaw,rodent,гризти,гризун
28586,shift6018,Derivation,9,ACCEPTED,→,to gnaw,2696,rodent,1490,Bulgarian,110,Bulgarian,110,to gnaw,rodent,гриза,гризач
28592,shift6018,Derivation,15,ACCEPTED,→,to gnaw,2696,rodent,1490,Serbian,1093,Serbian,1093,to gnaw,rodent,глодати (glodati),глодар (glodar)
28593,shift6018,Derivation,16,ACCEPTED,→,to gnaw,2696,rodent,1490,Bosnian,897,Bosnian,897,to gnaw,rodent,glodati,glodar
28594,shift6018,Derivation,17,ACCEPTED,→,to gnaw,2696,rodent,1490,Croatian,812,Croatian,812,to gnaw,rodent,glodati,glodavac
28609,shift6018,Derivation,32,ACCEPTED,→,to gnaw,2696,rodent,1490,Slovenian,190,Slovenian,190,to gnaw,rodent,glódati,glodalec
28610,shift6018,Derivation,33,ACCEPTED,→,to gnaw,2696,rodent,1490,Czech,174,Czech,174,to gnaw,rodent,hlodat,hlodavec
28612,shift6018,Derivation,35,ACCEPTED,→,to gnaw,2696,rodent,1490,Polish,171,Polish,171,to gnaw,rodent,gryźć,gryzoń
28615,shift6018,Derivation,38,ACCEPTED,→,to gnaw,2696,rodent,1490,Slovak,234,Slovak,234,to gnaw,rodent,hlodať,hlodavec
28622,shift3968,Polysemy,5,ACCEPTED,→,green,845,unripe (fruit),538,Russian,157,Russian,157,green,unripe (fruit),зелёный (zelënyj),зелёный (zelënyj)
28627,shift3968,Polysemy,10,NEW,→,green,845,unripe (fruit),538,Serbian,1093,Serbian,1093,green,unripe (fruit),зелен (zelen),зелен (zelen)
28628,shift3968,Polysemy,11,NEW,→,green,845,unripe (fruit),538,Croatian,812,Croatian,812,green,unripe (fruit),zelen,zelen
28646,shift1881,Polysemy,1,ACCEPTED,—,steep,4253,"severe, harsh",4003,Russian,157,Russian,157,steep,tough,крутой (krutoj),крутой (krutoj)
28672,shift0351,Polysemy,1,NEW,→,strong,4304,"many, much",584,Serbian,1093,Serbian,1093,strong,numerous,силан (silan),силан (silan)
28673,shift4329,Polysemy,1,ACCEPTED,—,underwear,516,bed-clothes,3551,Russian,157,Russian,157,underwear,bed-clothes,бельё (bel&#39;ё),бельё (bel&#39;ё)
28674,shift4329,Polysemy,2,ACCEPTED,—,underwear,516,bed-clothes,3551,Ukrainian,138,Ukrainian,138,underwear,bed-clothes,бiлизна (bilyzna),бiлизна (bilyzna)
28675,shift4329,Polysemy,3,ACCEPTED,—,underwear,516,bed-clothes,3551,Belarusan,242,Belarusan,242,underwear,bed-clothes,бялізна,бялізна
28677,shift4329,Polysemy,5,ACCEPTED,—,underwear,516,bed-clothes,3551,Bulgarian,110,Bulgarian,110,underwear,bed-clothes,бельо,бельо
28678,shift4329,Polysemy,6,ACCEPTED,—,underwear,516,bed-clothes,3551,Polish,171,Polish,171,underwear,bed-clothes,bielizna,bielizna
28679,shift4329,Polysemy,7,ACCEPTED,—,underwear,516,bed-clothes,3551,Slovak,234,Slovak,234,underwear,bed-clothes,bielizeň,bielizeň
28693,shift8164,Derivation,1,ACCEPTED,→,pig (Sus scrofa),369,mumps,743,Russian,157,Russian,157,pig,mumps,свинья,свинка
28696,shift8164,Polysemy,4,ACCEPTED,→,pig (Sus scrofa),369,mumps,743,Polish,171,Polish,171,diminutive of świnia 'pig',mumps,świnka,świnka
28697,shift8164,Polysemy,5,ACCEPTED,→,pig (Sus scrofa),369,mumps,743,Ukrainian,138,Ukrainian,138,diminutive of свиня 'pig',mumps,свинка,свинка
28698,shift8164,Polysemy,6,ACCEPTED,→,pig (Sus scrofa),369,mumps,743,Belarusan,242,Belarusan,242,diminutive of свiння 'pig',(rare) mumps,свiнка,свiнка
28703,shift2855,Derivation,3,ACCEPTED,→,to grow up,2727,young person,2093,Russian,157,Russian,157,to grow,teenager,rasti,podrostok
28742,shift1153,Derivation,1,ACCEPTED,?,to want,3353,to hunt,2776,Russian,157,Russian,157,to want,to hunt,hotet&#39;,ohotit&#39;sja
28747,shift3123,Polysemy,1,ACCEPTED,—,to tickle,3301,to make noise,2891,Russian,157,Russian,157,to tickle,"to chirp, to twitter, to chat",щекотать (ščekotat&#39;),щекотать (ščekotat&#39;)&#39;
28748,shift3123,Polysemy,2,ACCEPTED,—,to tickle,3301,to make noise,2891,Polish,171,Polish,171,to tickle,"to rumble, to make noise",łoskotać,łoskotać
28750,shift1159,Polysemy,1,ACCEPTED,?,spoon,4217,tadpole,2111,Russian,157,Russian,157,big spoon,tadpole (dialect),povarëška,povarëška
28752,shift1159,Polysemy,3,ACCEPTED,?,spoon,4217,tadpole,2111,Belarusan,242,Belarusan,242,ladle,tadpole,apalonik,apalonik
28753,shift0886,Polysemy,1,ACCEPTED,→,"bile, gall",3589,anger,1996,Old East Slavic,160,Old East Slavic,160,bile,"sorrow, grief, disgrace, anger",кручина,кручина
28756,shift0886,Derivation,4,ACCEPTED,?,"bile, gall",3589,anger,1996,Russian,157,Russian,157,bile,malicious,želč&#39;,želčnyj
28779,shift7899,Semantic evolution,1,SUSPENDED,→,"to freeze, to become motionless",2658,to be surprised,2305,Russian,157,Russian,157,"to freeze, to stop motion",to be surprised,ostolbenet&#39;,ostolbenet&#39;
28780,shift7899,Polysemy,2,NEW,—,"to freeze, to become motionless",2658,to be surprised,2305,Russian,157,Russian,157,"to freeze, to become motionless",to be surprised,obomlet’,obomlet’
28788,shift4664,Derivation,1,NEW,—,to sink (tr.),3158,swamp,4354,Russian,157,Russian,157,to sink (tr.),"swamp, swampy place, swampy ground",топить,топь
28814,shift0691,Polysemy,6,ACCEPTED,?,"to strike, hit",3234,to shoot,3149,Russian,157,Russian,157,to beat,to shoot and hit the target (shooter),bit&#39;,bit&#39;
28829,shift4899,Polysemy,1,ACCEPTED,→,police officer,430,jack (playing card),1171,Macedonian,118,Macedonian,118,police officer,Jack (playing card),џандар,џандар
28830,shift4899,Polysemy,2,NEW,→,police officer,430,jack (playing card),1171,Serbian,1093,Serbian,1093,police officer,jack (playing card),жандар (žandar),жандар (žandar)
28831,shift4899,Polysemy,3,NEW,→,police officer,430,jack (playing card),1171,Croatian,812,Croatian,812,police officer,jack (playing card),žandar,žandar
28833,shift0996,Polysemy,2,ACCEPTED,?,to heat up,2760,to deceive,2494,Russian,157,Russian,157,"to warm up, to heat",to heat,nagret&#39;,nagret&#39;
28839,shift0513,Polysemy,5,ACCEPTED,?,mane,578,"mountain ridge, edge",731,Russian,157,Russian,157,mane,"low mountain range, hill, oblongish mountain",griva,griva
28847,shift2121,Derivation,1,ACCEPTED,?,to carry,2401,to steal,3220,Russian,157,Russian,157,to carry,thief (who steals thinks from work),nesti,nesun
28848,shift2121,Derivation,2,ACCEPTED,?,to carry,2401,to steal,3220,Russian,157,Russian,157,"to draw, to pull",to steal,peret&#39;,speret&#39;
28864,shift5708,Derivation,2,NEW,→,little finger,231,ring finger,1483,Serbian,1093,Serbian,1093,little finger,ring finger,мали (прст) (mali (prst)),домали (прст) (domali (prst))
28865,shift5708,Derivation,3,NEW,→,little finger,231,ring finger,1483,Croatian,812,Croatian,812,little finger,ring finger,mali (prst),domali (prst)
28866,shift2771,Derivation,1,ACCEPTED,→,to be born,2259,birthmark,3599,Russian,157,Russian,157,to be born,birthmark,rodit&#39;sja,rodinka
28869,shift1375,Polysemy,1,ACCEPTED,→,&lt;name of person&gt;,1811,doll,4460,Russian,157,Russian,157,Petrushka,"glove puppet, character of a puppet show",петрушка (petruška),петрушка (petruška)
28871,shift1375,Polysemy,3,ACCEPTED,→,&lt;name of person&gt;,1811,doll,4460,Russian,157,Russian,157,Caterinka,fabric doll made in honour of a dead person,катеринка (katerinka),катеринка (katerinka)
28878,shift3824,Derivation,1,ACCEPTED,→,poison,422,fly agaric (Amanita muscaria),1328,Russian,157,Russian,157,poisonous (about mushroom),fly agaric (Amanita muscaria),поганый,поганец
28880,shift3824,Polysemy,3,ACCEPTED,→,poison,422,fly agaric (Amanita muscaria),1328,Russian,157,Russian,157,arsenicum,fly agaric (Amanita muscaria),мышьяк,мышьяк
28881,shift3824,Derivation,4,ACCEPTED,→,poison,422,fly agaric (Amanita muscaria),1328,Russian,157,Russian,157,poison,fly agaric (Amanita muscaria),яд,ядовик
28887,shift1004,Polysemy,2,ACCEPTED,?,mat,603,whore,67,Russian,157,Russian,157,mat,whore (argot),podstilka,podstilka
28888,shift1004,Polysemy,3,ACCEPTED,?,mat,603,whore,67,Russian,157,Russian,157,skin,whore,škura,škura
28900,shift0744,Polysemy,5,ACCEPTED,?,tongue (body part),3400,language,154,Russian,157,Russian,157,tongue,language,jazyk,jazyk
28917,shift0744,Polysemy,22,NEW,→,tongue (body part),3400,language,154,Serbian,1093,Serbian,1093,tongue (body part),language,jeзик (jezik),jeзик (jezik)
28918,shift0744,Polysemy,23,NEW,→,tongue (body part),3400,language,154,Croatian,812,Croatian,812,tongue (body part),language,jezik,jezik
28919,shift0744,Polysemy,24,NEW,→,tongue (body part),3400,language,154,Bulgarian,110,Bulgarian,110,tongue (body part),language,език,език
28968,shift8402,Derivation,1,ACCEPTED,→,shive,4041,October,4521,Belarusan,242,Belarusan,242,shive,October,кастра,кастрычнiк
28969,shift8402,Derivation,2,ACCEPTED,→,shive,4041,October,4521,Polish,171,Polish,171,shive,October,paździerze,październik
28990,shift4556,Polysemy,2,ACCEPTED,→,to touch,3307,to start moving,3218,Russian,157,Russian,157,to touch,to start moving,трогать,трогаться
28992,shift7666,Derivation,1,NEW,→,string (of a musical instrument),4303,horsehair worm,1665,Czech,174,Czech,174,string (of a musical instrument),horsehair worm,struna,strunovec
28996,shift5636,Derivation,1,NEW,→,sun,4333,ladybird,145,Czech,174,Czech,174,sun,ladybird,slunce,slunéčko
28998,shift5636,Derivation,3,NEW,→,sun,4333,ladybird,145,Ukrainian,138,Ukrainian,138,(endearing) sun,ladybird,сонечко,сонечко
29000,shift4666,Polysemy,1,ACCEPTED,→,blue,3634,eggplant (Solanum melongena),3814,Russian,157,Russian,157,blue,eggplant (Solanum melongena),синенький,синенький
29002,shift1298,Polysemy,1,NEW,—,pus,498,dung,4500,Ukrainian,138,Ukrainian,138,pus,dung,hnoj,hnoj
29009,shift3682,Derivation,2,ACCEPTED,→,to press,3002,greedy,844,Russian,157,Russian,157,"to squeeze, to clench",meanie,"žat&#39;, sžimat&#39;",žmot
29023,shift6195,Polysemy,1,NEW,→,to call,2396,to invite,2803,Serbian,1093,Serbian,1093,to call,to invite,звати (zvati),звати (zvati)
29029,shift7271,Polysemy,1,NEW,→,fish,1300,girl,786,Serbian,1093,Serbian,1093,fish,girl,риба (riba),риба (riba)
29031,shift1308,Derivation,1,NEW,?,to dig,2519,mole (Talpa),694,Russian,157,Russian,157,to dig,mole,ryt&#39;,rytik
29033,shift0572,Polysemy,2,ACCEPTED,?,to transit,3310,to become,2312,Russian,157,Russian,157,to pass,to slip,perehodit&#39;,perehodit&#39;
29039,shift0394,Polysemy,3,ACCEPTED,→,"miserable, unhappy",680,"poor, needy",437,Czech,174,Czech,174,"trouble, misery [Павлович 1976: 31]","poverty, misery, need",bída,bída
29040,shift0394,Polysemy,4,ACCEPTED,→,"miserable, unhappy",680,"poor, needy",437,Russian,157,Russian,157,poor,"unhappy, miserable",bednyj,bednyj
29055,shift6687,Derivation,1,NEW,→,mare,590,shoulder pole,4054,Bulgarian,110,Bulgarian,110,mare,shoulder pole,кобила,кобилица
29056,shift6687,Derivation,2,NEW,→,mare,590,shoulder pole,4054,Macedonian,118,Macedonian,118,mare,shoulder pole,кобила,кобилица
29132,shift1642,Polysemy,3,ACCEPTED,→,to bring,2377,to give birth,2693,Russian,157,Russian,157,to carry,to lay,nesti,nesti
29157,shift2066,Polysemy,2,ACCEPTED,—,to go away,2700,"to set (of Moon, Sun)",3129,Russian,157,Russian,157,"to go behind, moving to hide behind some object, disappear from view","to set (of Moon, Sun)",заходить,заходить
29169,shift3625,Internal cognates,2,ACCEPTED,→,grandfather,826,uncle,506,Russian,157,Russian,157,grandfather,uncle,дед,дядя
29185,shift4248,Polysemy,1,ACCEPTED,→,"earth, soil",3800,potato,445,Polish,171,Polish,171,"pertaining to soil, earth",potato,ziemny,ziemniak
29186,shift4248,Derivation,2,ACCEPTED,→,"earth, soil",3800,potato,445,Slovak,234,Slovak,234,"earth, soil",potato,zemný,zemiak
29189,shift7548,Derivation,1,NEW,→,horned,1659,slingshot,4116,Russian,157,Russian,157,horned,slingshot,рогатый,рогатка
29190,shift7548,Derivation,2,NEW,→,horned,1659,slingshot,4116,Ukrainian,138,Ukrainian,138,horned,slingshot,рогатий,рогатка
29191,shift7548,Derivation,3,NEW,→,horned,1659,slingshot,4116,Belarusan,242,Belarusan,242,horned,slingshot,рагаты,рагатка
29200,shift2550,Polysemy,2,ACCEPTED,—,low (location),263,of low rank,4524,Russian,157,Russian,157,"lower, inferior",lower,nižnij,nižnij
29204,shift2550,Polysemy,6,NEW,→,low (location),263,of low rank,4524,Serbian,1093,Serbian,1093,low (location),of low rank,низак (nizak),низак (nizak)
29205,shift2550,Polysemy,7,NEW,→,low (location),263,of low rank,4524,Croatian,812,Croatian,812,low (location),of low rank,nizak,nizak
29212,shift2514,Polysemy,1,ACCEPTED,→,princess,466,bride,3687,Ukrainian,138,Ukrainian,138,princess,bride,knjahynja,knjahynja
29217,shift0767,Polysemy,2,ACCEPTED,?,dark (adj.),4382,incomprehensible,1762,Russian,157,Russian,157,dark,unclear,temnyj,temnyj
29228,shift0767,Polysemy,13,NEW,→,dark (adj.),4382,incomprehensible,1762,Serbian,1093,Serbian,1093,dark (adj.),incomprehensible,таман (taman),таман (taman)
29241,shift0411,Derivation,7,NEW,→,wheel,54,vehicle,3753,Serbian,1093,Serbian,1093,wheel,vehicle,коло (kolo),кола (kola)
29242,shift0411,Derivation,8,NEW,→,wheel,54,vehicle,3753,Croatian,812,Croatian,812,wheel,vehicle,kolo,kola
29281,shift7650,Polysemy,1,NEW,→,to pinch,2976,to pluck (bird),2987,Russian,157,Russian,157,to pinch,to pluck (bird),щипать,щипать
29285,shift6004,Polysemy,2,ACCEPTED,—,fishbone,1301,awn,2069,Polish,171,Polish,171,fishbone,awn,ość,ość
29294,shift1363,Polysemy,4,ACCEPTED,→,to look asquint,2863,to disapprove,2526,Russian,157,Russian,157,to look asquint,to disapprove,косо смотреть,косо смотреть
29295,shift1816,Derivation,1,ACCEPTED,→,to hang,2733,to depend,2507,Russian,157,Russian,157,to hang (intr.),to depend on something,висеть (viset&#39;),зависеть (zaviset&#39;)
29306,shift1816,Derivation,12,NEW,→,to hang,2733,to depend,2507,Serbian,1093,Serbian,1093,to hang,to depend,висити (visiti),зависити (zavisiti)
29307,shift1816,Derivation,13,NEW,→,to hang,2733,to depend,2507,Croatian,812,Croatian,812,to hang,to depend,visjeti,zavisiti
29314,shift3317,Polysemy,2,ACCEPTED,→,&lt;dish&gt;,4374,"disorder, mess",4446,Russian,157,Russian,157,beetroot salad,"mix of different objects, medley, mash",винегрет (vinegret),винегрет (vinegret)
29318,shift3317,Polysemy,6,ACCEPTED,→,&lt;dish&gt;,4374,"disorder, mess",4446,Russian,157,Russian,157,kasha - a dish of cooked cereal,mess,каша (kaša),каша (kaša)
29319,shift3317,Polysemy,7,ACCEPTED,←,&lt;dish&gt;,4374,"disorder, mess",4446,Russian,157,Russian,157,mixture of jam and sweets,mess,ералаш (eralaš),ералаш (eralaš)
29346,shift0013,Polysemy,10,ACCEPTED,—,"to calculate, count",2393,to have opinion,2752,Russian,157,Russian,157,to count,"to think, to believe",sčitat&#39;,sčitat&#39;
29350,shift0013,Polysemy,14,ACCEPTED,—,"to calculate, count",2393,to have opinion,2752,Macedonian,118,Macedonian,118,to count,to think,broi,broi
29379,shift0013,Polysemy,43,NEW,→,"to calculate, count",2393,to have opinion,2752,Serbian,1093,Serbian,1093,"to calculate, count",to have opinion,рачунати (računati),рачунати (računati)
29380,shift0013,Polysemy,44,NEW,→,"to calculate, count",2393,to have opinion,2752,Croatian,812,Croatian,812,"to calculate, count",to have opinion,računati,računati
29386,shift0013,Derivation,50,NEW,→,"to calculate, count",2393,to have opinion,2752,Bulgarian,110,Bulgarian,110,"to calculate, count",to be considered,броя,броя се
29387,shift0013,Polysemy,51,NEW,→,"to calculate, count",2393,to have opinion,2752,Bulgarian,110,Bulgarian,110,"to calculate, count","to think, to suggest",сметна,сметна
29401,shift8224,Polysemy,4,ACCEPTED,→,activity,1940,"commerce, business",1046,Russian,157,Russian,157,"job, affair, thing",business,delo,delo
29405,shift6045,Polysemy,3,NEW,→,important,1746,"respected, venerable",1462,Russian,157,Russian,157,important,"(person) of high status, position",важный,важный
29408,shift2385,Derivation,2,ACCEPTED,→,to croak,2476,to predict misfortune,2998,Russian,157,Russian,157,to caw,to evoke evil by prophecying it [by talking about it],каркать (karkat&#39;),накаркать (nakarkat&#39;)
29443,shift1345,Derivation,2,ACCEPTED,→,to dive,2540,&lt;swimming bird&gt;,3904,Russian,157,Russian,157,to dive,a bird from the anatides family,nyrjat&#39;,nyrok
29446,shift1744,Polysemy,1,ACCEPTED,→,to burn (intr.),2384,"spot, stain",4220,Russian,157,Russian,157,to burn,spot on an animal's fur,palit&#39;,podpalina
29480,shift2029,Polysemy,6,NEW,→,to stand up,3216,to be resurrected,2295,Serbian,1093,Serbian,1093,to stand up,to be resurrected,устати (ustati),устати (ustati)
29492,shift7898,Semantic evolution,1,ACCEPTED,→,to lose one&#39;s mind,2871,to be surprised,2305,Russian,157,Russian,157,to lose one's mind,to be surprised,изумляться (izumlât’sâ),изумляться (izumlât’sâ)
29494,shift7898,Polysemy,3,SUSPENDED,→,to lose one&#39;s mind,2871,to be surprised,2305,Russian,157,Russian,157,to lose one's mind,to be surprised,обалдеть (obaldet’),обалдеть (obaldet’)’
29495,shift7898,Polysemy,4,ACCEPTED,→,to lose one&#39;s mind,2871,to be surprised,2305,Russian,157,Russian,157,to cause to lose one's mind,to be surprised,ошеломить (ošelomit’),ошеломить (ošelomit’)
29498,shift3070,Cognates,1,ACCEPTED,—,dragonfly,4476,&lt;orthopteran&gt;,4509,Russian,157,Russian,157,dragonfly,orthopterous insect,kobylka,kobylka
29499,shift3070,Cognates,2,ACCEPTED,—,dragonfly,4476,&lt;orthopteran&gt;,4509,Russian,157,Russian,157,dragonfly,grasshopper,konik,konik
29500,shift3070,Polysemy,3,ACCEPTED,←,dragonfly,4476,&lt;orthopteran&gt;,4509,Russian,157,Russian,157,dragonfly,grasshopper,skačok,skačok
29501,shift3070,Cognates,4,ACCEPTED,—,dragonfly,4476,&lt;orthopteran&gt;,4509,Russian,157,Russian,157,dragonfly,grasshopper,veretno,veretno
29502,shift3070,Cognates,5,ACCEPTED,—,dragonfly,4476,&lt;orthopteran&gt;,4509,Russian,157,Russian,157,dragonfly,grasshopper,strekoza,strekoza
29503,shift3070,Polysemy,6,ACCEPTED,—,dragonfly,4476,&lt;orthopteran&gt;,4509,Russian,157,Russian,157,dragonfly,grasshopper,kuznec,kuznec
29509,shift4403,Polysemy,5,NEW,→,big,3588,"grown-up, adult",852,Serbian,1093,Serbian,1093,big,"grown-up, adult",velik (велик),velik (велик)
29510,shift4403,Polysemy,6,NEW,→,big,3588,"grown-up, adult",852,Croatian,812,Croatian,812,big,"grown-up, adult",velik,velik
29526,shift3511,Derivation,2,ACCEPTED,→,day,4391,to guard,2731,Russian,157,Russian,157,day,soldier on duty,den&#39;,dneval&#39;nyj
29546,shift3799,Polysemy,2,ACCEPTED,→,mushroom,748,Boletus edulis,3644,Russian,157,Russian,157,mushroom,Boletus edulis,гриб,гриб
29602,shift0711,Derivation,6,SUSPENDED,—,"to stick, adhere",3223,"to fight, scuffle",2625,Russian,157,Russian,157,to mould,"to hit, to blow",lepit&#39;,"vlepit&#39;, zalepit&#39;"
29608,shift2269,Polysemy,2,ACCEPTED,→,to eat,2569,to consume,2454,Russian,157,Russian,157,"to eat, to devour",to consume,жрать (žrat&#39;),жрать (žrat&#39;)
29645,shift8363,Polysemy,3,ACCEPTED,→,"queen, princess",1906,bride,3687,Ukrainian,138,Ukrainian,138,princess,(dialect) bride after engagement,княгиня,княгиня
29646,shift8363,Polysemy,4,ACCEPTED,→,"queen, princess",1906,bride,3687,Belarusan,242,Belarusan,242,princess,(dialect) bride after engagement,княгіня,княгіня
29647,shift8363,Polysemy,5,ACCEPTED,→,"queen, princess",1906,bride,3687,Russian,157,Russian,157,princess,(dialect) bride at the wedding,"княгиня, княжна","княгиня, княжна"
29648,shift8363,Polysemy,6,ACCEPTED,→,"queen, princess",1906,bride,3687,Lower Sorbian,9,Lower Sorbian,9,princess,bride after the announcement of the engagement in the church on Sunday before the wedding,kněžna,kněžna
29649,shift8207,Polysemy,1,NEW,→,to lie (posture),2848,to hatch eggs,2740,Bulgarian,110,Bulgarian,110,to lie (posture),to hatch eggs,лежа,лежа
29650,shift8207,Polysemy,2,NEW,→,to lie (posture),2848,to hatch eggs,2740,Serbian,1093,Serbian,1093,to lie (posture),to hatch eggs,лежати,лежати
29656,shift0978,Polysemy,5,NEW,→,to hit the target,2769,to guess,2732,Serbian,1093,Serbian,1093,to hit the target,to guess,погодити (pogoditi),погодити (pogoditi)
29657,shift0978,Polysemy,6,NEW,→,to hit the target,2769,to guess,2732,Croatian,812,Croatian,812,to hit the target,to guess,pogoditi,pogoditi
29665,shift0639,Polysemy,4,ACCEPTED,?,to ripen,3089,to become ready (of food),2321,Russian,157,Russian,157,"to be cooked, to be boiled",to ripen,pospevat&#39;,pospevat&#39;
29678,shift8051,Polysemy,3,ACCEPTED,—,twin,3471,conjoined fruits,1080,Belarusan,242,Belarusan,242,(dialect) twins,(dialect) conjoined ears,блызнета,блызнета
29679,shift8051,Polysemy,4,ACCEPTED,→,twin,3471,conjoined fruits,1080,Bulgarian,110,Bulgarian,110,twin,conjoined ears,близнаци,близнаци
29683,shift4711,Polysemy,1,NEW,→,to scratch (with nails),3116,to run away,3102,Russian,157,Russian,157,to scratch (with nails),to run away,драпать,драпать
29688,shift4848,Polysemy,1,ACCEPTED,—,body part,3642,member,631,Russian,157,Russian,157,body part,member (of organisation),член (člen),член (člen)
29697,shift7265,Polysemy,1,ACCEPTED,→,hour,1675,"class, lesson",991,Serbian,1093,Serbian,1093,hour,"class, lesson",час (čas),час (čas)
29698,shift7265,Polysemy,2,ACCEPTED,→,hour,1675,"class, lesson",991,Serbian,1093,Serbian,1093,hour,"class, lesson",сат (sat),сат (sat)
29700,shift7265,Polysemy,4,ACCEPTED,→,hour,1675,"class, lesson",991,Ukrainian,138,Ukrainian,138,hour,"class, lesson",година,година
29701,shift7265,Polysemy,5,ACCEPTED,→,hour,1675,"class, lesson",991,Croatian,812,Croatian,812,hour,"class, lesson",sat,sat
29704,shift5218,Internal cognates,2,ACCEPTED,→,head,1578,chapter (of a book),943,Russian,157,Russian,157,head,chapter (of a book),голова,глава
29707,shift5218,Polysemy,5,NEW,→,head,1578,chapter (of a book),943,Bulgarian,110,Bulgarian,110,head,chapter (of a book),глава,глава
29708,shift5218,Polysemy,6,NEW,→,head,1578,chapter (of a book),943,Macedonian,118,Macedonian,118,head,chapter (of a book),глава,глава
29712,shift5218,Polysemy,10,NEW,→,head,1578,chapter (of a book),943,Serbian,1093,Serbian,1093,head,chapter (of a book),глава (glava),глава (glava)
29713,shift5218,Polysemy,11,NEW,→,head,1578,chapter (of a book),943,Croatian,812,Croatian,812,head,chapter (of a book),glava,glava
29725,shift2634,Polysemy,1,NEW,→,"grain, seed",823,"rash, eruption",1429,Russian,157,Russian,157,"grain, seed",blemish,zërnyško,zërnyško
29726,shift2634,Polysemy,2,NEW,→,"grain, seed",823,"rash, eruption",1429,Russian,157,Russian,157,corn,"pimple, blotch on the domestic animal tongue",žito,žito
29728,shift1125,Derivation,1,ACCEPTED,→,to shave,3140,to draft (for the army),2547,Russian,157,Russian,157,to shave,to be called up for military service,brit&#39;,zabrit&#39;
29741,shift1294,Polysemy,11,NEW,→,"many, much",584,very,3761,Serbian,1093,Serbian,1093,"many, much",very,пуно (puno),пуно (puno)
29742,shift1294,Polysemy,12,NEW,→,"many, much",584,very,3761,Croatian,812,Croatian,812,"many, much",very,puno,puno
29743,shift1294,Polysemy,13,NEW,→,"many, much",584,very,3761,Serbian,1093,Serbian,1093,"many, much",very,много (mnogo),много (mnogo)
29744,shift1294,Polysemy,14,NEW,→,"many, much",584,very,3761,Croatian,812,Croatian,812,"many, much",very,mnogo,mnogo
29745,shift1294,Polysemy,15,NEW,→,"many, much",584,very,3761,Ukrainian,138,Ukrainian,138,"many, much",very,багато,багато
29757,shift5176,Polysemy,5,ACCEPTED,→,to sail,3107,to soar,3185,Russian,157,Russian,157,to sail,to soar (of clouds),плыть (plyt&#39;),плыть (plyt&#39;)
29765,shift1807,Derivation,1,ACCEPTED,→,to see/to look at,3121,to guard,2731,Russian,157,Russian,157,to see,to guard,zret&#39;,nadzirat&#39;
29776,shift7105,Polysemy,2,ACCEPTED,—,vineyard,3767,garden,766,Russian,157,Russian,157,(dialect) vineyard,(dialect) garden,бага,бага
29780,shift1932,Derivation,2,NEW,→,to defecate,2502,to waste,3357,Russian,157,Russian,157,"to shit, to poop",to piss away,srat&#39;,prosrat&#39;
29792,shift0885,Polysemy,2,ACCEPTED,?,to burn (intr.),2384,to incur losses,2787,Russian,157,Russian,157,to be burned out,to get the short end of the stick,pogoret&#39;,pogoret&#39;
29802,shift1317,Polysemy,4,ACCEPTED,?,to sit down,3161,"to set (of Moon, Sun)",3129,Russian,157,Russian,157,to sit down,to go down,sadit&#39;sja,sadit&#39;sja
29826,shift1394,Polysemy,5,ACCEPTED,→,donkey,4463,fool,1336,Bulgarian,110,Bulgarian,110,donkey,fool,magare,magare
29828,shift1394,Polysemy,7,ACCEPTED,?,donkey,4463,fool,1336,Russian,157,Russian,157,donkey,stupid person,osel,osel
29835,shift1394,Polysemy,14,NEW,→,donkey,4463,fool,1336,Serbian,1093,Serbian,1093,donkey,fool,магарац (magarac),магарац (magarac)
29836,shift1394,Polysemy,15,NEW,→,donkey,4463,fool,1336,Croatian,812,Croatian,812,donkey,fool,magarac,magarac
29851,shift6503,Derivation,1,ACCEPTED,→,May,609,cockchafer,1024,Russian,157,Russian,157,May,cockchafer,май,майский жук
29853,shift6503,Derivation,3,ACCEPTED,→,May,609,cockchafer,1024,Bulgarian,110,Bulgarian,110,May,cockchafer,май,майски бръмбар
29854,shift6503,Derivation,4,ACCEPTED,→,May,609,cockchafer,1024,Belarusan,242,Belarusan,242,May,cockchafer,май,майскі жук
29855,shift6503,Derivation,5,ACCEPTED,→,May,609,cockchafer,1024,Ukrainian,138,Ukrainian,138,May,cockchafer,травень,хрущ травневий
29860,shift6503,Derivation,10,ACCEPTED,→,May,609,cockchafer,1024,Polish,171,Polish,171,May,cockchafer,maj,chrabąszcz majowy
29867,shift6503,Derivation,17,ACCEPTED,→,May,609,cockchafer,1024,Serbian,1093,Serbian,1093,May (adj.),cockchafer,мајски,мајска буба
29868,shift6503,Derivation,18,ACCEPTED,→,May,609,cockchafer,1024,Slovenian,190,Slovenian,190,May (adj.),cockchafer,majski,majski hrošč
29871,shift6503,Derivation,21,ACCEPTED,→,May,609,cockchafer,1024,Upper Sorbian,364,Upper Sorbian,364,May (adj.),cockchafer,mejski,mejski bruk
29874,shift3389,Polysemy,2,ACCEPTED,—,"to ask, inquire",2240,to torture,3305,Church Slavonic,235,Church Slavonic,235,to ask,to torture,изтѩзати,изтѩзати
29880,shift6026,Polysemy,1,ACCEPTED,→,deaf,4396,remote area,1457,Russian,157,Russian,157,deaf,"located in the wilderness, remote from the centers of cultural and social life; provincial",глухой,глухой
29882,shift6026,Polysemy,3,ACCEPTED,→,deaf,4396,remote area,1457,Serbian,1093,Serbian,1093,deaf,remote area,глув (gluv),глув (gluv)
29897,shift7263,Polysemy,1,NEW,→,"edge, border",3810,end,3837,Serbian,1093,Serbian,1093,"edge, border",end,крај (kraj),крај (kraj)
29898,shift7263,Polysemy,2,NEW,→,"edge, border",3810,end,3837,Croatian,812,Croatian,812,"edge, border",end,kraj,kraj
29901,shift4334,Polysemy,2,NEW,—,to ride a surfboard,3087,to browse through (a digital source),2382,Russian,157,Russian,157,to ride a surfboard,to browse through (a digital source),сёрфить/sërfit’,сёрфить/sërfit’
29904,shift6114,Polysemy,1,ACCEPTED,→,hair (of animals),1542,wool,119,Russian,157,Russian,157,hair (of animals),wool,шерсть,шерсть
29910,shift7981,Derivation,2,ACCEPTED,→,red,1444,hearts (in cards),1589,Russian,157,Russian,157,red,hearts (in cards),червоный,черви
29911,shift1150,Derivation,1,ACCEPTED,→,low (location),263,bad (ethically),3494,Russian,157,Russian,157,under,mean,pod,podlyj
29915,shift1150,Polysemy,5,ACCEPTED,→,low (location),263,bad (ethically),3494,Russian,157,Russian,157,low,low,nizkij,nizkij
29926,shift1150,Polysemy,16,NEW,→,low (location),263,bad (ethically),3494,Serbian,1093,Serbian,1093,low (location),bad (ethically),низак (nizak),низак (nizak)
29927,shift1150,Polysemy,17,NEW,→,low (location),263,bad (ethically),3494,Croatian,812,Croatian,812,low (location),bad (ethically),nizak,nizak
29930,shift1150,Polysemy,20,NEW,→,low (location),263,bad (ethically),3494,Bulgarian,110,Bulgarian,110,low (location),bad (ethically),нисък,нисък
29934,shift1522,Derivation,2,ACCEPTED,→,head,1578,"heading, title",1579,Russian,157,Russian,157,head,header,glava / golova,zaglavie / zagolovok
29939,shift1344,Derivation,1,ACCEPTED,?,to squeak,3205,murine rodent,746,Russian,157,Russian,157,"to peep, to squeak",wall creeper,piščat&#39;,piščuha
29944,shift5057,Polysemy,3,ACCEPTED,→,dry,4491,dry (wine),4492,Russian,157,Russian,157,dry,dry (wine),сухой (suxoj),сухой (suxoj)
29953,shift4353,Derivation,1,ACCEPTED,→,to burn (intr.),2384,bitter,3607,Russian,157,Russian,157,to burn (intr.),bitter,гореть (goret&#39;),горький (gor&#39;kij)
29955,shift3388,Derivation,2,NEW,→,"to pull, to draw",3018,to torture,3305,Church Slavonic,235,Church Slavonic,235,to pull,to torture,тѩгати,изтѩзати
29959,shift2977,Derivation,1,ACCEPTED,→,poppy (Papaver somniferum),441,"top, upper part",3407,Russian,157,Russian,157,poppy,top of the head,mak,makuška
29962,shift5055,Derivation,1,ACCEPTED,→,"to strike, hit",3234,to correspond,2464,Russian,157,Russian,157,"to beat, hit",(informal) to be compatible,бить,биться
29968,shift5604,Derivation,1,ACCEPTED,→,to pray,2996,mantis,582,Russian,157,Russian,157,to pray,mantis,молиться (molit&#39;sja),богомол (bogomol)
29969,shift5604,Derivation,2,ACCEPTED,→,to pray,2996,mantis,582,Belarusan,242,Belarusan,242,to pray,mantis,малiць,багамол
29970,shift5604,Derivation,3,ACCEPTED,→,to pray,2996,mantis,582,Bulgarian,110,Bulgarian,110,to pray,mantis,моля,богомолка
29977,shift5604,Derivation,10,ACCEPTED,→,to pray,2996,mantis,582,Ukrainian,138,Ukrainian,138,to pray,mantis,молити,богомол
29980,shift5604,Derivation,13,ACCEPTED,→,to pray,2996,mantis,582,Polish,171,Polish,171,to pray,mantis,modlić się,modliszka
29981,shift5604,Derivation,14,ACCEPTED,→,to pray,2996,mantis,582,Macedonian,118,Macedonian,118,to pray,mantis,моли,богомолка
29986,shift5604,Derivation,19,ACCEPTED,→,to pray,2996,mantis,582,Slovenian,190,Slovenian,190,to pray,mantis,moliti,bogomolka
29987,shift5604,Derivation,20,ACCEPTED,→,to pray,2996,mantis,582,Slovak,234,Slovak,234,to pray,mantis,modliť sa,modlivka
29988,shift5604,Derivation,21,ACCEPTED,→,to pray,2996,mantis,582,Croatian,812,Croatian,812,to pray,mantis,moliti se,bogomoljka
29989,shift5604,Derivation,22,ACCEPTED,→,to pray,2996,mantis,582,Serbian,1093,Serbian,1093,to pray,mantis,молити се (moliti se),богомољка (bogomoljka)
29998,shift8464,Derivation,3,ACCEPTED,→,draught animal,4478,husband / wife,1695,Old Church Slavonic,155,Old Church Slavonic,155,pair of draught animals,to marry,сѫпрѫгъ (sǫprǫgŭ),съпрѧгнѫти сѧ (sŭpręgnǫti sę)
29999,shift8464,Polysemy,4,ACCEPTED,→,draught animal,4478,husband / wife,1695,Old East Slavic,160,Old East Slavic,160,pair of draught animals,spouses,сꙋпрꙋгъ (suprugŭ),сꙋпрꙋгъ (suprugŭ)
30021,shift0200,Derivation,1,ACCEPTED,→,to bind,2345,astringent,2048,Russian,157,Russian,157,"to tie, to bind",astringent taste,vjazat&#39;,vjažuščij vkus
30025,shift1086,Polysemy,3,ACCEPTED,—,girl,786,doll,4460,Russian,157,Russian,157,little girl,doll,ляля,ляля
30028,shift4421,Polysemy,1,ACCEPTED,→,almond,1973,tonsil,3401,Russian,157,Russian,157,almond (nut),tonsil,миндалина (mindalina),миндалина (mindalina)
30031,shift4421,Polysemy,4,ACCEPTED,→,almond,1973,tonsil,3401,Slovak,234,Slovak,234,"almond tree,  core of the almondalmond nut",tonsil,mandľa,mandľa
30036,shift4421,Polysemy,9,ACCEPTED,→,almond,1973,tonsil,3401,Polish,171,Polish,171,almond,tonsil,migdał,migdał
30039,shift4421,Polysemy,12,ACCEPTED,→,almond,1973,tonsil,3401,Croatian,812,Croatian,812,almond,tonsil,mandula,mandula (usually pl. mandule)
30045,shift4421,Polysemy,18,ACCEPTED,→,almond,1973,tonsil,3401,Czech,174,Czech,174,almond,tonsil,mandle,mandle
30056,shift0674,Polysemy,3,ACCEPTED,→,&lt;artiodactyl (even-toed animal)&gt;,1917,woman,109,Russian,157,Russian,157,jade,"(derogatory) old, exhausted woman",кляча,кляча
30057,shift0674,Polysemy,4,ACCEPTED,→,&lt;artiodactyl (even-toed animal)&gt;,1917,woman,109,Russian,157,Russian,157,mare,"(informal) about a tall healthy young woman, girl",кобыла,кобыла
30059,shift0674,Polysemy,6,ACCEPTED,→,&lt;artiodactyl (even-toed animal)&gt;,1917,woman,109,Bulgarian,110,Bulgarian,110,mare,(derogatory) large and coarse woman,кобила,кобила
30060,shift0674,Polysemy,7,ACCEPTED,→,&lt;artiodactyl (even-toed animal)&gt;,1917,woman,109,Czech,174,Czech,174,mare,rude abuse of a woman,klisna,klisna
30064,shift0674,Polysemy,11,ACCEPTED,→,&lt;artiodactyl (even-toed animal)&gt;,1917,woman,109,Ukrainian,138,Ukrainian,138,mare,"(vulgar) about a tall, fat woman",кобила,кобила
30065,shift0674,Polysemy,12,ACCEPTED,→,&lt;artiodactyl (even-toed animal)&gt;,1917,woman,109,Slovenian,190,Slovenian,190,mare,"(vulgar) a short woman of strong build, usually young",kobila,kobila
30066,shift0674,Polysemy,13,ACCEPTED,→,&lt;artiodactyl (even-toed animal)&gt;,1917,woman,109,Slovak,234,Slovak,234,mare,stupid woman,kobyla,kobyla
30181,shift0652,Polysemy,1,NEW,?,liquid (adj.),226,weak,28,Russian,157,Russian,157,"watery, thin (not strong ot thick enough)","having no force, richness; feeble",židkij,židkij
30194,shift6226,Polysemy,1,ACCEPTED,→,to break (intr.),2368,to break (of male voice),2369,Russian,157,Russian,157,to break (intr.),to break (of male voice),ломаться (lomat&#39;sja),ломаться (lomat&#39;sja)
30201,shift5485,Derivation,1,NEW,→,winter,94,common bullfinch,1048,Serbian,1093,Serbian,1093,winter,common bullfinch,зима (zima),"зимница (zimnica), зимовка (zimovka)"
30202,shift5485,Derivation,2,NEW,→,winter,94,common bullfinch,1048,Croatian,812,Croatian,812,winter,common bullfinch,zima,"zimnica, zimovka"
30206,shift8500,Derivation,1,ACCEPTED,→,place,392,"afterbirth, placenta",1953,Russian,157,Russian,157,place,"afterbirth, placenta",место,детское место
30207,shift8500,Derivation,2,ACCEPTED,→,place,392,"afterbirth, placenta",1953,Belarusan,242,Belarusan,242,place,"afterbirth, placenta",месце,дзщяче месце
30208,shift8500,Polysemy,3,ACCEPTED,→,place,392,"afterbirth, placenta",1953,Polish,171,Polish,171,place,"afterbirth, placenta",miejsce,miejsce
30209,shift8500,Polysemy,4,ACCEPTED,→,place,392,"afterbirth, placenta",1953,Ukrainian,138,Ukrainian,138,(Polissian) place,"(Polissian) afterbirth, placenta",место,место
30210,shift8500,Polysemy,5,ACCEPTED,→,place,392,"afterbirth, placenta",1953,Bulgarian,110,Bulgarian,110,(dialect) place,"(dialect) afterbirth, placenta",место,место
30211,shift2159,Polysemy,1,NEW,?,to crawl,2473,to be torn,2309,Russian,157,Russian,157,"to creep, to crawl",to tear (fabric),polzti,polzti
30232,shift7485,Polysemy,2,NEW,→,opposite,4555,against,1956,Russian,157,Russian,157,opposite,against,против (protiv),против (protiv)
30237,shift4053,Polysemy,1,ACCEPTED,→,to make sit,2897,to plant,2979,Russian,157,Russian,157,to cause to sit,to plant,сажать (sažat&#39;),сажать (sažat&#39;)
30249,shift5616,Derivation,2,ACCEPTED,→,to hunt,2776,fighter plane,1277,Macedonian,118,Macedonian,118,to hunt,fighter plane,лови,ловец
30257,shift5616,Polysemy,10,ACCEPTED,→,to hunt,2776,fighter plane,1277,Slovenian,190,Slovenian,190,to hunt,fighter plane,lovec,lovec
30258,shift5616,Derivation,11,ACCEPTED,→,to hunt,2776,fighter plane,1277,Slovak,234,Slovak,234,"to pursue, chase",fighter plane,stíhat,stíhačka
30259,shift5616,Derivation,12,ACCEPTED,→,to hunt,2776,fighter plane,1277,Czech,174,Czech,174,"to pursue, chase",fighter plane,stíhat,stíhačka
30260,shift5616,Polysemy,13,ACCEPTED,→,to hunt,2776,fighter plane,1277,Polish,171,Polish,171,(obsolete) hunter,fighter plane,myśliwiec,myśliwiec
30263,shift5616,Polysemy,16,NEW,→,to hunt,2776,fighter plane,1277,Serbian,1093,Serbian,1093,hunter,fighter plane,ловац (lovac),ловац (lovac)
30264,shift5616,Polysemy,17,NEW,→,to hunt,2776,fighter plane,1277,Croatian,812,Croatian,812,to hunter,fighter plane,lovac,lovac
30275,shift7813,Derivation,2,ACCEPTED,→,cat,905,pyrite,500,Czech,174,Czech,174,"cat's, feline",pyrite,kočičí,kočičí zlato
30284,shift0215,Polysemy,2,ACCEPTED,→,to dye,2566,to boast,2360,Russian,157,Russian,157,to dye,to boast,красить,красить
30294,shift0764,Derivation,6,ACCEPTED,—,bitter,3607,sad,3912,Russian,157,Russian,157,bitter,grief,gor&#39;kij,gore
30309,shift0764,Polysemy,21,NEW,→,bitter,3607,sad,3912,Serbian,1093,Serbian,1093,bitter,"sad, sorrowful",горак (gorak),горак (gorak)
30310,shift0764,Polysemy,22,NEW,→,bitter,3607,sad,3912,Croatian,812,Croatian,812,bitter,sad,gorak,gorak
30311,shift0764,Polysemy,23,NEW,→,bitter,3607,sad,3912,Bulgarian,110,Bulgarian,110,bitter,sad,горчив,горчив
30329,shift0115,Derivation,2,ACCEPTED,→,quick,1908,"skilful, dexterous",4097,Russian,157,Russian,157,to be in hurry,"agile, deft, dexterous",toropit&#39;sja,rastoropnyj
30339,shift6874,Polysemy,3,NEW,→,light (n.),210,"state, situation",4250,Russian,157,Russian,157,light (n.),"state, situation",свет,свет
30342,shift1590,Derivation,1,ACCEPTED,?,to fall down,2605,"to get (to), to find oneself (in)",2669,Russian,157,Russian,157,to fall,to get somewhere,upast&#39;,popast&#39;
30359,shift2111,Polysemy,6,NEW,→,rooster,1497,bully,3718,Croatian,812,Croatian,812,rooster,bully,pijetao,pijetao
30370,shift0453,Polysemy,1,ACCEPTED,?,"jewel, precious stone",1187,eye,3890,Polish,171,Polish,171,eye,"gem, cameo (in a ring)",oko,oko
30375,shift0043,Polysemy,3,ACCEPTED,—,to want,3353,to love,2874,Macedonian,118,Macedonian,118,"to desire, to want",to love,saka,saka
30385,shift4672,Derivation,1,ACCEPTED,→,"plough, ard",412,moose,709,Russian,157,Russian,157,"ard, sokha",moose,соха,сохатый
30387,shift1310,Polysemy,2,ACCEPTED,—,to press,3002,"to restrain, control one’s feelings",3077,Russian,157,Russian,157,to suppress,to suppress,podavit&#39;,podavit&#39;
30404,shift0422,Polysemy,1,NEW,?,trunk (of a tree),3451,stump (of tree),4311,Polish,171,Polish,171,trunk (tree),stub,pień,pień
30424,shift2671,Polysemy,4,ACCEPTED,→,plant (biol.),398,"drug, medicine",4486,Russian,157,Russian,157,grass,medicinal herbs,trava,travy
30428,shift3161,Polysemy,1,ACCEPTED,→,dirty,4440,evil spirit,3877,Russian,157,Russian,157,"unclean, filthy",devil,нечистый (nečistyj),нечистый (nečistyj)
30429,shift3161,Polysemy,2,ACCEPTED,→,dirty,4440,evil spirit,3877,Russian,157,Russian,157,"unwashed, filthy",devil,немытый (nemytyj),немытый (nemytyj)
30433,shift1544,Derivation,1,ACCEPTED,?,to correct,2463,"to make, create",2902,Russian,157,Russian,157,"to amend, to repair",to make,pravit&#39;,spravit&#39; / vypravit&#39;
30438,shift4751,Derivation,1,ACCEPTED,→,red,1444,common bullfinch,1048,Bulgarian,110,Bulgarian,110,red,bullfinch (Pyrrhula pyrrhula),червен,червенушка
30446,shift6196,Polysemy,1,NEW,→,intact,1796,"genuine, true",778,Serbian,1093,Serbian,1093,intact,"genuine, true",цео (ceo),цео (ceo)
30447,shift6196,Polysemy,2,NEW,→,intact,1796,"genuine, true",778,Serbian,1093,Serbian,1093,intact,"genuine, true",читав (čitav),читав (čitav)
30458,shift4739,Polysemy,1,NEW,→,to revere,3083,to keep the fast,2816,Russian,157,Russian,157,(archaic) to revere,to keep the fast,говеть,говеть
30460,shift0539,Polysemy,2,NEW,←,hair,1541,head,1578,Serbian,1093,Serbian,1093,hair,head,глава (glava),глава (glava)
30468,shift1727,Derivation,1,ACCEPTED,?,cucumber,1155,bourrache (Borago),3658,Russian,157,Russian,157,cucumber,common borage (Borago),ogurec,ogurečnik
30470,shift1727,Derivation,3,ACCEPTED,→,cucumber,1155,bourrache (Borago),3658,Belarusan,242,Belarusan,242,cucumber,bourrache (Borago),агурок,aгурочнік
30471,shift1727,Derivation,4,ACCEPTED,→,cucumber,1155,bourrache (Borago),3658,Ukrainian,138,Ukrainian,138,cucumber,bourrache (Borago),огірок,огірочник
30474,shift1570,Polysemy,2,SUSPENDED,→,"wild, untamed",82,bad,3493,Russian,157,Russian,157,wild,outrageous,дикий (dikij),дикий (dikij)
30478,shift7553,Derivation,2,ACCEPTED,→,white,62,beloribitsa,3573,Russian,157,Russian,157,white,beloribitsa,белый,белорыбица
30479,shift7553,Derivation,3,ACCEPTED,→,white,62,beloribitsa,3573,Ukrainian,138,Ukrainian,138,white,beloribitsa,бiлий,білорибиця
30484,shift7553,Derivation,8,ACCEPTED,→,white,62,beloribitsa,3573,Serbian,1093,Serbian,1093,white,beloribitsa,бели (beli),бели лосос (beli losos)
30486,shift7563,Derivation,2,NEW,→,white,62,bog-rosemary,3643,Russian,157,Russian,157,white,bog-rosemary,белый,подбел
30487,shift7996,Polysemy,1,NEW,→,leaf,174,calf of a leg,875,Macedonian,118,Macedonian,118,leaf,calf of a leg,лист,лист
30508,shift2934,Derivation,3,ACCEPTED,—,raven,1433,crow,1147,Russian,157,Russian,157,raven,crow,voron,vorona
30518,shift7170,Derivation,4,ACCEPTED,→,white,62,"albumen, white of an egg",1966,Serbian,1093,Serbian,1093,white,"albumen, white of an egg",бео (beo),беланце (belance)
30519,shift7170,Derivation,5,ACCEPTED,→,white,62,"albumen, white of an egg",1966,Croatian,812,Croatian,812,white,"albumen, white of an egg",bijel,bjelanjak
30535,shift2373,Polysemy,2,ACCEPTED,→,winter,94,year,2077,Russian,157,Russian,157,winter,year (dialect),zima,zima
30544,shift1936,Polysemy,2,ACCEPTED,?,to mill,2916,to talk nonsense,3279,Russian,157,Russian,157,to grind,to talk stuff and nonsense,molot&#39;,molot&#39;
30548,shift3382,Polysemy,2,NEW,→,sweat,4357,work (n.),121,Serbian,1093,Serbian,1093,sweat,work (n.),зноj (znoj),зноj (znoj)
30549,shift3382,Polysemy,3,NEW,→,sweat,4357,work (n.),121,Croatian,812,Croatian,812,sweat,work (n.),znoj,znoj
30553,shift8376,Derivation,2,ACCEPTED,→,goat,803,driver&#39;s seat,4483,Russian,157,Russian,157,goat,a seat for a coachman,козёл,козлы
30557,shift8376,Derivation,6,NEW,→,goat,803,driver&#39;s seat,4483,Ukrainian,138,Ukrainian,138,goat,a seat for a coachman,козел,"козла, козлы (pl.)"
30565,shift3796,Polysemy,1,ACCEPTED,→,"nut, hazel",1898,Boletus edulis,3644,Russian,157,Russian,157,"nut, hazel",Boletus edulis,орех,ореховик
30567,shift5883,Polysemy,2,NEW,→,hand,1547,direction,4438,Serbian,1093,Serbian,1093,hand,"side, direction",рука (ruka),рука (ruka)
30569,shift4227,Polysemy,2,ACCEPTED,→,vehicle,3753,"many, much",584,Russian,157,Russian,157,cart,many,воз (voz),воз (voz)
30570,shift4227,Polysemy,3,ACCEPTED,→,vehicle,3753,"many, much",584,Russian,157,Russian,157,coach; carriage (railway),many,вагон (vagon),вагон (vagon)
30571,shift2962,Polysemy,1,NEW,→,pumpkin,490,diamonds (in cards),4429,Croatian,812,Croatian,812,pumpkin,diamonds (in cards),tikva,tikva
30573,shift4981,Derivation,2,NEW,—,berry,3582,nipple (part of the breast),1868,Russian,157,Russian,157,berry,nipple (part of the breast),ягода,ягодица
30581,shift1013,Polysemy,1,ACCEPTED,?,"to walk, wander",3350,to fornicate,2656,Russian,157,Russian,157,"to stroll, to walk",to cheat on,guljat&#39;,guljat&#39;
30584,shift1013,Polysemy,4,NEW,→,"to walk, wander",3350,to fornicate,2656,Russian,157,Russian,157,"to walk, wander",to fornicate,блудить,блудить
30587,shift5151,Polysemy,1,ACCEPTED,→,"to be in vertical position, to stand",2283,to stand still,3215,Russian,157,Russian,157,to stand,to stand still,стоять (stojat&#39;),стоять (stojat&#39;)
30592,shift4509,Derivation,1,NEW,→,to give,2692,dowry,4474,Russian,157,Russian,157,to give,dowry,давать (davat&#39;),приданное (приданное)
30595,shift4735,Polysemy,2,ACCEPTED,→,caterpillar,910,caterpillar track,911,Russian,157,Russian,157,caterpillar,caterpillar track,гусеница,гусеница
30602,shift4735,Polysemy,9,ACCEPTED,→,caterpillar,910,caterpillar track,911,Macedonian,118,Macedonian,118,caterpillar,caterpillar track,гасеница,гасеница
30603,shift4735,Polysemy,10,ACCEPTED,→,caterpillar,910,caterpillar track,911,Polish,171,Polish,171,caterpillar,caterpillar track,gąsienica,gąsienica
30625,shift1499,Derivation,2,NEW,?,to name,2937,to quarrel,3035,Russian,157,Russian,157,to call,to call names,zvat&#39;,obzyvat&#39;
30627,shift2480,Derivation,2,ACCEPTED,→,"firm, solid",1296,fortress,1353,Russian,157,Russian,157,"solid, robust",fortress,krepkij,krepost&#39;
30628,shift2480,Derivation,3,ACCEPTED,→,"firm, solid",1296,fortress,1353,Czech,174,Czech,174,firm,fortress,pevný,pevnost&#39;
30636,shift2480,Derivation,11,NEW,→,"firm, solid",1296,fortress,1353,Serbian,1093,Serbian,1093,"firm, solid",fortress,тврд (tvrd),тврђава (tvrđava)
30637,shift2480,Derivation,12,NEW,→,"firm, solid",1296,fortress,1353,Croatian,812,Croatian,812,"firm, solid",fortress,tvrd,tvrd
30639,shift1404,Semantic evolution,1,ACCEPTED,—,pregnant,456,fraught with consequences,1368,Russian,157,Russian,157,pregnant,pregnant with smth,črevatyj,črevatyj
30644,shift2982,Derivation,1,ACCEPTED,→,raspberry,1430,blackberry,3615,Russian,157,Russian,157,raspberry,(dialect) blackberry,малина (malina),чёрная малина (černaja malina)
30647,shift3197,Derivation,2,ACCEPTED,→,blue,3634,cornflower (Centaurea),1102,Czech,174,Czech,174,blue,cornflower,modrý,modrák
30649,shift3197,Derivation,4,ACCEPTED,→,blue,3634,cornflower (Centaurea),1102,Russian,157,Russian,157,blue,cornflower,goluboj,golubec
30651,shift3197,Derivation,6,ACCEPTED,→,blue,3634,cornflower (Centaurea),1102,Belarusan,242,Belarusan,242,NA,cornflower,sini,sin&#39;ka
30659,shift3305,Derivation,2,ACCEPTED,→,road,1486,plantain (Plantago),400,Upper Sorbian,364,Upper Sorbian,364,way,ribwort,puć,putnik
30662,shift3305,Derivation,5,ACCEPTED,→,road,1486,plantain (Plantago),400,Russian,157,Russian,157,road,ribwort,doroga,podorožnik
30668,shift3605,Polysemy,2,ACCEPTED,←,descendant,4417,sprout,4227,Russian,157,Russian,157,descendant,offspring,otprysk,otprysk
30704,shift4010,Derivation,30,ACCEPTED,→,father,1242,ancestor,1990,Russian,157,Russian,157,father,ancestor,отец,отцы
30710,shift4010,Polysemy,36,NEW,→,father,1242,ancestor,1990,Serbian,1093,Serbian,1093,father,ancestor,отац (otac),отац (otac)
30717,shift0067,Polysemy,3,ACCEPTED,→,"light, bright, clear",212,comprehensible,1074,Russian,157,Russian,157,"light, clear","clear, comprehensible",ясный (jasnyj),jasnyj
30734,shift5122,Polysemy,1,ACCEPTED,→,"to inform, let know",2791,"to accuse, blame",2213,Old East Slavic,160,Old East Slavic,160,"to inform, let know","to accuse, blame",клепати,клепати
30737,shift0644,Derivation,2,ACCEPTED,?,to load,2856,"to strike, hit",3234,Russian,157,Russian,157,to give,to beat,davat&#39;,nadavat&#39;
30739,shift4231,Polysemy,1,NEW,→,marten,599,money,700,Old East Slavic,160,Old East Slavic,160,marten,money,коуна (kuna),коуна (kuna)
30740,shift4231,Polysemy,2,NEW,→,marten,599,money,700,Croatian,812,Croatian,812,marten,"the currency of Croatia, in 1941-1945 and since 1994",kuna,kuna
30744,shift1726,Derivation,1,ACCEPTED,→,eye,3890,eyebright (Euphrasia officinalis),3896,Russian,157,Russian,157,eye,plant Euphrasia officinalis,oko,očanka
30745,shift1726,Derivation,2,ACCEPTED,→,eye,3890,eyebright (Euphrasia officinalis),3896,Russian,157,Russian,157,eye,plant Euphrasia officinalis,glaz,glaznica
30762,shift1393,Polysemy,7,ACCEPTED,—,to sway,3256,to doubt,2546,Russian,157,Russian,157,"to fluctuate, to waver",to hesitate,kolebat&#39;sja,kolebat&#39;sja
30793,shift4310,Polysemy,4,ACCEPTED,→,"to try, to attempt",3318,"to fit, try on",2631,Serbian,1093,Serbian,1093,"to try, to attempt","to fit, try on",пробати (probati),пробати (probati)
30794,shift4310,Polysemy,5,ACCEPTED,→,"to try, to attempt",3318,"to fit, try on",2631,Croatian,812,Croatian,812,"to try, to attempt","to fit, try on",probati,probati
30808,shift5644,Polysemy,1,NEW,→,&lt;foreigner&gt;,1210,"firebug, Pyrrhocoris apterus",1291,Ukrainian,138,Ukrainian,138,"diminutive of москаль 'Muscovite, Russian'","firebug, Pyrrhocoris apterus",москалик,москалик
30810,shift2253,Derivation,2,NEW,→,shallow,4014,"poor, needy",437,Russian,157,Russian,157,"shallow, sandbank",with no money,mel&#39;,na meli
30812,shift5933,Polysemy,1,ACCEPTED,→,cock (of a gun),1023,trigger (of a gun),3439,Russian,157,Russian,157,(technical) cock (of a gun),(common) trigger (of a gun),курок,курок
30813,shift5933,Polysemy,2,ACCEPTED,→,cock (of a gun),1023,trigger (of a gun),3439,Belarusan,242,Belarusan,242,cock (of a gun),trigger (of a gun),курок,курок
30814,shift5933,Polysemy,3,ACCEPTED,→,cock (of a gun),1023,trigger (of a gun),3439,Ukrainian,138,Ukrainian,138,cock (of a gun),(colloquial) trigger (of a gun),курок,курок
30831,shift2161,Polysemy,1,ACCEPTED,→,"to strike, hit",3234,to attack,2243,Russian,157,Russian,157,"to hit, to strike",to attack,udarjat&#39;,udarjat&#39;
30837,shift3827,Polysemy,1,ACCEPTED,→,red,1444,fly agaric (Amanita muscaria),1328,Russian,157,Russian,157,red,fly agaric (Amanita muscaria),красный,красноголовик
30844,shift0647,Derivation,1,ACCEPTED,?,to play (intr.),2981,joke,1194,Russian,157,Russian,157,"game, play",practical joke,igra,rozygryš
30868,shift7018,Derivation,1,NEW,→,shield,4034,thyroid gland,2193,Russian,157,Russian,157,shield,thyroid gland,щит,щитовидная железа
30870,shift3711,Polysemy,1,ACCEPTED,—,"to raise, lift (tr.)",3037,to discover game animals or birds (hunting),2528,Russian,157,Russian,157,"to raise, lift (tr.)",to discover game animals or birds (hunting),поднимать,поднимать
30885,shift5625,Derivation,1,ACCEPTED,→,cow,1122,ladybird,145,Russian,157,Russian,157,dim. from корова 'cow',ladybird,коровка,божья коровка
30891,shift5625,Derivation,7,ACCEPTED,→,cow,1122,ladybird,145,Polish,171,Polish,171,diminutive of krowa 'cow',(archaic) ladybird,krówka,boża krówka
30901,shift1950,Derivation,4,ACCEPTED,—,brain (cerebrum),3669,mind (n.),667,Russian,157,Russian,157,brain,"intelligence, mind",mozg,mozgovityj
30910,shift1950,Polysemy,13,NEW,→,brain (cerebrum),3669,mind (n.),667,Serbian,1093,Serbian,1093,brain (cerebrum),mind (n.),мозак (mozak),мозак (mozak)
30911,shift1950,Polysemy,14,NEW,→,brain (cerebrum),3669,mind (n.),667,Croatian,812,Croatian,812,brain (cerebrum),mind (n.),mozak,mozak
30917,shift4682,Polysemy,1,NEW,→,grandmother,827,dragonfly,4476,Russian,157,Russian,157,grandmother,dragonfly,бабка,бабка
30920,shift0534,Derivation,2,ACCEPTED,?,tooth,3404,elongated object,3830,Russian,157,Russian,157,tooth,"jag (tool, car etc)",zub,zubec
30933,shift5125,Semantic evolution,1,ACCEPTED,→,monarch,696,state (sovereign polity),4249,Russian,157,Russian,157,monarch,state (sovereign polity),государь (gosudar&#39;),государство (gosudarstvo)
30950,shift3071,Cognates,1,ACCEPTED,—,&lt;orthopteran&gt;,4509,&lt;bird&gt;,3478,Russian,157,Russian,157,grasshopper,a name for some singing birds,kuznečik,kuznečik
30953,shift3071,Cognates,4,ACCEPTED,—,&lt;orthopteran&gt;,4509,&lt;bird&gt;,3478,Russian,157,Russian,157,cricket,kinglet,sverčok,sverčok
30956,shift1599,Polysemy,2,NEW,?,to be angry,2255,"to revolt, rebel",3085,Russian,157,Russian,157,indignation,rebellion (obs.),vozmuščenie,vozmuščenie
30969,shift3638,Polysemy,2,NEW,→,old (vs. young),4533,to spoil (intr.),3197,Serbian,1093,Serbian,1093,old,stale,стар (star),стар (star)
30970,shift3638,Polysemy,3,NEW,→,old (vs. young),4533,to spoil (intr.),3197,Croatian,812,Croatian,812,old,stale,star,star
30973,shift1133,Polysemy,2,ACCEPTED,—,quiet (vs. loud),1909,slow (adj.),4120,Russian,157,Russian,157,"quiet, gentle",slow,тихий (tihij),тихий (tihij)
30991,shift1133,Polysemy,20,NEW,←,quiet (vs. loud),1909,slow (adj.),4120,Serbian,1093,Serbian,1093,quietly (vs. loudly),slowly,полако (polako),полако (polako)
30997,shift5742,Derivation,2,ACCEPTED,→,bitter,3607,distilled alcohol,4451,Russian,157,Russian,157,bitter,vodka,горький (gor&#39;kij),горькая (gor&#39;kaja)
31004,shift3231,Derivation,1,ACCEPTED,→,spindle,4203,spindle (Euonymus),4204,Serbo-Croatian,156,Serbo-Croatian,156,spindle,spindle wood,vereteno,veretenika
31007,shift1296,Polysemy,1,NEW,—,pus,498,"petroleum, oil",360,Polish,171,Polish,171,pus,oil,ropa,ropa
31008,shift1803,Polysemy,1,ACCEPTED,→,"to turn, rotate (intr.)",3327,to address (someone),2220,Russian,157,Russian,157,"to spin, to rotate",to address (someone),обращаться (obraščat&#39;sja),обращаться (obraščat&#39;sja)
31011,shift0580,Semantic evolution,1,ACCEPTED,—,&lt;crockery&gt;,868,face,1214,Russian,157,Russian,157,"small tub, bucket","face (substandard, contempt., vulg. )",ряшка / ряжка (rjaška / rjažka),"ряшка, ряха (rjaška, rjaha)"
31022,shift1750,Polysemy,2,ACCEPTED,←,"to follow, go after smb.",2649,"to pasture, shepherd",2962,Russian,157,Russian,157,"to go after smb., to spy","to pasture, shepherd",пасти,пасти
31050,shift3181,Polysemy,13,NEW,→,head,1578,nail-head,1818,Serbian,1093,Serbian,1093,head,nail-head,(glava),(glava)
31055,shift7448,Polysemy,5,ACCEPTED,→,knot,1723,unit of speed,529,Russian,157,Russian,157,knot,nautical unit of speed,узел,узел
31057,shift7448,Polysemy,7,ACCEPTED,→,knot,1723,unit of speed,529,Czech,174,Czech,174,knot,nautical unit of speed,uzel,uzel
31061,shift7448,Polysemy,11,ACCEPTED,→,knot,1723,unit of speed,529,Bulgarian,110,Bulgarian,110,knot,unit of speed,възел,възел
31064,shift7448,Polysemy,14,ACCEPTED,→,knot,1723,unit of speed,529,Ukrainian,138,Ukrainian,138,knot,unit of speed,вузол,вузол
31067,shift7448,Polysemy,17,ACCEPTED,→,knot,1723,unit of speed,529,Slovenian,190,Slovenian,190,knot,unit of speed,vôzel,vôzel
31068,shift7448,Polysemy,18,ACCEPTED,→,knot,1723,unit of speed,529,Slovak,234,Slovak,234,knot,unit of speed,uzol,uzol
31070,shift7448,Polysemy,20,ACCEPTED,→,knot,1723,unit of speed,529,Polish,171,Polish,171,knot,unit of speed,węzeł,węzeł
31072,shift7448,Polysemy,22,ACCEPTED,→,knot,1723,unit of speed,529,Macedonian,118,Macedonian,118,knot,unit of speed,јазол,јазол
31088,shift8455,Polysemy,2,NEW,→,cheek,948,ploughshare,414,Russian,157,Russian,157,cheek,a part of ploughshare,щека,щека
31089,shift8455,Polysemy,3,NEW,→,cheek,948,ploughshare,414,Ukrainian,138,Ukrainian,138,cheek,ploughshare,щока,щока
31093,shift5177,Polysemy,1,ACCEPTED,→,"to go, walk",2715,to make a move (in a game),2880,Russian,157,Russian,157,"to go, walk",to make a move (in a game),ходить (hodit&#39;),ходить (hodit&#39;)
31117,shift4424,Polysemy,1,ACCEPTED,—,quick,1908,soon,4167,Russian,157,Russian,157,quick,soon,скорый,скоро
31120,shift4424,Derivation,4,ACCEPTED,→,quick,1908,soon,4167,Ukrainian,138,Ukrainian,138,fast,in a short period of time,скорий,скорий
31122,shift4424,Polysemy,6,ACCEPTED,→,quick,1908,soon,4167,Russian,157,Russian,157,quick,soon,быстрый,быстрый
31130,shift1880,Polysemy,1,NEW,?,to change (tr.),2417,"to cheat on, be unfaithful to",2423,Russian,157,Russian,157,to (ex)change,to cheat on,menjat&#39;,izmenjat&#39;
31136,shift6958,Polysemy,3,ACCEPTED,→,white,62,white (politics),63,Russian,157,Russian,157,white,"(history, politics) a anticommunist who fought against the Reds during the Russian Civil War; the term is mostly associated with monarchist forces; a member of the White Guard",белый,белый
31138,shift6958,Polysemy,5,ACCEPTED,→,white,62,white (politics),63,Serbian,1093,Serbian,1093,white,anticommunist,бео (beo),бео (beo)
31144,shift3413,Polysemy,2,ACCEPTED,→,to drop (of liquid),2561,"to accuse, blame",2213,Russian,157,Russian,157,to drop (of liquid),"(slang) to denounce, to snitch",капать (kapat&#39;),капать (kapat&#39;)
31202,shift4400,Cognates,1,ACCEPTED,→,knife,1721,pike (fish),373,Russian,157,Russian,157,(dialect) knife,(dialect) small pike (fish),лезейка (lezejka),лизейка (lizejka)
31203,shift4400,Derivation,2,ACCEPTED,→,knife,1721,pike (fish),373,Russian,157,Russian,157,knife,(dialect) pike (fish),нож (nož),ножовка (nožovka)
31204,shift2210,Derivation,1,ACCEPTED,→,open (adj.),4548,frank,1364,Russian,157,Russian,157,open,sincere,otkrytyj,otkrovennyj
31209,shift0626,Cognates,1,ACCEPTED,?,snake,4136,caterpillar,910,Russian,157,Russian,157,snake,"worm, caterpillar",gnusina,gnusina
31211,shift0626,Cognates,3,ACCEPTED,?,snake,4136,caterpillar,910,Russian,157,Russian,157,snake,caterpillar,polzun,polzun
31213,shift0626,Derivation,5,ACCEPTED,?,snake,4136,caterpillar,910,Russian,157,Russian,157,snake,fruit moth caterpillar Hyponomenta variabilis Zell.,zmeja,zmeolan
31218,shift1630,Derivation,1,ACCEPTED,→,pole (long stick),427,tall person,2121,Russian,157,Russian,157,"pole, perch","a lanky, gangling person",žerd&#39;,"žerdjaj, žerdila"
31219,shift1630,Polysemy,2,ACCEPTED,→,pole (long stick),427,tall person,2121,Russian,157,Russian,157,shaft,"a lanky, gangling person",ogloblja,ogloblja
31242,shift7262,Polysemy,1,NEW,→,to throw,3296,to spend (money),3195,Serbian,1093,Serbian,1093,to throw,to spend (money),бацити (baciti),бацити (baciti)
31243,shift7262,Polysemy,2,NEW,→,to throw,3296,to spend (money),3195,Croatian,812,Croatian,812,to throw,to spend (money),baciti,baciti
31247,shift7936,Polysemy,1,NEW,→,sand,3934,sugar,4327,Russian,157,Russian,157,sand,(colloquial) granulated sugar,песок (pesok),песок (pesok)
31266,shift0995,Derivation,7,ACCEPTED,?,to blossom,2354,to succeed,3242,Russian,157,Russian,157,to blossom,to prosper,cvesti,procvetat&#39;
31277,shift0801,Derivation,5,ACCEPTED,←,blood,3630,red,1444,Russian,157,Russian,157,blood (russian dial.),red haired (Russian dialects),ruda,rudoj
31284,shift5508,Derivation,1,ACCEPTED,→,lamb,148,bearded vulture,3543,Russian,157,Russian,157,lamb,bearded vulture,ягненок,ягнятник
31291,shift5973,Polysemy,2,NEW,→,to go out,2708,to take a husband,3269,Russian,157,Russian,157,to go out,to marry,выходить,выходить
31297,shift5641,Polysemy,1,ACCEPTED,→,&lt;profession&gt;,280,"firebug, Pyrrhocoris apterus",1291,Russian,157,Russian,157,diminutive of солдат 'soldier',"firebug, Pyrrhocoris apterus",солдатик,солдатик
31302,shift5641,Polysemy,6,ACCEPTED,→,&lt;profession&gt;,280,"firebug, Pyrrhocoris apterus",1291,Polish,171,Polish,171,"smith, blacksmith","firebug, Pyrrhocoris apterus",kowal,kowal
31303,shift5641,Polysemy,7,ACCEPTED,→,&lt;profession&gt;,280,"firebug, Pyrrhocoris apterus",1291,Ukrainian,138,Ukrainian,138,diminutive of козак 'Cossack',"firebug, Pyrrhocoris apterus",козачок,козачок
31304,shift5641,Derivation,8,ACCEPTED,→,&lt;profession&gt;,280,"firebug, Pyrrhocoris apterus",1291,Czech,174,Czech,174,gravedigger,"firebug, Pyrrhocoris apterus",hrobař,hrobařík
31312,shift0018,Polysemy,6,ACCEPTED,—,to hear / to listen,2759,to understand,3331,Russian,157,Russian,157,to hear,to hear,slyšat&#39;,slyšat&#39;
31404,shift1386,Polysemy,2,NEW,?,rush (plant),1525,millerbird (Acrocephalus etc.),662,Russian,157,Russian,157,reed,a name for several families,kamyš,kamyšovka
31408,shift6116,Derivation,2,ACCEPTED,→,second (num.),3979,Tuesday,3458,Russian,157,Russian,157,second (num.),Tuesday,второй,вторник
31409,shift6116,Derivation,3,ACCEPTED,→,second (num.),3979,Tuesday,3458,Russian,157,Russian,157,second (num.),Tuesday,второй,вторник
31410,shift6116,Derivation,4,ACCEPTED,→,second (num.),3979,Tuesday,3458,Polish,171,Polish,171,second (num.),Tuesday,wtóry,wtorek
31414,shift6116,Derivation,8,ACCEPTED,→,second (num.),3979,Tuesday,3458,Bulgarian,110,Bulgarian,110,second (num.),Tuesday,"втори, второй",вторник
31438,shift0730,Polysemy,7,ACCEPTED,→,chopped billet,972,base for beheading,3522,Russian,157,Russian,157,half of a log split along,wooden block on which in the old days they cut off the head of a condemned to death,плаха (plaha),плаха (plaha)
31439,shift0730,Polysemy,8,ACCEPTED,→,chopped billet,972,base for beheading,3522,Old East Slavic,160,Old East Slavic,160,chopped billet,base for beheading,плаха (plaha),плаха (plaha)
31441,shift2252,Polysemy,1,ACCEPTED,→,to crackle,2472,to eat,2569,Russian,157,Russian,157,"to eat, to devour",to gobble (rude),лопать (lopat&#39;),лопать (lopat&#39;)
31442,shift2252,Polysemy,2,ACCEPTED,→,to crackle,2472,to eat,2569,Russian,157,Russian,157,"to crackle, to rattle",to eat,трескать (treskat&#39;),трескать (treskat&#39;)
31447,shift1432,Polysemy,1,ACCEPTED,—,trough,3444,river-bed,1485,Polish,171,Polish,171,trough,river bed,koryto,koryto
31453,shift1432,Polysemy,7,NEW,→,trough,3444,river-bed,1485,Serbian,1093,Serbian,1093,trough,river-bed,корито (korito),корито (korito)
31454,shift1432,Polysemy,8,NEW,→,trough,3444,river-bed,1485,Croatian,812,Croatian,812,trough,river-bed,korito,korito
31455,shift1432,Polysemy,9,NEW,→,trough,3444,river-bed,1485,Bulgarian,110,Bulgarian,110,trough,river-bed,корито,корито
31458,shift1092,Polysemy,1,ACCEPTED,→,to fly away,2643,to feel pleasure,2618,Russian,157,Russian,157,to fly away,"to feel strong positive emotion; experiencing a state of drug euphoria; have an orgasm: enjoy, admire, to take pleasure",улетать (uletat&#39;),улетать (uletat&#39;)
31474,shift5811,Polysemy,4,ACCEPTED,→,body,3640,institution,1792,Serbian,1093,Serbian,1093,body,"agency, authority",тело (telo),тело (telo)
31475,shift5811,Polysemy,5,ACCEPTED,→,body,3640,institution,1792,Croatian,812,Croatian,812,body,"agency, authority",tijelo,tijelo
31493,shift4692,Derivation,1,NEW,→,rain,1420,puffball,489,Russian,157,Russian,157,rain,Lycoperdon,дождь,дождевик
31494,shift4692,Derivation,2,NEW,→,rain,1420,puffball,489,Serbian,1093,Serbian,1093,rain,puffball,киша (kiša),кишни мантил (kišni mantil)
31499,shift2717,Derivation,2,NEW,→,to flow,2639,to grow numb,2725,Russian,157,Russian,157,to flow,to grow numb,течь,затечь
31508,shift0099,Polysemy,9,ACCEPTED,?,"to search, look for",3120,to ask (for),2238,Macedonian,118,Macedonian,118,to look for,"to ask, to demand",bara,bara
31533,shift4502,Derivation,1,NEW,→,finger/toe,1285,belemnite,3567,Russian,157,Russian,157,"finger/toe, thumb",fossil remain of a belemnite,палец (palec),чёртов палец
31540,shift1151,Polysemy,3,ACCEPTED,?,"to mix, stir",2920,to hinder,2765,Russian,157,Russian,157,"to hinder, to prevent",to prevent,mešat&#39;,mešat&#39;
31549,shift4569,Derivation,1,NEW,—,to peck (of a bird),2966,to offend (tr.),2948,Russian,157,Russian,157,to peck (of a bird),to offend (tr.),клевать,заклевать
31553,shift1100,Polysemy,1,ACCEPTED,?,funny,1401,strange,4295,Russian,157,Russian,157,funny,"strange, surprising",smešnoj,smešnoj
31563,shift6742,Derivation,1,NEW,→,self,3986,male (animal),571,Russian,157,Russian,157,self,male (animal),сам,самец
31566,shift2562,Cognates,2,ACCEPTED,—,snake,4136,dragon,4475,Russian,157,Russian,157,snake,dragon,змея,змей
31567,shift2562,Cognates,3,ACCEPTED,—,snake,4136,dragon,4475,Serbian,1093,Serbian,1093,snake,dragon,змија (zmija),змај (zmaj)
31570,shift2562,Internal cognates,6,ACCEPTED,—,snake,4136,dragon,4475,Bulgarian,110,Bulgarian,110,snake,dragon,змия,змей
31579,shift0880,Derivation,6,ACCEPTED,→,to fall down,2605,to like,2852,Russian,157,Russian,157,to fall down,to be keen of,padat’,padkij
31586,shift0601,Polysemy,5,ACCEPTED,?,"wood, timber",114,forest,1351,Russian,157,Russian,157,"wood, forest",timber,les,les
31599,shift7242,Derivation,1,NEW,→,idle,1735,holiday,1636,Old Church Slavonic,155,Old Church Slavonic,155,idle,"holiday, feast",праздьнъ,праздьникъ
31600,shift5952,Polysemy,1,NEW,→,to cut,2484,to flog,2638,Czech,174,Czech,174,to cut (tr.); to saw,to flog,nařezati,nařezati
31601,shift5952,Polysemy,2,NEW,→,to cut,2484,to flog,2638,Russian,157,Russian,157,"to rip (a garment) at the seams, to unstitch","to flog, to flagellate",пороть,пороть
31602,shift5952,Polysemy,3,NEW,→,to cut,2484,to flog,2638,Russian,157,Russian,157,"to cut (up), to chop, to hew, to slash to pieces; to cleave",to flog,сечь,сечь
31605,shift0557,Polysemy,1,ACCEPTED,→,history,1632,"event, occurrence",3872,Russian,157,Russian,157,history,"episode, adventure",история (istorija),история (istorija)
31614,shift5507,Polysemy,1,NEW,→,bearded man,3542,bearded vulture,3543,Russian,157,Russian,157,bearded man,bearded vulture,бородач,бородач
31637,shift5524,Polysemy,3,ACCEPTED,→,frog,1384,breaststroke,3682,Polish,171,Polish,171,frog,(colloquial) breaststroke,żaba,żaba
31661,shift1910,Polysemy,1,NEW,?,to gnaw,2696,"to carp, find faults",2400,Russian,157,Russian,157,to gnaw,to nag,gryzt&#39;,gryzt&#39;
31665,shift1137,Polysemy,3,ACCEPTED,?,green,845,young,2089,Russian,157,Russian,157,green,unexeprienced because of young age,zelenyj,zelenyj
31677,shift0987,Derivation,3,ACCEPTED,→,to see/to look at,3121,to like,2852,Serbian,1093,Serbian,1093,to see/to look at,to like,видети (videti),свидети се (svideti se)
31678,shift0987,Derivation,4,ACCEPTED,→,to see/to look at,3121,to like,2852,Croatian,812,Croatian,812,to see/to look at,to like,vidjeti,svidjeti se
31681,shift0458,Polysemy,2,ACCEPTED,→,eye,3890,oil particle,4529,Polish,171,Polish,171,eye,"oily slick, fat",oko,oko
31684,shift2484,Derivation,2,ACCEPTED,→,unit of length,528,geometrid,779,Russian,157,Russian,157,span,batwing,pjad&#39;,pjadenica
31687,shift4224,Polysemy,1,ACCEPTED,→,&lt;woman&gt;,2,implement for ramming,1744,Russian,157,Russian,157,woman,"ram (of a pile driver), drop hammer",баба (baba),баба (baba)
31698,shift8432,Polysemy,11,ACCEPTED,→,ram,1425,Aries,2026,Polish,171,Polish,171,ram,Aries,baran,Baran
31703,shift4069,Polysemy,1,ACCEPTED,—,"albumen, white of an egg",1966,"white of an eye, sclera",65,Russian,157,Russian,157,"albumen, white of an egg",white of an eye,белок (belok),белок (belok)
31705,shift4069,Polysemy,3,ACCEPTED,—,"albumen, white of an egg",1966,"white of an eye, sclera",65,Polish,171,Polish,171,"albumen, white of an egg",white of an eye,białko,białko
31706,shift4069,Polysemy,4,ACCEPTED,—,"albumen, white of an egg",1966,"white of an eye, sclera",65,Macedonian,118,Macedonian,118,"albumen, white of an egg",white of an eye,белка,белка
31712,shift4069,Polysemy,10,ACCEPTED,—,"albumen, white of an egg",1966,"white of an eye, sclera",65,Ukrainian,138,Ukrainian,138,"albumen, white of an egg",white of an eye,білок,білок
31725,shift0243,Derivation,3,ACCEPTED,?,opposite,4555,enemy,3840,Russian,157,Russian,157,"opposite, contrary",adversary,protivnyj,protivnik
31730,shift4620,Polysemy,1,ACCEPTED,→,"to penetrate, get into",2968,to understand,3331,Russian,157,Russian,157,"to penetrate, get into",to understand,въехать,въехать
31731,shift4620,Polysemy,2,ACCEPTED,→,"to penetrate, get into",2968,to understand,3331,Russian,157,Russian,157,"to penetrate, get into",to understand,врубиться,врубиться
31733,shift4620,Polysemy,4,NEW,→,"to penetrate, get into",2968,to understand,3331,Russian,157,Russian,157,to make a hole in something with a sharp object,to understand,просечь,просечь
31740,shift2892,Polysemy,3,ACCEPTED,→,touched,3416,insane,1784,Russian,157,Russian,157,touched,insane,тронутый (tronutyj),тронутый (tronutyj)
31741,shift1474,Derivation,1,NEW,?,"to grasp, seize",2717,to catch fire,2408,Russian,157,Russian,157,"to seize, to grasp",to take fire,hvatat&#39;,hvatat&#39;sja
31743,shift3686,Derivation,1,ACCEPTED,→,head,1578,main,568,Russian,157,Russian,157,head,principal,glava,glavnyj
31746,shift3686,Derivation,4,NEW,→,head,1578,main,568,Serbian,1093,Serbian,1093,head,main,глава (glava),главни (glavni)
31747,shift3686,Derivation,5,NEW,→,head,1578,main,568,Croatian,812,Croatian,812,head,main,glava,glavni
31759,shift8375,Polysemy,10,NEW,→,horse,1661,supporting device,4343,Ukrainian,138,Ukrainian,138,horse,trestle,кобилиця,кобилиця
31763,shift8516,Derivation,4,ACCEPTED,→,sword,4369,gladiolus,789,Russian,157,Russian,157,"rapier, epee",gladiolus,шпага,шпажник
31768,shift8516,Derivation,9,ACCEPTED,→,sword,4369,gladiolus,789,Czech,174,Czech,174,sword,gladiolus,meč,mečík
31771,shift8516,Derivation,12,ACCEPTED,→,sword,4369,gladiolus,789,Polish,171,Polish,171,sword,gladiolus,miecz,mieczyk
31777,shift7751,Polysemy,5,ACCEPTED,→,sheet of paper,4028,newspaper,1858,Croatian,812,Croatian,812,sheet of paper,newspaper,list,list
31783,shift7751,Polysemy,11,ACCEPTED,→,sheet of paper,4028,newspaper,1858,Russian,157,Russian,157,small sheet of paper,small newspaper,листок,листок
31784,shift7751,Polysemy,12,ACCEPTED,→,sheet of paper,4028,newspaper,1858,Macedonian,118,Macedonian,118,sheet of paper,newspaper,лист,лист
31785,shift7751,Polysemy,13,NEW,→,sheet of paper,4028,newspaper,1858,Serbian,1093,Serbian,1093,sheet of paper,newspaper,лист (list),лист (list)
31795,shift2900,Polysemy,10,NEW,←,"to make a mistake, be wrong",2879,to sin,3156,Serbian,1093,Serbian,1093,"to make a mistake, be wrong",to sin,грешити (grešiti),грешити (grešiti)
31796,shift2900,Polysemy,11,NEW,←,"to make a mistake, be wrong",2879,to sin,3156,Croatian,812,Croatian,812,"to make a mistake, be wrong",to sin,griješiti,griješiti
31805,shift1315,Polysemy,8,ACCEPTED,?,head,1578,mind (n.),667,Russian,157,Russian,157,head,"intellect, mind",golova,golova
31815,shift1315,Polysemy,18,NEW,→,head,1578,mind (n.),667,Serbian,1093,Serbian,1093,head,mind (n.),глава (glava),глава (glava)
31816,shift1315,Polysemy,19,NEW,→,head,1578,mind (n.),667,Croatian,812,Croatian,812,head,mind (n.),glava,glava
31819,shift3728,Polysemy,3,NEW,→,fire,1286,hell,1601,Serbian,1093,Serbian,1093,scorching heat,hell,пакао (pakao),пакао (pakao)
31820,shift3728,Polysemy,4,NEW,→,fire,1286,hell,1601,Croatian,812,Croatian,812,scorching heat,hell,pakao,pakao
31821,shift3728,Polysemy,5,NEW,→,fire,1286,hell,1601,Croatian,812,Croatian,812,fire,hell,oganj,oganj
31840,shift0763,Polysemy,4,NEW,→,sour,4175,angry,1997,Serbian,1093,Serbian,1093,sour,"grumpy, ill-tempered",кисео (kiseo),кисео (kiseo)
31841,shift0763,Polysemy,5,NEW,→,sour,4175,angry,1997,Croatian,812,Croatian,812,sour,"disgruntled, grumpy, ill-tempered",kiseo,kiseo
31844,shift2313,Polysemy,3,ACCEPTED,—,to answer,2228,to be responsible for,2294,Russian,157,Russian,157,"to answer, to respond",to be in charge,отвечать (otvečat&#39;),отвечать (otvečat&#39;)
31849,shift2313,Polysemy,8,NEW,→,to answer,2228,to be responsible for,2294,Serbian,1093,Serbian,1093,to answer,to be responsible for,одговарати (odgovarati),одговарати (odgovarati)
31850,shift2313,Polysemy,9,NEW,→,to answer,2228,to be responsible for,2294,Croatian,812,Croatian,812,to answer,to be responsible for,odgovarati,odgovarati
31853,shift2313,Polysemy,12,NEW,→,to answer,2228,to be responsible for,2294,Bulgarian,110,Bulgarian,110,to answer,to be responsible for,отговарям,отговарям
31863,shift6314,Derivation,1,NEW,→,to yawn,3388,inattentive person,1757,Russian,157,Russian,157,to yawn,inattentive person,зевать,ротозей
31873,shift1724,Polysemy,2,ACCEPTED,→,sharp,4022,quick,1908,Polish,171,Polish,171,sharp,"quick, fast",cięty,cięty
31877,shift1724,Polysemy,6,ACCEPTED,→,sharp,4022,quick,1908,Kashub,295,Kashub,295,sharp,"quick, fast",ostri,ostri
31885,shift1117,Polysemy,4,ACCEPTED,→,root (of a plant),1499,basis,3524,Russian,157,Russian,157,root,"beginning, source, origin",koren&#39;,koren&#39;
31916,shift0742,Polysemy,2,ACCEPTED,?,above,1924,additional,1944,Russian,157,Russian,157,"above, at the top",on top,sverhu,sverhu
31933,shift2128,Polysemy,2,NEW,—,cold,1032,&lt;cold steel&gt;,865,Russian,157,Russian,157,cold,stabbing weapon,holodnyj,holodnoe (oružie)
31935,shift5825,Polysemy,2,ACCEPTED,→,face,1214,"human, person",1683,Russian,157,Russian,157,face,person,лицо,лицо
31939,shift5825,Polysemy,6,ACCEPTED,→,face,1214,"human, person",1683,Serbian,1093,Serbian,1093,face,person,лице (lice),лице (lice)
31940,shift5825,Polysemy,7,ACCEPTED,→,face,1214,"human, person",1683,Croatian,812,Croatian,812,face,person,lice,lice
31943,shift5121,Derivation,1,ACCEPTED,→,beginning,3564,boss,3651,Russian,157,Russian,157,beginning,boss,начало,начальник
31947,shift5622,Polysemy,1,NEW,→,"mosquito, gnat",717,ant,2005,Russian,157,Russian,157,"mosquito, gnat",(dialect) ant,комар,комар
31948,shift0417,Derivation,1,ACCEPTED,?,"box, container",3665,chest (body part),954,Russian,157,Russian,157,"cage, square",chest,kletka,grudnaja kletka
31954,shift2617,Polysemy,1,ACCEPTED,→,"to light, to kindle (the fire)",2851,to shoot,3149,Russian,157,Russian,157,to scald,to pound away,palit&#39;,palit&#39;
31958,shift1943,Derivation,1,NEW,?,to bite,2347,part,306,Russian,157,Russian,157,to bite,piece,kusat&#39;,"kusok, kus"
31960,shift2489,Polysemy,1,NEW,—,man with a big moustache,575,&lt;capricorn beetle&gt;,863,Russian,157,Russian,157,"whiskered, moustachioed",sawyer,usač,usač
31977,shift5388,Polysemy,1,NEW,→,shell (of mollusc),4030,sink (basin for holding water for washing),4087,Russian,157,Russian,157,shell,sink (basin for holding water for washing),раковина (rakovina),раковина (rakovina)
31991,shift3793,Polysemy,1,ACCEPTED,→,bear (Ursus),3539,Boletus edulis,3644,Russian,157,Russian,157,bear (Ursus),Boletus edulis,медведь,медвежаник
31994,shift1625,Polysemy,1,NEW,?,bull,3715,strong man (?),4307,Russian,157,Russian,157,"breeding bull, herd bull",big strong man,bugaj,bugaj
32006,shift5310,Polysemy,8,ACCEPTED,→,carriage,896,railcar,1419,Serbian,1093,Serbian,1093,carriage,railcar,кола (kola),кола (kola)
32007,shift7859,Derivation,1,NEW,→,to swim,3262,capybara,893,Czech,174,Czech,174,to swim,(dated) capybara,plavat,plavoun
32015,shift1984,Polysemy,1,NEW,?,quick,1908,urgent,547,Russian,157,Russian,157,"fast, immediately, urgent",urgent,spešnyj,spešnyj
32024,shift1222,Polysemy,3,ACCEPTED,→,"firm, solid",1296,quick,1908,Russian,157,Russian,157,"hard, harsh","quick, nimble",žëstkij,žëstkij
32030,shift1268,Polysemy,1,NEW,→,curved,1167,to be guilty,2276,Serbian,1093,Serbian,1093,curved,to be guilty,крив (kriv),крив (kriv)
32031,shift1268,Polysemy,2,NEW,→,curved,1167,to be guilty,2276,Croatian,812,Croatian,812,curved,to be guilty,kriv,kriv
